time_period,location,disease_cases,population,tp,t2m_c
2016-01,A3R7UT64jHf,,813807,0.1883491794736145,16.246458063169836
2016-02,A3R7UT64jHf,,813807,0.1559615516266954,20.6462011411372
2016-03,A3R7UT64jHf,,813807,1.2342182288273778,25.5218816942507
2016-04,A3R7UT64jHf,,813807,0.0672738663528993,30.914539391518424
2016-05,A3R7UT64jHf,,813807,6.305201961574138,28.216795220808088
2016-06,A3R7UT64jHf,,813807,5.969700135492341,28.745582930166112
2016-07,A3R7UT64jHf,,813807,11.43457294480504,27.259363573027148
2016-08,A3R7UT64jHf,,813807,7.043999212166992,28.59669242659024
2016-09,A3R7UT64jHf,,813807,12.875238678486015,26.52559493461773
2016-10,A3R7UT64jHf,,813807,1.4147334830563068,25.398181143675373
2016-11,A3R7UT64jHf,,813807,0.0107935489773901,21.659663248615345
2016-12,A3R7UT64jHf,,813807,0.1049047182755588,18.100519686453573
2017-01,A3R7UT64jHf,,813807,0.1060372022771644,16.48671079810042
2017-02,A3R7UT64jHf,,813807,0.0423104191249131,19.895009837405
2017-03,A3R7UT64jHf,,813807,0.9605316508130044,22.49587436619111
2017-04,A3R7UT64jHf,,813807,1.4347222195622256,27.993178793078933
2017-05,A3R7UT64jHf,,813807,6.002573673734939,29.51144620132736
2017-06,A3R7UT64jHf,,813807,4.6718269913676655,29.137170893567564
2017-07,A3R7UT64jHf,,813807,13.192601745393292,27.56067019291628
2017-08,A3R7UT64jHf,,813807,17.844053812686987,27.49926354508169
2017-09,A3R7UT64jHf,,813807,4.750802715283824,27.62494155019677
2017-10,A3R7UT64jHf,,813807,0.5282051468817288,25.74917949360062
2017-11,A3R7UT64jHf,,813807,0.0040021841584033,21.41916378910267
2017-12,A3R7UT64jHf,,813807,0.0074943386224339,18.46934254072
2018-01,A3R7UT64jHf,,813807,0.0849898819663472,15.13490193065839
2018-02,A3R7UT64jHf,,813807,0.0711713349587701,19.42891906768137
2018-03,A3R7UT64jHf,,813807,0.1369975677243162,25.12843242574409
2018-04,A3R7UT64jHf,,813807,1.3252201324777173,28.2572315613866
2018-05,A3R7UT64jHf,,813807,3.004005970046705,28.92744164687544
2018-06,A3R7UT64jHf,,813807,5.525656903872651,29.709896713639687
2018-07,A3R7UT64jHf,,813807,13.00788261238238,28.232820403763856
2018-08,A3R7UT64jHf,,813807,9.98714137687719,27.85822493143838
2018-09,A3R7UT64jHf,,813807,3.916823511919109,27.43789867771665
2018-10,A3R7UT64jHf,,813807,0.2401545744382785,24.55917329394675
2018-11,A3R7UT64jHf,,813807,0.0066435300116925,21.77987877973588
2018-12,A3R7UT64jHf,,813807,0.0149585265405439,17.09306129923923
2019-01,A3R7UT64jHf,,813807,0.3006510585502731,16.203958505964476
2019-02,A3R7UT64jHf,,813807,2.0859633242893616,18.34957985545265
2019-03,A3R7UT64jHf,,813807,0.176353605820462,23.05758221768373
2019-04,A3R7UT64jHf,,813807,2.144071630480987,27.490564649709032
2019-05,A3R7UT64jHf,,813807,0.5415389180609897,31.147925226815964
2019-06,A3R7UT64jHf,,813807,2.8761535597340058,31.664075854573188
2019-07,A3R7UT64jHf,,813807,24.849746571670902,28.22522549919518
2019-08,A3R7UT64jHf,,813807,6.161219699904696,28.67269537860961
2019-09,A3R7UT64jHf,,813807,14.060989328907452,26.60504082207611
2019-10,A3R7UT64jHf,,813807,0.5972781505011989,24.71037451093993
2019-11,A3R7UT64jHf,,813807,0.0324608563980114,22.50103609763067
2019-12,A3R7UT64jHf,,813807,0.8767586563253864,15.591110775997349
2020-01,A3R7UT64jHf,,813807,1.7628133740188914,15.138902677048996
2020-02,A3R7UT64jHf,,813807,1.165366462042708,17.79289248566049
2020-03,A3R7UT64jHf,,813807,0.5660856476059283,23.099254617387817
2020-04,A3R7UT64jHf,,813807,1.954330824668269,27.161040554184883
2020-05,A3R7UT64jHf,,813807,2.113588292987869,28.48606227979865
2020-06,A3R7UT64jHf,,813807,10.725595092824582,27.84876967393209
2020-07,A3R7UT64jHf,,813807,24.749741745331505,27.38963989706294
2020-08,A3R7UT64jHf,,813807,7.279289909500026,28.514055621082395
2020-09,A3R7UT64jHf,,813807,9.675314991080755,27.288056028292097
2020-10,A3R7UT64jHf,,813807,0.3042216242462265,26.11357841106112
2020-11,A3R7UT64jHf,,813807,0.0042313301062039,20.806888700626395
2020-12,A3R7UT64jHf,,813807,0.0310988588692617,16.955758638693833
2021-01,A3R7UT64jHf,,813807,0.0568807671483259,16.063892976678105
2021-02,A3R7UT64jHf,,813807,0.053217917608341,19.34788775343269
2021-03,A3R7UT64jHf,,813807,0.0344821356931578,24.990265051530866
2021-04,A3R7UT64jHf,,813807,0.228741200349216,28.67818370454335
2021-05,A3R7UT64jHf,,813807,12.225231633750996,26.856261548785824
2021-06,A3R7UT64jHf,,813807,11.584994730442263,27.756019751594
2021-07,A3R7UT64jHf,,813807,10.14776140165448,27.959587295018387
2021-08,A3R7UT64jHf,,813807,15.0096966516641,27.149288726447946
2021-09,A3R7UT64jHf,,813807,5.651925494441492,27.607415653705075
2021-10,A3R7UT64jHf,,813807,6.486147876353584,25.305130313025742
2021-11,A3R7UT64jHf,,813807,0.0096029623856499,19.84769613191816
2021-12,A3R7UT64jHf,,813807,0.8655697499544863,16.920408115740347
2022-01,A3R7UT64jHf,0.0,813807,0.6391569725662207,15.062364635887729
2022-02,A3R7UT64jHf,0.0,813807,1.7692378261557744,16.450098909833077
2022-03,A3R7UT64jHf,0.0,813807,0.0247391586993226,25.72247592152901
2022-04,A3R7UT64jHf,0.0,813807,0.4023952179248186,29.673947402052672
2022-05,A3R7UT64jHf,1.0,813807,2.0376308011720403,29.612727720335663
2022-06,A3R7UT64jHf,0.0,813807,9.07906184495024,29.22928805373412
2022-07,A3R7UT64jHf,2.0,813807,7.976669029794347,28.99162648849288
2022-08,A3R7UT64jHf,5.0,813807,8.741229814848097,28.44602659647867
2022-09,A3R7UT64jHf,70.0,813807,5.32572323781164,27.037597399825504
2022-10,A3R7UT64jHf,45.0,813807,1.1442495750642645,24.495580227787787
2022-11,A3R7UT64jHf,15.0,813807,0.0188471335802778,20.92982379949526
2022-12,A3R7UT64jHf,3.0,813807,0.009401868494934,17.65907400257618
2023-01,A3R7UT64jHf,0.0,813807,0.021935113526885,15.5093713046565
2023-02,A3R7UT64jHf,0.0,813807,0.0035381190064007,19.614032893566414
2023-03,A3R7UT64jHf,0.0,813807,0.7016183672370834,23.59632803903936
2023-04,A3R7UT64jHf,0.0,813807,0.2287896046920779,28.15720784813148
2023-05,A3R7UT64jHf,1.0,813807,0.7454688996983677,29.78158462929033
2023-06,A3R7UT64jHf,0.0,813807,1.4531486481620957,32.09600463469285
2023-07,A3R7UT64jHf,2.0,813807,4.29518317604772,28.97761346178305
2023-08,A3R7UT64jHf,13.0,813807,5.263147150697304,28.326558603517608
2023-09,A3R7UT64jHf,11.0,813807,2.713225578776029,28.47198956037287
2023-10,A3R7UT64jHf,14.0,813807,1.2796418618054743,25.185109634596564
2023-11,A3R7UT64jHf,4.0,813807,0.0450561760695233,22.175330686428385
2023-12,A3R7UT64jHf,1.0,813807,0.0460925831916238,18.271186658706867
2024-01,A3R7UT64jHf,0.0,813807,0.0201273812095886,15.53189911112676
2024-02,A3R7UT64jHf,0.0,813807,0.1476787664527753,17.96965818599278
2024-03,A3R7UT64jHf,1.0,813807,0.944822108716176,23.23641448538124
2024-04,A3R7UT64jHf,4.0,813807,0.0047596549926763,30.18309186718209
2024-05,A3R7UT64jHf,5.0,813807,1.7966589976005038,30.61573431745365
2024-06,A3R7UT64jHf,3.0,813807,4.605177772409586,30.85144954215668
2024-07,A3R7UT64jHf,2.0,813807,13.452489818667749,28.86832106173702
2024-08,A3R7UT64jHf,6.0,813807,8.01346499090026,28.27669555996388
2024-09,A3R7UT64jHf,25.0,813807,16.288093701503616,28.34903003091693
2024-10,A3R7UT64jHf,25.0,813807,1.0575415863258733,25.94600211438209
2024-11,A3R7UT64jHf,17.0,813807,0.1045684870562258,22.07647773284416
2024-12,A3R7UT64jHf,0.0,813807,0.0415815277035492,17.066986591734395
2016-01,A3TeVhjjS2u,1.0,246826,2.114418462834027,4.898220254825547
2016-02,A3TeVhjjS2u,,246826,1.881300276405156,7.81391113535596
2016-03,A3TeVhjjS2u,,246826,2.4736563529007096,10.091082836244633
2016-04,A3TeVhjjS2u,,246826,1.158088059852545,14.950359782765103
2016-05,A3TeVhjjS2u,,246826,9.466259872303066,15.059494598067234
2016-06,A3TeVhjjS2u,,246826,17.621646921131294,17.288662336654166
2016-07,A3TeVhjjS2u,,246826,28.35271105855812,17.424992581843384
2016-08,A3TeVhjjS2u,,246826,8.85935660194342,17.863907564551063
2016-09,A3TeVhjjS2u,,246826,12.738874752225309,16.45051128293304
2016-10,A3TeVhjjS2u,,246826,4.319467942582095,13.761040542054095
2016-11,A3TeVhjjS2u,,246826,0.3320616303012913,10.439001794349227
2016-12,A3TeVhjjS2u,,246826,0.5296205540548825,9.456952429103334
2017-01,A3TeVhjjS2u,,246826,1.218053154080654,4.421379796231171
2017-02,A3TeVhjjS2u,,246826,1.034032485029574,8.323485024512138
2017-03,A3TeVhjjS2u,,246826,4.237808328761012,8.635300808985075
2017-04,A3TeVhjjS2u,,246826,3.381109575270665,13.532007505284993
2017-05,A3TeVhjjS2u,,246826,7.984852855233167,14.83809280569702
2017-06,A3TeVhjjS2u,,246826,11.42294927871527,17.306341337605502
2017-07,A3TeVhjjS2u,,246826,15.86925249518377,17.670437907923457
2017-08,A3TeVhjjS2u,,246826,22.47373098883424,17.485087561217963
2017-09,A3TeVhjjS2u,,246826,8.936671548818989,16.785081600065407
2017-10,A3TeVhjjS2u,,246826,2.1591694081444968,14.062100260718871
2017-11,A3TeVhjjS2u,,246826,0.814400333916069,9.697971213145609
2017-12,A3TeVhjjS2u,,246826,0.2139309902163756,8.287068276937005
2018-01,A3TeVhjjS2u,,246826,0.5943864273422982,6.738347659863554
2018-02,A3TeVhjjS2u,,246826,1.58573077578312,8.194833117626374
2018-03,A3TeVhjjS2u,,246826,2.267148287281669,9.850056635378756
2018-04,A3TeVhjjS2u,,246826,4.709478120983451,12.46626762398301
2018-05,A3TeVhjjS2u,,246826,7.766860158583573,14.987982652930327
2018-06,A3TeVhjjS2u,,246826,11.129897451949308,17.4314789866946
2018-07,A3TeVhjjS2u,,246826,21.34163674867572,17.835916601624117
2018-08,A3TeVhjjS2u,,246826,21.61517399403712,17.443871280851923
2018-09,A3TeVhjjS2u,,246826,6.486090243493855,16.35050223077091
2018-10,A3TeVhjjS2u,,246826,1.2993867853816417,11.568317941049152
2018-11,A3TeVhjjS2u,,246826,1.5679886382011126,10.045217390146224
2018-12,A3TeVhjjS2u,,246826,1.1773294083744157,6.00885402744499
2019-01,A3TeVhjjS2u,,246826,2.1732027222977264,3.382317197865137
2019-02,A3TeVhjjS2u,,246826,4.75034263447735,4.957810630910802
2019-03,A3TeVhjjS2u,,246826,2.3321999002977174,7.973352565899162
2019-04,A3TeVhjjS2u,,246826,3.985280929581708,12.457261902133853
2019-05,A3TeVhjjS2u,,246826,2.6158394633788857,15.58778068151425
2019-06,A3TeVhjjS2u,,246826,10.116246251405377,17.483507436243425
2019-07,A3TeVhjjS2u,,246826,19.10252075158062,17.756128068594638
2019-08,A3TeVhjjS2u,,246826,9.842540593508716,18.0464853998146
2019-09,A3TeVhjjS2u,,246826,21.14915298668925,16.327749296321556
2019-10,A3TeVhjjS2u,,246826,2.2324853689314987,13.136085307538018
2019-11,A3TeVhjjS2u,,246826,1.0991008966832805,10.981895166580038
2019-12,A3TeVhjjS2u,,246826,1.6613532614241897,4.938965252436415
2020-01,A3TeVhjjS2u,,246826,4.74708386086533,3.29961282857684
2020-02,A3TeVhjjS2u,,246826,2.2470046194802835,5.834191835839334
2020-03,A3TeVhjjS2u,,246826,2.9764541547705776,8.148097567487664
2020-04,A3TeVhjjS2u,,246826,5.763782944862001,11.485636125435038
2020-05,A3TeVhjjS2u,,246826,6.2951694579003,14.60903818288643
2020-06,A3TeVhjjS2u,,246826,21.576121677689883,16.781066549512143
2020-07,A3TeVhjjS2u,,246826,25.04996971880778,17.70787651124346
2020-08,A3TeVhjjS2u,,246826,19.37091796951416,18.128127318548525
2020-09,A3TeVhjjS2u,,246826,15.594126477960486,17.190417278334593
2020-10,A3TeVhjjS2u,,246826,2.055914500029226,14.773147031357116
2020-11,A3TeVhjjS2u,,246826,0.6239372808614804,9.225151630698306
2020-12,A3TeVhjjS2u,,246826,1.172663170628316,7.391650984782744
2021-01,A3TeVhjjS2u,,246826,0.5849632374190679,7.142190701135386
2021-02,A3TeVhjjS2u,,246826,1.6780429649432296,7.255011663911035
2021-03,A3TeVhjjS2u,,246826,2.5362781860549,10.333141771596358
2021-04,A3TeVhjjS2u,,246826,2.1265540024882834,12.482699930484438
2021-05,A3TeVhjjS2u,,246826,11.272629956405591,14.426966081891893
2021-06,A3TeVhjjS2u,,246826,19.663097914998723,16.941934210368384
2021-07,A3TeVhjjS2u,,246826,21.733849218284984,17.814117270422337
2021-08,A3TeVhjjS2u,,246826,21.979333684766384,17.49865912189969
2021-09,A3TeVhjjS2u,,246826,9.016430321542996,16.680244261346353
2021-10,A3TeVhjjS2u,,246826,7.097745970326793,14.253134499316811
2021-11,A3TeVhjjS2u,,246826,1.7121049323319426,10.607512287044122
2021-12,A3TeVhjjS2u,,246826,2.3055100367601256,6.297605210376878
2022-01,A3TeVhjjS2u,0.0,246826,1.993293088065498,3.269318278208309
2022-02,A3TeVhjjS2u,0.0,246826,3.645346701561181,3.998703244645252
2022-03,A3TeVhjjS2u,0.0,246826,1.1897030407418852,11.264994862617488
2022-04,A3TeVhjjS2u,0.0,246826,2.969649929604845,15.090175423092257
2022-05,A3TeVhjjS2u,0.0,246826,9.570818773915237,15.143883588878776
2022-06,A3TeVhjjS2u,0.0,246826,15.453215160684795,17.386905365606165
2022-07,A3TeVhjjS2u,6.0,246826,16.776921480750207,18.098847660012368
2022-08,A3TeVhjjS2u,12.0,246826,9.852804055012976,18.04414959982742
2022-09,A3TeVhjjS2u,70.0,246826,5.977821766184063,16.696320488963057
2022-10,A3TeVhjjS2u,57.0,246826,5.552431444977874,13.118226648849738
2022-11,A3TeVhjjS2u,32.0,246826,0.456840588269863,10.456678255679018
2022-12,A3TeVhjjS2u,4.0,246826,0.2580512531309089,8.296557711280457
2023-01,A3TeVhjjS2u,0.0,246826,0.2436877994919694,6.263066025273488
2023-02,A3TeVhjjS2u,0.0,246826,0.8116910456870181,8.765096322293001
2023-03,A3TeVhjjS2u,0.0,246826,2.5655255821055736,9.039215769421691
2023-04,A3TeVhjjS2u,2.0,246826,1.7895708352175503,12.13931481696052
2023-05,A3TeVhjjS2u,1.0,246826,2.8522033017232635,14.25916761004007
2023-06,A3TeVhjjS2u,1.0,246826,5.760043938074305,17.863938089109475
2023-07,A3TeVhjjS2u,0.0,246826,14.130898576960682,18.19748289534408
2023-08,A3TeVhjjS2u,10.0,246826,7.584415795666383,18.11910653085616
2023-09,A3TeVhjjS2u,9.0,246826,4.048575449292221,17.664693283065656
2023-10,A3TeVhjjS2u,363.0,246826,2.801593967596561,13.130426438383926
2023-11,A3TeVhjjS2u,152.0,246826,0.3733536924254524,10.006937998827
2023-12,A3TeVhjjS2u,2.0,246826,0.5721133938869436,7.632214467012027
2024-01,A3TeVhjjS2u,0.0,246826,0.7299928774965424,5.599325872202949
2024-02,A3TeVhjjS2u,2.0,246826,0.9566316445419936,5.976526315294828
2024-03,A3TeVhjjS2u,4.0,246826,2.368023267967996,9.99556552331219
2024-04,A3TeVhjjS2u,0.0,246826,0.8072148079944551,14.940619484852691
2024-05,A3TeVhjjS2u,2.0,246826,4.808144181913228,16.858463749443256
2024-06,A3TeVhjjS2u,1.0,246826,11.8971014813273,18.661797505491688
2024-07,A3TeVhjjS2u,12.0,246826,30.187073614988744,18.843946615645784
2024-08,A3TeVhjjS2u,57.0,246826,17.10501851929789,18.19476222372884
2024-09,A3TeVhjjS2u,287.0,246826,13.994628397515251,17.700537439401547
2024-10,A3TeVhjjS2u,602.0,246826,3.501465034388186,14.643704549309035
2024-11,A3TeVhjjS2u,395.0,246826,3.116096282262574,11.139775468748368
2024-12,A3TeVhjjS2u,0.0,246826,0.3666880473517339,7.737078803482445
2016-01,B7X957nA1lM,,136628,2.596694710753572,7.29376333773172
2016-02,B7X957nA1lM,,136628,1.5587963408622694,11.324386153644332
2016-03,B7X957nA1lM,,136628,1.6594514766224724,14.565489026394152
2016-04,B7X957nA1lM,,136628,1.2855378119058092,18.9324598360029
2016-05,B7X957nA1lM,,136628,10.296062787444184,17.624768195431287
2016-06,B7X957nA1lM,,136628,19.46377868791125,19.35912683036245
2016-07,B7X957nA1lM,,136628,33.9051826676352,19.51345493969713
2016-08,B7X957nA1lM,,136628,12.72122669350541,20.19132515019014
2016-09,B7X957nA1lM,,136628,25.056575085294103,18.59487726272904
2016-10,B7X957nA1lM,,136628,7.063181344341263,16.570970197135704
2016-11,B7X957nA1lM,,136628,0.7596994869327249,13.305024074759348
2016-12,B7X957nA1lM,,136628,1.3031430426260688,11.542238852274938
2017-01,B7X957nA1lM,,136628,1.647361025242792,8.85175164658174
2017-02,B7X957nA1lM,,136628,1.3644829599916697,11.609593279629086
2017-03,B7X957nA1lM,,136628,4.6593600757714615,12.19480556977211
2017-04,B7X957nA1lM,,136628,3.267290876054205,16.657502930131862
2017-05,B7X957nA1lM,,136628,7.846644594499425,17.660205020167616
2017-06,B7X957nA1lM,,136628,14.78292158505648,19.52631018121537
2017-07,B7X957nA1lM,,136628,26.89651893455359,19.73865376026968
2017-08,B7X957nA1lM,,136628,24.36925785082526,19.70975693043018
2017-09,B7X957nA1lM,,136628,14.356132467173902,19.129718177776297
2017-10,B7X957nA1lM,,136628,7.694065166325384,16.6830307440107
2017-11,B7X957nA1lM,,136628,1.2667567876664454,12.815855584596797
2017-12,B7X957nA1lM,,136628,0.3492609166256056,11.588082300261483
2018-01,B7X957nA1lM,,136628,0.7932448631769704,8.131903868554073
2018-02,B7X957nA1lM,,136628,1.2567853903742414,10.953345839453778
2018-03,B7X957nA1lM,,136628,1.5696137620867503,13.92434896268463
2018-04,B7X957nA1lM,,136628,6.792781896729502,15.712070959707688
2018-05,B7X957nA1lM,,136628,10.105592029233495,17.41474722889572
2018-06,B7X957nA1lM,,136628,12.356438160961304,19.689958532527903
2018-07,B7X957nA1lM,,136628,24.0894474845403,19.95625660206025
2018-08,B7X957nA1lM,,136628,30.91491653324871,19.7425705879149
2018-09,B7X957nA1lM,,136628,6.675408317607877,18.981117721477307
2018-10,B7X957nA1lM,,136628,4.1914521987497855,14.717656900780804
2018-11,B7X957nA1lM,,136628,1.3759875191921471,12.476708997654384
2018-12,B7X957nA1lM,,136628,2.221057067550991,8.736117814068194
2019-01,B7X957nA1lM,,136628,2.36131290910573,7.519582201582213
2019-02,B7X957nA1lM,,136628,3.811626853840584,9.538900834656024
2019-03,B7X957nA1lM,,136628,2.124373067782132,12.655104840583448
2019-04,B7X957nA1lM,,136628,6.062319684587183,15.656970575360091
2019-05,B7X957nA1lM,,136628,3.5801399355449424,18.815869599077807
2019-06,B7X957nA1lM,,136628,8.116189195835643,19.961220509840302
2019-07,B7X957nA1lM,,136628,31.88329431762924,19.74100457984235
2019-08,B7X957nA1lM,,136628,10.912345996174505,20.323325219283035
2019-09,B7X957nA1lM,,136628,20.358014715910592,18.729731711465494
2019-10,B7X957nA1lM,,136628,6.925735384177919,15.998333410722047
2019-11,B7X957nA1lM,,136628,2.2275576503205627,13.766829921173311
2019-12,B7X957nA1lM,,136628,1.636956948656037,8.615668169726426
2020-01,B7X957nA1lM,,136628,3.5493769908442965,7.53069417488378
2020-02,B7X957nA1lM,,136628,3.6462454136326894,9.001213646831706
2020-03,B7X957nA1lM,,136628,4.263896978806969,12.66197667353014
2020-04,B7X957nA1lM,,136628,5.505419014274681,15.397306025636686
2020-05,B7X957nA1lM,,136628,9.417097070481448,17.236189845343397
2020-06,B7X957nA1lM,,136628,16.253861529795724,19.291819913365853
2020-07,B7X957nA1lM,,136628,41.08148555810487,19.641782321769803
2020-08,B7X957nA1lM,,136628,17.097640728367445,20.23303911354164
2020-09,B7X957nA1lM,,136628,18.428400596120856,19.179566440197064
2020-10,B7X957nA1lM,,136628,4.935505253565239,17.990062599466853
2020-11,B7X957nA1lM,,136628,1.1182067289140094,13.152793242021032
2020-12,B7X957nA1lM,,136628,0.9917698080236564,9.935783509713032
2021-01,B7X957nA1lM,,136628,1.106491699476864,9.505653653971631
2021-02,B7X957nA1lM,,136628,1.5145805447847571,10.803473336588986
2021-03,B7X957nA1lM,,136628,1.0761525467355304,14.665803034688947
2021-04,B7X957nA1lM,,136628,1.078792427827331,17.57180116560755
2021-05,B7X957nA1lM,,136628,14.159170652213932,17.411285774270908
2021-06,B7X957nA1lM,,136628,13.66146299168965,19.49453370291317
2021-07,B7X957nA1lM,,136628,21.620431349182223,19.81848539405685
2021-08,B7X957nA1lM,,136628,24.99114927280284,19.486117653813658
2021-09,B7X957nA1lM,,136628,10.858979707359898,19.29193283062754
2021-10,B7X957nA1lM,,136628,9.354611808387745,17.30740780256161
2021-11,B7X957nA1lM,,136628,1.6452746717004634,12.373217056624576
2021-12,B7X957nA1lM,,136628,2.537304721299408,9.473527280818445
2022-01,B7X957nA1lM,0.0,136628,3.24757949728963,7.059671222992242
2022-02,B7X957nA1lM,0.0,136628,3.980698768259639,7.514416802104515
2022-03,B7X957nA1lM,0.0,136628,1.9794189383454248,15.78708921238174
2022-04,B7X957nA1lM,0.0,136628,4.589708347231437,17.78307004512005
2022-05,B7X957nA1lM,0.0,136628,7.983767060513455,18.03721699890927
2022-06,B7X957nA1lM,1.0,136628,21.36560927771752,19.290017404078743
2022-07,B7X957nA1lM,3.0,136628,23.618239501772667,20.124660656038174
2022-08,B7X957nA1lM,4.0,136628,11.923800779319846,20.14808287721729
2022-09,B7X957nA1lM,27.0,136628,8.693085239321189,18.96896014161765
2022-10,B7X957nA1lM,15.0,136628,2.880691770384852,16.660681637524437
2022-11,B7X957nA1lM,6.0,136628,0.8691024077795249,12.997218074494256
2022-12,B7X957nA1lM,0.0,136628,0.4540760423582729,10.260412713345533
2023-01,B7X957nA1lM,0.0,136628,0.2051747568736708,9.53654260274715
2023-02,B7X957nA1lM,0.0,136628,0.921472384108694,11.205074176114724
2023-03,B7X957nA1lM,0.0,136628,2.77324102910018,13.12303217037758
2023-04,B7X957nA1lM,0.0,136628,1.504525713244082,17.03424355839658
2023-05,B7X957nA1lM,0.0,136628,3.820414674225231,17.737572828074466
2023-06,B7X957nA1lM,0.0,136628,5.467151743592795,20.590180235713387
2023-07,B7X957nA1lM,2.0,136628,9.79753821861126,20.36536450758555
2023-08,B7X957nA1lM,18.0,136628,11.688268932160684,20.19922832591342
2023-09,B7X957nA1lM,25.0,136628,4.804333177466319,20.064209068891152
2023-10,B7X957nA1lM,31.0,136628,4.697297471246177,16.499892367031116
2023-11,B7X957nA1lM,14.0,136628,1.4443070347665805,13.448445188308206
2023-12,B7X957nA1lM,6.0,136628,0.9672645552680524,10.83152206714893
2024-01,B7X957nA1lM,5.0,136628,1.1327835453960555,7.884127021790123
2024-02,B7X957nA1lM,15.0,136628,0.5396252940139449,10.045764609718551
2024-03,B7X957nA1lM,6.0,136628,3.6903118872877534,13.987539332197922
2024-04,B7X957nA1lM,3.0,136628,0.2623057075517941,19.19263138263297
2024-05,B7X957nA1lM,7.0,136628,7.509988362074487,19.416649139564512
2024-06,B7X957nA1lM,8.0,136628,20.39738265938794,20.387643096436985
2024-07,B7X957nA1lM,14.0,136628,23.24044016765043,20.93303150974958
2024-08,B7X957nA1lM,22.0,136628,16.544139195182307,20.47821397948937
2024-09,B7X957nA1lM,25.0,136628,12.788201461620526,20.385249877237456
2024-10,B7X957nA1lM,60.0,136628,8.822266962216885,17.120673809359115
2024-11,B7X957nA1lM,20.0,136628,3.371265230308356,13.46396608575087
2024-12,B7X957nA1lM,1.0,136628,1.0462766105150452,10.23654146307162
2016-01,BITtrV4c0xf,,173575,1.4184065632223135,3.555634182187448
2016-02,BITtrV4c0xf,,173575,1.194456833446706,7.086830542676353
2016-03,BITtrV4c0xf,,173575,0.9931266418832472,10.11465386064804
2016-04,BITtrV4c0xf,,173575,0.4045678408062798,14.617794195907344
2016-05,BITtrV4c0xf,,173575,3.199486742134225,14.806574361600449
2016-06,BITtrV4c0xf,,173575,10.481896600322736,16.918377761813947
2016-07,BITtrV4c0xf,,173575,26.71723313230417,17.375059674827423
2016-08,BITtrV4c0xf,,173575,9.992533616303092,17.337822576509176
2016-09,BITtrV4c0xf,,173575,5.870140654522233,16.14368496077449
2016-10,BITtrV4c0xf,,173575,1.4104486370907472,13.24705416088086
2016-11,BITtrV4c0xf,,173575,0.1382152047087573,10.06693924481712
2016-12,BITtrV4c0xf,,173575,0.3630865182503084,8.756280627904212
2017-01,BITtrV4c0xf,,173575,1.2900702766397123,3.34871012622464
2017-02,BITtrV4c0xf,,173575,0.5824287332740685,7.73759719694093
2017-03,BITtrV4c0xf,,173575,2.080450258199927,8.32676411971956
2017-04,BITtrV4c0xf,,173575,1.6951504018951715,13.202895480288976
2017-05,BITtrV4c0xf,,173575,3.054374341525277,14.558828667030363
2017-06,BITtrV4c0xf,,173575,5.842984283241882,16.870111789286707
2017-07,BITtrV4c0xf,,173575,23.48201271956831,17.375337010748726
2017-08,BITtrV4c0xf,,173575,16.465168634898795,17.305745244139114
2017-09,BITtrV4c0xf,,173575,4.473152833561802,16.375158325637564
2017-10,BITtrV4c0xf,,173575,1.0618351506549262,13.415807697166931
2017-11,BITtrV4c0xf,,173575,0.4365285931445183,9.16865088988079
2017-12,BITtrV4c0xf,,173575,0.2573431075106612,8.090093288350683
2018-01,BITtrV4c0xf,,173575,0.6098779165880654,6.3259411228033535
2018-02,BITtrV4c0xf,,173575,0.7601579182413659,7.347748652503073
2018-03,BITtrV4c0xf,,173575,0.8052509582741966,9.891203431041149
2018-04,BITtrV4c0xf,,173575,2.600948612322119,12.029534129727288
2018-05,BITtrV4c0xf,,173575,2.189829773676257,14.891766816162066
2018-06,BITtrV4c0xf,,173575,8.002386362972327,17.318602325266166
2018-07,BITtrV4c0xf,,173575,26.1960887628317,17.735184863199038
2018-08,BITtrV4c0xf,,173575,22.201717822431554,17.250320179330885
2018-09,BITtrV4c0xf,,173575,6.225581988204481,15.76141731429002
2018-10,BITtrV4c0xf,,173575,0.5010345984700605,11.137295608453
2018-11,BITtrV4c0xf,,173575,0.3881354991005131,9.288457546163183
2018-12,BITtrV4c0xf,,173575,0.4828291436282302,4.866340700701973
2019-01,BITtrV4c0xf,,173575,2.1257137466266243,2.4877924159005453
2019-02,BITtrV4c0xf,,173575,5.077941422871876,4.19394894200138
2019-03,BITtrV4c0xf,,173575,1.2181609120739272,7.479096393738071
2019-04,BITtrV4c0xf,,173575,2.352520668823161,12.039240377225449
2019-05,BITtrV4c0xf,,173575,0.9693210679601298,15.373399611955271
2019-06,BITtrV4c0xf,,173575,3.684041401021288,17.625084836887925
2019-07,BITtrV4c0xf,,173575,17.39215342257732,17.515719740281266
2019-08,BITtrV4c0xf,,173575,14.828356707558902,17.570690654214566
2019-09,BITtrV4c0xf,,173575,15.935209693407204,16.297726941743644
2019-10,BITtrV4c0xf,,173575,1.092179529835409,12.7587687030264
2019-11,BITtrV4c0xf,,173575,0.2691296166895924,10.688424877887636
2019-12,BITtrV4c0xf,,173575,1.3866943606174096,4.389914042159751
2020-01,BITtrV4c0xf,,173575,3.242951746347406,2.5436422615874736
2020-02,BITtrV4c0xf,,173575,1.4458866316203032,4.766007277002763
2020-03,BITtrV4c0xf,,173575,2.109628178733052,7.321664156360733
2020-04,BITtrV4c0xf,,173575,3.0547576098862503,10.851889054749735
2020-05,BITtrV4c0xf,,173575,2.278454218614091,14.02124082910744
2020-06,BITtrV4c0xf,,173575,13.356648142595915,16.396692259812326
2020-07,BITtrV4c0xf,,173575,16.778244773613594,17.42272039619226
2020-08,BITtrV4c0xf,,173575,20.167902387477216,17.682262919839566
2020-09,BITtrV4c0xf,,173575,9.681701100958184,16.764591142415025
2020-10,BITtrV4c0xf,,173575,0.5541422690288277,13.817921332723468
2020-11,BITtrV4c0xf,,173575,0.7009037734916262,8.227221177845298
2020-12,BITtrV4c0xf,,173575,0.2352288541876639,7.027081715116453
2021-01,BITtrV4c0xf,,173575,0.1859304079262541,6.985236887588851
2021-02,BITtrV4c0xf,,173575,0.6979773432719953,6.376790760990359
2021-03,BITtrV4c0xf,,173575,0.8438854911305784,9.964457987068272
2021-04,BITtrV4c0xf,,173575,0.9647316369834704,11.882552505162716
2021-05,BITtrV4c0xf,,173575,6.174279109461796,13.907868876466836
2021-06,BITtrV4c0xf,,173575,16.098548617799807,16.47411616307609
2021-07,BITtrV4c0xf,,173575,17.42753632768589,17.41125887792003
2021-08,BITtrV4c0xf,,173575,16.98642878672931,17.07724972333265
2021-09,BITtrV4c0xf,,173575,11.620624731574408,16.28219778731748
2021-10,BITtrV4c0xf,,173575,4.28818026839728,13.775920729514548
2021-11,BITtrV4c0xf,,173575,0.4132248000563798,9.762618848300257
2021-12,BITtrV4c0xf,,173575,2.0580064586912865,3.85142559562025
2022-01,BITtrV4c0xf,0.0,173575,2.169919268840492,2.356743389880412
2022-02,BITtrV4c0xf,0.0,173575,2.7314562868954027,2.9469914340111862
2022-03,BITtrV4c0xf,0.0,173575,0.3877972856890781,10.21658512178559
2022-04,BITtrV4c0xf,0.0,173575,0.9046331729439118,14.50307428436288
2022-05,BITtrV4c0xf,0.0,173575,3.7213888305509446,14.67767325453368
2022-06,BITtrV4c0xf,0.0,173575,8.55154267400732,17.173664613408466
2022-07,BITtrV4c0xf,1.0,173575,23.922825484007017,17.636385054072488
2022-08,BITtrV4c0xf,3.0,173575,14.9707829784771,17.500662035687256
2022-09,BITtrV4c0xf,25.0,173575,6.0308198736504615,16.041969957868865
2022-10,BITtrV4c0xf,14.0,173575,4.683333598615319,12.031573367040307
2022-11,BITtrV4c0xf,3.0,173575,0.1708254417795655,9.346930585935704
2022-12,BITtrV4c0xf,0.0,173575,0.039886338364119,7.39037023324348
2023-01,BITtrV4c0xf,0.0,173575,0.4828942330754267,5.174806514880601
2023-02,BITtrV4c0xf,1.0,173575,0.2375518810977396,7.921664011894365
2023-03,BITtrV4c0xf,1.0,173575,1.4653391026652491,8.194864299293869
2023-04,BITtrV4c0xf,0.0,173575,1.0950593218160634,11.167901466455415
2023-05,BITtrV4c0xf,1.0,173575,1.6549046500473463,13.451040538559733
2023-06,BITtrV4c0xf,0.0,173575,5.175461449569929,17.259010888427596
2023-07,BITtrV4c0xf,5.0,173575,10.665965692231332,17.88491459984987
2023-08,BITtrV4c0xf,34.0,173575,9.640719306834855,17.393902919193955
2023-09,BITtrV4c0xf,29.0,173575,3.5989963477416085,16.938965523548703
2023-10,BITtrV4c0xf,19.0,173575,1.6095097615149434,12.52967167137261
2023-11,BITtrV4c0xf,10.0,173575,0.3863429865552337,9.41048803274923
2023-12,BITtrV4c0xf,1.0,173575,0.5070135821248873,6.293952750353215
2024-01,BITtrV4c0xf,0.0,173575,0.6556835117099615,4.985813958788784
2024-02,BITtrV4c0xf,2.0,173575,0.6826569456779811,4.309707471265861
2024-03,BITtrV4c0xf,3.0,173575,1.8703346359148585,9.152168464857583
2024-04,BITtrV4c0xf,1.0,173575,0.2808835441247259,13.61964437717648
2024-05,BITtrV4c0xf,0.0,173575,1.8659335573904945,16.11481354661443
2024-06,BITtrV4c0xf,1.0,173575,4.761220662654242,18.646409695891528
2024-07,BITtrV4c0xf,0.0,173575,28.46117332691395,18.536250462211108
2024-08,BITtrV4c0xf,6.0,173575,17.52257802541846,17.723054975947488
2024-09,BITtrV4c0xf,19.0,173575,11.788773360640832,17.05784938436032
2024-10,BITtrV4c0xf,19.0,173575,1.1029039406228864,13.885777932752546
2024-11,BITtrV4c0xf,6.0,173575,1.3614168615257165,10.13228936555548
2024-12,BITtrV4c0xf,0.0,173575,0.4217635156115941,6.377358141462612
2016-01,BdLcDbLQd88,,118280,1.7709464218486026,-7.62174956740632
2016-02,BdLcDbLQd88,,118280,1.6680129597428217,-3.177525969930041
2016-03,BdLcDbLQd88,,118280,2.6816613601629684,-1.6602777204886778
2016-04,BdLcDbLQd88,,118280,2.8500734444617715,1.958211564421101
2016-05,BdLcDbLQd88,,118280,6.614101370674566,3.4581150066162234
2016-06,BdLcDbLQd88,,118280,12.503346446735817,6.81909553609217
2016-07,BdLcDbLQd88,,118280,27.78825598292731,7.329063348033104
2016-08,BdLcDbLQd88,,118280,9.159101016118278,7.555630157432052
2016-09,BdLcDbLQd88,,118280,11.990639938446048,6.156526088323869
2016-10,BdLcDbLQd88,,118280,3.447119749237178,2.9757055215703287
2016-11,BdLcDbLQd88,,118280,0.5298048104163778,-0.0715913641980168
2016-12,BdLcDbLQd88,,118280,0.6717498883365495,-1.1817183713786297
2017-01,BdLcDbLQd88,,118280,1.131534837313936,-6.252975972968485
2017-02,BdLcDbLQd88,,118280,1.7873506220676718,-3.784048155748498
2017-03,BdLcDbLQd88,,118280,4.317263738953391,-3.757811691014296
2017-04,BdLcDbLQd88,,118280,4.821324459046034,0.9563189859977592
2017-05,BdLcDbLQd88,,118280,5.728870957851138,3.270098643046304
2017-06,BdLcDbLQd88,,118280,10.402275465118178,6.60999933333775
2017-07,BdLcDbLQd88,,118280,17.94004474651953,7.509622980416045
2017-08,BdLcDbLQd88,,118280,18.00206292385933,7.542317290315978
2017-09,BdLcDbLQd88,,118280,7.016211454552621,6.483779678318241
2017-10,BdLcDbLQd88,,118280,3.333941750247296,2.8602697801354697
2017-11,BdLcDbLQd88,,118280,1.024125650180953,-1.4274580658208145
2017-12,BdLcDbLQd88,,118280,0.4260950619640154,-0.9299056149998134
2018-01,BdLcDbLQd88,,118280,0.772643351448444,-3.368337426542683
2018-02,BdLcDbLQd88,,118280,1.9061510807255584,-3.796123894468142
2018-03,BdLcDbLQd88,,118280,2.6343158756952016,-2.967989595419818
2018-04,BdLcDbLQd88,,118280,4.686135717764529,0.1416032666880562
2018-05,BdLcDbLQd88,,118280,6.747170190474237,3.256807885654399
2018-06,BdLcDbLQd88,,118280,12.416308416364886,6.798492011064938
2018-07,BdLcDbLQd88,,118280,21.25545651756304,7.901428666838898
2018-08,BdLcDbLQd88,,118280,15.791476638167634,7.620109474074067
2018-09,BdLcDbLQd88,,118280,9.786040210660303,5.9971869773146524
2018-10,BdLcDbLQd88,,118280,2.199491597692123,0.5529904750312582
2018-11,BdLcDbLQd88,,118280,1.3599752472400657,-1.7115172804213377
2018-12,BdLcDbLQd88,,118280,1.1208267658554223,-5.45510835680715
2019-01,BdLcDbLQd88,,118280,1.6447525471313726,-8.542460351987971
2019-02,BdLcDbLQd88,,118280,3.071583383409881,-6.3009685407648375
2019-03,BdLcDbLQd88,,118280,2.4669433954957705,-3.7382631232045513
2019-04,BdLcDbLQd88,,118280,4.532519426632184,0.173686691811586
2019-05,BdLcDbLQd88,,118280,5.425723380495203,3.868362679680017
2019-06,BdLcDbLQd88,,118280,9.298217178894904,6.743552023424552
2019-07,BdLcDbLQd88,,118280,22.91740185248105,7.615731593152338
2019-08,BdLcDbLQd88,,118280,11.151735050281944,8.053881676855315
2019-09,BdLcDbLQd88,,118280,11.206535797736567,6.344096921273388
2019-10,BdLcDbLQd88,,118280,2.5054956829783643,2.7047737208168106
2019-11,BdLcDbLQd88,,118280,1.229452787205494,0.6155869018743384
2019-12,BdLcDbLQd88,,118280,1.19266370383215,-5.40711285028918
2020-01,BdLcDbLQd88,,118280,2.1992901301775025,-7.004587657883729
2020-02,BdLcDbLQd88,,118280,1.6874736693802024,-5.3887166440897465
2020-03,BdLcDbLQd88,,118280,2.815125616728027,-2.849663542636765
2020-04,BdLcDbLQd88,,118280,4.527514545901719,-0.5227931984966637
2020-05,BdLcDbLQd88,,118280,8.790618239450676,3.1718340103263816
2020-06,BdLcDbLQd88,,118280,13.290439836424412,7.029103571455863
2020-07,BdLcDbLQd88,,118280,20.97069387900367,8.09780819652416
2020-08,BdLcDbLQd88,,118280,13.836605403897703,8.645672215554656
2020-09,BdLcDbLQd88,,118280,14.534731556679334,7.161370348896533
2020-10,BdLcDbLQd88,,118280,1.272095006408003,4.601838680009682
2020-11,BdLcDbLQd88,,118280,0.6738922811537673,-0.7325385469747208
2020-12,BdLcDbLQd88,,118280,0.7579584110771923,-2.4278359621039862
2021-01,BdLcDbLQd88,,118280,0.90400265193071,-2.1484793109280163
2021-02,BdLcDbLQd88,,118280,1.8919674277156928,-3.56962560295008
2021-03,BdLcDbLQd88,,118280,2.768665179107944,-0.9216505380113332
2021-04,BdLcDbLQd88,,118280,2.377043005812842,0.4544583660412545
2021-05,BdLcDbLQd88,,118280,9.288017509029686,4.012498419164434
2021-06,BdLcDbLQd88,,118280,13.277151826597365,7.365783955247452
2021-07,BdLcDbLQd88,,118280,17.199435162442963,8.309328790194414
2021-08,BdLcDbLQd88,,118280,18.10994501970532,7.941058093869894
2021-09,BdLcDbLQd88,,118280,8.847061032743483,6.881500986533856
2021-10,BdLcDbLQd88,,118280,8.146441621169066,4.109714353200731
2021-11,BdLcDbLQd88,,118280,0.8183347489782575,0.0392849755512018
2021-12,BdLcDbLQd88,,118280,1.419953921458213,-4.188659620245096
2022-01,BdLcDbLQd88,0.0,118280,0.932270898928276,-7.617723456650591
2022-02,BdLcDbLQd88,0.0,118280,2.6245503155425265,-7.367464087812756
2022-03,BdLcDbLQd88,0.0,118280,1.8681392367881728,0.3131803168538302
2022-04,BdLcDbLQd88,0.0,118280,5.60013781395579,3.3120935772408773
2022-05,BdLcDbLQd88,0.0,118280,9.002484288925357,4.425146166015401
2022-06,BdLcDbLQd88,0.0,118280,18.22831387055856,7.208380793969969
2022-07,BdLcDbLQd88,0.0,118280,13.871263779494528,8.385676963802334
2022-08,BdLcDbLQd88,0.0,118280,13.137254552472784,8.319426347347967
2022-09,BdLcDbLQd88,6.0,118280,5.230978755809151,6.751665744931442
2022-10,BdLcDbLQd88,10.0,118280,2.039682980562397,2.465616393169291
2022-11,BdLcDbLQd88,3.0,118280,0.3439359895384394,-0.2121450837324716
2022-12,BdLcDbLQd88,0.0,118280,0.3348737243344159,-1.811295425971453
2023-01,BdLcDbLQd88,0.0,118280,0.2036454061044135,-3.85360546122612
2023-02,BdLcDbLQd88,0.0,118280,1.1445769320166477,-2.6750922010353912
2023-03,BdLcDbLQd88,0.0,118280,1.8087718501723349,-2.65005237097067
2023-04,BdLcDbLQd88,0.0,118280,1.4475034115908327,0.8698692167491715
2023-05,BdLcDbLQd88,0.0,118280,3.131704723724145,2.710153689801016
2023-06,BdLcDbLQd88,1.0,118280,8.330816448250006,7.010401806783709
2023-07,BdLcDbLQd88,10.0,118280,7.595015471071448,8.517311470914898
2023-08,BdLcDbLQd88,21.0,118280,8.610224967752673,8.625287414193213
2023-09,BdLcDbLQd88,0.0,118280,4.307925634448472,7.206518584501122
2023-10,BdLcDbLQd88,4.0,118280,2.2199125369583945,2.6772589990597946
2023-11,BdLcDbLQd88,0.0,118280,0.5114796600371174,-0.654463278281065
2023-12,BdLcDbLQd88,0.0,118280,0.4118539672853802,-2.799246663232718
2024-01,BdLcDbLQd88,0.0,118280,0.6108907389194149,-6.200883347563344
2024-02,BdLcDbLQd88,0.0,118280,0.7635948674920937,-5.038882788064681
2024-03,BdLcDbLQd88,0.0,118280,3.226965138553228,-1.602228333498825
2024-04,BdLcDbLQd88,0.0,118280,1.623828327674793,2.3115574359309217
2024-05,BdLcDbLQd88,1.0,118280,5.920343955341132,4.591618267327993
2024-06,BdLcDbLQd88,0.0,118280,18.814457497310546,7.843349707470248
2024-07,BdLcDbLQd88,1.0,118280,17.317371966777408,9.272181612015718
2024-08,BdLcDbLQd88,2.0,118280,13.672871356209436,8.289772977462613
2024-09,BdLcDbLQd88,2.0,118280,9.572090368429317,7.406296067561218
2024-10,BdLcDbLQd88,4.0,118280,2.6085699208649253,3.834001553954217
2024-11,BdLcDbLQd88,5.0,118280,1.4881386533391656,-0.1383870836989689
2024-12,BdLcDbLQd88,0.0,118280,0.8930568859199998,-2.2407989830065853
2016-01,BywOwm8jUhf,,129248,1.337790445415167,-9.572808169668788
2016-02,BywOwm8jUhf,,129248,1.6074540406979114,-7.920133685277682
2016-03,BywOwm8jUhf,,129248,1.6763580548695989,-4.376742237951143
2016-04,BywOwm8jUhf,,129248,0.8353304567344806,0.8675102174814532
2016-05,BywOwm8jUhf,,129248,3.3169185219784394,4.875877487367866
2016-06,BywOwm8jUhf,,129248,6.245457027159102,9.410904166817918
2016-07,BywOwm8jUhf,,129248,14.29329750768349,10.489634736509108
2016-08,BywOwm8jUhf,,129248,7.429839796026575,10.0648521971695
2016-09,BywOwm8jUhf,,129248,3.346530226972624,8.129608743276584
2016-10,BywOwm8jUhf,,129248,0.6971615803594203,3.81600111102932
2016-11,BywOwm8jUhf,,129248,0.0790133959127825,0.3713802298379893
2016-12,BywOwm8jUhf,,129248,0.3760736797874435,-0.338135333005485
2017-01,BywOwm8jUhf,,129248,3.114002789949115,-11.229140424119322
2017-02,BywOwm8jUhf,,129248,1.669740412829962,-7.515367068888003
2017-03,BywOwm8jUhf,,129248,2.2349806514767336,-5.812892012590695
2017-04,BywOwm8jUhf,,129248,2.3363676722475626,0.3024427213373705
2017-05,BywOwm8jUhf,,129248,2.494547426550884,3.711857470907258
2017-06,BywOwm8jUhf,,129248,4.988011243363864,8.335829618184636
2017-07,BywOwm8jUhf,,129248,14.383673637645074,10.3954599902978
2017-08,BywOwm8jUhf,,129248,11.959551648510612,10.315540379603698
2017-09,BywOwm8jUhf,,129248,4.281584382475049,7.988069631548917
2017-10,BywOwm8jUhf,,129248,0.5826593024713805,3.850800374297714
2017-11,BywOwm8jUhf,,129248,0.7575131325719836,-3.4095502612529707
2017-12,BywOwm8jUhf,,129248,0.9817394014847938,-7.837411615968921
2018-01,BywOwm8jUhf,,129248,0.9196941585881174,-8.175165921228388
2018-02,BywOwm8jUhf,,129248,2.2283170575540296,-8.17027481510245
2018-03,BywOwm8jUhf,,129248,1.282147378412137,-5.322803137520282
2018-04,BywOwm8jUhf,,129248,1.4434061152807334,0.1293005627173171
2018-05,BywOwm8jUhf,,129248,2.02099713799162,3.731142073167783
2018-06,BywOwm8jUhf,,129248,5.604942956772848,9.275286036466612
2018-07,BywOwm8jUhf,,129248,16.394320766687436,10.82094374334224
2018-08,BywOwm8jUhf,,129248,15.942243292220374,10.43425514945888
2018-09,BywOwm8jUhf,,129248,5.6331323688849695,7.07051160645605
2018-10,BywOwm8jUhf,,129248,0.4121777485036272,0.4842346736571544
2018-11,BywOwm8jUhf,,129248,0.7632467437464792,-3.641586114093298
2018-12,BywOwm8jUhf,,129248,0.6789074502312157,-8.18672298411676
2019-01,BywOwm8jUhf,,129248,5.100633068508641,-11.2933984946818
2019-02,BywOwm8jUhf,,129248,6.686789276656278,-9.482658772501876
2019-03,BywOwm8jUhf,,129248,1.897741725261832,-6.964401051006952
2019-04,BywOwm8jUhf,,129248,1.9443659501733164,0.0199711782500246
2019-05,BywOwm8jUhf,,129248,1.4026775131631015,2.6956797603828577
2019-06,BywOwm8jUhf,,129248,2.2729252484828435,7.277627994369655
2019-07,BywOwm8jUhf,,129248,10.9408347748521,9.989939450233866
2019-08,BywOwm8jUhf,,129248,10.024246129855172,10.360537275831067
2019-09,BywOwm8jUhf,,129248,6.680806784977058,8.604212195272611
2019-10,BywOwm8jUhf,,129248,0.65586589081769,2.610546403046984
2019-11,BywOwm8jUhf,,129248,1.8180154375696893,-3.6337511819325
2019-12,BywOwm8jUhf,,129248,2.553489412262525,-12.190579681494238
2020-01,BywOwm8jUhf,,129248,5.690732075805055,-11.409212897335031
2020-02,BywOwm8jUhf,,129248,0.6171897373396282,-10.006966169540052
2020-03,BywOwm8jUhf,,129248,3.700905416738963,-6.689077292885494
2020-04,BywOwm8jUhf,,129248,2.204198620179924,-1.678809178797901
2020-05,BywOwm8jUhf,,129248,2.031169726483616,2.916957474098671
2020-06,BywOwm8jUhf,,129248,3.607302214516986,8.096038869968302
2020-07,BywOwm8jUhf,,129248,12.666174398383475,10.438245848182303
2020-08,BywOwm8jUhf,,129248,12.731559798990762,10.720542720734006
2020-09,BywOwm8jUhf,,129248,3.2272519816894696,8.920540191459605
2020-10,BywOwm8jUhf,,129248,0.193091765276881,4.3847440027200575
2020-11,BywOwm8jUhf,,129248,1.1273783400113455,-3.733530366521768
2020-12,BywOwm8jUhf,,129248,0.2962433883136436,-9.491790820882905
2021-01,BywOwm8jUhf,,129248,1.2291086669037916,-8.795620758046038
2021-02,BywOwm8jUhf,,129248,0.7389955695901884,-7.415990098094688
2021-03,BywOwm8jUhf,,129248,1.2794657480321938,-4.291263648318489
2021-04,BywOwm8jUhf,,129248,3.0390896931856246,-2.554834936095102
2021-05,BywOwm8jUhf,,129248,5.207727843997382,2.9193740436103965
2021-06,BywOwm8jUhf,,129248,9.684016108407947,7.316370551968221
2021-07,BywOwm8jUhf,,129248,10.899437932462762,10.56222106896388
2021-08,BywOwm8jUhf,,129248,9.14723520043928,10.194599842747186
2021-09,BywOwm8jUhf,,129248,6.001761365826489,8.769263144610767
2021-10,BywOwm8jUhf,,129248,6.570991042156124,2.747137278975429
2021-11,BywOwm8jUhf,,129248,0.1934662089229665,-2.945157858605771
2021-12,BywOwm8jUhf,,129248,2.039959009964892,-10.723009845867589
2022-01,BywOwm8jUhf,0.0,129248,2.8791810777018383,-11.760110553553842
2022-02,BywOwm8jUhf,0.0,129248,3.06472777529133,-11.208706751110064
2022-03,BywOwm8jUhf,0.0,129248,0.2478993577121719,-2.8545202170127264
2022-04,BywOwm8jUhf,0.0,129248,0.8500073874656843,2.7901224909647206
2022-05,BywOwm8jUhf,0.0,129248,3.637585009076409,5.780403508853151
2022-06,BywOwm8jUhf,2.0,129248,5.916840389536494,9.038843285982564
2022-07,BywOwm8jUhf,0.0,129248,11.81138209339343,10.960336839391012
2022-08,BywOwm8jUhf,10.0,129248,11.465325978547764,10.34285570482437
2022-09,BywOwm8jUhf,270.0,129248,3.812443580452014,7.670690185742594
2022-10,BywOwm8jUhf,44.0,129248,4.77011777671756,-0.2165480391201935
2022-11,BywOwm8jUhf,12.0,129248,0.1963172139763654,-4.39296872912849
2022-12,BywOwm8jUhf,11.0,129248,0.0710020342498585,-6.5161330855058335
2023-01,BywOwm8jUhf,9.0,129248,1.5348925664120046,-9.697123279706425
2023-02,BywOwm8jUhf,33.0,129248,0.4340611206088375,-7.769208910910044
2023-03,BywOwm8jUhf,117.0,129248,1.1193742628408343,-4.747120290699868
2023-04,BywOwm8jUhf,15.0,129248,1.144955861087993,-2.0952798005442306
2023-05,BywOwm8jUhf,9.0,129248,1.5531058140785472,1.3068610839399086
2023-06,BywOwm8jUhf,5.0,129248,2.4047872606680896,6.992154523687127
2023-07,BywOwm8jUhf,3.0,129248,6.749650729765388,10.498445616718133
2023-08,BywOwm8jUhf,38.0,129248,5.721748246702267,10.59790781637084
2023-09,BywOwm8jUhf,15.0,129248,2.297623144720572,8.572738123522381
2023-10,BywOwm8jUhf,18.0,129248,0.4908863790250111,2.1919869090559643
2023-11,BywOwm8jUhf,4.0,129248,0.4387347755318472,-2.56671758922619
2023-12,BywOwm8jUhf,1.0,129248,0.1569032496059423,-8.47042978133385
2024-01,BywOwm8jUhf,0.0,129248,0.4503693157728983,-8.854281786235235
2024-02,BywOwm8jUhf,0.0,129248,1.6597796008599366,-10.148564217209026
2024-03,BywOwm8jUhf,0.0,129248,3.0044248441693906,-5.283550393057271
2024-04,BywOwm8jUhf,1.0,129248,0.6464525199872808,0.1719168386824063
2024-05,BywOwm8jUhf,7.0,129248,1.95875218479668,5.745787458033513
2024-06,BywOwm8jUhf,6.0,129248,3.29419700764367,9.838339145362603
2024-07,BywOwm8jUhf,5.0,129248,16.567670538263002,11.184568632351308
2024-08,BywOwm8jUhf,7.0,129248,11.98221978762536,10.594441450804046
2024-09,BywOwm8jUhf,19.0,129248,6.913282482058938,8.972306473289148
2024-10,BywOwm8jUhf,12.0,129248,0.5685740656488344,4.501323242873557
2024-11,BywOwm8jUhf,5.0,129248,0.6647394073469519,0.5385023677088945
2024-12,BywOwm8jUhf,0.0,129248,1.3857218004760965,-6.383758290642745
2016-01,CNFRaFUfLjo,405.0,973321,0.5885292116194586,15.933954919642384
2016-02,CNFRaFUfLjo,,973321,0.1488471634865562,19.40319061592272
2016-03,CNFRaFUfLjo,,973321,1.7512081037953304,23.775527176791574
2016-04,CNFRaFUfLjo,,973321,0.7894570632170014,26.9934421810232
2016-05,CNFRaFUfLjo,,973321,7.25098562921981,26.16491492720151
2016-06,CNFRaFUfLjo,,973321,16.401554576468055,27.26873870973249
2016-07,CNFRaFUfLjo,,973321,24.08278952330589,26.531722566622715
2016-08,CNFRaFUfLjo,,973321,8.138779232803671,28.042350423419823
2016-09,CNFRaFUfLjo,,973321,13.239710571038422,26.259121061999675
2016-10,CNFRaFUfLjo,,973321,3.853258766692405,24.731210672734253
2016-11,CNFRaFUfLjo,,973321,0.0108189684361421,21.061581730303534
2016-12,CNFRaFUfLjo,,973321,0.0661382974621673,18.212440653738472
2017-01,CNFRaFUfLjo,,973321,0.1784991578388121,16.757863686498624
2017-02,CNFRaFUfLjo,,973321,0.1979269082102765,19.43179426505528
2017-03,CNFRaFUfLjo,,973321,1.7927881238391032,21.452789339083573
2017-04,CNFRaFUfLjo,,973321,2.4124767591543503,24.85938119531066
2017-05,CNFRaFUfLjo,,973321,4.695969526239545,26.578537309695413
2017-06,CNFRaFUfLjo,,973321,10.28670803188432,27.461450164837093
2017-07,CNFRaFUfLjo,,973321,17.072014803237106,26.95323003964544
2017-08,CNFRaFUfLjo,,973321,20.53207802764284,27.17083425673837
2017-09,CNFRaFUfLjo,,973321,7.112096746247216,27.06007729144049
2017-10,CNFRaFUfLjo,,973321,2.860448550562376,24.85967882292576
2017-11,CNFRaFUfLjo,,973321,0.0068083256580728,20.83345150684641
2017-12,CNFRaFUfLjo,,973321,0.0212495316697084,18.515957787565835
2018-01,CNFRaFUfLjo,,973321,0.1499949414855362,15.828540714055745
2018-02,CNFRaFUfLjo,,973321,0.2879643163945696,19.269142643256263
2018-03,CNFRaFUfLjo,,973321,1.1100028928692125,23.455246886772883
2018-04,CNFRaFUfLjo,,973321,3.430427622675177,25.05107533674626
2018-05,CNFRaFUfLjo,,973321,6.374707386489568,25.61643246038988
2018-06,CNFRaFUfLjo,,973321,14.228903920656103,27.402131792277583
2018-07,CNFRaFUfLjo,,973321,20.47323023435031,27.349992223811743
2018-08,CNFRaFUfLjo,,973321,13.71770714104807,27.393686136937376
2018-09,CNFRaFUfLjo,,973321,7.651294854703481,26.80164892479695
2018-10,CNFRaFUfLjo,,973321,1.7067097786648149,23.61937354859551
2018-11,CNFRaFUfLjo,,973321,0.1162209314923295,20.851372263727747
2018-12,CNFRaFUfLjo,,973321,0.1565809216341647,17.06715227149858
2019-01,CNFRaFUfLjo,,973321,0.0280630874075543,16.509577857531276
2019-02,CNFRaFUfLjo,,973321,1.702849360699571,18.546213566695883
2019-03,CNFRaFUfLjo,,973321,0.3731584847740926,22.813095636256715
2019-04,CNFRaFUfLjo,,973321,2.462963946931912,25.838218310283875
2019-05,CNFRaFUfLjo,,973321,5.123247805425721,26.504271343846145
2019-06,CNFRaFUfLjo,,973321,14.194197602738978,27.69247755215058
2019-07,CNFRaFUfLjo,,973321,27.818333586128627,27.13316517733139
2019-08,CNFRaFUfLjo,,973321,13.232516692860228,27.975577489013748
2019-09,CNFRaFUfLjo,,973321,20.91890612066401,26.077467289817264
2019-10,CNFRaFUfLjo,,973321,2.0745031890136727,24.15068828526091
2019-11,CNFRaFUfLjo,,973321,0.0451013410509455,22.52386795680806
2019-12,CNFRaFUfLjo,,973321,0.2262542108278824,16.547560309016664
2020-01,CNFRaFUfLjo,,973321,0.5131147994372541,15.748548958683743
2020-02,CNFRaFUfLjo,,973321,1.2751519265793798,18.075376156160107
2020-03,CNFRaFUfLjo,,973321,0.9478212857300276,22.574565636265167
2020-04,CNFRaFUfLjo,,973321,3.2489073670879987,25.154794239986288
2020-05,CNFRaFUfLjo,,973321,4.899267791823594,25.70683507500028
2020-06,CNFRaFUfLjo,,973321,15.834678039965722,26.701477251880902
2020-07,CNFRaFUfLjo,,973321,23.42390531403709,26.67781989053333
2020-08,CNFRaFUfLjo,,973321,10.211255171167757,27.66108152727089
2020-09,CNFRaFUfLjo,,973321,16.819484054515083,26.402127575510903
2020-10,CNFRaFUfLjo,,973321,1.9631772679575707,25.465080077081087
2020-11,CNFRaFUfLjo,,973321,0.0422899030104975,20.388753130998595
2020-12,CNFRaFUfLjo,,973321,0.089252383628832,16.896339614318173
2021-01,CNFRaFUfLjo,,973321,0.233839321354703,16.34970191526185
2021-02,CNFRaFUfLjo,,973321,0.0961412285925958,18.745879779205257
2021-03,CNFRaFUfLjo,,973321,0.5144749844887354,23.54325575152744
2021-04,CNFRaFUfLjo,,973321,0.9618129266553976,26.75494219238742
2021-05,CNFRaFUfLjo,,973321,8.225572739809515,25.800633497898943
2021-06,CNFRaFUfLjo,,973321,11.142303994729868,26.84834674229357
2021-07,CNFRaFUfLjo,,973321,18.085725619225737,27.258415876237127
2021-08,CNFRaFUfLjo,,973321,15.36204316046481,26.708327619253453
2021-09,CNFRaFUfLjo,,973321,6.051141522674415,27.19035278704232
2021-10,CNFRaFUfLjo,,973321,8.481551132905246,24.942437413049365
2021-11,CNFRaFUfLjo,,973321,0.0215250709102785,19.298856253664457
2021-12,CNFRaFUfLjo,,973321,0.2462154501111345,17.03460896092053
2022-01,CNFRaFUfLjo,1.0,973321,0.1723925819561043,15.650950902646931
2022-02,CNFRaFUfLjo,0.0,973321,1.8663772965421224,16.190265698877763
2022-03,CNFRaFUfLjo,1.0,973321,0.2695002644494454,24.394995155991296
2022-04,CNFRaFUfLjo,0.0,973321,3.663403638131349,25.231297917370025
2022-05,CNFRaFUfLjo,1.0,973321,6.741204807775907,26.135165254630223
2022-06,CNFRaFUfLjo,1.0,973321,16.38932921429837,26.232661248888192
2022-07,CNFRaFUfLjo,2.0,973321,9.275265019049524,27.90788926628949
2022-08,CNFRaFUfLjo,5.0,973321,8.639858316736873,27.81580456757758
2022-09,CNFRaFUfLjo,68.0,973321,5.383825951921211,26.633702987932704
2022-10,CNFRaFUfLjo,125.0,973321,2.0209385077750976,24.2563675967398
2022-11,CNFRaFUfLjo,35.0,973321,0.0067578477106337,20.53952602068644
2022-12,CNFRaFUfLjo,16.0,973321,0.0096884448694234,17.761946630450602
2023-01,CNFRaFUfLjo,5.0,973321,0.0422259334950876,16.03116830055092
2023-02,CNFRaFUfLjo,2.0,973321,0.0808964365041359,19.76162082989196
2023-03,CNFRaFUfLjo,6.0,973321,1.4841014955978842,22.65393866397526
2023-04,CNFRaFUfLjo,3.0,973321,0.5151844901650726,26.46311331237345
2023-05,CNFRaFUfLjo,0.0,973321,1.473780129587895,27.640780942577347
2023-06,CNFRaFUfLjo,8.0,973321,5.749425334360864,28.52378986281675
2023-07,CNFRaFUfLjo,453.0,973321,7.032177239305176,27.95218115346671
2023-08,CNFRaFUfLjo,854.0,973321,7.831188085331253,27.69671011400346
2023-09,CNFRaFUfLjo,2212.0,973321,8.179862091660343,27.860470979910744
2023-10,CNFRaFUfLjo,184.0,973321,2.8054000658871723,24.72195218947513
2023-11,CNFRaFUfLjo,70.0,973321,0.0116023705485427,22.05791262737616
2023-12,CNFRaFUfLjo,28.0,973321,0.177763456886094,18.47267755369929
2024-01,CNFRaFUfLjo,22.0,973321,0.0454051154393319,16.027738776434898
2024-02,CNFRaFUfLjo,17.0,973321,0.1058100278870852,18.03691386378173
2024-03,CNFRaFUfLjo,11.0,973321,1.6613994234023737,22.49310206808111
2024-04,CNFRaFUfLjo,10.0,973321,0.1161735244043778,28.08780543970341
2024-05,CNFRaFUfLjo,44.0,973321,3.842478436204473,28.88168968886416
2024-06,CNFRaFUfLjo,15.0,973321,18.00500420729237,27.423766840140136
2024-07,CNFRaFUfLjo,10.0,973321,17.24365648478392,27.909470075888017
2024-08,CNFRaFUfLjo,38.0,973321,13.760470253936443,27.7081361355586
2024-09,CNFRaFUfLjo,46.0,973321,16.06771477737361,28.051372932923343
2024-10,CNFRaFUfLjo,43.0,973321,2.070033105485685,25.166307620286474
2024-11,CNFRaFUfLjo,31.0,973321,0.0763406340397445,21.695303051450807
2024-12,CNFRaFUfLjo,1.0,973321,0.0338176639535432,17.629571104531326
2016-01,D51gR5DC5vt,,117171,1.5732243955550025,-2.7011418439394825
2016-02,D51gR5DC5vt,,117171,1.4217303802803936,1.160943137816369
2016-03,D51gR5DC5vt,,117171,3.1946564645819,3.441354012085874
2016-04,D51gR5DC5vt,,117171,2.417151486327668,8.225934437255718
2016-05,D51gR5DC5vt,,117171,4.703491165337497,9.924162058747282
2016-06,D51gR5DC5vt,,117171,6.799632736692617,13.256883654159594
2016-07,D51gR5DC5vt,,117171,14.73024842866715,13.86019268028587
2016-08,D51gR5DC5vt,,117171,9.696952238707338,13.549972997944108
2016-09,D51gR5DC5vt,,117171,5.247404998359288,12.494760292178102
2016-10,D51gR5DC5vt,,117171,1.5617461939003368,8.999917127335094
2016-11,D51gR5DC5vt,,117171,0.1017588787508942,6.0916944793956604
2016-12,D51gR5DC5vt,,117171,0.523725523758857,4.83350603919267
2017-01,D51gR5DC5vt,,117171,2.172846328919893,-4.471918838767657
2017-02,D51gR5DC5vt,,117171,0.8429418376536213,0.8862191893788087
2017-03,D51gR5DC5vt,,117171,2.560963935011072,1.728411432979094
2017-04,D51gR5DC5vt,,117171,3.640436618550628,7.4986404281475645
2017-05,D51gR5DC5vt,,117171,6.463011947099882,9.275819093340964
2017-06,D51gR5DC5vt,,117171,7.560618357754799,12.71851155116333
2017-07,D51gR5DC5vt,,117171,15.53240788483301,13.75007496782688
2017-08,D51gR5DC5vt,,117171,10.06937345134005,13.79162991671766
2017-09,D51gR5DC5vt,,117171,4.932398326046934,12.34222422321281
2017-10,D51gR5DC5vt,,117171,1.3217270388480804,9.017688034848934
2017-11,D51gR5DC5vt,,117171,0.6651779820864518,4.145937906966029
2017-12,D51gR5DC5vt,,117171,0.7982034211735225,2.200991771963129
2018-01,D51gR5DC5vt,,117171,0.518640429425074,1.2880618036549905
2018-02,D51gR5DC5vt,,117171,1.770954257927985,0.4400012338682182
2018-03,D51gR5DC5vt,,117171,3.205792505968659,2.8664460497115787
2018-04,D51gR5DC5vt,,117171,3.738284230065147,6.758004800351072
2018-05,D51gR5DC5vt,,117171,3.125121511327229,10.309306984371377
2018-06,D51gR5DC5vt,,117171,6.499550360441443,13.382176892915862
2018-07,D51gR5DC5vt,,117171,15.903826152348882,14.221665158701285
2018-08,D51gR5DC5vt,,117171,14.260872948627307,13.65983795431461
2018-09,D51gR5DC5vt,,117171,5.026732001321129,11.830047896933907
2018-10,D51gR5DC5vt,,117171,1.082209601528949,6.514093559189242
2018-11,D51gR5DC5vt,,117171,0.4854466995022505,4.980863133918901
2018-12,D51gR5DC5vt,,117171,0.9387656261571836,-1.5238470241038804
2019-01,D51gR5DC5vt,,117171,4.02405120614592,-4.804891580210633
2019-02,D51gR5DC5vt,,117171,7.273405970359093,-2.680680352272046
2019-03,D51gR5DC5vt,,117171,1.7517859162141864,0.8320844982303961
2019-04,D51gR5DC5vt,,117171,2.255797610222244,5.953362886693375
2019-05,D51gR5DC5vt,,117171,3.760007618636488,9.524842607322686
2019-06,D51gR5DC5vt,,117171,5.026007705063964,12.892540072752611
2019-07,D51gR5DC5vt,,117171,13.280021347657838,13.762745747033744
2019-08,D51gR5DC5vt,,117171,12.053377694536664,13.811022744755435
2019-09,D51gR5DC5vt,,117171,8.794112896395381,12.346271551509057
2019-10,D51gR5DC5vt,,117171,1.9028067747594613,7.971890623554872
2019-11,D51gR5DC5vt,,117171,1.2153464817153763,5.242702997481108
2019-12,D51gR5DC5vt,,117171,2.202807125311672,-3.606546427337107
2020-01,D51gR5DC5vt,,117171,4.677891235243801,-5.193425420486166
2020-02,D51gR5DC5vt,,117171,1.3122311939648508,-2.7691982168505334
2020-03,D51gR5DC5vt,,117171,3.376493959806428,0.6139736650766047
2020-04,D51gR5DC5vt,,117171,3.752221974815955,4.1787901819417055
2020-05,D51gR5DC5vt,,117171,5.056206474579789,8.865987333476168
2020-06,D51gR5DC5vt,,117171,10.580563159468442,12.13177431876469
2020-07,D51gR5DC5vt,,117171,12.415142834922907,13.889847948496314
2020-08,D51gR5DC5vt,,117171,12.792861460968728,14.20717858345529
2020-09,D51gR5DC5vt,,117171,5.852157681581131,12.92501569212964
2020-10,D51gR5DC5vt,,117171,0.6069139778394752,9.841309203274426
2020-11,D51gR5DC5vt,,117171,1.404628098166036,2.5448909447238464
2020-12,D51gR5DC5vt,,117171,0.0678232842544516,1.462195573357686
2021-01,D51gR5DC5vt,,117171,0.6574478924872286,1.1327852972405852
2021-02,D51gR5DC5vt,,117171,1.3565995478164383,0.4815261424525432
2021-03,D51gR5DC5vt,,117171,2.425097686544547,3.661138506462936
2021-04,D51gR5DC5vt,,117171,5.309156812285598,4.774238483888217
2021-05,D51gR5DC5vt,,117171,8.632800916519427,8.93340084023387
2021-06,D51gR5DC5vt,,117171,14.670792663153104,12.12947880432675
2021-07,D51gR5DC5vt,,117171,11.788497305153486,13.909811100927538
2021-08,D51gR5DC5vt,,117171,12.207903952466593,13.614502457003464
2021-09,D51gR5DC5vt,,117171,8.263914498552477,12.399811474580554
2021-10,D51gR5DC5vt,,117171,5.9008195343437775,9.0195668948054
2021-11,D51gR5DC5vt,,117171,0.3139866823369205,5.031732932285879
2021-12,D51gR5DC5vt,,117171,2.7331029762898056,-2.5666339434855896
2022-01,D51gR5DC5vt,1.0,117171,1.871432092354195,-5.4661080095392
2022-02,D51gR5DC5vt,0.0,117171,2.898917943809842,-4.423692089472867
2022-03,D51gR5DC5vt,0.0,117171,0.4432083975284926,4.399420065981438
2022-04,D51gR5DC5vt,0.0,117171,2.5237518719067027,9.231378217415484
2022-05,D51gR5DC5vt,0.0,117171,5.298877935333627,10.179384846018204
2022-06,D51gR5DC5vt,0.0,117171,4.745954245338109,13.323499757618476
2022-07,D51gR5DC5vt,6.0,117171,11.973019484914731,14.043498659434247
2022-08,D51gR5DC5vt,6.0,117171,10.2535832996487,13.83198530470326
2022-09,D51gR5DC5vt,10.0,117171,5.519162866957227,11.769713644940724
2022-10,D51gR5DC5vt,4.0,117171,5.884530865328133,6.574788011757141
2022-11,D51gR5DC5vt,1.0,117171,0.3390312358473238,4.157772586457539
2022-12,D51gR5DC5vt,3.0,117171,0.0164250838656703,2.580989947908391
2023-01,D51gR5DC5vt,0.0,117171,1.0698433064980175,-1.2149028479685509
2023-02,D51gR5DC5vt,0.0,117171,0.2158355155750705,1.4610085992300257
2023-03,D51gR5DC5vt,0.0,117171,2.589527237760121,1.7135225703432462
2023-04,D51gR5DC5vt,0.0,117171,3.1181380872553066,4.342796773813738
2023-05,D51gR5DC5vt,0.0,117171,3.1995105669721715,7.262683144908948
2023-06,D51gR5DC5vt,0.0,117171,4.366792038625801,11.945910138317831
2023-07,D51gR5DC5vt,2.0,117171,7.373246734750144,13.926209832637632
2023-08,D51gR5DC5vt,0.0,117171,6.594771063128377,13.698510207184
2023-09,D51gR5DC5vt,0.0,117171,3.771425944225064,12.623902450004412
2023-10,D51gR5DC5vt,0.0,117171,1.933703444613202,6.862073123935207
2023-11,D51gR5DC5vt,0.0,117171,0.7061973803096762,3.9016872944716
2023-12,D51gR5DC5vt,1.0,117171,0.5298934463885353,0.2721345543657716
2024-01,D51gR5DC5vt,0.0,117171,0.3500812302812559,-0.8205427892637627
2024-02,D51gR5DC5vt,0.0,117171,1.468014158996528,-2.414679487625626
2024-03,D51gR5DC5vt,0.0,117171,2.817198977547488,2.0695666739640743
2024-04,D51gR5DC5vt,0.0,117171,3.7072598883885712,6.47875997652215
2024-05,D51gR5DC5vt,0.0,117171,4.054731049829308,10.541996582666306
2024-06,D51gR5DC5vt,0.0,117171,5.439988710262555,14.07362936347248
2024-07,D51gR5DC5vt,0.0,117171,14.731939676380222,14.64924960858272
2024-08,D51gR5DC5vt,2.0,117171,12.946539491458454,13.857094981111588
2024-09,D51gR5DC5vt,4.0,117171,10.734981049475836,12.74107096014297
2024-10,D51gR5DC5vt,6.0,117171,1.192172135991424,8.887712108945484
2024-11,D51gR5DC5vt,2.0,117171,0.4901568659670409,5.599409068500768
2024-12,D51gR5DC5vt,0.0,117171,0.6589247872182975,1.4526081901276209
2016-01,DLyaDAF00hm,3.0,697089,0.1679774407438441,16.685490574755484
2016-02,DLyaDAF00hm,,697089,0.07330461134245,21.15921871966778
2016-03,DLyaDAF00hm,,697089,0.8537869505914866,26.29106976298456
2016-04,DLyaDAF00hm,,697089,0.1297072793119327,31.51103253607011
2016-05,DLyaDAF00hm,,697089,6.082752766559705,28.340280157790712
2016-06,DLyaDAF00hm,,697089,9.44715815487511,28.78732381274109
2016-07,DLyaDAF00hm,,697089,11.545237745188563,27.559211020717747
2016-08,DLyaDAF00hm,,697089,7.200584163828829,28.91346482894048
2016-09,DLyaDAF00hm,,697089,14.644776638342716,26.7984821488474
2016-10,DLyaDAF00hm,,697089,2.1808863784645327,25.628463123169315
2016-11,DLyaDAF00hm,,697089,0.0078043727317676,21.739004396350776
2016-12,DLyaDAF00hm,,697089,0.1064710925784217,18.28664756468088
2017-01,DLyaDAF00hm,,697089,0.1090016851240087,16.63511653905008
2017-02,DLyaDAF00hm,,697089,0.0128151881931097,20.210066184825457
2017-03,DLyaDAF00hm,,697089,1.0495486263330152,22.905160190428656
2017-04,DLyaDAF00hm,,697089,1.2629840354472,28.293912552445924
2017-05,DLyaDAF00hm,,697089,3.226270532125662,29.85296436349408
2017-06,DLyaDAF00hm,,697089,5.396060925855643,29.3794667369161
2017-07,DLyaDAF00hm,,697089,11.588547038651408,27.853352971689723
2017-08,DLyaDAF00hm,,697089,15.40700627871336,27.843414750038995
2017-09,DLyaDAF00hm,,697089,5.407840630790334,27.93559301826813
2017-10,DLyaDAF00hm,,697089,1.646447591363019,25.90223077199144
2017-11,DLyaDAF00hm,,697089,0.0062956063983371,21.71313098350523
2017-12,DLyaDAF00hm,,697089,0.0012771100687511,18.87480685124212
2018-01,DLyaDAF00hm,,697089,0.041738882411486,15.502344434562696
2018-02,DLyaDAF00hm,,697089,0.1249896448612819,19.97367227477893
2018-03,DLyaDAF00hm,,697089,0.2677750475443617,25.79635948941225
2018-04,DLyaDAF00hm,,697089,1.5071442188992796,28.29333797720944
2018-05,DLyaDAF00hm,,697089,2.652218775612351,28.98826120971084
2018-06,DLyaDAF00hm,,697089,5.565980734678837,29.98171060585599
2018-07,DLyaDAF00hm,,697089,10.612341977941126,28.57949617670027
2018-08,DLyaDAF00hm,,697089,9.25565445029942,28.2261252379962
2018-09,DLyaDAF00hm,,697089,4.223211326299669,27.816239460707287
2018-10,DLyaDAF00hm,,697089,0.3548659298501944,25.27042198215263
2018-11,DLyaDAF00hm,,697089,0.0136043105676519,22.743766316604333
2018-12,DLyaDAF00hm,,697089,0.0152096503532138,17.886199475732262
2019-01,DLyaDAF00hm,,697089,0.1620519582919698,16.863965001195915
2019-02,DLyaDAF00hm,,697089,1.7360901020949806,19.151214454386068
2019-03,DLyaDAF00hm,,697089,0.4802386726409272,24.074982401891585
2019-04,DLyaDAF00hm,,697089,2.248523265574811,27.823645469485303
2019-05,DLyaDAF00hm,,697089,0.789932312500893,31.25226522933505
2019-06,DLyaDAF00hm,,697089,3.197907410481005,31.512427525541582
2019-07,DLyaDAF00hm,,697089,23.63149175619469,28.547167722994093
2019-08,DLyaDAF00hm,,697089,7.537572949008772,28.94095267978172
2019-09,DLyaDAF00hm,,697089,17.02704076838761,26.897822906524816
2019-10,DLyaDAF00hm,,697089,0.681171081220151,25.07313978585517
2019-11,DLyaDAF00hm,,697089,0.030304100908876,22.93452954386489
2019-12,DLyaDAF00hm,,697089,0.820915320329603,15.987012827267485
2020-01,DLyaDAF00hm,,697089,1.6403505773589873,15.412349224330164
2020-02,DLyaDAF00hm,,697089,0.9373903283871584,18.08465259417673
2020-03,DLyaDAF00hm,,697089,1.0122384394553896,23.51148370495013
2020-04,DLyaDAF00hm,,697089,1.86502415728668,27.679811115262744
2020-05,DLyaDAF00hm,,697089,3.5856494062332875,28.26207735350787
2020-06,DLyaDAF00hm,,697089,10.28619356692896,28.05137320301485
2020-07,DLyaDAF00hm,,697089,22.270772953390946,27.614673577937232
2020-08,DLyaDAF00hm,,697089,7.672316409998332,28.706541468210663
2020-09,DLyaDAF00hm,,697089,11.262446918776591,27.40830923240635
2020-10,DLyaDAF00hm,,697089,0.7768879292364735,26.380305191699907
2020-11,DLyaDAF00hm,,697089,0.0023238368762766,21.168392981613195
2020-12,DLyaDAF00hm,,697089,0.0452148861885282,17.247383477166817
2021-01,DLyaDAF00hm,,697089,0.0119354752224265,16.30672597658884
2021-02,DLyaDAF00hm,,697089,0.0727864682511743,19.94900046112009
2021-03,DLyaDAF00hm,,697089,0.0566246194612002,25.81722583861352
2021-04,DLyaDAF00hm,,697089,0.4718970716083918,29.285841472874942
2021-05,DLyaDAF00hm,,697089,12.190154896860385,27.19782571123936
2021-06,DLyaDAF00hm,,697089,10.511297699845784,28.00054514005144
2021-07,DLyaDAF00hm,,697089,9.23348965962632,28.23340236543086
2021-08,DLyaDAF00hm,,697089,13.237820376953772,27.40590859545142
2021-09,DLyaDAF00hm,,697089,5.530584335588226,27.87478240861843
2021-10,DLyaDAF00hm,,697089,7.601948110327483,25.53614561595576
2021-11,DLyaDAF00hm,,697089,0.0092825910001536,20.03156566345143
2021-12,DLyaDAF00hm,,697089,0.9873318137068772,17.151501179612957
2022-01,DLyaDAF00hm,0.0,697089,0.5442333879117288,15.250829626381734
2022-02,DLyaDAF00hm,0.0,697089,1.324505370177899,16.81530303309592
2022-03,DLyaDAF00hm,0.0,697089,0.0520033353239169,26.09566184079357
2022-04,DLyaDAF00hm,0.0,697089,0.5807524737713311,29.818632545105068
2022-05,DLyaDAF00hm,0.0,697089,2.938854652827776,29.27887313049361
2022-06,DLyaDAF00hm,0.0,697089,8.859703786054249,28.983852460120303
2022-07,DLyaDAF00hm,0.0,697089,6.881986556004629,29.198367788160013
2022-08,DLyaDAF00hm,5.0,697089,9.283761101765098,28.655730037661847
2022-09,DLyaDAF00hm,36.0,697089,4.901315558999458,27.248093299840004
2022-10,DLyaDAF00hm,0.0,697089,1.3722122940812291,24.79954816734099
2022-11,DLyaDAF00hm,16.0,697089,0.0242542131270432,21.299260676903284
2022-12,DLyaDAF00hm,4.0,697089,0.0011042875457992,17.972573248114045
2023-01,DLyaDAF00hm,1.0,697089,0.00952502296716,15.595418410190836
2023-02,DLyaDAF00hm,0.0,697089,0.0053944044414477,20.13682140403336
2023-03,DLyaDAF00hm,0.0,697089,0.7541617598125904,24.157124125518056
2023-04,DLyaDAF00hm,0.0,697089,0.2021411234317979,29.01245951536765
2023-05,DLyaDAF00hm,0.0,697089,0.7581988188106201,30.1646039362044
2023-06,DLyaDAF00hm,0.0,697089,1.769054622106757,32.02503308386303
2023-07,DLyaDAF00hm,5.0,697089,5.013376596947119,29.08553700924193
2023-08,DLyaDAF00hm,10.0,697089,5.0168684180432965,28.49597132390448
2023-09,DLyaDAF00hm,6.0,697089,4.6830753642252025,28.552917060118727
2023-10,DLyaDAF00hm,9.0,697089,1.4030843776573592,25.52063182473701
2023-11,DLyaDAF00hm,5.0,697089,0.0553578894410136,22.591323930865126
2023-12,DLyaDAF00hm,1.0,697089,0.1157925314154461,18.576587006029914
2024-01,DLyaDAF00hm,0.0,697089,0.0562200871103068,15.804454261899632
2024-02,DLyaDAF00hm,0.0,697089,0.1415204658782433,18.536747072165543
2024-03,DLyaDAF00hm,0.0,697089,1.3785258072535171,23.836607736779666
2024-04,DLyaDAF00hm,1.0,697089,0.008938625369384,30.825514651121267
2024-05,DLyaDAF00hm,0.0,697089,2.9661311356118167,30.45129731367464
2024-06,DLyaDAF00hm,0.0,697089,4.8419478859056255,30.538824905725573
2024-07,DLyaDAF00hm,0.0,697089,19.35322958288357,29.081330084922065
2024-08,DLyaDAF00hm,0.0,697089,7.598760671680239,28.50830814283808
2024-09,DLyaDAF00hm,9.0,697089,12.890161284519582,28.59400136353474
2024-10,DLyaDAF00hm,9.0,697089,1.0606125144400498,26.226146692865115
2024-11,DLyaDAF00hm,4.0,697089,0.0742470098781914,22.5258752385182
2024-12,DLyaDAF00hm,0.0,697089,0.0313942093378299,17.50217290756781
2016-01,EXKX4gJ9D6Y,24.0,854768,0.1627109471740358,16.297548243136024
2016-02,EXKX4gJ9D6Y,,854768,0.1369016318096687,20.65299047028856
2016-03,EXKX4gJ9D6Y,,854768,1.233745859711899,25.60431727700059
2016-04,EXKX4gJ9D6Y,,854768,0.1409986448448825,30.848449604312325
2016-05,EXKX4gJ9D6Y,,854768,6.106219854040615,28.11523225881861
2016-06,EXKX4gJ9D6Y,,854768,6.71681138299802,28.627118396387843
2016-07,EXKX4gJ9D6Y,,854768,11.764322598526002,27.300273472639848
2016-08,EXKX4gJ9D6Y,,854768,7.293105613450448,28.64363185863701
2016-09,EXKX4gJ9D6Y,,854768,13.890983959845924,26.56989846463058
2016-10,EXKX4gJ9D6Y,,854768,1.6165028970383069,25.378864360005352
2016-11,EXKX4gJ9D6Y,,854768,0.0083777498863532,21.61944112535953
2016-12,EXKX4gJ9D6Y,,854768,0.0661888817949245,18.150904933152443
2017-01,EXKX4gJ9D6Y,,854768,0.1591959452990554,16.415184841253485
2017-02,EXKX4gJ9D6Y,,854768,0.0268448943846428,19.924271845405443
2017-03,EXKX4gJ9D6Y,,854768,0.9253420103381912,22.52828645807707
2017-04,EXKX4gJ9D6Y,,854768,1.2235499559298368,27.99723408460581
2017-05,EXKX4gJ9D6Y,,854768,4.703366111178594,29.553658993111632
2017-06,EXKX4gJ9D6Y,,854768,4.520029636853178,29.16596287821005
2017-07,EXKX4gJ9D6Y,,854768,13.509583698383825,27.61407552001088
2017-08,EXKX4gJ9D6Y,,854768,17.00159580279553,27.54872592824936
2017-09,EXKX4gJ9D6Y,,854768,4.744799260976005,27.645956280944173
2017-10,EXKX4gJ9D6Y,,854768,0.7515897216053833,25.72611543111552
2017-11,EXKX4gJ9D6Y,,854768,0.0054985207585256,21.550926675057816
2017-12,EXKX4gJ9D6Y,,854768,0.0021997888647221,18.602128459479665
2018-01,EXKX4gJ9D6Y,,854768,0.047636243938799,15.23265521711772
2018-02,EXKX4gJ9D6Y,,854768,0.0887316286628256,19.612451618046848
2018-03,EXKX4gJ9D6Y,,854768,0.1849561880443833,25.367085259237925
2018-04,EXKX4gJ9D6Y,,854768,1.3750067645858943,28.20524476099887
2018-05,EXKX4gJ9D6Y,,854768,2.736446541072761,28.911016010311847
2018-06,EXKX4gJ9D6Y,,854768,5.799460114121566,29.707546435010315
2018-07,EXKX4gJ9D6Y,,854768,12.142370017871915,28.282783512057765
2018-08,EXKX4gJ9D6Y,,854768,9.093259632789245,27.928445906998675
2018-09,EXKX4gJ9D6Y,,854768,3.586964322682017,27.51819076437637
2018-10,EXKX4gJ9D6Y,,854768,0.237987059900789,24.748016995100823
2018-11,EXKX4gJ9D6Y,,854768,0.0084432936193072,22.071304743339063
2018-12,EXKX4gJ9D6Y,,854768,0.0259512395365911,17.331305775149175
2019-01,EXKX4gJ9D6Y,,854768,0.2294557175279274,16.358998897470983
2019-02,EXKX4gJ9D6Y,,854768,1.951592717166011,18.57135100791528
2019-03,EXKX4gJ9D6Y,,854768,0.3228563107271179,23.31113161656111
2019-04,EXKX4gJ9D6Y,,854768,2.4144544027423307,27.408520691455813
2019-05,EXKX4gJ9D6Y,,854768,0.8029582059917015,31.02868624433116
2019-06,EXKX4gJ9D6Y,,854768,2.8163098326680034,31.52941039998377
2019-07,EXKX4gJ9D6Y,,854768,26.34226082215413,28.29714008179724
2019-08,EXKX4gJ9D6Y,,854768,6.254503569397888,28.72153646906865
2019-09,EXKX4gJ9D6Y,,854768,14.802384449884222,26.66193157184655
2019-10,EXKX4gJ9D6Y,,854768,0.5904683925037673,24.76780312128772
2019-11,EXKX4gJ9D6Y,,854768,0.0303648804984266,22.619526241794897
2019-12,EXKX4gJ9D6Y,,854768,0.8046541625967393,15.70280907026252
2020-01,EXKX4gJ9D6Y,,854768,1.6166094595431637,15.10957589233128
2020-02,EXKX4gJ9D6Y,,854768,0.9507806986534484,17.80644732260189
2020-03,EXKX4gJ9D6Y,,854768,0.6862030514092177,23.134447018273487
2020-04,EXKX4gJ9D6Y,,854768,1.8336700577932483,27.201271812832736
2020-05,EXKX4gJ9D6Y,,854768,2.653086268672028,28.29428362769101
2020-06,EXKX4gJ9D6Y,,854768,10.643595113354849,27.84268971651656
2020-07,EXKX4gJ9D6Y,,854768,27.07229544444684,27.369948876758684
2020-08,EXKX4gJ9D6Y,,854768,7.5383631817464,28.473063601114944
2020-09,EXKX4gJ9D6Y,,854768,10.013898757972768,27.219570236640106
2020-10,EXKX4gJ9D6Y,,854768,0.4346646370946238,26.058411100584458
2020-11,EXKX4gJ9D6Y,,854768,0.0052483927818044,20.83248669188233
2020-12,EXKX4gJ9D6Y,,854768,0.0194552652019212,16.933925710969852
2021-01,EXKX4gJ9D6Y,,854768,0.0364897577865839,16.085833509261402
2021-02,EXKX4gJ9D6Y,,854768,0.074978149630627,19.51148451228538
2021-03,EXKX4gJ9D6Y,,854768,0.0590322787855913,25.186434737916485
2021-04,EXKX4gJ9D6Y,,854768,0.3496175234117669,28.86940984377826
2021-05,EXKX4gJ9D6Y,,854768,12.709261998284468,26.872703685779584
2021-06,EXKX4gJ9D6Y,,854768,11.01000158537308,27.735322078702385
2021-07,EXKX4gJ9D6Y,,854768,9.806174908212382,27.951222724354043
2021-08,EXKX4gJ9D6Y,,854768,15.620191640691502,27.13804605569856
2021-09,EXKX4gJ9D6Y,,854768,5.6662590108761,27.592809015171884
2021-10,EXKX4gJ9D6Y,,854768,6.711261601126303,25.26685301945166
2021-11,EXKX4gJ9D6Y,,854768,0.0101414630091115,19.72116499730554
2021-12,EXKX4gJ9D6Y,,854768,0.8534234231561291,16.84360758929225
2022-01,EXKX4gJ9D6Y,0.0,854768,0.5229426768583719,15.037733656489603
2022-02,EXKX4gJ9D6Y,0.0,854768,1.606899066502124,16.444243061206404
2022-03,EXKX4gJ9D6Y,0.0,854768,0.040710576060385,25.728102001190404
2022-04,EXKX4gJ9D6Y,0.0,854768,0.5430806771925152,29.4901558911131
2022-05,EXKX4gJ9D6Y,2.0,854768,2.168626777753241,29.3905897830532
2022-06,EXKX4gJ9D6Y,1.0,854768,9.575489098845226,28.967680684653622
2022-07,EXKX4gJ9D6Y,1.0,854768,7.455468611751984,28.90734388633523
2022-08,EXKX4gJ9D6Y,19.0,854768,9.516949110227468,28.40764115935739
2022-09,EXKX4gJ9D6Y,63.0,854768,5.425029251866087,26.998060015198995
2022-10,EXKX4gJ9D6Y,37.0,854768,1.293895101283555,24.524537921585992
2022-11,EXKX4gJ9D6Y,30.0,854768,0.023616613876023,20.972679366938635
2022-12,EXKX4gJ9D6Y,1.0,854768,0.005987871242185,17.726655070397705
2023-01,EXKX4gJ9D6Y,0.0,854768,0.010276959999015,15.397838928174048
2023-02,EXKX4gJ9D6Y,1.0,854768,0.0067128345204549,19.72441515933952
2023-03,EXKX4gJ9D6Y,0.0,854768,0.7537212770557553,23.73066680926909
2023-04,EXKX4gJ9D6Y,1.0,854768,0.2933175101526012,28.26456720511773
2023-05,EXKX4gJ9D6Y,1.0,854768,0.7532750601869536,29.67467981377396
2023-06,EXKX4gJ9D6Y,1.0,854768,1.6441899110373066,31.846419306105105
2023-07,EXKX4gJ9D6Y,0.0,854768,4.621306458472394,28.85844332611181
2023-08,EXKX4gJ9D6Y,34.0,854768,5.515234663651112,28.260656389341047
2023-09,EXKX4gJ9D6Y,3.0,854768,3.236239308350482,28.39498683683165
2023-10,EXKX4gJ9D6Y,27.0,854768,1.345601318444941,25.20083723683884
2023-11,EXKX4gJ9D6Y,2.0,854768,0.0468959344130919,22.19543974524937
2023-12,EXKX4gJ9D6Y,4.0,854768,0.0800591578191976,18.294291372169795
2024-01,EXKX4gJ9D6Y,0.0,854768,0.0212472283733773,15.537143480025376
2024-02,EXKX4gJ9D6Y,0.0,854768,0.1263836405073293,18.06225523097432
2024-03,EXKX4gJ9D6Y,0.0,854768,1.13888239935747,23.29924042712648
2024-04,EXKX4gJ9D6Y,0.0,854768,0.0082933241892885,30.12296978711464
2024-05,EXKX4gJ9D6Y,0.0,854768,2.0094865849270285,30.361293478454428
2024-06,EXKX4gJ9D6Y,2.0,854768,5.189230556247804,30.503702160094
2024-07,EXKX4gJ9D6Y,1.0,854768,17.35597697762761,28.83020997543538
2024-08,EXKX4gJ9D6Y,11.0,854768,8.08590885580306,28.252294543667567
2024-09,EXKX4gJ9D6Y,27.0,854768,14.528204724580972,28.355379855328323
2024-10,EXKX4gJ9D6Y,26.0,854768,1.4790454199313583,25.89536007449772
2024-11,EXKX4gJ9D6Y,15.0,854768,0.1336148663247049,22.149845359031325
2024-12,EXKX4gJ9D6Y,1.0,854768,0.0322899929495173,17.2168136403173
2016-01,F5xI4hl77mT,164.0,1101158,0.2045832144956859,15.674713572426905
2016-02,F5xI4hl77mT,,1101158,0.1535389845157145,19.71129371072018
2016-03,F5xI4hl77mT,,1101158,0.5795980732250369,24.865724037117328
2016-04,F5xI4hl77mT,,1101158,0.0400941861150961,31.17526394216401
2016-05,F5xI4hl77mT,,1101158,2.267661471783716,29.460561337359028
2016-06,F5xI4hl77mT,,1101158,7.936799542242196,29.40170780989612
2016-07,F5xI4hl77mT,,1101158,25.235544720531223,27.44058898488615
2016-08,F5xI4hl77mT,,1101158,5.829042462830434,28.62022733677869
2016-09,F5xI4hl77mT,,1101158,6.275163489408377,26.74942227384464
2016-10,F5xI4hl77mT,,1101158,2.036861561304574,25.20989546701407
2016-11,F5xI4hl77mT,,1101158,0.0654649727125275,21.01687323783024
2016-12,F5xI4hl77mT,,1101158,0.0934845269084693,17.41076793110713
2017-01,F5xI4hl77mT,,1101158,0.2772422710280259,15.848106760095982
2017-02,F5xI4hl77mT,,1101158,0.0503237875263769,19.444913433328374
2017-03,F5xI4hl77mT,,1101158,0.5923103593777614,22.59957412958663
2017-04,F5xI4hl77mT,,1101158,1.0905539588189253,28.53950237286105
2017-05,F5xI4hl77mT,,1101158,2.811570098486841,29.43614175107276
2017-06,F5xI4hl77mT,,1101158,6.634789700071236,29.44411499256591
2017-07,F5xI4hl77mT,,1101158,13.142658740217191,27.86755853267017
2017-08,F5xI4hl77mT,,1101158,20.551540228771923,27.58693506502537
2017-09,F5xI4hl77mT,,1101158,5.246644601636719,27.694754166833
2017-10,F5xI4hl77mT,,1101158,0.6500896249367082,25.53472873540301
2017-11,F5xI4hl77mT,,1101158,0.0222126164755015,21.21589809188229
2017-12,F5xI4hl77mT,,1101158,0.0056482968667425,17.93168127823789
2018-01,F5xI4hl77mT,,1101158,0.1040856135109887,14.100577646374658
2018-02,F5xI4hl77mT,,1101158,0.0672024559535375,19.043929177081136
2018-03,F5xI4hl77mT,,1101158,0.1131431057290795,24.60651862466821
2018-04,F5xI4hl77mT,,1101158,0.9771453701313624,28.03395576899998
2018-05,F5xI4hl77mT,,1101158,1.811514762469656,29.33870272743575
2018-06,F5xI4hl77mT,,1101158,3.6057232529990095,30.874306387853707
2018-07,F5xI4hl77mT,,1101158,15.515844493836788,28.344507830670587
2018-08,F5xI4hl77mT,,1101158,15.140175616798498,27.898454155794607
2018-09,F5xI4hl77mT,,1101158,3.928546133115803,27.48875269957008
2018-10,F5xI4hl77mT,,1101158,0.161561190163888,24.37834023205345
2018-11,F5xI4hl77mT,,1101158,0.0130041347331618,21.37451070314161
2018-12,F5xI4hl77mT,,1101158,0.0167072775770382,16.777391684198935
2019-01,F5xI4hl77mT,,1101158,0.8682062708852758,15.62958748178528
2019-02,F5xI4hl77mT,,1101158,2.204772454290596,17.517362274542563
2019-03,F5xI4hl77mT,,1101158,0.1917609742732083,22.204438256486394
2019-04,F5xI4hl77mT,,1101158,0.9967469926451936,27.560250757492536
2019-05,F5xI4hl77mT,,1101158,0.3043113889386223,31.24094841209648
2019-06,F5xI4hl77mT,,1101158,4.2087143492861285,31.469545032236297
2019-07,F5xI4hl77mT,,1101158,17.086460516723957,28.402956641438585
2019-08,F5xI4hl77mT,,1101158,7.94759929012931,28.683983895418404
2019-09,F5xI4hl77mT,,1101158,17.467465900649838,26.66897307339795
2019-10,F5xI4hl77mT,,1101158,0.6270826210151592,24.624960551248577
2019-11,F5xI4hl77mT,,1101158,0.1315729144536327,22.27222628442307
2019-12,F5xI4hl77mT,,1101158,0.6776281420081273,15.40327049784862
2020-01,F5xI4hl77mT,,1101158,2.896220496473253,14.399083410085586
2020-02,F5xI4hl77mT,,1101158,0.8350796282931837,16.94240989533749
2020-03,F5xI4hl77mT,,1101158,1.2290654305089297,21.867903366439656
2020-04,F5xI4hl77mT,,1101158,1.012912727387273,26.542249370041684
2020-05,F5xI4hl77mT,,1101158,1.2769914704593888,28.991105217735846
2020-06,F5xI4hl77mT,,1101158,13.601576963728553,27.71091234247672
2020-07,F5xI4hl77mT,,1101158,25.422613917822595,27.433752541805788
2020-08,F5xI4hl77mT,,1101158,7.406875871226461,28.420997695705303
2020-09,F5xI4hl77mT,,1101158,13.485114677214698,27.23047035135789
2020-10,F5xI4hl77mT,,1101158,0.2432393849967909,26.03713220813376
2020-11,F5xI4hl77mT,,1101158,0.0187862751691719,20.700352369991048
2020-12,F5xI4hl77mT,,1101158,0.0113600472683015,16.72801913434193
2021-01,F5xI4hl77mT,,1101158,0.0722672241740582,15.49054087050872
2021-02,F5xI4hl77mT,,1101158,0.0764636137041573,18.98251242710217
2021-03,F5xI4hl77mT,,1101158,0.0752272119323553,24.46654503201957
2021-04,F5xI4hl77mT,,1101158,0.1860403231355275,28.12122898316516
2021-05,F5xI4hl77mT,,1101158,12.987819184968709,26.783774291692104
2021-06,F5xI4hl77mT,,1101158,16.44936388355419,27.765842016470707
2021-07,F5xI4hl77mT,,1101158,10.602339951141472,28.019374616557545
2021-08,F5xI4hl77mT,,1101158,15.78465989678538,27.13440124134
2021-09,F5xI4hl77mT,,1101158,8.565619124702435,27.347024667802355
2021-10,F5xI4hl77mT,,1101158,4.692496507759074,25.271697808661006
2021-11,F5xI4hl77mT,,1101158,0.0240684075646919,19.9413839933396
2021-12,F5xI4hl77mT,,1101158,0.9823884373966132,16.46029788945982
2022-01,F5xI4hl77mT,1.0,1101158,0.6244284737514204,14.328358815489173
2022-02,F5xI4hl77mT,0.0,1101158,1.3590604531185988,15.857906411355176
2022-03,F5xI4hl77mT,2.0,1101158,0.0429339174166319,24.76730584507258
2022-04,F5xI4hl77mT,1.0,1101158,0.3248540260609742,29.074648283621578
2022-05,F5xI4hl77mT,0.0,1101158,1.267886284917507,29.300181551942043
2022-06,F5xI4hl77mT,7.0,1101158,11.128744012917338,30.138349926929585
2022-07,F5xI4hl77mT,109.0,1101158,10.3070311847976,28.961863510277293
2022-08,F5xI4hl77mT,315.0,1101158,6.419466080595596,28.568255037579885
2022-09,F5xI4hl77mT,374.0,1101158,5.242104227802309,26.96298609635676
2022-10,F5xI4hl77mT,370.0,1101158,2.9138038967845654,24.19835543391237
2022-11,F5xI4hl77mT,20.0,1101158,0.082571445222941,20.803026832298706
2022-12,F5xI4hl77mT,16.0,1101158,0.0713087285732236,17.204856308454236
2023-01,F5xI4hl77mT,7.0,1101158,0.0160693800862242,15.008537843721674
2023-02,F5xI4hl77mT,6.0,1101158,0.0280586428077336,18.99132548100279
2023-03,F5xI4hl77mT,4.0,1101158,0.2941390728191982,23.45636511056495
2023-04,F5xI4hl77mT,3.0,1101158,0.1993217909722529,28.34832207998342
2023-05,F5xI4hl77mT,0.0,1101158,0.4986533095459874,29.78971323935985
2023-06,F5xI4hl77mT,6.0,1101158,2.190980316210195,32.45591329380324
2023-07,F5xI4hl77mT,19.0,1101158,6.208562544755021,28.91538414458952
2023-08,F5xI4hl77mT,47.0,1101158,3.3277236148224083,28.35493285322361
2023-09,F5xI4hl77mT,73.0,1101158,2.7436668293989404,28.53786879694464
2023-10,F5xI4hl77mT,101.0,1101158,1.1299396755638842,25.038696162794466
2023-11,F5xI4hl77mT,21.0,1101158,0.0365631376609445,21.97194978188968
2023-12,F5xI4hl77mT,6.0,1101158,0.005288612036139,17.837223095413165
2024-01,F5xI4hl77mT,3.0,1101158,0.021578320866674,14.715847175027529
2024-02,F5xI4hl77mT,8.0,1101158,0.0705147204087265,17.48561562111913
2024-03,F5xI4hl77mT,6.0,1101158,0.1827651886174772,23.16620633968249
2024-04,F5xI4hl77mT,9.0,1101158,0.002806014193388,30.45955426851549
2024-05,F5xI4hl77mT,2.0,1101158,1.3533021959840226,31.13403084726524
2024-06,F5xI4hl77mT,2.0,1101158,5.057956953703711,31.81348964175461
2024-07,F5xI4hl77mT,12.0,1101158,17.45258477300421,28.851544807776435
2024-08,F5xI4hl77mT,28.0,1101158,10.683191708162518,28.206996023961192
2024-09,F5xI4hl77mT,81.0,1101158,16.39910431992199,28.020007829428856
2024-10,F5xI4hl77mT,46.0,1101158,0.895386243193552,25.73399962391761
2024-11,F5xI4hl77mT,51.0,1101158,0.2611946546423302,21.843426373145927
2024-12,F5xI4hl77mT,0.0,1101158,0.0522572118727484,16.335210509562344
2016-01,Fh294RrB7an,7.0,644539,0.1222433827849932,15.97390142105001
2016-02,Fh294RrB7an,,644539,0.1406340459423542,20.35721660076168
2016-03,Fh294RrB7an,,644539,1.2670702267455765,25.10095656861477
2016-04,Fh294RrB7an,,644539,0.1004143087248658,30.764176199182952
2016-05,Fh294RrB7an,,644539,6.436485058884362,28.05937828529761
2016-06,Fh294RrB7an,,644539,5.356111113285403,28.42818717330918
2016-07,Fh294RrB7an,,644539,13.535137125559316,26.91272292356916
2016-08,Fh294RrB7an,,644539,7.121831763771891,28.25945190083173
2016-09,Fh294RrB7an,,644539,11.435849761906008,26.20233713180341
2016-10,Fh294RrB7an,,644539,1.721151775029228,25.00656240745404
2016-11,Fh294RrB7an,,644539,0.0088994656650292,21.1402744447848
2016-12,Fh294RrB7an,,644539,0.0734205647186009,17.56514204844265
2017-01,Fh294RrB7an,,644539,0.1028732995193957,16.09950451798625
2017-02,Fh294RrB7an,,644539,0.0506360121821038,19.69910330698444
2017-03,Fh294RrB7an,,644539,1.382164623257891,22.268315886211337
2017-04,Fh294RrB7an,,644539,1.810352235281896,27.41489152799021
2017-05,Fh294RrB7an,,644539,7.17015562460726,28.558935020529265
2017-06,Fh294RrB7an,,644539,4.966113388562886,28.57011260677216
2017-07,Fh294RrB7an,,644539,10.525687914840988,27.182845699449768
2017-08,Fh294RrB7an,,644539,19.25416339671712,27.15137121544092
2017-09,Fh294RrB7an,,644539,5.153908535537057,27.2823930192834
2017-10,Fh294RrB7an,,644539,0.7016852172310502,25.471066567033148
2017-11,Fh294RrB7an,,644539,0.0090565714596405,21.2295118762764
2017-12,Fh294RrB7an,,644539,0.001804880266172,18.133416487406453
2018-01,Fh294RrB7an,,644539,0.1036336755900102,14.73562481664386
2018-02,Fh294RrB7an,,644539,0.086944711673625,19.325970880934268
2018-03,Fh294RrB7an,,644539,0.1640723157399371,24.822517763035563
2018-04,Fh294RrB7an,,644539,1.964475643482433,27.95171130432696
2018-05,Fh294RrB7an,,644539,3.153874529995413,28.42655878723508
2018-06,Fh294RrB7an,,644539,5.844681376435001,29.39579762461444
2018-07,Fh294RrB7an,,644539,15.896415779810852,27.86408643937669
2018-08,Fh294RrB7an,,644539,10.01283717423143,27.52615064067294
2018-09,Fh294RrB7an,,644539,4.669968040186095,27.05075486329495
2018-10,Fh294RrB7an,,644539,0.3347888379668658,24.019190576421444
2018-11,Fh294RrB7an,,644539,0.0206654656136873,21.25524538332132
2018-12,Fh294RrB7an,,644539,0.0183775152491213,16.64438200643019
2019-01,Fh294RrB7an,,644539,0.3941112094729295,15.917397382341257
2019-02,Fh294RrB7an,,644539,1.8885921173753089,17.938382951639195
2019-03,Fh294RrB7an,,644539,0.2766997267068555,22.6810811710754
2019-04,Fh294RrB7an,,644539,2.1786148973830715,27.025845911164573
2019-05,Fh294RrB7an,,644539,0.6662467932095884,30.826498841524657
2019-06,Fh294RrB7an,,644539,3.27199844701101,31.20953923890704
2019-07,Fh294RrB7an,,644539,18.60334511745835,27.80255804091949
2019-08,Fh294RrB7an,,644539,7.035341304573714,28.33191093843247
2019-09,Fh294RrB7an,,644539,13.224750995172553,26.20140633194724
2019-10,Fh294RrB7an,,644539,0.8624197714577662,24.31842862178684
2019-11,Fh294RrB7an,,644539,0.1663408277508736,22.02037839277649
2019-12,Fh294RrB7an,,644539,0.8429212435327728,15.18225304634864
2020-01,Fh294RrB7an,,644539,2.0948370809249903,14.521758400269942
2020-02,Fh294RrB7an,,644539,1.3993086831014152,17.191731418393196
2020-03,Fh294RrB7an,,644539,0.9394302976816492,22.271277579494857
2020-04,Fh294RrB7an,,644539,2.381122069898957,26.37669844691732
2020-05,Fh294RrB7an,,644539,2.447739721532696,27.884616113404427
2020-06,Fh294RrB7an,,644539,11.211493899365564,27.17666140254935
2020-07,Fh294RrB7an,,644539,19.914897921143293,26.82217256708519
2020-08,Fh294RrB7an,,644539,6.924981753898521,27.969831373266704
2020-09,Fh294RrB7an,,644539,13.051677773823336,26.81403587593248
2020-10,Fh294RrB7an,,644539,0.4223283895068648,25.673856360691325
2020-11,Fh294RrB7an,,644539,0.0064971164658036,20.43400287823986
2020-12,Fh294RrB7an,,644539,0.010960130552027,16.485873780181773
2021-01,Fh294RrB7an,,644539,0.0363989032062775,15.594627193932432
2021-02,Fh294RrB7an,,644539,0.1265615273589959,19.02098445453796
2021-03,Fh294RrB7an,,644539,0.070322530489203,24.628071101871768
2021-04,Fh294RrB7an,,644539,0.2367279414269051,28.460323063726527
2021-05,Fh294RrB7an,,644539,13.988504185207743,26.14627218021158
2021-06,Fh294RrB7an,,644539,13.416065325260114,27.18726400163656
2021-07,Fh294RrB7an,,644539,12.316319512016626,27.410778783452347
2021-08,Fh294RrB7an,,644539,14.51132033164716,26.621119281813904
2021-09,Fh294RrB7an,,644539,7.181387628506986,27.04186995485288
2021-10,Fh294RrB7an,,644539,7.61637699226373,24.912902185675406
2021-11,Fh294RrB7an,,644539,0.0314941727751767,19.4925720420965
2021-12,Fh294RrB7an,,644539,0.9850262047828108,16.35966267220587
2022-01,Fh294RrB7an,0.0,644539,0.6563017255893545,14.446561900511083
2022-02,Fh294RrB7an,0.0,644539,1.4127484720433394,16.06906203574949
2022-03,Fh294RrB7an,0.0,644539,0.0692599539999835,25.15576112446412
2022-04,Fh294RrB7an,0.0,644539,0.6388305974342178,29.227115479169548
2022-05,Fh294RrB7an,0.0,644539,2.9777912085573304,28.74248153005141
2022-06,Fh294RrB7an,3.0,644539,10.298019430659728,28.72344719980675
2022-07,Fh294RrB7an,1.0,644539,6.917376947952496,28.436902795306104
2022-08,Fh294RrB7an,3.0,644539,7.1466873378936295,28.02201932368514
2022-09,Fh294RrB7an,68.0,644539,3.86085489789372,26.495849456497155
2022-10,Fh294RrB7an,94.0,644539,1.493091376266602,23.97887922503486
2022-11,Fh294RrB7an,37.0,644539,0.0361130620446585,20.455251371665604
2022-12,Fh294RrB7an,8.0,644539,0.0529665638834143,17.086535605712502
2023-01,Fh294RrB7an,1.0,644539,0.0090081939706934,15.13364670705395
2023-02,Fh294RrB7an,0.0,644539,0.0392795325250674,19.33279873204612
2023-03,Fh294RrB7an,0.0,644539,0.7407414577542122,23.40015837334921
2023-04,Fh294RrB7an,0.0,644539,0.2979769642228527,27.947387614085123
2023-05,Fh294RrB7an,0.0,644539,0.7836574085713259,29.43122773292944
2023-06,Fh294RrB7an,1.0,644539,1.7753654892969288,31.76313890000563
2023-07,Fh294RrB7an,4.0,644539,4.723242086889937,28.45624659158302
2023-08,Fh294RrB7an,3.0,644539,5.687182389808791,27.81314854832484
2023-09,Fh294RrB7an,31.0,644539,2.1469127599859954,28.09340519542684
2023-10,Fh294RrB7an,18.0,644539,1.458781751000063,24.75204053674044
2023-11,Fh294RrB7an,2.0,644539,0.1013109236420669,21.73994905374657
2023-12,Fh294RrB7an,0.0,644539,0.0475309238510753,17.792882380142437
2024-01,Fh294RrB7an,2.0,644539,0.0644031507410689,14.968175050814567
2024-02,Fh294RrB7an,1.0,644539,0.1089316389377453,17.62936841551339
2024-03,Fh294RrB7an,0.0,644539,0.6619560844645838,23.067412796117925
2024-04,Fh294RrB7an,1.0,644539,0.0086819364873983,30.195642771122728
2024-05,Fh294RrB7an,1.0,644539,1.952785735973527,30.29978316405377
2024-06,Fh294RrB7an,0.0,644539,5.041986442667184,30.46865330779997
2024-07,Fh294RrB7an,1.0,644539,11.47456825715378,28.354418528042338
2024-08,Fh294RrB7an,14.0,644539,8.5023093153673,27.76639443272444
2024-09,Fh294RrB7an,22.0,644539,17.140533648201206,27.72460855604908
2024-10,Fh294RrB7an,46.0,644539,0.7568697534635802,25.57974279186053
2024-11,Fh294RrB7an,24.0,644539,0.2084218063868253,21.40706921369512
2024-12,Fh294RrB7an,0.0,644539,0.0348721859257064,16.363861457304914
2016-01,GnpIwWbdxdl,,229846,0.8935698233335362,9.325402229765526
2016-02,GnpIwWbdxdl,,229846,1.5402863022520772,12.753714973361587
2016-03,GnpIwWbdxdl,,229846,1.003160816897693,16.623411671051453
2016-04,GnpIwWbdxdl,,229846,0.3755827614878865,21.95232435129372
2016-05,GnpIwWbdxdl,,229846,2.7269504724040234,21.41971815267464
2016-06,GnpIwWbdxdl,,229846,9.924355104946804,22.025098704467485
2016-07,GnpIwWbdxdl,,229846,22.20595297857613,21.52524039267097
2016-08,GnpIwWbdxdl,,229846,9.047700563524652,22.010942058093285
2016-09,GnpIwWbdxdl,,229846,6.725817830350352,20.458552513687017
2016-10,GnpIwWbdxdl,,229846,1.5043697758635195,18.33280553447028
2016-11,GnpIwWbdxdl,,229846,0.1415324346807406,14.689082565451503
2016-12,GnpIwWbdxdl,,229846,0.2878480185019705,12.597867272448132
2017-01,GnpIwWbdxdl,,229846,2.383385960157758,9.019561678351025
2017-02,GnpIwWbdxdl,,229846,0.8545579907248353,13.111702083254828
2017-03,GnpIwWbdxdl,,229846,1.2767893533868384,14.812056965887784
2017-04,GnpIwWbdxdl,,229846,1.7727050111691347,20.030051895003734
2017-05,GnpIwWbdxdl,,229846,2.660597516870896,21.48329714629332
2017-06,GnpIwWbdxdl,,229846,5.255284380180566,22.1629198435315
2017-07,GnpIwWbdxdl,,229846,18.64285173891487,21.59540271697116
2017-08,GnpIwWbdxdl,,229846,15.349518581230855,21.551062018590503
2017-09,GnpIwWbdxdl,,229846,5.395210657108723,20.744164754044498
2017-10,GnpIwWbdxdl,,229846,0.6101365039466362,18.6661730085997
2017-11,GnpIwWbdxdl,,229846,0.2400649764557042,14.55327407307293
2017-12,GnpIwWbdxdl,,229846,0.3138738292689404,12.335110557641
2018-01,GnpIwWbdxdl,,229846,0.5621602602374522,10.309029127631604
2018-02,GnpIwWbdxdl,,229846,1.0087111495367829,13.061773653958424
2018-03,GnpIwWbdxdl,,229846,0.7350638638744414,16.563820073467262
2018-04,GnpIwWbdxdl,,229846,1.934437312373226,19.08250173316572
2018-05,GnpIwWbdxdl,,229846,1.6744155494740365,21.8746154506998
2018-06,GnpIwWbdxdl,,229846,7.038924290463397,22.60287778651097
2018-07,GnpIwWbdxdl,,229846,18.015922362835724,22.04358707918658
2018-08,GnpIwWbdxdl,,229846,21.446826271863635,21.31834984563117
2018-09,GnpIwWbdxdl,,229846,4.834962900077676,20.40483701903101
2018-10,GnpIwWbdxdl,,229846,0.2677075972636641,17.14864033893536
2018-11,GnpIwWbdxdl,,229846,0.3832224788571667,14.226157313574872
2018-12,GnpIwWbdxdl,,229846,0.4621076773603612,9.928813392066353
2019-01,GnpIwWbdxdl,,229846,3.459842764043947,8.355788619083688
2019-02,GnpIwWbdxdl,,229846,5.539822721893795,9.982102954346434
2019-03,GnpIwWbdxdl,,229846,1.404592868248307,13.77454462233056
2019-04,GnpIwWbdxdl,,229846,1.7525021943168326,18.649637580910703
2019-05,GnpIwWbdxdl,,229846,1.0359120487490354,22.76174412221852
2019-06,GnpIwWbdxdl,,229846,3.2311093521102907,23.520801267831384
2019-07,GnpIwWbdxdl,,229846,21.971002438762174,21.698422722664645
2019-08,GnpIwWbdxdl,,229846,12.298711607600731,22.088466611497115
2019-09,GnpIwWbdxdl,,229846,9.398915561951004,20.522914974111583
2019-10,GnpIwWbdxdl,,229846,1.3107185246841295,17.533592567708293
2019-11,GnpIwWbdxdl,,229846,0.3355972413175862,15.643499024135323
2019-12,GnpIwWbdxdl,,229846,1.998629827004528,8.91383328659931
2020-01,GnpIwWbdxdl,,229846,4.344369513073285,7.900486929339332
2020-02,GnpIwWbdxdl,,229846,1.195177223831157,10.316868389850288
2020-03,GnpIwWbdxdl,,229846,3.423746341052364,13.319516409804818
2020-04,GnpIwWbdxdl,,229846,2.629243603916734,17.628968934188475
2020-05,GnpIwWbdxdl,,229846,2.489714537079245,20.29908456592472
2020-06,GnpIwWbdxdl,,229846,13.68695968173422,21.19788406726754
2020-07,GnpIwWbdxdl,,229846,19.57356369501757,21.44985073179034
2020-08,GnpIwWbdxdl,,229846,13.87524651112284,21.772912050143123
2020-09,GnpIwWbdxdl,,229846,4.592351814662825,21.187869655136424
2020-10,GnpIwWbdxdl,,229846,0.4281315372526065,19.020036554158462
2020-11,GnpIwWbdxdl,,229846,0.4200798263856736,14.179478596974937
2020-12,GnpIwWbdxdl,,229846,0.1308054337792152,11.664830149332431
2021-01,GnpIwWbdxdl,,229846,0.3913333880689749,10.804983055213384
2021-02,GnpIwWbdxdl,,229846,0.735639735511295,12.3311464461295
2021-03,GnpIwWbdxdl,,229846,0.7577083865956893,16.48619850260152
2021-04,GnpIwWbdxdl,,229846,1.274000959512924,19.088124492722567
2021-05,GnpIwWbdxdl,,229846,7.317233855306808,19.828412078379845
2021-06,GnpIwWbdxdl,,229846,14.44048155026842,21.315019202466512
2021-07,GnpIwWbdxdl,,229846,14.41650751296708,21.71380507110294
2021-08,GnpIwWbdxdl,,229846,16.06177537042225,21.114310526693423
2021-09,GnpIwWbdxdl,,229846,7.153625736413131,20.871604981561408
2021-10,GnpIwWbdxdl,,229846,8.83343804084437,18.767969866590395
2021-11,GnpIwWbdxdl,,229846,0.3343137233807458,13.994292735578236
2021-12,GnpIwWbdxdl,,229846,1.2573413773875646,9.850751062101816
2022-01,GnpIwWbdxdl,0.0,229846,2.44975275585805,7.657460160599514
2022-02,GnpIwWbdxdl,0.0,229846,2.377616275793917,9.044504031402523
2022-03,GnpIwWbdxdl,0.0,229846,0.286875917660124,17.120414376115285
2022-04,GnpIwWbdxdl,0.0,229846,0.6407718856083378,21.814123436464723
2022-05,GnpIwWbdxdl,1.0,229846,3.8823080879788217,20.926591980239888
2022-06,GnpIwWbdxdl,1.0,229846,7.669568731257954,23.128750421105646
2022-07,GnpIwWbdxdl,1.0,229846,12.600513277124982,21.886353032052146
2022-08,GnpIwWbdxdl,1.0,229846,11.490912276699676,21.82442250508712
2022-09,GnpIwWbdxdl,21.0,229846,6.362046637157489,20.38613406313212
2022-10,GnpIwWbdxdl,12.0,229846,6.088537628847434,17.061270972964298
2022-11,GnpIwWbdxdl,3.0,229846,0.1059508709751592,14.183361829245651
2022-12,GnpIwWbdxdl,0.0,229846,0.0329721893860898,11.749424994218916
2023-01,GnpIwWbdxdl,1.0,229846,0.4489084158909447,10.014903310240753
2023-02,GnpIwWbdxdl,1.0,229846,0.2004304605153328,13.484523988705568
2023-03,GnpIwWbdxdl,1.0,229846,1.204289831388374,15.057317013082482
2023-04,GnpIwWbdxdl,2.0,229846,1.2136480124666755,18.25383471128656
2023-05,GnpIwWbdxdl,5.0,229846,1.1161600664187084,20.507956315852333
2023-06,GnpIwWbdxdl,4.0,229846,2.247463757166883,23.60531367931076
2023-07,GnpIwWbdxdl,26.0,229846,6.556861013374935,22.14885763652739
2023-08,GnpIwWbdxdl,44.0,229846,9.516811601421374,21.51497478462672
2023-09,GnpIwWbdxdl,34.0,229846,3.1134194612705373,21.62168986982641
2023-10,GnpIwWbdxdl,54.0,229846,0.7609909036918212,17.844703649870464
2023-11,GnpIwWbdxdl,0.0,229846,0.2398476304884765,14.471895950556242
2023-12,GnpIwWbdxdl,0.0,229846,0.1899326758996611,11.620640252130851
2024-01,GnpIwWbdxdl,0.0,229846,0.4228265422845828,9.367229868869678
2024-02,GnpIwWbdxdl,0.0,229846,0.8413460829116725,10.276606882811988
2024-03,GnpIwWbdxdl,10.0,229846,1.8928790275348333,15.395047856490246
2024-04,GnpIwWbdxdl,12.0,229846,0.3705402171278593,20.56755656810756
2024-05,GnpIwWbdxdl,2.0,229846,1.8228122624086087,23.025382052944423
2024-06,GnpIwWbdxdl,9.0,229846,3.3947601803324368,24.98002906558397
2024-07,GnpIwWbdxdl,16.0,229846,25.604612973762908,22.6591272773318
2024-08,GnpIwWbdxdl,20.0,229846,13.606507967522896,21.76483553334485
2024-09,GnpIwWbdxdl,32.0,229846,7.588058721053181,21.612931762255904
2024-10,GnpIwWbdxdl,32.0,229846,0.890459713975502,18.742679349332523
2024-11,GnpIwWbdxdl,22.0,229846,0.5940812626158425,14.706699661254468
2024-12,GnpIwWbdxdl,0.0,229846,0.4492478710074258,10.768895288877728
2016-01,HL5fSUsp2vJ,,237743,0.9937804233172812,8.740600812309252
2016-02,HL5fSUsp2vJ,,237743,0.8053342929726968,11.800398181341771
2016-03,HL5fSUsp2vJ,,237743,0.8426747261828696,15.464026748585775
2016-04,HL5fSUsp2vJ,,237743,0.1915019200766688,20.73793455916055
2016-05,HL5fSUsp2vJ,,237743,3.658915904284266,19.969203104253545
2016-06,HL5fSUsp2vJ,,237743,9.746441655333816,21.11505742790571
2016-07,HL5fSUsp2vJ,,237743,26.149201417202715,21.013459473753045
2016-08,HL5fSUsp2vJ,,237743,8.846417427440434,21.38485997567047
2016-09,HL5fSUsp2vJ,,237743,8.065416938350436,20.118527415434706
2016-10,HL5fSUsp2vJ,,237743,1.6418644238589366,17.544385783537752
2016-11,HL5fSUsp2vJ,,237743,0.1643174582969836,14.088604731770136
2016-12,HL5fSUsp2vJ,,237743,0.3677105814997221,11.93470899352648
2017-01,HL5fSUsp2vJ,,237743,1.1015859907869634,8.749150441434411
2017-02,HL5fSUsp2vJ,,237743,0.3362021720174087,12.55410216193286
2017-03,HL5fSUsp2vJ,,237743,1.3235900961248015,13.923091665800646
2017-04,HL5fSUsp2vJ,,237743,1.722162478502357,18.93404930868078
2017-05,HL5fSUsp2vJ,,237743,4.3575442013231855,20.11448163717278
2017-06,HL5fSUsp2vJ,,237743,7.193909104698135,21.318030368505127
2017-07,HL5fSUsp2vJ,,237743,18.40510164723948,21.192448846640897
2017-08,HL5fSUsp2vJ,,237743,13.97848211499674,21.017485991814
2017-09,HL5fSUsp2vJ,,237743,6.261795910592082,20.407254545664653
2017-10,HL5fSUsp2vJ,,237743,0.7386303841867076,17.799035279046745
2017-11,HL5fSUsp2vJ,,237743,0.1992531401189538,13.289113729248095
2017-12,HL5fSUsp2vJ,,237743,0.1620573453808404,11.50701919603492
2018-01,HL5fSUsp2vJ,,237743,0.4502793491059772,9.379610405326307
2018-02,HL5fSUsp2vJ,,237743,0.5186549154821126,12.338279399121635
2018-03,HL5fSUsp2vJ,,237743,0.5317302370681982,15.490229672730964
2018-04,HL5fSUsp2vJ,,237743,2.6158887808031013,17.54642560554555
2018-05,HL5fSUsp2vJ,,237743,2.7206538477283413,20.0658020656572
2018-06,HL5fSUsp2vJ,,237743,6.861994405747796,21.790676059743728
2018-07,HL5fSUsp2vJ,,237743,21.90501599016579,21.49057626229639
2018-08,HL5fSUsp2vJ,,237743,17.70113945701241,20.920704991896194
2018-09,HL5fSUsp2vJ,,237743,5.877169163183586,20.08055442892681
2018-10,HL5fSUsp2vJ,,237743,0.3632570892247387,15.90879692671346
2018-11,HL5fSUsp2vJ,,237743,0.2161656022557419,13.376716137470517
2018-12,HL5fSUsp2vJ,,237743,0.3727066707465235,9.322480101299854
2019-01,HL5fSUsp2vJ,,237743,1.841712141492569,7.843566829173922
2019-02,HL5fSUsp2vJ,,237743,4.406255548862105,9.6287766486111
2019-03,HL5fSUsp2vJ,,237743,0.9144760453346606,13.337371908327013
2019-04,HL5fSUsp2vJ,,237743,1.7832851493609585,17.650144702238407
2019-05,HL5fSUsp2vJ,,237743,0.4149455511259493,21.69685040278761
2019-06,HL5fSUsp2vJ,,237743,4.360318648043982,22.614707387573134
2019-07,HL5fSUsp2vJ,,237743,15.344099444972215,21.320232285482422
2019-08,HL5fSUsp2vJ,,237743,13.185915559497351,21.56398182927288
2019-09,HL5fSUsp2vJ,,237743,13.851081107111083,20.10207758789172
2019-10,HL5fSUsp2vJ,,237743,1.6378594230601926,17.01173332733052
2019-11,HL5fSUsp2vJ,,237743,0.3171296320536694,14.69286186355746
2019-12,HL5fSUsp2vJ,,237743,1.1889254455252387,9.174967386188516
2020-01,HL5fSUsp2vJ,,237743,3.1501783195290614,7.895388997163467
2020-02,HL5fSUsp2vJ,,237743,1.511254785619306,9.946679691773422
2020-03,HL5fSUsp2vJ,,237743,1.940395107219171,12.908130978814144
2020-04,HL5fSUsp2vJ,,237743,3.471919991322697,16.652298459285316
2020-05,HL5fSUsp2vJ,,237743,2.0909864466358514,19.448030005394006
2020-06,HL5fSUsp2vJ,,237743,17.342359650828914,20.56811992846326
2020-07,HL5fSUsp2vJ,,237743,15.27239389875918,21.27315870618324
2020-08,HL5fSUsp2vJ,,237743,11.629077717252525,21.6452203178494
2020-09,HL5fSUsp2vJ,,237743,8.904835594252814,20.92705560843165
2020-10,HL5fSUsp2vJ,,237743,0.4111536294115713,18.319690590310177
2020-11,HL5fSUsp2vJ,,237743,0.5427761958003411,13.275077515744629
2020-12,HL5fSUsp2vJ,,237743,0.0631733229363029,10.433930264555237
2021-01,HL5fSUsp2vJ,,237743,0.1630415980241208,10.136007136416495
2021-02,HL5fSUsp2vJ,,237743,0.8624486132104887,11.347557819118643
2021-03,HL5fSUsp2vJ,,237743,0.2880040248408217,15.671211997717004
2021-04,HL5fSUsp2vJ,,237743,0.8329581994093258,18.50041522884285
2021-05,HL5fSUsp2vJ,,237743,6.682051135864733,18.923494028168648
2021-06,HL5fSUsp2vJ,,237743,19.013962091316024,20.8129619904803
2021-07,HL5fSUsp2vJ,,237743,14.639294191143154,21.352410627725863
2021-08,HL5fSUsp2vJ,,237743,14.462771603307944,20.890486905686057
2021-09,HL5fSUsp2vJ,,237743,8.502429130016704,20.366752911148502
2021-10,HL5fSUsp2vJ,,237743,5.17430830268817,18.21214742031842
2021-11,HL5fSUsp2vJ,,237743,0.2222290047527282,13.65696776106254
2021-12,HL5fSUsp2vJ,,237743,1.1538572230750634,9.606088747376962
2022-01,HL5fSUsp2vJ,0.0,237743,1.8720131024108528,7.688676568278459
2022-02,HL5fSUsp2vJ,0.0,237743,1.9979126625580672,8.790858358634999
2022-03,HL5fSUsp2vJ,0.0,237743,0.2655931118298543,16.118548217024543
2022-04,HL5fSUsp2vJ,0.0,237743,0.4799678248467183,20.62215138191145
2022-05,HL5fSUsp2vJ,0.0,237743,3.8891668062320335,19.79593862011035
2022-06,HL5fSUsp2vJ,0.0,237743,10.05712079523905,21.922140545749794
2022-07,HL5fSUsp2vJ,1.0,237743,18.96504127565289,21.649470127315105
2022-08,HL5fSUsp2vJ,0.0,237743,10.428935469407872,21.63035391499024
2022-09,HL5fSUsp2vJ,26.0,237743,5.491106676098545,20.17532698113522
2022-10,HL5fSUsp2vJ,4.0,237743,5.865512654827038,16.4677342647093
2022-11,HL5fSUsp2vJ,5.0,237743,0.1329638197950514,13.530490300093875
2022-12,HL5fSUsp2vJ,0.0,237743,0.0226445920570682,10.732991274585864
2023-01,HL5fSUsp2vJ,0.0,237743,0.3833191373287751,9.28577732465253
2023-02,HL5fSUsp2vJ,0.0,237743,0.0781197343345928,12.32810755736226
2023-03,HL5fSUsp2vJ,0.0,237743,1.313968349105183,14.058554862137356
2023-04,HL5fSUsp2vJ,0.0,237743,0.9873703371825852,17.40547776628635
2023-05,HL5fSUsp2vJ,1.0,237743,1.3879143851899165,19.37168147613658
2023-06,HL5fSUsp2vJ,0.0,237743,5.106130628506441,22.78668174947636
2023-07,HL5fSUsp2vJ,2.0,237743,8.713011387324912,21.79831994703932
2023-08,HL5fSUsp2vJ,2.0,237743,8.37028764753476,21.306542068679907
2023-09,HL5fSUsp2vJ,3.0,237743,3.2696256710172324,21.10864240632473
2023-10,HL5fSUsp2vJ,5.0,237743,1.6178218438668173,17.085521907763987
2023-11,HL5fSUsp2vJ,0.0,237743,0.2126884985519133,13.832343284664129
2023-12,HL5fSUsp2vJ,0.0,237743,0.3495260991236339,11.021923398300313
2024-01,HL5fSUsp2vJ,0.0,237743,0.1191103156208351,8.924940398512136
2024-02,HL5fSUsp2vJ,0.0,237743,0.5373527239242994,9.972686795438792
2024-03,HL5fSUsp2vJ,0.0,237743,0.918639258959473,14.767012719895227
2024-04,HL5fSUsp2vJ,1.0,237743,0.0797523419581262,20.30951705382612
2024-05,HL5fSUsp2vJ,1.0,237743,1.972013191995926,21.795118266374857
2024-06,HL5fSUsp2vJ,1.0,237743,4.445380144732775,23.85505414224273
2024-07,HL5fSUsp2vJ,1.0,237743,23.51271380039548,22.334103846254624
2024-08,HL5fSUsp2vJ,5.0,237743,14.169362606167615,21.59865673368284
2024-09,HL5fSUsp2vJ,19.0,237743,12.289205519551126,21.19923972740131
2024-10,HL5fSUsp2vJ,10.0,237743,0.8827584930610775,18.38048953070665
2024-11,HL5fSUsp2vJ,1.0,237743,0.3943812903582262,14.254766406925052
2024-12,HL5fSUsp2vJ,0.0,237743,0.2882365492409267,10.177024919901482
2016-01,HfIRB3HRHvk,,427668,,
2016-02,HfIRB3HRHvk,,427668,,
2016-03,HfIRB3HRHvk,,427668,,
2016-04,HfIRB3HRHvk,,427668,,
2016-05,HfIRB3HRHvk,,427668,,
2016-06,HfIRB3HRHvk,,427668,,
2016-07,HfIRB3HRHvk,,427668,,
2016-08,HfIRB3HRHvk,,427668,,
2016-09,HfIRB3HRHvk,,427668,,
2016-10,HfIRB3HRHvk,,427668,,
2016-11,HfIRB3HRHvk,,427668,,
2016-12,HfIRB3HRHvk,,427668,,
2017-01,HfIRB3HRHvk,,427668,,
2017-02,HfIRB3HRHvk,,427668,,
2017-03,HfIRB3HRHvk,,427668,,
2017-04,HfIRB3HRHvk,,427668,,
2017-05,HfIRB3HRHvk,,427668,,
2017-06,HfIRB3HRHvk,,427668,,
2017-07,HfIRB3HRHvk,,427668,,
2017-08,HfIRB3HRHvk,,427668,,
2017-09,HfIRB3HRHvk,,427668,,
2017-10,HfIRB3HRHvk,,427668,,
2017-11,HfIRB3HRHvk,,427668,,
2017-12,HfIRB3HRHvk,,427668,,
2018-01,HfIRB3HRHvk,,427668,,
2018-02,HfIRB3HRHvk,,427668,,
2018-03,HfIRB3HRHvk,,427668,,
2018-04,HfIRB3HRHvk,,427668,,
2018-05,HfIRB3HRHvk,,427668,,
2018-06,HfIRB3HRHvk,,427668,,
2018-07,HfIRB3HRHvk,,427668,,
2018-08,HfIRB3HRHvk,,427668,,
2018-09,HfIRB3HRHvk,,427668,,
2018-10,HfIRB3HRHvk,,427668,,
2018-11,HfIRB3HRHvk,,427668,,
2018-12,HfIRB3HRHvk,,427668,,
2019-01,HfIRB3HRHvk,,427668,,
2019-02,HfIRB3HRHvk,,427668,,
2019-03,HfIRB3HRHvk,,427668,,
2019-04,HfIRB3HRHvk,,427668,,
2019-05,HfIRB3HRHvk,,427668,,
2019-06,HfIRB3HRHvk,,427668,,
2019-07,HfIRB3HRHvk,,427668,,
2019-08,HfIRB3HRHvk,,427668,,
2019-09,HfIRB3HRHvk,,427668,,
2019-10,HfIRB3HRHvk,,427668,,
2019-11,HfIRB3HRHvk,,427668,,
2019-12,HfIRB3HRHvk,,427668,,
2020-01,HfIRB3HRHvk,,427668,,
2020-02,HfIRB3HRHvk,,427668,,
2020-03,HfIRB3HRHvk,,427668,,
2020-04,HfIRB3HRHvk,,427668,,
2020-05,HfIRB3HRHvk,,427668,,
2020-06,HfIRB3HRHvk,,427668,,
2020-07,HfIRB3HRHvk,,427668,,
2020-08,HfIRB3HRHvk,,427668,,
2020-09,HfIRB3HRHvk,,427668,,
2020-10,HfIRB3HRHvk,,427668,,
2020-11,HfIRB3HRHvk,,427668,,
2020-12,HfIRB3HRHvk,,427668,,
2021-01,HfIRB3HRHvk,,427668,,
2021-02,HfIRB3HRHvk,,427668,,
2021-03,HfIRB3HRHvk,,427668,,
2021-04,HfIRB3HRHvk,,427668,,
2021-05,HfIRB3HRHvk,,427668,,
2021-06,HfIRB3HRHvk,,427668,,
2021-07,HfIRB3HRHvk,,427668,,
2021-08,HfIRB3HRHvk,,427668,,
2021-09,HfIRB3HRHvk,,427668,,
2021-10,HfIRB3HRHvk,,427668,,
2021-11,HfIRB3HRHvk,,427668,,
2021-12,HfIRB3HRHvk,,427668,,
2022-01,HfIRB3HRHvk,0.0,427668,,
2022-02,HfIRB3HRHvk,0.0,427668,,
2022-03,HfIRB3HRHvk,0.0,427668,,
2022-04,HfIRB3HRHvk,0.0,427668,,
2022-05,HfIRB3HRHvk,0.0,427668,,
2022-06,HfIRB3HRHvk,0.0,427668,,
2022-07,HfIRB3HRHvk,6.0,427668,,
2022-08,HfIRB3HRHvk,86.0,427668,,
2022-09,HfIRB3HRHvk,1151.0,427668,,
2022-10,HfIRB3HRHvk,4204.0,427668,,
2022-11,HfIRB3HRHvk,677.0,427668,,
2022-12,HfIRB3HRHvk,21.0,427668,,
2023-01,HfIRB3HRHvk,5.0,427668,,
2023-02,HfIRB3HRHvk,9.0,427668,,
2023-03,HfIRB3HRHvk,12.0,427668,,
2023-04,HfIRB3HRHvk,5.0,427668,,
2023-05,HfIRB3HRHvk,2.0,427668,,
2023-06,HfIRB3HRHvk,3.0,427668,,
2023-07,HfIRB3HRHvk,35.0,427668,,
2023-08,HfIRB3HRHvk,154.0,427668,,
2023-09,HfIRB3HRHvk,125.0,427668,,
2023-10,HfIRB3HRHvk,241.0,427668,,
2023-11,HfIRB3HRHvk,30.0,427668,,
2023-12,HfIRB3HRHvk,9.0,427668,,
2024-01,HfIRB3HRHvk,14.0,427668,,
2024-02,HfIRB3HRHvk,3.0,427668,,
2024-03,HfIRB3HRHvk,2.0,427668,,
2024-04,HfIRB3HRHvk,3.0,427668,,
2024-05,HfIRB3HRHvk,4.0,427668,,
2024-06,HfIRB3HRHvk,7.0,427668,,
2024-07,HfIRB3HRHvk,7.0,427668,,
2024-08,HfIRB3HRHvk,41.0,427668,,
2024-09,HfIRB3HRHvk,165.0,427668,,
2024-10,HfIRB3HRHvk,705.0,427668,,
2024-11,HfIRB3HRHvk,312.0,427668,,
2024-12,HfIRB3HRHvk,0.0,427668,,
2016-01,HkwA8YQgJK6,,202487,0.8371698590045916,9.318325647108368
2016-02,HkwA8YQgJK6,,202487,1.9005420753219924,12.783821399542928
2016-03,HkwA8YQgJK6,,202487,2.226850082462009,16.331963449695078
2016-04,HkwA8YQgJK6,,202487,0.8699013344607716,21.61580550133042
2016-05,HkwA8YQgJK6,,202487,9.06901141030788,20.816559805534823
2016-06,HkwA8YQgJK6,,202487,16.1787279020657,21.62848507937944
2016-07,HkwA8YQgJK6,,202487,26.533620000073192,21.2985359873222
2016-08,HkwA8YQgJK6,,202487,11.615132551828056,21.79670075350117
2016-09,HkwA8YQgJK6,,202487,8.838228616901084,20.46560790603322
2016-10,HkwA8YQgJK6,,202487,2.50273102926834,18.25349396582584
2016-11,HkwA8YQgJK6,,202487,0.0816904629395876,14.93131157160751
2016-12,HkwA8YQgJK6,,202487,0.1871869679550254,12.483299580099196
2017-01,HkwA8YQgJK6,,202487,2.4922742160013422,9.374446320498008
2017-02,HkwA8YQgJK6,,202487,1.0520968515084663,13.299997338027955
2017-03,HkwA8YQgJK6,,202487,2.192377291538829,14.79758400644796
2017-04,HkwA8YQgJK6,,202487,4.200361837419668,19.61743770020331
2017-05,HkwA8YQgJK6,,202487,8.515155743308416,20.83783776206431
2017-06,HkwA8YQgJK6,,202487,10.133282642898202,21.7458000495872
2017-07,HkwA8YQgJK6,,202487,19.34618137018365,21.417107865372337
2017-08,HkwA8YQgJK6,,202487,19.14642766558352,21.34729562218121
2017-09,HkwA8YQgJK6,,202487,7.830884911245623,20.703369153604555
2017-10,HkwA8YQgJK6,,202487,0.7612097080382801,18.72747965227037
2017-11,HkwA8YQgJK6,,202487,0.3555928161558769,14.357445600431692
2017-12,HkwA8YQgJK6,,202487,0.2936997363733754,12.296514252409334
2018-01,HkwA8YQgJK6,,202487,0.5001070686977702,10.147506697997915
2018-02,HkwA8YQgJK6,,202487,1.2150269843869113,13.094013511265796
2018-03,HkwA8YQgJK6,,202487,2.102944207033872,16.290575413599772
2018-04,HkwA8YQgJK6,,202487,5.417587691818336,18.519572603293685
2018-05,HkwA8YQgJK6,,202487,5.593633069849765,21.301042299188683
2018-06,HkwA8YQgJK6,,202487,14.632255211931318,22.19431783838628
2018-07,HkwA8YQgJK6,,202487,21.7825194743628,21.82258060356652
2018-08,HkwA8YQgJK6,,202487,23.19568516852137,21.076202486335344
2018-09,HkwA8YQgJK6,,202487,6.63216836770793,20.34225103083251
2018-10,HkwA8YQgJK6,,202487,0.6145922413409539,17.112696829712423
2018-11,HkwA8YQgJK6,,202487,0.4888045945571038,14.246733115570605
2018-12,HkwA8YQgJK6,,202487,0.3889900092129961,9.883164437000795
2019-01,HkwA8YQgJK6,,202487,4.083580165211092,8.515020708994035
2019-02,HkwA8YQgJK6,,202487,6.733980384292672,9.791311750634126
2019-03,HkwA8YQgJK6,,202487,2.323439585838674,13.821882964119917
2019-04,HkwA8YQgJK6,,202487,4.064849052101074,18.65497627241819
2019-05,HkwA8YQgJK6,,202487,2.851202971531725,22.23829087523586
2019-06,HkwA8YQgJK6,,202487,6.93723157547326,23.1699904275204
2019-07,HkwA8YQgJK6,,202487,27.795868389865507,21.51621662736676
2019-08,HkwA8YQgJK6,,202487,13.83250915681599,21.82846447587509
2019-09,HkwA8YQgJK6,,202487,12.056094309421676,20.374084469077573
2019-10,HkwA8YQgJK6,,202487,1.722700949882939,17.610425155057086
2019-11,HkwA8YQgJK6,,202487,0.5511893528623191,15.598014470526522
2019-12,HkwA8YQgJK6,,202487,2.286661639574692,9.320952667708513
2020-01,HkwA8YQgJK6,,202487,5.4376440623696185,8.026484183617539
2020-02,HkwA8YQgJK6,,202487,1.8584564583658347,10.695109724416442
2020-03,HkwA8YQgJK6,,202487,5.728621996290588,13.421872005569965
2020-04,HkwA8YQgJK6,,202487,7.035357860216958,17.430739445809234
2020-05,HkwA8YQgJK6,,202487,6.621625325065642,20.092563792962284
2020-06,HkwA8YQgJK6,,202487,17.778959809939476,21.182984588113893
2020-07,HkwA8YQgJK6,,202487,24.767813297381345,21.45060535707526
2020-08,HkwA8YQgJK6,,202487,17.52648871053266,21.731720374657403
2020-09,HkwA8YQgJK6,,202487,5.588526434759737,21.30922852425153
2020-10,HkwA8YQgJK6,,202487,0.6380385578485754,19.25460443725709
2020-11,HkwA8YQgJK6,,202487,0.4651814060165266,14.297894838742971
2020-12,HkwA8YQgJK6,,202487,0.0675184271392443,11.438541664362068
2021-01,HkwA8YQgJK6,,202487,0.3800935664352334,10.642634190136484
2021-02,HkwA8YQgJK6,,202487,1.2053321295909163,12.449102728423112
2021-03,HkwA8YQgJK6,,202487,1.825741222502468,16.49174077910888
2021-04,HkwA8YQgJK6,,202487,2.969393344993375,18.918846218015705
2021-05,HkwA8YQgJK6,,202487,14.418588271536107,19.501235882725247
2021-06,HkwA8YQgJK6,,202487,18.29169378663862,21.23686034567781
2021-07,HkwA8YQgJK6,,202487,16.872912404703754,21.71693677812719
2021-08,HkwA8YQgJK6,,202487,19.377838441069738,21.107329007357244
2021-09,HkwA8YQgJK6,,202487,8.690323259931974,20.81364082225771
2021-10,HkwA8YQgJK6,,202487,11.16988732539758,18.826695639336865
2021-11,HkwA8YQgJK6,,202487,0.1475986408667265,14.107895649200406
2021-12,HkwA8YQgJK6,,202487,1.372159868040394,10.067772019343558
2022-01,HkwA8YQgJK6,0.0,202487,3.3007965218130053,7.995035324278668
2022-02,HkwA8YQgJK6,0.0,202487,3.160954291277684,9.158849936140928
2022-03,HkwA8YQgJK6,0.0,202487,0.6511282638471503,17.403721740873518
2022-04,HkwA8YQgJK6,0.0,202487,1.5933078721264526,21.922386942996194
2022-05,HkwA8YQgJK6,0.0,202487,11.895635717952754,20.46781428370222
2022-06,HkwA8YQgJK6,0.0,202487,11.439894434329664,22.920140055696983
2022-07,HkwA8YQgJK6,1.0,202487,14.301519565735944,21.8236017141396
2022-08,HkwA8YQgJK6,1.0,202487,15.436661843655411,21.856513397065584
2022-09,HkwA8YQgJK6,72.0,202487,7.405591841211897,20.231159032657203
2022-10,HkwA8YQgJK6,8.0,202487,8.052245657347274,16.844909618558823
2022-11,HkwA8YQgJK6,2.0,202487,0.1983107934039812,14.094957385745886
2022-12,HkwA8YQgJK6,1.0,202487,0.0244968536390716,11.63134228248703
2023-01,HkwA8YQgJK6,0.0,202487,0.5075043804396921,9.93835027908356
2023-02,HkwA8YQgJK6,2.0,202487,0.3152298661985788,13.352188544872195
2023-03,HkwA8YQgJK6,0.0,202487,2.377574334269428,14.682307544574522
2023-04,HkwA8YQgJK6,0.0,202487,2.62600297509439,17.740112335866534
2023-05,HkwA8YQgJK6,2.0,202487,2.9760591658639446,19.806890162989006
2023-06,HkwA8YQgJK6,0.0,202487,3.389391219428991,22.955776230985627
2023-07,HkwA8YQgJK6,1.0,202487,10.021658371275649,21.92879758042727
2023-08,HkwA8YQgJK6,29.0,202487,9.853395988992483,21.455513031562653
2023-09,HkwA8YQgJK6,5.0,202487,4.278819544932378,21.401478995825563
2023-10,HkwA8YQgJK6,1.0,202487,1.116945996975237,17.71311750584521
2023-11,HkwA8YQgJK6,0.0,202487,0.4075628135793663,14.489788328795491
2023-12,HkwA8YQgJK6,0.0,202487,0.1233805832289136,11.447443824921324
2024-01,HkwA8YQgJK6,4.0,202487,0.2755241397178531,9.156918913801814
2024-02,HkwA8YQgJK6,8.0,202487,1.0338691557984965,10.184076493087048
2024-03,HkwA8YQgJK6,9.0,202487,2.477035865957145,15.211588762934742
2024-04,HkwA8YQgJK6,6.0,202487,0.904249304052392,20.171315119576413
2024-05,HkwA8YQgJK6,2.0,202487,5.940536823117406,22.526938013347923
2024-06,HkwA8YQgJK6,20.0,202487,6.462415225902358,24.5948168522392
2024-07,HkwA8YQgJK6,4.0,202487,33.72496526875763,22.477566734947647
2024-08,HkwA8YQgJK6,3.0,202487,14.57941500883092,21.6605063967723
2024-09,HkwA8YQgJK6,19.0,202487,10.413012820299674,21.39139546816049
2024-10,HkwA8YQgJK6,25.0,202487,1.2877574692654288,18.808019901990825
2024-11,HkwA8YQgJK6,12.0,202487,0.5943158995294155,14.81828332881634
2024-12,HkwA8YQgJK6,1.0,202487,0.5239068801432314,10.681422477648931
2016-01,ICSVN3EZGcy,,129003,2.242298126220703,9.067138671875
2016-02,ICSVN3EZGcy,,129003,1.7304388284683228,11.946075439453123
2016-03,ICSVN3EZGcy,,129003,2.033448278903961,14.823333740234377
2016-04,ICSVN3EZGcy,,129003,1.4464131593704224,19.236480712890625
2016-05,ICSVN3EZGcy,,129003,9.590529918670654,19.11489868164062
2016-06,ICSVN3EZGcy,,129003,19.33646583557129,20.868560791015625
2016-07,ICSVN3EZGcy,,129003,31.414055824279785,20.637847900390625
2016-08,ICSVN3EZGcy,,129003,8.859654903411865,21.667877197265625
2016-09,ICSVN3EZGcy,,129003,17.808913230895996,19.97378540039062
2016-10,ICSVN3EZGcy,,129003,4.322006464004517,17.958892822265625
2016-11,ICSVN3EZGcy,,129003,0.304423451423645,14.197906494140623
2016-12,ICSVN3EZGcy,,129003,0.6058977842330933,12.914703369140623
2017-01,ICSVN3EZGcy,,129003,1.0136369466781616,8.881622314453125
2017-02,ICSVN3EZGcy,,129003,0.8295489251613617,12.478668212890629
2017-03,ICSVN3EZGcy,,129003,4.847005367279053,13.428985595703123
2017-04,ICSVN3EZGcy,,129003,3.2882776260375977,17.423248291015625
2017-05,ICSVN3EZGcy,,129003,6.403937101364136,18.904205322265625
2017-06,ICSVN3EZGcy,,129003,12.737585067749023,21.162017822265625
2017-07,ICSVN3EZGcy,,129003,18.70252895355225,21.181060791015625
2017-08,ICSVN3EZGcy,,129003,29.984353065490723,20.81069946289062
2017-09,ICSVN3EZGcy,,129003,9.421176433563232,20.55874633789062
2017-10,ICSVN3EZGcy,,129003,1.742541790008545,18.250640869140625
2017-11,ICSVN3EZGcy,,129003,0.6487888097763062,14.278961181640629
2017-12,ICSVN3EZGcy,,129003,0.239989086985588,12.575469970703123
2018-01,ICSVN3EZGcy,,129003,0.6107889413833619,9.729400634765623
2018-02,ICSVN3EZGcy,,129003,1.565843939781189,12.97052001953125
2018-03,ICSVN3EZGcy,,129003,1.7634119391441343,14.760955810546877
2018-04,ICSVN3EZGcy,,129003,4.428217887878418,17.104400634765625
2018-05,ICSVN3EZGcy,,129003,10.300843238830566,18.804595947265625
2018-06,ICSVN3EZGcy,,129003,12.811772346496582,21.029449462890625
2018-07,ICSVN3EZGcy,,129003,22.23609733581544,21.196197509765625
2018-08,ICSVN3EZGcy,,129003,27.300704956054688,20.98770141601562
2018-09,ICSVN3EZGcy,,129003,9.205181121826172,20.114898681640625
2018-10,ICSVN3EZGcy,,129003,1.1451310515403748,16.212310791015625
2018-11,ICSVN3EZGcy,,129003,1.307039499282837,14.100006103515623
2018-12,ICSVN3EZGcy,,129003,1.1257327795028689,10.248077392578123
2019-01,ICSVN3EZGcy,,129003,1.7445589303970337,8.288299560546875
2019-02,ICSVN3EZGcy,,129003,3.670470118522644,10.258117675781248
2019-03,ICSVN3EZGcy,,129003,2.009711444377899,13.233612060546871
2019-04,ICSVN3EZGcy,,129003,4.330258369445801,16.358306884765625
2019-05,ICSVN3EZGcy,,129003,2.8078821897506714,19.95791625976562
2019-06,ICSVN3EZGcy,,129003,10.436073780059814,21.186431884765625
2019-07,ICSVN3EZGcy,,129003,24.50115966796875,21.176910400390625
2019-08,ICSVN3EZGcy,,129003,11.87974214553833,21.72305297851563
2019-09,ICSVN3EZGcy,,129003,24.782495498657227,20.019439697265625
2019-10,ICSVN3EZGcy,,129003,2.674272060394287,17.489166259765625
2019-11,ICSVN3EZGcy,,129003,0.562952309846878,15.329986572265623
2019-12,ICSVN3EZGcy,,129003,1.5123910307884216,9.767669677734377
2020-01,ICSVN3EZGcy,,129003,4.532618522644043,8.0208740234375
2020-02,ICSVN3EZGcy,,129003,2.3389453887939458,9.923004150390623
2020-03,ICSVN3EZGcy,,129003,2.40435540676117,12.7197265625
2020-04,ICSVN3EZGcy,,129003,4.830591201782227,15.556549072265623
2020-05,ICSVN3EZGcy,,129003,6.130330324172975,18.325592041015625
2020-06,ICSVN3EZGcy,,129003,24.34237098693848,20.328277587890625
2020-07,ICSVN3EZGcy,,129003,34.16629600524902,20.69326782226563
2020-08,ICSVN3EZGcy,,129003,23.655526161193848,21.423492431640625
2020-09,ICSVN3EZGcy,,129003,22.97370719909668,20.477447509765625
2020-10,ICSVN3EZGcy,,129003,0.7172313630580902,18.592193603515625
2020-11,ICSVN3EZGcy,,129003,0.3050056993961335,13.567779541015623
2020-12,ICSVN3EZGcy,,129003,0.7311402559280397,11.03680419921875
2021-01,ICSVN3EZGcy,,129003,0.584502100944519,10.402282714843752
2021-02,ICSVN3EZGcy,,129003,1.275648295879364,11.414642333984377
2021-03,ICSVN3EZGcy,,129003,1.8443918228149407,14.649566650390623
2021-04,ICSVN3EZGcy,,129003,1.162733554840088,17.133941650390625
2021-05,ICSVN3EZGcy,,129003,11.181468963623049,18.249420166015625
2021-06,ICSVN3EZGcy,,129003,20.06972885131836,20.455474853515625
2021-07,ICSVN3EZGcy,,129003,34.04185199737549,20.939605712890625
2021-08,ICSVN3EZGcy,,129003,28.779607772827145,20.57046508789062
2021-09,ICSVN3EZGcy,,129003,12.179665088653564,20.367095947265625
2021-10,ICSVN3EZGcy,,129003,7.008912324905395,18.176177978515625
2021-11,ICSVN3EZGcy,,129003,1.2908363938331604,14.099517822265623
2021-12,ICSVN3EZGcy,,129003,1.6067479848861694,10.862823486328123
2022-01,ICSVN3EZGcy,0.0,129003,1.6972994208335876,7.787139892578125
2022-02,ICSVN3EZGcy,0.0,129003,3.1682089567184453,8.606781005859375
2022-03,ICSVN3EZGcy,0.0,129003,1.2240112423896792,15.283599853515623
2022-04,ICSVN3EZGcy,0.0,129003,3.972942471504211,18.54360961914062
2022-05,ICSVN3EZGcy,1.0,129003,7.901663303375245,18.925445556640625
2022-06,ICSVN3EZGcy,0.0,129003,18.09532928466797,20.607086181640625
2022-07,ICSVN3EZGcy,3.0,129003,18.667293548583984,21.435211181640625
2022-08,ICSVN3EZGcy,3.0,129003,14.084061622619627,21.324859619140625
2022-09,ICSVN3EZGcy,77.0,129003,7.77665114402771,20.194244384765625
2022-10,ICSVN3EZGcy,150.0,129003,4.841772794723511,17.282379150390625
2022-11,ICSVN3EZGcy,31.0,129003,0.3589319139719009,14.534332275390623
2022-12,ICSVN3EZGcy,10.0,129003,0.1301622539758682,12.002685546875
2023-01,ICSVN3EZGcy,2.0,129003,0.0687642768025398,10.393402099609377
2023-02,ICSVN3EZGcy,0.0,129003,0.6830835938453674,12.480072021484377
2023-03,ICSVN3EZGcy,0.0,129003,1.6901479363441467,13.562591552734377
2023-04,ICSVN3EZGcy,2.0,129003,1.1430017948150633,17.093170166015625
2023-05,ICSVN3EZGcy,2.0,129003,2.318750739097595,18.703521728515625
2023-06,ICSVN3EZGcy,1.0,129003,6.015718936920166,21.70205688476563
2023-07,ICSVN3EZGcy,1.0,129003,12.64682960510254,21.550933837890625
2023-08,ICSVN3EZGcy,9.0,129003,9.841010093688965,21.35098266601563
2023-09,ICSVN3EZGcy,14.0,129003,3.5799604654312134,21.456451416015625
2023-10,ICSVN3EZGcy,35.0,129003,2.298876166343689,17.376129150390625
2023-11,ICSVN3EZGcy,3.0,129003,0.3457535207271576,14.178863525390629
2023-12,ICSVN3EZGcy,0.0,129003,0.2996168136596679,11.640472412109377
2024-01,ICSVN3EZGcy,1.0,129003,0.55027636885643,9.26788330078125
2024-02,ICSVN3EZGcy,0.0,129003,0.5690738260746002,10.408966064453123
2024-03,ICSVN3EZGcy,2.0,129003,2.4446316957473755,14.293365478515623
2024-04,ICSVN3EZGcy,1.0,129003,0.2745287120342254,19.66397094726562
2024-05,ICSVN3EZGcy,2.0,129003,3.669520616531373,21.127105712890625
2024-06,ICSVN3EZGcy,3.0,129003,17.11658000946045,21.822906494140625
2024-07,ICSVN3EZGcy,22.0,129003,33.520761489868164,22.099761962890625
2024-08,ICSVN3EZGcy,620.0,129003,19.55310535430908,21.478912353515625
2024-09,ICSVN3EZGcy,658.0,129003,15.433391571044922,21.366363525390625
2024-10,ICSVN3EZGcy,421.0,129003,4.311486005783081,18.32119750976562
2024-11,ICSVN3EZGcy,121.0,129003,2.718361020088196,14.756256103515623
2024-12,ICSVN3EZGcy,0.0,129003,0.315367728471756,11.438812255859377
2016-01,IOHIfpVUJGp,,167719,1.5932570239158204,-3.0668024686039623
2016-02,IOHIfpVUJGp,,167719,1.3080233907549714,-0.1899148492054066
2016-03,IOHIfpVUJGp,,167719,1.941124501470751,1.907833494893309
2016-04,IOHIfpVUJGp,,167719,1.6983451002829648,6.195321868870205
2016-05,IOHIfpVUJGp,,167719,5.0484541318113365,7.237305001233365
2016-06,IOHIfpVUJGp,,167719,11.244216277726458,10.542624979865792
2016-07,IOHIfpVUJGp,,167719,27.99616405812055,11.249594604504182
2016-08,IOHIfpVUJGp,,167719,12.441747678714078,11.366051498922427
2016-09,IOHIfpVUJGp,,167719,13.540229063675053,9.862191304659374
2016-10,IOHIfpVUJGp,,167719,4.817939312942066,6.473136974049452
2016-11,IOHIfpVUJGp,,167719,0.311813295723256,3.509434270654617
2016-12,IOHIfpVUJGp,,167719,0.6541662859467041,2.7598662403908474
2017-01,IOHIfpVUJGp,,167719,0.9933616553518888,-2.801897068840733
2017-02,IOHIfpVUJGp,,167719,1.1211191408388808,0.3482699076651077
2017-03,IOHIfpVUJGp,,167719,3.475807743094648,0.1560041153170273
2017-04,IOHIfpVUJGp,,167719,3.1754335594223124,4.80486953389268
2017-05,IOHIfpVUJGp,,167719,5.576673781636248,7.119876386931933
2017-06,IOHIfpVUJGp,,167719,7.949423597601706,10.242242596980583
2017-07,IOHIfpVUJGp,,167719,23.22898440939496,11.24616836208547
2017-08,IOHIfpVUJGp,,167719,23.84848713555281,11.156190053952024
2017-09,IOHIfpVUJGp,,167719,6.001777704111183,10.17124667028333
2017-10,IOHIfpVUJGp,,167719,2.5318597003455507,6.690935799696163
2017-11,IOHIfpVUJGp,,167719,0.8991779434069445,2.009122057456717
2017-12,IOHIfpVUJGp,,167719,0.1984619501431608,2.456670393839148
2018-01,IOHIfpVUJGp,,167719,0.6562614958331573,-0.1574731356536854
2018-02,IOHIfpVUJGp,,167719,1.2189532990979297,-0.082941082776986
2018-03,IOHIfpVUJGp,,167719,1.855599397337495,1.290181998451111
2018-04,IOHIfpVUJGp,,167719,4.328082782434187,4.025092532311512
2018-05,IOHIfpVUJGp,,167719,5.596151495312189,6.928026269520396
2018-06,IOHIfpVUJGp,,167719,11.643042883126894,10.45881729388065
2018-07,IOHIfpVUJGp,,167719,25.212772231087083,11.526147346086434
2018-08,IOHIfpVUJGp,,167719,24.21872734587304,11.257295046199872
2018-09,IOHIfpVUJGp,,167719,9.074479406248123,9.886911695599702
2018-10,IOHIfpVUJGp,,167719,0.989002462622135,4.549194755896404
2018-11,IOHIfpVUJGp,,167719,0.7951661269074098,2.3597454948086503
2018-12,IOHIfpVUJGp,,167719,0.9332857291254912,-1.7197364555929249
2019-01,IOHIfpVUJGp,,167719,2.2831578173958467,-5.105495876394413
2019-02,IOHIfpVUJGp,,167719,4.014173840261791,-3.020176058160468
2019-03,IOHIfpVUJGp,,167719,1.2886699444573224,-0.2655118562868963
2019-04,IOHIfpVUJGp,,167719,3.041879766884804,3.865849998791209
2019-05,IOHIfpVUJGp,,167719,2.2218663303546933,7.56919971039064
2019-06,IOHIfpVUJGp,,167719,5.915483727769262,10.353516195243044
2019-07,IOHIfpVUJGp,,167719,24.61622340876052,11.137597488743722
2019-08,IOHIfpVUJGp,,167719,16.330080451972208,11.625877364923362
2019-09,IOHIfpVUJGp,,167719,16.440100541015898,9.80639675924184
2019-10,IOHIfpVUJGp,,167719,1.6008943949319951,6.147982406410697
2019-11,IOHIfpVUJGp,,167719,0.3834214135643753,4.229569237851838
2019-12,IOHIfpVUJGp,,167719,1.4889231640308866,-2.0167019254662746
2020-01,IOHIfpVUJGp,,167719,3.93550034226977,-4.430158353655661
2020-02,IOHIfpVUJGp,,167719,1.2256860585634373,-2.475757890581385
2020-03,IOHIfpVUJGp,,167719,1.7835215352088598,-0.594207165913534
2020-04,IOHIfpVUJGp,,167719,3.648645423660372,2.7155035446070315
2020-05,IOHIfpVUJGp,,167719,6.028737157055948,6.471215710562803
2020-06,IOHIfpVUJGp,,167719,18.568159016629032,10.226730586567651
2020-07,IOHIfpVUJGp,,167719,26.604296697840347,11.030362550610509
2020-08,IOHIfpVUJGp,,167719,22.243898067312845,11.701703228419271
2020-09,IOHIfpVUJGp,,167719,10.69732437642219,10.522896036250566
2020-10,IOHIfpVUJGp,,167719,1.2737297936040224,7.983244606650088
2020-11,IOHIfpVUJGp,,167719,0.3871455048666867,2.3795262277690394
2020-12,IOHIfpVUJGp,,167719,0.6190905299949461,0.5606458513741698
2021-01,IOHIfpVUJGp,,167719,0.8644528834788884,0.1776676777835647
2021-02,IOHIfpVUJGp,,167719,1.5237244742707805,-1.4861431507591711
2021-03,IOHIfpVUJGp,,167719,2.1004648976002387,1.6995004470928818
2021-04,IOHIfpVUJGp,,167719,1.7599715439464685,3.480185065773166
2021-05,IOHIfpVUJGp,,167719,9.48242798378466,7.05162187151954
2021-06,IOHIfpVUJGp,,167719,17.567202006653776,10.456462572455944
2021-07,IOHIfpVUJGp,,167719,25.12351039310008,11.143263247776575
2021-08,IOHIfpVUJGp,,167719,25.97188064631653,11.056167647264406
2021-09,IOHIfpVUJGp,,167719,14.265972604965034,9.92720677716982
2021-10,IOHIfpVUJGp,,167719,5.854916969702849,7.448742523003167
2021-11,IOHIfpVUJGp,,167719,0.6981291133291481,3.109717339587366
2021-12,IOHIfpVUJGp,,167719,2.262232900001457,-1.1187193573247722
2022-01,IOHIfpVUJGp,0.0,167719,1.5956470643803486,-4.519415148339208
2022-02,IOHIfpVUJGp,0.0,167719,2.6976555981597032,-4.2236922861353
2022-03,IOHIfpVUJGp,0.0,167719,1.5141332702870145,2.627832620331027
2022-04,IOHIfpVUJGp,0.0,167719,3.143603757408626,6.414048147967414
2022-05,IOHIfpVUJGp,0.0,167719,6.60935002433483,7.738394033289767
2022-06,IOHIfpVUJGp,0.0,167719,15.533036741368688,10.335445667640276
2022-07,IOHIfpVUJGp,0.0,167719,22.5908342153744,11.54449545303444
2022-08,IOHIfpVUJGp,10.0,167719,19.75445473936033,11.598318890018078
2022-09,IOHIfpVUJGp,56.0,167719,6.6847218792447975,9.98825345111056
2022-10,IOHIfpVUJGp,32.0,167719,2.6145074132375887,5.823819126042151
2022-11,IOHIfpVUJGp,6.0,167719,0.1781895395735085,3.247564956918932
2022-12,IOHIfpVUJGp,2.0,167719,0.29981745491573,1.4228054133044223
2023-01,IOHIfpVUJGp,2.0,167719,0.1412617611178254,-0.5730540594380394
2023-02,IOHIfpVUJGp,0.0,167719,0.8855721233913479,0.1382554260758459
2023-03,IOHIfpVUJGp,0.0,167719,1.5587026752325024,0.568660196261839
2023-04,IOHIfpVUJGp,1.0,167719,1.4461674901145956,3.617531800109991
2023-05,IOHIfpVUJGp,0.0,167719,2.2559792151834244,6.069350275595607
2023-06,IOHIfpVUJGp,0.0,167719,6.185179980172758,10.548443728830636
2023-07,IOHIfpVUJGp,0.0,167719,10.761464127741975,11.714879638658116
2023-08,IOHIfpVUJGp,4.0,167719,10.939974486500413,11.638317111590991
2023-09,IOHIfpVUJGp,16.0,167719,5.471633040439561,10.734975645659212
2023-10,IOHIfpVUJGp,14.0,167719,2.5595046345072543,5.719609988487903
2023-11,IOHIfpVUJGp,0.0,167719,0.5050498145101671,2.730367011446043
2023-12,IOHIfpVUJGp,0.0,167719,0.3857607968612536,0.6876110223523848
2024-01,IOHIfpVUJGp,0.0,167719,0.7703083619755834,-3.371451706197398
2024-02,IOHIfpVUJGp,1.0,167719,0.702676538121476,-2.7771464172227023
2024-03,IOHIfpVUJGp,2.0,167719,2.6257681006069324,0.7099192255092517
2024-04,IOHIfpVUJGp,2.0,167719,1.1751316446960038,5.53674283855591
2024-05,IOHIfpVUJGp,1.0,167719,5.0453891047679535,8.300069921078467
2024-06,IOHIfpVUJGp,0.0,167719,12.175983365788875,11.263238560091654
2024-07,IOHIfpVUJGp,3.0,167719,26.50951004134724,12.395729451426886
2024-08,IOHIfpVUJGp,4.0,167719,21.092900672914222,11.605884236071123
2024-09,IOHIfpVUJGp,29.0,167719,16.458289053824345,10.932438592378489
2024-10,IOHIfpVUJGp,47.0,167719,3.758401854695266,6.929195854456997
2024-11,IOHIfpVUJGp,19.0,167719,1.9877688134623408,3.0882819697107737
2024-12,IOHIfpVUJGp,0.0,167719,0.6168723263687399,1.050839709242353
2016-01,Iqy9A4jXY9l,1.0,247028,1.96448136023639,10.77888248067534
2016-02,Iqy9A4jXY9l,,247028,1.195085767038909,14.150112449045055
2016-03,Iqy9A4jXY9l,,247028,1.862093065900295,17.183879700741038
2016-04,Iqy9A4jXY9l,,247028,1.143166983278712,21.513447598008906
2016-05,Iqy9A4jXY9l,,247028,8.601970700749455,20.93178548884776
2016-06,Iqy9A4jXY9l,,247028,18.760445337678984,22.541441480525123
2016-07,Iqy9A4jXY9l,,247028,33.11125266798477,22.17924891556203
2016-08,Iqy9A4jXY9l,,247028,10.613006654694855,23.3651795771673
2016-09,Iqy9A4jXY9l,,247028,16.7860481627869,21.551535680720352
2016-10,Iqy9A4jXY9l,,247028,3.763674887598613,19.94452919359321
2016-11,Iqy9A4jXY9l,,247028,0.1919373471774792,16.1336807871604
2016-12,Iqy9A4jXY9l,,247028,0.7220526232479392,14.151336246594736
2017-01,Iqy9A4jXY9l,,247028,1.13791496112172,11.157947469488624
2017-02,Iqy9A4jXY9l,,247028,0.7223288793477426,14.492038378045471
2017-03,Iqy9A4jXY9l,,247028,4.867126456165706,15.449425949431363
2017-04,Iqy9A4jXY9l,,247028,3.11224511415406,19.35873279250532
2017-05,Iqy9A4jXY9l,,247028,6.39005434110315,20.79610041118427
2017-06,Iqy9A4jXY9l,,247028,15.54183407838046,22.775534844643506
2017-07,Iqy9A4jXY9l,,247028,21.305656662851103,22.771897517371496
2017-08,Iqy9A4jXY9l,,247028,32.74375496693539,22.37632678330762
2017-09,Iqy9A4jXY9l,,247028,10.75428039431848,22.315819137467383
2017-10,Iqy9A4jXY9l,,247028,1.492792853484745,20.18745311103078
2017-11,Iqy9A4jXY9l,,247028,0.4452786147562554,16.365582615119493
2017-12,Iqy9A4jXY9l,,247028,0.2101108520233446,14.117821395601355
2018-01,Iqy9A4jXY9l,,247028,0.5187960041455123,10.932999619593147
2018-02,Iqy9A4jXY9l,,247028,1.527076404000577,14.75515955995962
2018-03,Iqy9A4jXY9l,,247028,1.2509618182632336,17.300441511132522
2018-04,Iqy9A4jXY9l,,247028,5.20148899110393,19.18540747807376
2018-05,Iqy9A4jXY9l,,247028,10.465143374629031,20.47965347909266
2018-06,Iqy9A4jXY9l,,247028,13.73780739838809,22.66444577500705
2018-07,Iqy9A4jXY9l,,247028,22.79108448806901,22.8487483367396
2018-08,Iqy9A4jXY9l,,247028,28.9431634949824,22.7082321079182
2018-09,Iqy9A4jXY9l,,247028,11.514952876668218,21.94795087693448
2018-10,Iqy9A4jXY9l,,247028,1.1295493362960003,18.317526867620177
2018-11,Iqy9A4jXY9l,,247028,1.0265546733112798,16.038552838349695
2018-12,Iqy9A4jXY9l,,247028,1.00693090676098,12.164366929416884
2019-01,Iqy9A4jXY9l,,247028,1.8010551295477748,10.783795997444264
2019-02,Iqy9A4jXY9l,,247028,4.310362265880594,12.498493053542674
2019-03,Iqy9A4jXY9l,,247028,2.0428670640482265,15.533399778656667
2019-04,Iqy9A4jXY9l,,247028,3.919521905057081,18.419566388648395
2019-05,Iqy9A4jXY9l,,247028,2.747335459915063,22.044598716381905
2019-06,Iqy9A4jXY9l,,247028,11.905436074352975,22.90132728221869
2019-07,Iqy9A4jXY9l,,247028,24.62769806067252,22.69233427188929
2019-08,Iqy9A4jXY9l,,247028,12.18970391047456,23.46410601223663
2019-09,Iqy9A4jXY9l,,247028,28.2311340269722,21.721814099853564
2019-10,Iqy9A4jXY9l,,247028,2.4537062080126795,19.44392705590316
2019-11,Iqy9A4jXY9l,,247028,0.5977821172249024,17.281992725003942
2019-12,Iqy9A4jXY9l,,247028,1.5731756749668138,11.6905630803975
2020-01,Iqy9A4jXY9l,,247028,5.099401232291865,10.058055386936372
2020-02,Iqy9A4jXY9l,,247028,2.32640331563876,12.08364967518882
2020-03,Iqy9A4jXY9l,,247028,2.794954461093025,15.14765424580778
2020-04,Iqy9A4jXY9l,,247028,4.557653265897589,17.70514174111252
2020-05,Iqy9A4jXY9l,,247028,5.799753642470888,20.21922743460556
2020-06,Iqy9A4jXY9l,,247028,27.9268744931135,22.035725466096665
2020-07,Iqy9A4jXY9l,,247028,37.2321145593075,22.28818438979044
2020-08,Iqy9A4jXY9l,,247028,20.027207553323617,23.227622176744426
2020-09,Iqy9A4jXY9l,,247028,24.97065611762628,22.090540344417924
2020-10,Iqy9A4jXY9l,,247028,0.5564980491247883,20.819662664613144
2020-11,Iqy9A4jXY9l,,247028,0.1637958282261248,16.04507428447828
2020-12,Iqy9A4jXY9l,,247028,0.4123047343147148,12.739123027163682
2021-01,Iqy9A4jXY9l,,247028,0.4546571481784453,12.041700238739637
2021-02,Iqy9A4jXY9l,,247028,0.8349866189073162,13.7057989617458
2021-03,Iqy9A4jXY9l,,247028,0.8917363010785875,17.241401767410462
2021-04,Iqy9A4jXY9l,,247028,0.9313072620943408,20.076829027659493
2021-05,Iqy9A4jXY9l,,247028,12.713010374466746,20.247750760144328
2021-06,Iqy9A4jXY9l,,247028,21.48515383301916,22.18089707550926
2021-07,Iqy9A4jXY9l,,247028,31.04624158453996,22.62985316000326
2021-08,Iqy9A4jXY9l,,247028,28.84103727431945,22.139798187899576
2021-09,Iqy9A4jXY9l,,247028,11.57642038243969,22.22320722218696
2021-10,Iqy9A4jXY9l,,247028,7.1252925335340125,20.349513004086447
2021-11,Iqy9A4jXY9l,,247028,0.5803194642427422,15.942304041291887
2021-12,Iqy9A4jXY9l,,247028,1.700669869340316,12.70311183347214
2022-01,Iqy9A4jXY9l,0.0,247028,1.6278854800491471,10.10268842562894
2022-02,Iqy9A4jXY9l,0.0,247028,3.1144116718775647,10.972538799555885
2022-03,Iqy9A4jXY9l,0.0,247028,0.624660332918737,17.666594038368657
2022-04,Iqy9A4jXY9l,0.0,247028,3.4407522584333945,20.572466426723725
2022-05,Iqy9A4jXY9l,0.0,247028,8.250093180326802,20.819861401118043
2022-06,Iqy9A4jXY9l,0.0,247028,16.887992239663397,22.289920979870463
2022-07,Iqy9A4jXY9l,1.0,247028,14.589836222302846,23.33955425559928
2022-08,Iqy9A4jXY9l,5.0,247028,13.264795397024658,23.17158114680376
2022-09,Iqy9A4jXY9l,80.0,247028,9.347326987743884,21.91104895603044
2022-10,Iqy9A4jXY9l,105.0,247028,5.725181309843085,19.4054878433666
2022-11,Iqy9A4jXY9l,20.0,247028,0.2584383366647062,16.589831532685377
2022-12,Iqy9A4jXY9l,7.0,247028,0.0827435420706134,13.647162743536478
2023-01,Iqy9A4jXY9l,1.0,247028,0.0392377953098179,12.141831822150056
2023-02,Iqy9A4jXY9l,0.0,247028,0.5067402993570083,14.320131929282368
2023-03,Iqy9A4jXY9l,0.0,247028,1.2517529650452688,16.164549647615
2023-04,Iqy9A4jXY9l,0.0,247028,0.9388428379826924,19.77269543762742
2023-05,Iqy9A4jXY9l,0.0,247028,1.88003592578064,20.94584187691895
2023-06,Iqy9A4jXY9l,2.0,247028,6.171273945559188,23.70252218618841
2023-07,Iqy9A4jXY9l,0.0,247028,11.485948910516894,23.37673317261812
2023-08,Iqy9A4jXY9l,24.0,247028,7.92886977044004,23.08495534064033
2023-09,Iqy9A4jXY9l,21.0,247028,3.7281067668190415,23.42973820424925
2023-10,Iqy9A4jXY9l,428.0,247028,2.015247045832252,19.71295686600491
2023-11,Iqy9A4jXY9l,21.0,247028,0.3310906951461546,16.57194799713798
2023-12,Iqy9A4jXY9l,5.0,247028,0.1744508401575245,13.694229185335072
2024-01,Iqy9A4jXY9l,5.0,247028,0.2539516471393646,11.345104453246044
2024-02,Iqy9A4jXY9l,5.0,247028,0.4671412544403842,13.059532199345824
2024-03,Iqy9A4jXY9l,3.0,247028,1.7789870471301934,16.733770931966205
2024-04,Iqy9A4jXY9l,1.0,247028,0.1140491335283535,22.448037079594165
2024-05,Iqy9A4jXY9l,4.0,247028,4.144003156573804,23.1418530181286
2024-06,Iqy9A4jXY9l,3.0,247028,17.274443593369053,23.527417783420407
2024-07,Iqy9A4jXY9l,19.0,247028,32.68227022614889,23.808741321001808
2024-08,Iqy9A4jXY9l,76.0,247028,19.173763767623047,23.24570900630189
2024-09,Iqy9A4jXY9l,168.0,247028,21.43418764458757,23.17380428423063
2024-10,Iqy9A4jXY9l,107.0,247028,3.515787791932204,20.29154916200484
2024-11,Iqy9A4jXY9l,40.0,247028,1.4717074230453475,16.66995623376602
2024-12,Iqy9A4jXY9l,1.0,247028,0.2019082025178266,13.130776760733806
2016-01,JBTkOU5m0Bu,,193708,1.1033312614780777,-5.6817687819701055
2016-02,JBTkOU5m0Bu,,193708,1.5402130596745995,-3.62666467292394
2016-03,JBTkOU5m0Bu,,193708,1.903118955290375,-0.3202601527117749
2016-04,JBTkOU5m0Bu,,193708,0.8876861437552317,4.710767782827816
2016-05,JBTkOU5m0Bu,,193708,3.26719163570407,7.381453629083907
2016-06,JBTkOU5m0Bu,,193708,7.301792242721595,11.097293210903407
2016-07,JBTkOU5m0Bu,,193708,15.374958278779756,11.880513875231406
2016-08,JBTkOU5m0Bu,,193708,8.275523580363796,11.53339822081269
2016-09,JBTkOU5m0Bu,,193708,4.203273250662635,9.899620762241511
2016-10,JBTkOU5m0Bu,,193708,1.372253483121306,6.132668734738801
2016-11,JBTkOU5m0Bu,,193708,0.0665778941902635,2.441318502573845
2016-12,JBTkOU5m0Bu,,193708,0.4092394008325794,1.961362801574687
2017-01,JBTkOU5m0Bu,,193708,2.8348629552033424,-7.885316807392296
2017-02,JBTkOU5m0Bu,,193708,1.2392853475929702,-3.5545895286779308
2017-03,JBTkOU5m0Bu,,193708,2.3824806767126585,-1.9056079137452155
2017-04,JBTkOU5m0Bu,,193708,2.76153422137228,3.5900452263312244
2017-05,JBTkOU5m0Bu,,193708,3.034982262128405,6.750521093563845
2017-06,JBTkOU5m0Bu,,193708,5.298904405119508,10.08320568773958
2017-07,JBTkOU5m0Bu,,193708,14.995454274256304,11.855892302328312
2017-08,JBTkOU5m0Bu,,193708,13.822189234756165,11.737040734648456
2017-09,JBTkOU5m0Bu,,193708,4.858058886129779,9.901684282625927
2017-10,JBTkOU5m0Bu,,193708,0.947404162379761,6.129786939443179
2017-11,JBTkOU5m0Bu,,193708,0.6043388127290195,-0.0418424599243475
2017-12,JBTkOU5m0Bu,,193708,0.7596233478111041,-3.4451038400270524
2018-01,JBTkOU5m0Bu,,193708,0.5700495528193982,-3.896069425916519
2018-02,JBTkOU5m0Bu,,193708,2.0440774371917896,-3.671460896749319
2018-03,JBTkOU5m0Bu,,193708,1.5674367938625935,-1.260962365258847
2018-04,JBTkOU5m0Bu,,193708,2.090444308879198,3.361934980934359
2018-05,JBTkOU5m0Bu,,193708,2.176341883836165,7.055840812945805
2018-06,JBTkOU5m0Bu,,193708,6.9203345657082025,10.906309983098536
2018-07,JBTkOU5m0Bu,,193708,17.478569540889612,12.186890167646853
2018-08,JBTkOU5m0Bu,,193708,17.97635360295137,11.732250673213166
2018-09,JBTkOU5m0Bu,,193708,6.010344014668991,9.123306136773452
2018-10,JBTkOU5m0Bu,,193708,0.5217822882739898,3.2938454341269003
2018-11,JBTkOU5m0Bu,,193708,0.6715050549200212,0.2285989094206027
2018-12,JBTkOU5m0Bu,,193708,0.4435181816357546,-4.24134902122073
2019-01,JBTkOU5m0Bu,,193708,4.799411810275792,-7.227010967847846
2019-02,JBTkOU5m0Bu,,193708,7.215699706713373,-6.472382845045429
2019-03,JBTkOU5m0Bu,,193708,1.8214427249400351,-3.348701306055263
2019-04,JBTkOU5m0Bu,,193708,2.279995629640528,2.958251716404202
2019-05,JBTkOU5m0Bu,,193708,1.5134977499036368,6.312436438577717
2019-06,JBTkOU5m0Bu,,193708,2.556512964484083,9.692065812386312
2019-07,JBTkOU5m0Bu,,193708,14.624496343823768,11.62507104558371
2019-08,JBTkOU5m0Bu,,193708,10.616753260285602,11.844103387206172
2019-09,JBTkOU5m0Bu,,193708,8.314280335921115,10.188086841922836
2019-10,JBTkOU5m0Bu,,193708,0.980452929550071,5.0590259065987935
2019-11,JBTkOU5m0Bu,,193708,1.4551706231228638,0.0291780129417176
2019-12,JBTkOU5m0Bu,,193708,2.421191765527181,-8.428331203190382
2020-01,JBTkOU5m0Bu,,193708,5.5318642324730565,-8.192667014651255
2020-02,JBTkOU5m0Bu,,193708,0.6735099704276486,-6.279883973717984
2020-03,JBTkOU5m0Bu,,193708,3.610499789227098,-2.9410447719258954
2020-04,JBTkOU5m0Bu,,193708,3.134281372876208,1.813625383190392
2020-05,JBTkOU5m0Bu,,193708,3.032791638599196,6.220151625255329
2020-06,JBTkOU5m0Bu,,193708,6.592612233152193,10.120957117067132
2020-07,JBTkOU5m0Bu,,193708,13.73219283667469,11.909121955051342
2020-08,JBTkOU5m0Bu,,193708,13.7645430725691,12.24347463032312
2020-09,JBTkOU5m0Bu,,193708,5.054140209271731,10.744334435898496
2020-10,JBTkOU5m0Bu,,193708,0.2871927023216113,6.7943779471322
2020-11,JBTkOU5m0Bu,,193708,0.9589804394820658,-0.683071907324967
2020-12,JBTkOU5m0Bu,,193708,0.1019638859840533,-4.523285474653598
2021-01,JBTkOU5m0Bu,,193708,0.8411297965409784,-4.215195082492087
2021-02,JBTkOU5m0Bu,,193708,0.7596822492069387,-3.0519510783925763
2021-03,JBTkOU5m0Bu,,193708,1.3333906432523404,0.0897912738166836
2021-04,JBTkOU5m0Bu,,193708,3.489880247260126,1.360099697259679
2021-05,JBTkOU5m0Bu,,193708,6.879521089474266,6.155550396711586
2021-06,JBTkOU5m0Bu,,193708,12.084349377073853,9.664655503749918
2021-07,JBTkOU5m0Bu,,193708,11.424041130380989,12.154040142405934
2021-08,JBTkOU5m0Bu,,193708,11.684406004425826,11.720407529716478
2021-09,JBTkOU5m0Bu,,193708,6.830386453723623,10.52327995390218
2021-10,JBTkOU5m0Bu,,193708,7.041984646624422,5.9075900119910445
2021-11,JBTkOU5m0Bu,,193708,0.1726787654523525,0.6640340345770206
2021-12,JBTkOU5m0Bu,,193708,2.089883489469819,-6.168983006107081
2022-01,JBTkOU5m0Bu,1.0,193708,2.3492468467382626,-8.250748149396681
2022-02,JBTkOU5m0Bu,0.0,193708,2.7841862263472907,-7.498443928153273
2022-03,JBTkOU5m0Bu,0.0,193708,0.3279640364651647,1.2028104387012186
2022-04,JBTkOU5m0Bu,0.0,193708,0.8840510635487344,6.197083739433755
2022-05,JBTkOU5m0Bu,0.0,193708,3.900032462588489,7.981518973791202
2022-06,JBTkOU5m0Bu,0.0,193708,7.229793774754989,10.983062832730656
2022-07,JBTkOU5m0Bu,0.0,193708,12.402141418094228,12.322390761356887
2022-08,JBTkOU5m0Bu,4.0,193708,11.24273137012474,11.90473238334971
2022-09,JBTkOU5m0Bu,17.0,193708,4.780562681096267,9.53001328574316
2022-10,JBTkOU5m0Bu,7.0,193708,5.767115527854282,3.195743091258767
2022-11,JBTkOU5m0Bu,4.0,193708,0.1725433476265156,-0.4314635997793761
2022-12,JBTkOU5m0Bu,0.0,193708,0.0426541825625993,-2.880444905934
2023-01,JBTkOU5m0Bu,0.0,193708,1.1913404583890574,-5.215459466360488
2023-02,JBTkOU5m0Bu,0.0,193708,0.3267434193893409,-3.183565684929848
2023-03,JBTkOU5m0Bu,1.0,193708,1.5031052795123931,-1.0336600816915933
2023-04,JBTkOU5m0Bu,0.0,193708,1.571312810697925,1.6401765241060409
2023-05,JBTkOU5m0Bu,1.0,193708,1.8341034091759527,4.839469791751666
2023-06,JBTkOU5m0Bu,4.0,193708,2.4518802350661435,9.733799098109934
2023-07,JBTkOU5m0Bu,3.0,193708,7.49801045446802,12.16343240803858
2023-08,JBTkOU5m0Bu,30.0,193708,7.248485698712965,12.104225106271244
2023-09,JBTkOU5m0Bu,20.0,193708,2.7646469614599427,10.569312520502754
2023-10,JBTkOU5m0Bu,13.0,193708,0.7415464800325601,4.572804507549694
2023-11,JBTkOU5m0Bu,0.0,193708,0.3815498340375292,0.1645242124232029
2023-12,JBTkOU5m0Bu,0.0,193708,0.1539854595175719,-3.858973770734377
2024-01,JBTkOU5m0Bu,0.0,193708,0.3265089880786097,-4.650978627188596
2024-02,JBTkOU5m0Bu,0.0,193708,1.7599412386732556,-6.554628179714411
2024-03,JBTkOU5m0Bu,0.0,193708,3.210174239539414,-1.2452323585710037
2024-04,JBTkOU5m0Bu,1.0,193708,0.8730399411953654,3.514351971054998
2024-05,JBTkOU5m0Bu,1.0,193708,2.2003056057386496,8.221855056927033
2024-06,JBTkOU5m0Bu,1.0,193708,3.89972962943219,11.978106736925849
2024-07,JBTkOU5m0Bu,1.0,193708,19.352242964301503,12.832317701114192
2024-08,JBTkOU5m0Bu,1.0,193708,12.73636974260792,12.060848266885309
2024-09,JBTkOU5m0Bu,16.0,193708,7.065277498627041,10.996813399789174
2024-10,JBTkOU5m0Bu,7.0,193708,1.0251726199638274,6.800986352614143
2024-11,JBTkOU5m0Bu,3.0,193708,1.2259835127903442,3.153632574493912
2024-12,JBTkOU5m0Bu,0.0,193708,0.9525778004848444,-2.4142718126514167
2016-01,JH8RPnwv8kB,1.0,544024,,
2016-02,JH8RPnwv8kB,,544024,,
2016-03,JH8RPnwv8kB,,544024,,
2016-04,JH8RPnwv8kB,,544024,,
2016-05,JH8RPnwv8kB,,544024,,
2016-06,JH8RPnwv8kB,,544024,,
2016-07,JH8RPnwv8kB,,544024,,
2016-08,JH8RPnwv8kB,,544024,,
2016-09,JH8RPnwv8kB,,544024,,
2016-10,JH8RPnwv8kB,,544024,,
2016-11,JH8RPnwv8kB,,544024,,
2016-12,JH8RPnwv8kB,,544024,,
2017-01,JH8RPnwv8kB,,544024,,
2017-02,JH8RPnwv8kB,,544024,,
2017-03,JH8RPnwv8kB,,544024,,
2017-04,JH8RPnwv8kB,,544024,,
2017-05,JH8RPnwv8kB,,544024,,
2017-06,JH8RPnwv8kB,,544024,,
2017-07,JH8RPnwv8kB,,544024,,
2017-08,JH8RPnwv8kB,,544024,,
2017-09,JH8RPnwv8kB,,544024,,
2017-10,JH8RPnwv8kB,,544024,,
2017-11,JH8RPnwv8kB,,544024,,
2017-12,JH8RPnwv8kB,,544024,,
2018-01,JH8RPnwv8kB,,544024,,
2018-02,JH8RPnwv8kB,,544024,,
2018-03,JH8RPnwv8kB,,544024,,
2018-04,JH8RPnwv8kB,,544024,,
2018-05,JH8RPnwv8kB,,544024,,
2018-06,JH8RPnwv8kB,,544024,,
2018-07,JH8RPnwv8kB,,544024,,
2018-08,JH8RPnwv8kB,,544024,,
2018-09,JH8RPnwv8kB,,544024,,
2018-10,JH8RPnwv8kB,,544024,,
2018-11,JH8RPnwv8kB,,544024,,
2018-12,JH8RPnwv8kB,,544024,,
2019-01,JH8RPnwv8kB,,544024,,
2019-02,JH8RPnwv8kB,,544024,,
2019-03,JH8RPnwv8kB,,544024,,
2019-04,JH8RPnwv8kB,,544024,,
2019-05,JH8RPnwv8kB,,544024,,
2019-06,JH8RPnwv8kB,,544024,,
2019-07,JH8RPnwv8kB,,544024,,
2019-08,JH8RPnwv8kB,,544024,,
2019-09,JH8RPnwv8kB,,544024,,
2019-10,JH8RPnwv8kB,,544024,,
2019-11,JH8RPnwv8kB,,544024,,
2019-12,JH8RPnwv8kB,,544024,,
2020-01,JH8RPnwv8kB,,544024,,
2020-02,JH8RPnwv8kB,,544024,,
2020-03,JH8RPnwv8kB,,544024,,
2020-04,JH8RPnwv8kB,,544024,,
2020-05,JH8RPnwv8kB,,544024,,
2020-06,JH8RPnwv8kB,,544024,,
2020-07,JH8RPnwv8kB,,544024,,
2020-08,JH8RPnwv8kB,,544024,,
2020-09,JH8RPnwv8kB,,544024,,
2020-10,JH8RPnwv8kB,,544024,,
2020-11,JH8RPnwv8kB,,544024,,
2020-12,JH8RPnwv8kB,,544024,,
2021-01,JH8RPnwv8kB,,544024,,
2021-02,JH8RPnwv8kB,,544024,,
2021-03,JH8RPnwv8kB,,544024,,
2021-04,JH8RPnwv8kB,,544024,,
2021-05,JH8RPnwv8kB,,544024,,
2021-06,JH8RPnwv8kB,,544024,,
2021-07,JH8RPnwv8kB,,544024,,
2021-08,JH8RPnwv8kB,,544024,,
2021-09,JH8RPnwv8kB,,544024,,
2021-10,JH8RPnwv8kB,,544024,,
2021-11,JH8RPnwv8kB,,544024,,
2021-12,JH8RPnwv8kB,,544024,,
2022-01,JH8RPnwv8kB,0.0,544024,,
2022-02,JH8RPnwv8kB,0.0,544024,,
2022-03,JH8RPnwv8kB,0.0,544024,,
2022-04,JH8RPnwv8kB,0.0,544024,,
2022-05,JH8RPnwv8kB,0.0,544024,,
2022-06,JH8RPnwv8kB,1.0,544024,,
2022-07,JH8RPnwv8kB,99.0,544024,,
2022-08,JH8RPnwv8kB,1558.0,544024,,
2022-09,JH8RPnwv8kB,6016.0,544024,,
2022-10,JH8RPnwv8kB,1809.0,544024,,
2022-11,JH8RPnwv8kB,120.0,544024,,
2022-12,JH8RPnwv8kB,11.0,544024,,
2023-01,JH8RPnwv8kB,4.0,544024,,
2023-02,JH8RPnwv8kB,3.0,544024,,
2023-03,JH8RPnwv8kB,1.0,544024,,
2023-04,JH8RPnwv8kB,0.0,544024,,
2023-05,JH8RPnwv8kB,2.0,544024,,
2023-06,JH8RPnwv8kB,8.0,544024,,
2023-07,JH8RPnwv8kB,75.0,544024,,
2023-08,JH8RPnwv8kB,136.0,544024,,
2023-09,JH8RPnwv8kB,82.0,544024,,
2023-10,JH8RPnwv8kB,193.0,544024,,
2023-11,JH8RPnwv8kB,31.0,544024,,
2023-12,JH8RPnwv8kB,8.0,544024,,
2024-01,JH8RPnwv8kB,10.0,544024,,
2024-02,JH8RPnwv8kB,1.0,544024,,
2024-03,JH8RPnwv8kB,4.0,544024,,
2024-04,JH8RPnwv8kB,2.0,544024,,
2024-05,JH8RPnwv8kB,1.0,544024,,
2024-06,JH8RPnwv8kB,2.0,544024,,
2024-07,JH8RPnwv8kB,11.0,544024,,
2024-08,JH8RPnwv8kB,84.0,544024,,
2024-09,JH8RPnwv8kB,400.0,544024,,
2024-10,JH8RPnwv8kB,649.0,544024,,
2024-11,JH8RPnwv8kB,275.0,544024,,
2024-12,JH8RPnwv8kB,3.0,544024,,
2016-01,LnJ8MTOmgGa,,171514,2.707028185222526,9.31841326482354
2016-02,LnJ8MTOmgGa,,171514,1.4942679217050827,13.184476603360384
2016-03,LnJ8MTOmgGa,,171514,2.009648217692346,16.90577505129297
2016-04,LnJ8MTOmgGa,,171514,1.8022123101856904,21.263826744875413
2016-05,LnJ8MTOmgGa,,171514,10.145301179262525,19.767766575586712
2016-06,LnJ8MTOmgGa,,171514,20.62561488174932,21.34612394957005
2016-07,LnJ8MTOmgGa,,171514,33.13532743604485,21.39057375487804
2016-08,LnJ8MTOmgGa,,171514,14.99557431025033,22.19640150580316
2016-09,LnJ8MTOmgGa,,171514,25.74594650693666,20.62728375449458
2016-10,LnJ8MTOmgGa,,171514,4.27887399533132,18.82418435296304
2016-11,LnJ8MTOmgGa,,171514,0.550140800992924,15.22589405095276
2016-12,LnJ8MTOmgGa,,171514,0.9897325308339224,13.172810444567345
2017-01,LnJ8MTOmgGa,,171514,1.4225429718819451,10.677079285074354
2017-02,LnJ8MTOmgGa,,171514,1.426663820696845,13.54948566377525
2017-03,LnJ8MTOmgGa,,171514,4.987100266566693,14.474491352097788
2017-04,LnJ8MTOmgGa,,171514,4.887187741782712,18.629041497293645
2017-05,LnJ8MTOmgGa,,171514,7.792720203878387,19.70396720965322
2017-06,LnJ8MTOmgGa,,171514,16.185284623312345,21.613020945273
2017-07,LnJ8MTOmgGa,,171514,29.15781638961465,21.676951414716257
2017-08,LnJ8MTOmgGa,,171514,26.07215950300173,21.62592214906765
2017-09,LnJ8MTOmgGa,,171514,15.537632508625482,21.08259819630712
2017-10,LnJ8MTOmgGa,,171514,6.2134851664801865,18.833130762507743
2017-11,LnJ8MTOmgGa,,171514,1.0700877668733797,14.798809112645293
2017-12,LnJ8MTOmgGa,,171514,0.4648590484864796,12.945580487291483
2018-01,LnJ8MTOmgGa,,171514,0.8829097769388912,9.672526694702904
2018-02,LnJ8MTOmgGa,,171514,1.913233105811428,12.855608553874672
2018-03,LnJ8MTOmgGa,,171514,2.273890984267277,16.101583841367777
2018-04,LnJ8MTOmgGa,,171514,7.074532589558245,18.03192574793057
2018-05,LnJ8MTOmgGa,,171514,9.352779046875476,19.598069958670024
2018-06,LnJ8MTOmgGa,,171514,15.160810228818509,21.713271740415983
2018-07,LnJ8MTOmgGa,,171514,28.16172902831741,21.840922910604423
2018-08,LnJ8MTOmgGa,,171514,30.98252558433672,21.72382886560421
2018-09,LnJ8MTOmgGa,,171514,9.63889715830708,20.90732662048237
2018-10,LnJ8MTOmgGa,,171514,5.194058388892302,16.953866412698805
2018-11,LnJ8MTOmgGa,,171514,1.7546336045713733,14.311215785432776
2018-12,LnJ8MTOmgGa,,171514,1.4757249132518333,10.79680491219801
2019-01,LnJ8MTOmgGa,,171514,1.541469649076446,9.603022697337956
2019-02,LnJ8MTOmgGa,,171514,3.119437291723878,11.809188505408828
2019-03,LnJ8MTOmgGa,,171514,1.7219969546628628,14.987033104829775
2019-04,LnJ8MTOmgGa,,171514,6.0822907389563365,17.810245993795487
2019-05,LnJ8MTOmgGa,,171514,4.496445441187517,20.74968093820737
2019-06,LnJ8MTOmgGa,,171514,9.997552372533963,21.99273578743092
2019-07,LnJ8MTOmgGa,,171514,37.44780431457729,21.61030660878214
2019-08,LnJ8MTOmgGa,,171514,14.635303245982504,22.366417174880603
2019-09,LnJ8MTOmgGa,,171514,22.00516944829244,20.74485617605977
2019-10,LnJ8MTOmgGa,,171514,5.875447275955644,18.00446790905628
2019-11,LnJ8MTOmgGa,,171514,2.76635359766935,15.49302613444018
2019-12,LnJ8MTOmgGa,,171514,1.4697369737919377,10.453530336681329
2020-01,LnJ8MTOmgGa,,171514,2.934058141079241,9.52540007459828
2020-02,LnJ8MTOmgGa,,171514,3.1503102982985745,11.227528882841971
2020-03,LnJ8MTOmgGa,,171514,3.300301335403637,14.682911768856105
2020-04,LnJ8MTOmgGa,,171514,5.08283737155141,17.72707168982502
2020-05,LnJ8MTOmgGa,,171514,9.266028258669328,19.282974936428857
2020-06,LnJ8MTOmgGa,,171514,18.16179748859428,21.220525634126712
2020-07,LnJ8MTOmgGa,,171514,42.72731672441648,21.349924437774376
2020-08,LnJ8MTOmgGa,,171514,16.563548403994325,22.09677342671029
2020-09,LnJ8MTOmgGa,,171514,24.02585515570389,20.94174693051011
2020-10,LnJ8MTOmgGa,,171514,3.661324259169005,20.02235409766392
2020-11,LnJ8MTOmgGa,,171514,1.2619967367485565,14.982912229861205
2020-12,LnJ8MTOmgGa,,171514,1.165394835484728,11.411443274954571
2021-01,LnJ8MTOmgGa,,171514,1.4639368858956827,10.826493611539297
2021-02,LnJ8MTOmgGa,,171514,1.644122161371832,12.968302516707178
2021-03,LnJ8MTOmgGa,,171514,1.4134027859492706,16.786304191373446
2021-04,LnJ8MTOmgGa,,171514,1.1786329723463205,19.80917752776128
2021-05,LnJ8MTOmgGa,,171514,14.761072946587074,19.485690344165413
2021-06,LnJ8MTOmgGa,,171514,17.31752197378062,21.34224890794621
2021-07,LnJ8MTOmgGa,,171514,22.544732421067497,21.71580656358857
2021-08,LnJ8MTOmgGa,,171514,26.8816465495894,21.34529943495549
2021-09,LnJ8MTOmgGa,,171514,11.19170568800314,21.373599729888795
2021-10,LnJ8MTOmgGa,,171514,11.15418172877207,19.295204928700525
2021-11,LnJ8MTOmgGa,,171514,1.837265427019312,13.97593232645186
2021-12,LnJ8MTOmgGa,,171514,2.2364637520423893,11.29888367853986
2022-01,LnJ8MTOmgGa,0.0,171514,2.2772063465580383,9.063003793678217
2022-02,LnJ8MTOmgGa,0.0,171514,4.115042096999866,9.490277525063018
2022-03,LnJ8MTOmgGa,0.0,171514,1.8594749265437027,17.971681393494258
2022-04,LnJ8MTOmgGa,0.0,171514,5.785679936975823,19.713500015718743
2022-05,LnJ8MTOmgGa,1.0,171514,8.505074879198123,20.21995429035926
2022-06,LnJ8MTOmgGa,0.0,171514,22.411879780949967,21.059098440164213
2022-07,LnJ8MTOmgGa,0.0,171514,21.09079626103836,22.089172363438028
2022-08,LnJ8MTOmgGa,2.0,171514,16.390333921638224,22.029005597461428
2022-09,LnJ8MTOmgGa,75.0,171514,9.596869300632466,20.84506098135381
2022-10,LnJ8MTOmgGa,192.0,171514,2.68913890241688,18.65782202836021
2022-11,LnJ8MTOmgGa,8.0,171514,0.8080680038739751,14.752012811151149
2022-12,LnJ8MTOmgGa,0.0,171514,0.4430427835163253,11.726201220008694
2023-01,LnJ8MTOmgGa,0.0,171514,0.2978050860141115,10.962529703273985
2023-02,LnJ8MTOmgGa,2.0,171514,1.0068760286371232,13.189764079881884
2023-03,LnJ8MTOmgGa,1.0,171514,2.3759411591475312,15.286844111706513
2023-04,LnJ8MTOmgGa,0.0,171514,1.27824940234221,19.41526982902584
2023-05,LnJ8MTOmgGa,0.0,171514,3.743063294680792,20.008832732210056
2023-06,LnJ8MTOmgGa,2.0,171514,6.540195814266966,22.518197719024432
2023-07,LnJ8MTOmgGa,7.0,171514,11.39369464159348,22.27440493697233
2023-08,LnJ8MTOmgGa,12.0,171514,13.43900441305512,21.965840689241663
2023-09,LnJ8MTOmgGa,41.0,171514,6.198860527076595,22.01802390342939
2023-10,LnJ8MTOmgGa,26.0,171514,4.507659893889404,18.497310933715937
2023-11,LnJ8MTOmgGa,1.0,171514,0.9664873305743812,15.38564757712482
2023-12,LnJ8MTOmgGa,0.0,171514,0.6810162021195787,12.454824910310842
2024-01,LnJ8MTOmgGa,1.0,171514,0.9971915878944632,9.761549519440612
2024-02,LnJ8MTOmgGa,0.0,171514,0.6176017823377407,11.873513245071717
2024-03,LnJ8MTOmgGa,1.0,171514,4.016521850316972,15.99585384478211
2024-04,LnJ8MTOmgGa,1.0,171514,0.1923200135892679,21.626478237880427
2024-05,LnJ8MTOmgGa,1.0,171514,7.070420184725287,21.59856560806204
2024-06,LnJ8MTOmgGa,6.0,171514,23.403042807070577,21.990326026198243
2024-07,LnJ8MTOmgGa,5.0,171514,28.07556725526541,22.715391775688232
2024-08,LnJ8MTOmgGa,8.0,171514,16.99412884566293,22.287915216318904
2024-09,LnJ8MTOmgGa,14.0,171514,14.672750406571572,22.302363020036577
2024-10,LnJ8MTOmgGa,23.0,171514,8.880005636422641,18.940812500693443
2024-11,LnJ8MTOmgGa,8.0,171514,2.400619193270348,15.323519760032012
2024-12,LnJ8MTOmgGa,0.0,171514,1.3080037092456425,11.529288533817828
2016-01,N7ioObCpMP3,1.0,230250,1.1725788014730625,10.02114000098958
2016-02,N7ioObCpMP3,,230250,1.0574261447240478,13.3221560855178
2016-03,N7ioObCpMP3,,230250,0.8436680213343315,17.23923138165793
2016-04,N7ioObCpMP3,,230250,0.3318322370567411,22.747308162457287
2016-05,N7ioObCpMP3,,230250,6.13444075532864,21.227665402650143
2016-06,N7ioObCpMP3,,230250,13.321236447790335,22.113650371623905
2016-07,N7ioObCpMP3,,230250,34.51442005992684,21.66534689738241
2016-08,N7ioObCpMP3,,230250,10.787940199796411,22.31169317495345
2016-09,N7ioObCpMP3,,230250,10.53805213176602,20.956458771408407
2016-10,N7ioObCpMP3,,230250,3.188741299814409,18.67375046760297
2016-11,N7ioObCpMP3,,230250,0.272701534361344,15.171322066421926
2016-12,N7ioObCpMP3,,230250,0.3846388950501742,12.994032485462377
2017-01,N7ioObCpMP3,,230250,0.7936091456600421,10.320701447012672
2017-02,N7ioObCpMP3,,230250,0.4677060154320706,13.807305202787038
2017-03,N7ioObCpMP3,,230250,1.8545537724700216,15.473175040917978
2017-04,N7ioObCpMP3,,230250,1.6494209711703869,20.70916995168433
2017-05,N7ioObCpMP3,,230250,7.181921325817747,21.436068140013777
2017-06,N7ioObCpMP3,,230250,8.682476422621571,22.317847380139263
2017-07,N7ioObCpMP3,,230250,20.03483916016853,22.06310990757593
2017-08,N7ioObCpMP3,,230250,23.1237684720586,21.78594247509388
2017-09,N7ioObCpMP3,,230250,7.705713878041001,21.433635753311734
2017-10,N7ioObCpMP3,,230250,1.5650847449416434,19.15989394098767
2017-11,N7ioObCpMP3,,230250,0.3935714321747316,14.861514589795574
2017-12,N7ioObCpMP3,,230250,0.1366663984492954,12.74944412785744
2018-01,N7ioObCpMP3,,230250,0.3431351445384155,10.099033861286438
2018-02,N7ioObCpMP3,,230250,0.5935885876081763,13.456871513492072
2018-03,N7ioObCpMP3,,230250,0.6496669427344302,17.199850927796547
2018-04,N7ioObCpMP3,,230250,3.197910232317689,19.37816682441796
2018-05,N7ioObCpMP3,,230250,5.376158978529731,21.143429960750243
2018-06,N7ioObCpMP3,,230250,7.942822318326014,22.88228016401229
2018-07,N7ioObCpMP3,,230250,24.3085594390522,22.27848093069276
2018-08,N7ioObCpMP3,,230250,21.72498042283502,21.81263108973404
2018-09,N7ioObCpMP3,,230250,5.699190234350388,21.11333866855625
2018-10,N7ioObCpMP3,,230250,0.7863257569415119,17.23748049508466
2018-11,N7ioObCpMP3,,230250,0.8067613005957223,14.96075734667325
2018-12,N7ioObCpMP3,,230250,0.6920900290613825,10.94675393802024
2019-01,N7ioObCpMP3,,230250,1.384343671827339,9.487307083747345
2019-02,N7ioObCpMP3,,230250,3.126254775758772,11.173150102481705
2019-03,N7ioObCpMP3,,230250,1.1554686838174768,14.956640810129874
2019-04,N7ioObCpMP3,,230250,2.615633986906415,19.251981000094457
2019-05,N7ioObCpMP3,,230250,1.0066781747459774,23.226007653909264
2019-06,N7ioObCpMP3,,230250,6.780951715511078,23.55651584024648
2019-07,N7ioObCpMP3,,230250,19.61182692314044,22.15713609594555
2019-08,N7ioObCpMP3,,230250,13.343719601208212,22.522645626872915
2019-09,N7ioObCpMP3,,230250,21.35838371724392,20.915739157011544
2019-10,N7ioObCpMP3,,230250,2.133306310754501,18.05262187781428
2019-11,N7ioObCpMP3,,230250,0.8384882619819943,15.86988937873884
2019-12,N7ioObCpMP3,,230250,0.981697808057984,10.282750406413587
2020-01,N7ioObCpMP3,,230250,4.047331154202374,8.91048559905186
2020-02,N7ioObCpMP3,,230250,2.1842567561964823,11.205110329679863
2020-03,N7ioObCpMP3,,230250,2.009432120150608,14.48526652613842
2020-04,N7ioObCpMP3,,230250,3.998567042051894,18.21775580740596
2020-05,N7ioObCpMP3,,230250,3.749868996705632,20.7052666692092
2020-06,N7ioObCpMP3,,230250,25.950669798959662,21.44232554401834
2020-07,N7ioObCpMP3,,230250,23.049812472570107,21.916935680728884
2020-08,N7ioObCpMP3,,230250,17.660026108968385,22.45587281100081
2020-09,N7ioObCpMP3,,230250,15.267454427536125,21.71197295207906
2020-10,N7ioObCpMP3,,230250,1.151411596903281,19.821594476108647
2020-11,N7ioObCpMP3,,230250,0.4877811564360959,14.616554752840852
2020-12,N7ioObCpMP3,,230250,0.610132921258264,11.670007257036689
2021-01,N7ioObCpMP3,,230250,0.3603639425751281,11.035793583171968
2021-02,N7ioObCpMP3,,230250,0.9945677443768236,12.872669719608242
2021-03,N7ioObCpMP3,,230250,0.6323257598574635,17.243956484943542
2021-04,N7ioObCpMP3,,230250,0.6629979441992055,20.357096648415336
2021-05,N7ioObCpMP3,,230250,11.026604798804208,19.94971052054908
2021-06,N7ioObCpMP3,,230250,22.78341026271736,21.75901973118852
2021-07,N7ioObCpMP3,,230250,16.523309081505573,22.13601965968025
2021-08,N7ioObCpMP3,,230250,22.732722829045933,21.645180358591706
2021-09,N7ioObCpMP3,,230250,8.011448093976462,21.29072059982201
2021-10,N7ioObCpMP3,,230250,7.117581469102046,19.115950717707783
2021-11,N7ioObCpMP3,,230250,1.0515581017858198,14.729410352136696
2021-12,N7ioObCpMP3,,230250,1.5657415900344618,11.09743671100708
2022-01,N7ioObCpMP3,1.0,230250,1.4904007153783945,8.995101939977921
2022-02,N7ioObCpMP3,0.0,230250,2.884413016472344,9.895534640058692
2022-03,N7ioObCpMP3,0.0,230250,0.4440126880020685,18.04971304856905
2022-04,N7ioObCpMP3,0.0,230250,1.128280499327503,22.16085608222955
2022-05,N7ioObCpMP3,0.0,230250,6.967818086176056,20.85295415248937
2022-06,N7ioObCpMP3,1.0,230250,14.886319215793304,22.659925653508523
2022-07,N7ioObCpMP3,6.0,230250,15.034322395063615,22.64542922601752
2022-08,N7ioObCpMP3,6.0,230250,8.41763974030277,22.480301949059733
2022-09,N7ioObCpMP3,25.0,230250,5.555330927684255,21.04937855119817
2022-10,N7ioObCpMP3,6.0,230250,5.906355891472,17.88426509353093
2022-11,N7ioObCpMP3,4.0,230250,0.3812423709531919,14.832804829584289
2022-12,N7ioObCpMP3,0.0,230250,0.1470341527728716,11.975211099048222
2023-01,N7ioObCpMP3,0.0,230250,0.18519230802881,10.792812026930646
2023-02,N7ioObCpMP3,0.0,230250,0.259195397558748,13.699008490900995
2023-03,N7ioObCpMP3,0.0,230250,1.4427091640734084,15.610053943730128
2023-04,N7ioObCpMP3,0.0,230250,0.8083529206633769,19.485725288837774
2023-05,N7ioObCpMP3,0.0,230250,1.7742726936036852,21.23356035149558
2023-06,N7ioObCpMP3,0.0,230250,4.342629838793322,24.26849623900989
2023-07,N7ioObCpMP3,0.0,230250,14.1071201317898,22.67080102999345
2023-08,N7ioObCpMP3,8.0,230250,6.05099625130013,22.296884485344886
2023-09,N7ioObCpMP3,7.0,230250,4.700040675495885,22.12759302752982
2023-10,N7ioObCpMP3,13.0,230250,2.3969877978168324,18.387330917341064
2023-11,N7ioObCpMP3,1.0,230250,0.2464477944530767,15.27442769214301
2023-12,N7ioObCpMP3,0.0,230250,0.3351033013047304,12.392051035024998
2024-01,N7ioObCpMP3,0.0,230250,0.4243089375592291,10.073568890626758
2024-02,N7ioObCpMP3,0.0,230250,0.5190233417212056,11.561676176568614
2024-03,N7ioObCpMP3,1.0,230250,1.1103160885579564,16.237029692086875
2024-04,N7ioObCpMP3,1.0,230250,0.0958611939982982,22.263887683701768
2024-05,N7ioObCpMP3,0.0,230250,2.7779492278435134,23.259393314859363
2024-06,N7ioObCpMP3,1.0,230250,6.657311102829229,24.54817489651882
2024-07,N7ioObCpMP3,0.0,230250,29.49282428828944,23.04172469038828
2024-08,N7ioObCpMP3,9.0,230250,14.716367489538989,22.330030379956675
2024-09,N7ioObCpMP3,12.0,230250,14.199518060068051,22.197126755420832
2024-10,N7ioObCpMP3,18.0,230250,2.1866080157678347,19.41029036567155
2024-11,N7ioObCpMP3,3.0,230250,1.7133743784686093,15.702247712091149
2024-12,N7ioObCpMP3,0.0,230250,0.2402796737465645,11.44301757024956
2016-01,NSLL7YIXBJH,1.0,240339,0.7577149893396398,8.402844721628394
2016-02,NSLL7YIXBJH,,240339,1.3833415789170205,11.2677102475034
2016-03,NSLL7YIXBJH,,240339,1.4534279995789048,14.48203332193022
2016-04,NSLL7YIXBJH,,240339,0.4350251833237317,19.51461104672553
2016-05,NSLL7YIXBJH,,240339,3.329716460929919,19.950824304778376
2016-06,NSLL7YIXBJH,,240339,10.897804592163824,21.0181519879288
2016-07,NSLL7YIXBJH,,240339,25.35825062442401,20.428172409454813
2016-08,NSLL7YIXBJH,,240339,10.403489628545351,20.70151160147191
2016-09,NSLL7YIXBJH,,240339,9.718449185063402,19.577062828596564
2016-10,NSLL7YIXBJH,,240339,1.105970841505919,17.108319787068623
2016-11,NSLL7YIXBJH,,240339,0.0539976835522241,13.905658555113533
2016-12,NSLL7YIXBJH,,240339,0.207708177958016,12.072297675287924
2017-01,NSLL7YIXBJH,,240339,2.1406050782148665,7.402735711192456
2017-02,NSLL7YIXBJH,,240339,0.7777221408870839,11.702745635286911
2017-03,NSLL7YIXBJH,,240339,2.0059728736260825,12.907463133280045
2017-04,NSLL7YIXBJH,,240339,2.364659711644132,17.922350259031795
2017-05,NSLL7YIXBJH,,240339,3.547270005349224,19.69932817968865
2017-06,NSLL7YIXBJH,,240339,7.888562787552954,20.85486049399554
2017-07,NSLL7YIXBJH,,240339,19.237488240290467,20.343578629186947
2017-08,NSLL7YIXBJH,,240339,13.854497153160786,20.366300758859698
2017-09,NSLL7YIXBJH,,240339,6.1453234522487135,19.690451335985795
2017-10,NSLL7YIXBJH,,240339,0.5652360947537348,17.111969177445967
2017-11,NSLL7YIXBJH,,240339,0.3465085551800368,12.61046085423142
2017-12,NSLL7YIXBJH,,240339,0.4313491609143076,10.769720499129534
2018-01,NSLL7YIXBJH,,240339,0.5504087374492003,9.329447167986686
2018-02,NSLL7YIXBJH,,240339,1.0142805635152488,11.377650240235337
2018-03,NSLL7YIXBJH,,240339,1.0427065738828527,14.336980741636156
2018-04,NSLL7YIXBJH,,240339,2.1488362201547697,17.130929261649882
2018-05,NSLL7YIXBJH,,240339,1.955996934096605,20.382570792082
2018-06,NSLL7YIXBJH,,240339,9.62594710085999,21.237273121224888
2018-07,NSLL7YIXBJH,,240339,21.80714539808824,20.84699827579579
2018-08,NSLL7YIXBJH,,240339,22.38381546165607,20.041806155834745
2018-09,NSLL7YIXBJH,,240339,7.250369390472809,19.170750092279224
2018-10,NSLL7YIXBJH,,240339,0.2282095185205494,15.397034623525588
2018-11,NSLL7YIXBJH,,240339,0.33262470762601,12.907644301996948
2018-12,NSLL7YIXBJH,,240339,0.4527724306824836,8.496348465059848
2019-01,NSLL7YIXBJH,,240339,3.7627032899724857,6.996233154224049
2019-02,NSLL7YIXBJH,,240339,5.414600130808227,7.983275666979772
2019-03,NSLL7YIXBJH,,240339,1.513911807644458,11.856772807334131
2019-04,NSLL7YIXBJH,,240339,2.3452789931892712,17.113722512885474
2019-05,NSLL7YIXBJH,,240339,1.547309641383969,20.40591416592694
2019-06,NSLL7YIXBJH,,240339,3.815503389179464,22.131030060425065
2019-07,NSLL7YIXBJH,,240339,18.809031532662985,20.577146631278225
2019-08,NSLL7YIXBJH,,240339,13.178994570535297,20.83038106631254
2019-09,NSLL7YIXBJH,,240339,12.933945136870785,19.40989883772137
2019-10,NSLL7YIXBJH,,240339,1.1452227732855036,16.117504027741397
2019-11,NSLL7YIXBJH,,240339,0.53006062133069,13.891069608309628
2019-12,NSLL7YIXBJH,,240339,2.0573933491945184,7.669880305925775
2020-01,NSLL7YIXBJH,,240339,5.288553089460677,6.1485379476298
2020-02,NSLL7YIXBJH,,240339,1.2992648530320408,8.764282785488623
2020-03,NSLL7YIXBJH,,240339,4.04261248708603,11.426378327660547
2020-04,NSLL7YIXBJH,,240339,3.0567436112105377,15.582368223922012
2020-05,NSLL7YIXBJH,,240339,3.0386398162667723,18.822769634478128
2020-06,NSLL7YIXBJH,,240339,10.94151237783332,20.07269714959221
2020-07,NSLL7YIXBJH,,240339,15.120533755262086,20.45663118619585
2020-08,NSLL7YIXBJH,,240339,15.633417171637069,20.62222730572261
2020-09,NSLL7YIXBJH,,240339,4.963953140918304,20.155125623217945
2020-10,NSLL7YIXBJH,,240339,0.4143657216568516,17.69299571780191
2020-11,NSLL7YIXBJH,,240339,0.3698944915977017,12.352868351873278
2020-12,NSLL7YIXBJH,,240339,0.0640510741843054,9.677799220723664
2021-01,NSLL7YIXBJH,,240339,0.5743401816243733,9.256092636543716
2021-02,NSLL7YIXBJH,,240339,0.7201873525874227,10.735940339876812
2021-03,NSLL7YIXBJH,,240339,0.5867802900780633,14.540389464526756
2021-04,NSLL7YIXBJH,,240339,2.0961499533414965,16.542563697974597
2021-05,NSLL7YIXBJH,,240339,7.013822229535464,18.268142650748764
2021-06,NSLL7YIXBJH,,240339,13.921601445400782,20.034096104132324
2021-07,NSLL7YIXBJH,,240339,14.583542569565092,20.6373734549286
2021-08,NSLL7YIXBJH,,240339,16.2788204348406,20.159808229903074
2021-09,NSLL7YIXBJH,,240339,7.032882791076454,19.58225285747044
2021-10,NSLL7YIXBJH,,240339,8.657677475769363,17.20800866075624
2021-11,NSLL7YIXBJH,,240339,0.1498065731342363,12.936737501408269
2021-12,NSLL7YIXBJH,,240339,1.268061833457216,8.525047428921066
2022-01,NSLL7YIXBJH,0.0,240339,3.150716015419265,6.3954607101228245
2022-02,NSLL7YIXBJH,0.0,240339,2.962361187725955,7.155842241446822
2022-03,NSLL7YIXBJH,0.0,240339,0.3270425152877216,15.230253788567644
2022-04,NSLL7YIXBJH,0.0,240339,0.4557908344833455,20.17224260124536
2022-05,NSLL7YIXBJH,0.0,240339,5.156738929876412,19.38580601986374
2022-06,NSLL7YIXBJH,0.0,240339,8.249748082746327,21.876284740442063
2022-07,NSLL7YIXBJH,3.0,240339,15.767459370514027,20.70544161192598
2022-08,NSLL7YIXBJH,4.0,240339,13.350977375372445,20.64542669253528
2022-09,NSLL7YIXBJH,34.0,240339,5.2655656096498165,19.21778331616038
2022-10,NSLL7YIXBJH,22.0,240339,5.671964972260841,15.453136703017746
2022-11,NSLL7YIXBJH,10.0,240339,0.0604664525757343,12.935951656498856
2022-12,NSLL7YIXBJH,0.0,240339,0.0170947643599162,10.170640831033896
2023-01,NSLL7YIXBJH,0.0,240339,0.5845926023259824,8.70806445043487
2023-02,NSLL7YIXBJH,1.0,240339,0.1366925287996069,11.672379521641057
2023-03,NSLL7YIXBJH,3.0,240339,1.8787701149955671,12.689488647759912
2023-04,NSLL7YIXBJH,0.0,240339,1.4994754695155676,15.623107143115176
2023-05,NSLL7YIXBJH,1.0,240339,2.0865411971243724,17.920223603617163
2023-06,NSLL7YIXBJH,0.0,240339,3.1629194934195533,21.27511362881818
2023-07,NSLL7YIXBJH,0.0,240339,10.049492050198538,20.78696880723756
2023-08,NSLL7YIXBJH,16.0,240339,8.324218089939974,20.546097538359824
2023-09,NSLL7YIXBJH,18.0,240339,3.668867106100276,20.24560839665163
2023-10,NSLL7YIXBJH,15.0,240339,0.60164289905554,16.099595133093157
2023-11,NSLL7YIXBJH,0.0,240339,0.2399339591172515,12.779610807008115
2023-12,NSLL7YIXBJH,0.0,240339,0.0736230462507299,10.210019864730551
2024-01,NSLL7YIXBJH,0.0,240339,0.1987242687656489,8.398575246619956
2024-02,NSLL7YIXBJH,0.0,240339,1.1903001875453507,8.421683253698326
2024-03,NSLL7YIXBJH,0.0,240339,2.2300077214427443,13.277459969534512
2024-04,NSLL7YIXBJH,0.0,240339,0.4810239693244492,18.144381198114218
2024-05,NSLL7YIXBJH,0.0,240339,2.070760871260093,21.38142671502532
2024-06,NSLL7YIXBJH,3.0,240339,4.146393560941492,23.71629494254514
2024-07,NSLL7YIXBJH,3.0,240339,28.1522566743091,21.47465236628233
2024-08,NSLL7YIXBJH,16.0,240339,13.328456630492523,20.806153929264458
2024-09,NSLL7YIXBJH,42.0,240339,7.963309900889753,20.42376106896711
2024-10,NSLL7YIXBJH,42.0,240339,0.8459673403524169,17.52199049407227
2024-11,NSLL7YIXBJH,11.0,240339,0.7737293251693524,13.784053802860097
2024-12,NSLL7YIXBJH,0.0,240339,0.6636942198907886,9.557365572739412
2016-01,O5p5idrXdiw,9.0,1120673,0.5650606494480379,15.96271063031948
2016-02,O5p5idrXdiw,,1120673,0.1966660973188957,19.473107388243537
2016-03,O5p5idrXdiw,,1120673,1.6447441385993269,24.148334266916446
2016-04,O5p5idrXdiw,,1120673,0.4882147382507645,27.72549265416221
2016-05,O5p5idrXdiw,,1120673,7.548795039688532,26.320753744152228
2016-06,O5p5idrXdiw,,1120673,12.311632876259289,27.297340799019324
2016-07,O5p5idrXdiw,,1120673,23.60609855648216,26.536015798530524
2016-08,O5p5idrXdiw,,1120673,7.213910769782252,28.092145636339914
2016-09,O5p5idrXdiw,,1120673,13.32950549458342,26.17596715617396
2016-10,O5p5idrXdiw,,1120673,3.605822854986415,24.879486069653897
2016-11,O5p5idrXdiw,,1120673,0.0040018190022395,21.24473862228093
2016-12,O5p5idrXdiw,,1120673,0.0781268669811998,18.05143777398941
2017-01,O5p5idrXdiw,,1120673,0.2519210930849854,16.521459457526344
2017-02,O5p5idrXdiw,,1120673,0.1617218018977202,19.459980097973474
2017-03,O5p5idrXdiw,,1120673,1.8001929639112937,21.58458329600437
2017-04,O5p5idrXdiw,,1120673,2.4514118647270045,25.19109194325572
2017-05,O5p5idrXdiw,,1120673,4.322013479804265,26.839013214242463
2017-06,O5p5idrXdiw,,1120673,8.62885447070942,27.63114359991941
2017-07,O5p5idrXdiw,,1120673,12.704666237659586,26.96993858625626
2017-08,O5p5idrXdiw,,1120673,19.895444297300063,27.12034533397889
2017-09,O5p5idrXdiw,,1120673,5.988285189017135,27.069368654494
2017-10,O5p5idrXdiw,,1120673,2.032527903805974,25.01037345450386
2017-11,O5p5idrXdiw,,1120673,0.00936824952793,21.088844139671995
2017-12,O5p5idrXdiw,,1120673,0.0122450878260902,18.501010662287904
2018-01,O5p5idrXdiw,,1120673,0.101901025033725,15.688482695387334
2018-02,O5p5idrXdiw,,1120673,0.2526561237212428,19.39073526883352
2018-03,O5p5idrXdiw,,1120673,1.0087182807043524,23.814335047348827
2018-04,O5p5idrXdiw,,1120673,3.831615595839467,25.170242525424182
2018-05,O5p5idrXdiw,,1120673,5.24733239520878,25.81681650663945
2018-06,O5p5idrXdiw,,1120673,17.147182310241796,27.493911534633
2018-07,O5p5idrXdiw,,1120673,14.301502213695814,27.42774541787586
2018-08,O5p5idrXdiw,,1120673,11.556262536987289,27.382033937640585
2018-09,O5p5idrXdiw,,1120673,6.911645485607011,26.83253798746429
2018-10,O5p5idrXdiw,,1120673,1.375338627487588,23.778095356348548
2018-11,O5p5idrXdiw,,1120673,0.1035104924372418,21.058051007310173
2018-12,O5p5idrXdiw,,1120673,0.1053627355427079,17.161729388930183
2019-01,O5p5idrXdiw,,1120673,0.042049754872894,16.44952360136647
2019-02,O5p5idrXdiw,,1120673,2.0504036510438874,18.36431260161124
2019-03,O5p5idrXdiw,,1120673,0.4273280069176792,22.6810438531997
2019-04,O5p5idrXdiw,,1120673,2.860935275457361,25.89044113754769
2019-05,O5p5idrXdiw,,1120673,4.42284247782375,26.98094545083067
2019-06,O5p5idrXdiw,,1120673,11.207857365256247,27.91697719299124
2019-07,O5p5idrXdiw,,1120673,24.597576723028123,27.186756602484564
2019-08,O5p5idrXdiw,,1120673,11.31339179471859,28.0156278768926
2019-09,O5p5idrXdiw,,1120673,17.88822058469693,26.06918510948652
2019-10,O5p5idrXdiw,,1120673,1.485624178038002,24.2277875446612
2019-11,O5p5idrXdiw,,1120673,0.0398201832542743,22.69699011108153
2019-12,O5p5idrXdiw,,1120673,0.2573408486716396,16.330498764094912
2020-01,O5p5idrXdiw,,1120673,0.739444372374737,15.644732112389525
2020-02,O5p5idrXdiw,,1120673,1.216951861342826,18.27813545441253
2020-03,O5p5idrXdiw,,1120673,1.0914692260614736,22.861240002487943
2020-04,O5p5idrXdiw,,1120673,3.5777526199456915,25.258826241630253
2020-05,O5p5idrXdiw,,1120673,5.222818580443719,25.90625695525805
2020-06,O5p5idrXdiw,,1120673,13.366786900879864,26.897570383907425
2020-07,O5p5idrXdiw,,1120673,19.756385121520225,26.742991730259305
2020-08,O5p5idrXdiw,,1120673,7.188618739156491,27.806177292236544
2020-09,O5p5idrXdiw,,1120673,14.436515522440164,26.48010275905165
2020-10,O5p5idrXdiw,,1120673,1.616283050424209,25.684628985846004
2020-11,O5p5idrXdiw,,1120673,0.0451681575640647,20.544674063110588
2020-12,O5p5idrXdiw,,1120673,0.0795199586351372,17.020940874243276
2021-01,O5p5idrXdiw,,1120673,0.1789987273371814,16.376380099985393
2021-02,O5p5idrXdiw,,1120673,0.0993278968835674,18.904263223996463
2021-03,O5p5idrXdiw,,1120673,0.3781787088843651,23.797717685295503
2021-04,O5p5idrXdiw,,1120673,1.2040930238656544,27.02937841247015
2021-05,O5p5idrXdiw,,1120673,9.264473301390124,25.89712624923272
2021-06,O5p5idrXdiw,,1120673,10.318630822019816,26.96163821315664
2021-07,O5p5idrXdiw,,1120673,16.751917963725617,27.4211919626368
2021-08,O5p5idrXdiw,,1120673,13.00607772420186,26.770826561564164
2021-09,O5p5idrXdiw,,1120673,4.594945675914679,27.24089795558748
2021-10,O5p5idrXdiw,,1120673,7.229337854806936,25.106658654292307
2021-11,O5p5idrXdiw,,1120673,0.0125953598504504,19.51828020547871
2021-12,O5p5idrXdiw,,1120673,0.4231560900877638,16.941701757123454
2022-01,O5p5idrXdiw,1.0,1120673,0.2115364433505046,15.47545072858222
2022-02,O5p5idrXdiw,0.0,1120673,1.469311604118335,16.40510565515227
2022-03,O5p5idrXdiw,0.0,1120673,0.2558685909197289,24.896876637709653
2022-04,O5p5idrXdiw,1.0,1120673,3.005504163520569,26.01115552193852
2022-05,O5p5idrXdiw,0.0,1120673,6.053841210392833,26.56293272684325
2022-06,O5p5idrXdiw,3.0,1120673,15.868911609937598,26.448361520357103
2022-07,O5p5idrXdiw,2.0,1120673,7.780429967563604,28.018878331997445
2022-08,O5p5idrXdiw,3.0,1120673,7.924774420236357,27.91231900075184
2022-09,O5p5idrXdiw,65.0,1120673,5.038134767030628,26.588607147594537
2022-10,O5p5idrXdiw,54.0,1120673,1.770119081829736,24.3471670426211
2022-11,O5p5idrXdiw,37.0,1120673,0.0111144385612634,20.777624315959443
2022-12,O5p5idrXdiw,11.0,1120673,0.0066696570194398,17.7999171405631
2023-01,O5p5idrXdiw,2.0,1120673,0.0200645021367304,15.902884085606589
2023-02,O5p5idrXdiw,2.0,1120673,0.0586225589855637,19.788875117002963
2023-03,O5p5idrXdiw,3.0,1120673,1.520541413968362,22.80299965647254
2023-04,O5p5idrXdiw,3.0,1120673,0.4257461345231551,26.525799582432075
2023-05,O5p5idrXdiw,1.0,1120673,1.605996590624849,27.998421373493443
2023-06,O5p5idrXdiw,7.0,1120673,4.759713618179797,28.8314633786751
2023-07,O5p5idrXdiw,739.0,1120673,6.588187269555756,28.09214232223259
2023-08,O5p5idrXdiw,1487.0,1120673,5.750299286804679,27.773401850882514
2023-09,O5p5idrXdiw,22.0,1120673,7.12369888186044,27.898430038181417
2023-10,O5p5idrXdiw,36.0,1120673,2.1190110560765314,24.83085174832548
2023-11,O5p5idrXdiw,20.0,1120673,0.017810783082199,22.025387564009574
2023-12,O5p5idrXdiw,6.0,1120673,0.1438105633699192,18.37802619214724
2024-01,O5p5idrXdiw,8.0,1120673,0.0340573103741709,15.933850346085936
2024-02,O5p5idrXdiw,1.0,1120673,0.1049063927290529,18.003126544493853
2024-03,O5p5idrXdiw,2.0,1120673,1.9766401746986733,22.732162533053188
2024-04,O5p5idrXdiw,1.0,1120673,0.073441099640739,28.34109671077633
2024-05,O5p5idrXdiw,1.0,1120673,3.447766918370761,29.06696173063668
2024-06,O5p5idrXdiw,2.0,1120673,12.091734908748268,27.684751763703247
2024-07,O5p5idrXdiw,5.0,1120673,15.87183497401196,27.99351379230293
2024-08,O5p5idrXdiw,54.0,1120673,11.752763809372851,27.766977877234748
2024-09,O5p5idrXdiw,82.0,1120673,14.930573585456754,27.998656253407795
2024-10,O5p5idrXdiw,91.0,1120673,1.954938502550072,25.266815022608657
2024-11,O5p5idrXdiw,75.0,1120673,0.0873643338824391,21.84759888536001
2024-12,O5p5idrXdiw,2.0,1120673,0.0358857394735259,17.526759478555846
2016-01,P53hVYydxdc,,190322,1.378182789171846,3.236277763243657
2016-02,P53hVYydxdc,,190322,1.338797799866102,6.498271736993181
2016-03,P53hVYydxdc,,190322,1.6425101359950682,9.83941624928804
2016-04,P53hVYydxdc,,190322,1.2221467887583253,14.896894814946789
2016-05,P53hVYydxdc,,190322,4.646692180953448,15.175525292639572
2016-06,P53hVYydxdc,,190322,9.968200104728156,17.2831814680048
2016-07,P53hVYydxdc,,190322,20.599205732499044,17.642691274477315
2016-08,P53hVYydxdc,,190322,7.525716534704031,17.769802405011728
2016-09,P53hVYydxdc,,190322,6.900242735955321,16.46646272699029
2016-10,P53hVYydxdc,,190322,1.628142864570489,13.36240393218396
2016-11,P53hVYydxdc,,190322,0.1727871221434157,9.752761946732226
2016-12,P53hVYydxdc,,190322,0.3865787303091231,8.229336099836932
2017-01,P53hVYydxdc,,190322,1.428885480381694,2.947114510931549
2017-02,P53hVYydxdc,,190322,0.5984892535216229,7.098370677658981
2017-03,P53hVYydxdc,,190322,2.1270272240439287,8.264991671101086
2017-04,P53hVYydxdc,,190322,2.7734595177517587,13.507377683789365
2017-05,P53hVYydxdc,,190322,5.186984029111739,15.052508707199086
2017-06,P53hVYydxdc,,190322,7.228284709194552,17.23946950499081
2017-07,P53hVYydxdc,,190322,18.37200082317053,17.68818581967369
2017-08,P53hVYydxdc,,190322,12.507748843627628,17.616655515778408
2017-09,P53hVYydxdc,,190322,4.89034399132933,16.639577782203855
2017-10,P53hVYydxdc,,190322,1.0602155671476317,13.761889325610609
2017-11,P53hVYydxdc,,190322,0.3879930329161798,9.07586213053236
2017-12,P53hVYydxdc,,190322,0.2621793359401703,7.567754751338844
2018-01,P53hVYydxdc,,190322,0.4920103728548753,5.325470948970161
2018-02,P53hVYydxdc,,190322,1.0685040544973958,7.024292321005986
2018-03,P53hVYydxdc,,190322,1.7457198404760328,9.527815812676808
2018-04,P53hVYydxdc,,190322,3.931772873993459,12.42863855481165
2018-05,P53hVYydxdc,,190322,3.179807892630007,15.273024881720168
2018-06,P53hVYydxdc,,190322,8.575159320499239,17.69869107416946
2018-07,P53hVYydxdc,,190322,22.511751336763925,18.06304357244519
2018-08,P53hVYydxdc,,190322,18.039729210016304,17.529197497799064
2018-09,P53hVYydxdc,,190322,4.514797196967876,16.150853755822414
2018-10,P53hVYydxdc,,190322,0.7379380350037155,11.380639982711076
2018-11,P53hVYydxdc,,190322,0.4484198445282441,8.930732384383758
2018-12,P53hVYydxdc,,190322,0.5619106696575683,4.415246418931764
2019-01,P53hVYydxdc,,190322,2.567607380887096,2.36123231803673
2019-02,P53hVYydxdc,,190322,5.669853184820065,4.056851663386836
2019-03,P53hVYydxdc,,190322,1.4925142168350158,7.602441613140074
2019-04,P53hVYydxdc,,190322,2.434204852112381,12.210184973729037
2019-05,P53hVYydxdc,,190322,1.917271484816525,15.86182696558208
2019-06,P53hVYydxdc,,190322,4.77904557599686,17.899684960325853
2019-07,P53hVYydxdc,,190322,15.389363434216298,17.774614336590695
2019-08,P53hVYydxdc,,190322,11.745640136657954,17.909509279386356
2019-09,P53hVYydxdc,,190322,12.006383450755102,16.490348719761766
2019-10,P53hVYydxdc,,190322,1.2889895716346866,12.768976054015296
2019-11,P53hVYydxdc,,190322,0.462030031473568,10.290770179737692
2019-12,P53hVYydxdc,,190322,1.7267340423049162,3.8982577073084497
2020-01,P53hVYydxdc,,190322,3.4694108739471745,2.132812762346753
2020-02,P53hVYydxdc,,190322,1.4778819559034109,4.1763834691203465
2020-03,P53hVYydxdc,,190322,2.5014315743101747,7.449243704058404
2020-04,P53hVYydxdc,,190322,3.471350498243669,10.91723055899666
2020-05,P53hVYydxdc,,190322,3.673940576114536,14.458909626721107
2020-06,P53hVYydxdc,,190322,12.2830538740213,16.609367429984395
2020-07,P53hVYydxdc,,190322,15.991040637761117,17.623851543918235
2020-08,P53hVYydxdc,,190322,15.85605085249122,17.958964368097103
2020-09,P53hVYydxdc,,190322,7.725849523264289,16.980479627739445
2020-10,P53hVYydxdc,,190322,0.5634499137067587,14.14278788046347
2020-11,P53hVYydxdc,,190322,0.7730953316498407,8.30388209864533
2020-12,P53hVYydxdc,,190322,0.1649896638324298,6.273108212432402
2021-01,P53hVYydxdc,,190322,0.2418141276298484,6.110895605493799
2021-02,P53hVYydxdc,,190322,0.9566461559845736,6.1789582551437
2021-03,P53hVYydxdc,,190322,1.4816506354501415,9.986601365145876
2021-04,P53hVYydxdc,,190322,2.8013964514466454,12.093748515971352
2021-05,P53hVYydxdc,,190322,7.263208095701807,14.2714006938377
2021-06,P53hVYydxdc,,190322,15.825057464755089,16.71044059335565
2021-07,P53hVYydxdc,,190322,14.855363251073843,17.666139956603438
2021-08,P53hVYydxdc,,190322,14.118580497408056,17.273273048484324
2021-09,P53hVYydxdc,,190322,8.63857258366337,16.625916359971352
2021-10,P53hVYydxdc,,190322,5.701352748143272,13.91206396175678
2021-11,P53hVYydxdc,,190322,0.2956059827271504,9.263191501988166
2021-12,P53hVYydxdc,,190322,1.766336623554273,4.384028010202379
2022-01,P53hVYydxdc,0.0,190322,1.8512821389218448,2.03167956343425
2022-02,P53hVYydxdc,0.0,190322,2.4378152756302067,2.8434942712549827
2022-03,P53hVYydxdc,0.0,190322,0.7044594071425155,10.43768229983074
2022-04,P53hVYydxdc,0.0,190322,1.6925140986747975,15.025978216206497
2022-05,P53hVYydxdc,0.0,190322,4.7562880670889065,15.159887470471796
2022-06,P53hVYydxdc,1.0,190322,7.585913268277678,17.65134984449253
2022-07,P53hVYydxdc,0.0,190322,17.70723396184267,17.90803138526064
2022-08,P53hVYydxdc,0.0,190322,11.1553712459011,17.791891450913695
2022-09,P53hVYydxdc,11.0,190322,5.625510517134845,16.261179435259148
2022-10,P53hVYydxdc,1.0,190322,5.467925098418967,11.997661003330323
2022-11,P53hVYydxdc,0.0,190322,0.2363455455994579,9.068853048344716
2022-12,P53hVYydxdc,0.0,190322,0.0196112839850714,6.685600967515949
2023-01,P53hVYydxdc,0.0,190322,0.5966037095044839,4.6388505059596055
2023-02,P53hVYydxdc,0.0,190322,0.2513188223604181,7.378334907923549
2023-03,P53hVYydxdc,1.0,190322,1.7685996395363552,8.310933597487073
2023-04,P53hVYydxdc,0.0,190322,1.7672898390600016,11.50009892705686
2023-05,P53hVYydxdc,0.0,190322,2.146844974112895,13.893326212798671
2023-06,P53hVYydxdc,0.0,190322,4.82463662840584,17.67497058781907
2023-07,P53hVYydxdc,0.0,190322,8.91982521801732,18.088678074900344
2023-08,P53hVYydxdc,0.0,190322,8.174728140875843,17.563315260762568
2023-09,P53hVYydxdc,23.0,190322,3.188620930135686,17.212088642730723
2023-10,P53hVYydxdc,31.0,190322,1.6954581785174905,12.5306136632776
2023-11,P53hVYydxdc,11.0,190322,0.3779169663933102,9.2101179319685
2023-12,P53hVYydxdc,4.0,190322,0.5108057368301588,6.203668366740766
2024-01,P53hVYydxdc,0.0,190322,0.3623085233479665,4.71752403051044
2024-02,P53hVYydxdc,0.0,190322,0.9379067543203612,4.2544942726734245
2024-03,P53hVYydxdc,1.0,190322,2.060946203416707,9.059503547160704
2024-04,P53hVYydxdc,0.0,190322,1.659339017789074,13.845125631619464
2024-05,P53hVYydxdc,0.0,190322,3.175894724380921,16.542110400894728
2024-06,P53hVYydxdc,0.0,190322,5.933850533368143,19.0246697719607
2024-07,P53hVYydxdc,0.0,190322,22.52177432051992,18.688697970776065
2024-08,P53hVYydxdc,3.0,190322,16.10117178309332,17.88407322368396
2024-09,P53hVYydxdc,14.0,190322,11.181342797365888,17.326125232710154
2024-10,P53hVYydxdc,9.0,190322,1.174219425449951,13.847727670008148
2024-11,P53hVYydxdc,1.0,190322,1.0704571152763025,9.800611955869062
2024-12,P53hVYydxdc,0.0,190322,0.4865829730774721,5.954150115206308
2016-01,PUPCyKcUwlS,1.0,693218,0.3424341299062861,16.73399855605195
2016-02,PUPCyKcUwlS,,693218,0.0617007564952896,20.58695466763022
2016-03,PUPCyKcUwlS,,693218,1.0919544746668826,25.77167037301937
2016-04,PUPCyKcUwlS,,693218,0.2073188808463001,30.19027144412225
2016-05,PUPCyKcUwlS,,693218,8.109883777569468,27.389701167773502
2016-06,PUPCyKcUwlS,,693218,11.439041408831343,27.90411156882605
2016-07,PUPCyKcUwlS,,693218,14.971405301115432,27.122415203999687
2016-08,PUPCyKcUwlS,,693218,7.52781599955303,28.62411985984698
2016-09,PUPCyKcUwlS,,693218,13.65742223117805,26.54311397731628
2016-10,PUPCyKcUwlS,,693218,3.4598038244713365,25.417775908041733
2016-11,PUPCyKcUwlS,,693218,0.0052720303254274,21.726167841162447
2016-12,PUPCyKcUwlS,,693218,0.0926423720324755,18.365191365868625
2017-01,PUPCyKcUwlS,,693218,0.0945232662229664,16.760176526961345
2017-02,PUPCyKcUwlS,,693218,0.0194986501345807,20.039062136780835
2017-03,PUPCyKcUwlS,,693218,1.537824418411061,22.25349154401555
2017-04,PUPCyKcUwlS,,693218,2.1565418855524783,26.54045585838334
2017-05,PUPCyKcUwlS,,693218,3.1482346658907168,28.168642109373376
2017-06,PUPCyKcUwlS,,693218,6.482722216527275,28.564097201469828
2017-07,PUPCyKcUwlS,,693218,10.656491075920526,27.43512747143447
2017-08,PUPCyKcUwlS,,693218,17.79129532001969,27.576328745960137
2017-09,PUPCyKcUwlS,,693218,5.547415274970546,27.59451786019177
2017-10,PUPCyKcUwlS,,693218,2.59599247114232,25.54914502164507
2017-11,PUPCyKcUwlS,,693218,0.0031854116570412,21.46288416586404
2017-12,PUPCyKcUwlS,,693218,0.0017009535924261,18.82752843928633
2018-01,PUPCyKcUwlS,,693218,0.0300102674269116,15.803835568339029
2018-02,PUPCyKcUwlS,,693218,0.1623870272280481,20.000826487966776
2018-03,PUPCyKcUwlS,,693218,0.2842498611537404,24.957745432556003
2018-04,PUPCyKcUwlS,,693218,2.8443009332368194,26.6954375285022
2018-05,PUPCyKcUwlS,,693218,3.061965518445072,27.25603193320258
2018-06,PUPCyKcUwlS,,693218,14.387014405535728,28.50519577572178
2018-07,PUPCyKcUwlS,,693218,10.072386770827526,28.0491333883245
2018-08,PUPCyKcUwlS,,693218,9.39267428282176,27.887504306108685
2018-09,PUPCyKcUwlS,,693218,5.07300891461111,27.53384862905768
2018-10,PUPCyKcUwlS,,693218,0.9002417544488972,24.721400040386207
2018-11,PUPCyKcUwlS,,693218,0.0186793460874336,22.092362719064617
2018-12,PUPCyKcUwlS,,693218,0.0471687425593818,17.683717396261134
2019-01,PUPCyKcUwlS,,693218,0.0878885873134264,16.757148880030552
2019-02,PUPCyKcUwlS,,693218,2.386893869022621,18.91172728553067
2019-03,PUPCyKcUwlS,,693218,0.284334511825093,23.50622834423965
2019-04,PUPCyKcUwlS,,693218,2.7014557954363334,26.857801123586743
2019-05,PUPCyKcUwlS,,693218,1.1290481799770244,29.48096466468797
2019-06,PUPCyKcUwlS,,693218,6.001399535891652,29.43176242072959
2019-07,PUPCyKcUwlS,,693218,22.39846204515496,27.86442956523168
2019-08,PUPCyKcUwlS,,693218,9.163781076298475,28.543357873542146
2019-09,PUPCyKcUwlS,,693218,18.594656486732813,26.572336290829487
2019-10,PUPCyKcUwlS,,693218,0.9306758405796705,24.942945123531462
2019-11,PUPCyKcUwlS,,693218,0.0361618100813051,23.259791757832687
2019-12,PUPCyKcUwlS,,693218,0.434149135959912,16.46657149263538
2020-01,PUPCyKcUwlS,,693218,0.8770339150733708,15.942748371022486
2020-02,PUPCyKcUwlS,,693218,0.999478118201512,18.61443203565148
2020-03,PUPCyKcUwlS,,693218,1.1257122845665115,23.675762020422923
2020-04,PUPCyKcUwlS,,693218,1.875357090939506,26.74600806335156
2020-05,PUPCyKcUwlS,,693218,2.916768971635056,27.31378370542205
2020-06,PUPCyKcUwlS,,693218,13.063618528764016,27.66126003212552
2020-07,PUPCyKcUwlS,,693218,17.971324931949777,27.309681512740173
2020-08,PUPCyKcUwlS,,693218,6.934728272241189,28.32388657497729
2020-09,PUPCyKcUwlS,,693218,20.006425263891668,27.072368245287745
2020-10,PUPCyKcUwlS,,693218,1.5310820154582292,26.163780784641563
2020-11,PUPCyKcUwlS,,693218,0.0166634310150182,21.05772775894676
2020-12,PUPCyKcUwlS,,693218,0.0379465091029399,17.43354767778455
2021-01,PUPCyKcUwlS,,693218,0.0375959286726223,16.545258492383375
2021-02,PUPCyKcUwlS,,693218,0.0848803174924568,19.47408527567081
2021-03,PUPCyKcUwlS,,693218,0.0655873193005037,24.97231982075625
2021-04,PUPCyKcUwlS,,693218,0.5691624972032854,28.363681691905683
2021-05,PUPCyKcUwlS,,693218,8.97556232986066,26.69553536498968
2021-06,PUPCyKcUwlS,,693218,8.911863042286983,27.630283405249752
2021-07,PUPCyKcUwlS,,693218,9.202721027281855,28.001330886498085
2021-08,PUPCyKcUwlS,,693218,11.346466692761023,27.26694695588814
2021-09,PUPCyKcUwlS,,693218,4.219599232070186,27.770022750479093
2021-10,PUPCyKcUwlS,,693218,8.329915714252037,25.70730007963325
2021-11,PUPCyKcUwlS,,693218,0.0033435082891677,20.225649941442075
2021-12,PUPCyKcUwlS,,693218,0.7034064296233016,17.344596141623178
2022-01,PUPCyKcUwlS,0.0,693218,0.3127759465013939,15.524487430812
2022-02,PUPCyKcUwlS,0.0,693218,1.1879640978232004,17.08452164133574
2022-03,PUPCyKcUwlS,0.0,693218,0.0582398901431259,25.7219300265943
2022-04,PUPCyKcUwlS,0.0,693218,0.7469002919005097,28.22917758730054
2022-05,PUPCyKcUwlS,0.0,693218,7.260638616877072,28.01771213888232
2022-06,PUPCyKcUwlS,0.0,693218,9.470495069796204,27.36819450866769
2022-07,PUPCyKcUwlS,0.0,693218,6.664671064777578,28.70476354835279
2022-08,PUPCyKcUwlS,3.0,693218,8.055022599975006,28.43892434829531
2022-09,PUPCyKcUwlS,24.0,693218,4.050739251063722,27.0801607732307
2022-10,PUPCyKcUwlS,9.0,693218,1.30015372831217,24.90626652372616
2022-11,PUPCyKcUwlS,6.0,693218,0.0099343547895328,21.45628991365259
2022-12,PUPCyKcUwlS,0.0,693218,0.0024477668050997,18.26989530679407
2023-01,PUPCyKcUwlS,0.0,693218,0.0082198152051155,15.946894857506036
2023-02,PUPCyKcUwlS,0.0,693218,0.0060985709619929,20.36113603196216
2023-03,PUPCyKcUwlS,0.0,693218,1.0451990452875677,23.65737359578684
2023-04,PUPCyKcUwlS,1.0,693218,0.3195004740107629,28.071974171706263
2023-05,PUPCyKcUwlS,0.0,693218,0.8250628776209402,29.12950075281812
2023-06,PUPCyKcUwlS,5.0,693218,2.5809434158389064,30.28854661438141
2023-07,PUPCyKcUwlS,20.0,693218,5.169813378948398,28.66362488077886
2023-08,PUPCyKcUwlS,90.0,693218,6.04902112568379,28.2775428809012
2023-09,PUPCyKcUwlS,39.0,693218,5.4964134268929445,28.38025518247751
2023-10,PUPCyKcUwlS,5.0,693218,1.54936273162133,25.398269418725576
2023-11,PUPCyKcUwlS,1.0,693218,0.0243835748145137,22.666322179658632
2023-12,PUPCyKcUwlS,1.0,693218,0.0913152702211362,18.605966000999388
2024-01,PUPCyKcUwlS,1.0,693218,0.0226632688828364,16.02045227350379
2024-02,PUPCyKcUwlS,0.0,693218,0.1410247819105845,18.444758318784096
2024-03,PUPCyKcUwlS,0.0,693218,1.9817938819559968,23.35845377374587
2024-04,PUPCyKcUwlS,1.0,693218,0.0474904661678102,29.95801393841823
2024-05,PUPCyKcUwlS,1.0,693218,2.537669509539332,29.897314905343027
2024-06,PUPCyKcUwlS,0.0,693218,4.936054920192171,28.90526668531295
2024-07,PUPCyKcUwlS,0.0,693218,13.6662801591843,28.62884875182147
2024-08,PUPCyKcUwlS,10.0,693218,8.434215743869972,28.321655481315915
2024-09,PUPCyKcUwlS,29.0,693218,9.947203588431032,28.45929110398552
2024-10,PUPCyKcUwlS,13.0,693218,1.348906367507858,26.002472847061323
2024-11,PUPCyKcUwlS,8.0,693218,0.0898941344296228,22.452287212678744
2024-12,PUPCyKcUwlS,0.0,693218,0.024680749840288,17.756045134530385
2016-01,PdRpVxkVd9a,37.0,592406,0.3425794711590439,14.638323230930345
2016-02,PdRpVxkVd9a,,592406,0.1001463253372533,18.80776923065676
2016-03,PdRpVxkVd9a,,592406,0.8369197236207031,23.72344862435865
2016-04,PdRpVxkVd9a,,592406,0.059950162635866,29.65265022477769
2016-05,PdRpVxkVd9a,,592406,1.940604133768005,29.425961325297425
2016-06,PdRpVxkVd9a,,592406,4.630612743303994,29.781670500543296
2016-07,PdRpVxkVd9a,,592406,16.640074455521468,26.952143320879973
2016-08,PdRpVxkVd9a,,592406,5.598668080715439,27.8393957132166
2016-09,PdRpVxkVd9a,,592406,4.925486088992876,26.4796230604617
2016-10,PdRpVxkVd9a,,592406,1.4858820328526745,24.356886129493336
2016-11,PdRpVxkVd9a,,592406,0.0091695161730184,20.072590295331963
2016-12,PdRpVxkVd9a,,592406,0.060093317734881,16.52979220449093
2017-01,PdRpVxkVd9a,,592406,0.8671299712059112,14.862414302499534
2017-02,PdRpVxkVd9a,,592406,0.1930663451808636,18.310443592108754
2017-03,PdRpVxkVd9a,,592406,0.5420902201473652,21.868342192612385
2017-04,PdRpVxkVd9a,,592406,1.009124614671148,27.857682650838893
2017-05,PdRpVxkVd9a,,592406,1.5971309372623903,30.19921298030261
2017-06,PdRpVxkVd9a,,592406,3.873542486208058,30.215869442108904
2017-07,PdRpVxkVd9a,,592406,12.703910964583931,27.396940967076127
2017-08,PdRpVxkVd9a,,592406,9.14367517688854,27.20543745275408
2017-09,PdRpVxkVd9a,,592406,3.967287916309824,27.298753725673222
2017-10,PdRpVxkVd9a,,592406,0.2890643893863374,25.02317486764328
2017-11,PdRpVxkVd9a,,592406,0.0594259479190665,19.791977943460783
2017-12,PdRpVxkVd9a,,592406,0.1037395455460258,16.52028347046141
2018-01,PdRpVxkVd9a,,592406,0.0885632584695672,13.279964052288678
2018-02,PdRpVxkVd9a,,592406,0.1471579177909622,18.23923534887372
2018-03,PdRpVxkVd9a,,592406,0.2363287575533671,23.62082563174889
2018-04,PdRpVxkVd9a,,592406,0.7484441073626044,27.19174835055901
2018-05,PdRpVxkVd9a,,592406,1.1829505520075094,29.943510959549208
2018-06,PdRpVxkVd9a,,592406,2.1468825329600083,31.28479157023833
2018-07,PdRpVxkVd9a,,592406,12.194030281829187,28.02725312579952
2018-08,PdRpVxkVd9a,,592406,14.98225828914818,27.07600984153172
2018-09,PdRpVxkVd9a,,592406,3.0923668506947264,26.82460909988791
2018-10,PdRpVxkVd9a,,592406,0.0578151337408645,23.327775610391765
2018-11,PdRpVxkVd9a,,592406,0.0070057687075519,19.76532311965217
2018-12,PdRpVxkVd9a,,592406,0.0225340603700936,15.024268472394994
2019-01,PdRpVxkVd9a,,592406,0.8676309614662069,14.433198274225408
2019-02,PdRpVxkVd9a,,592406,2.1426194179036826,16.51044618587114
2019-03,PdRpVxkVd9a,,592406,0.1748939061970912,21.42140464863507
2019-04,PdRpVxkVd9a,,592406,0.64123414400337,27.65128798215564
2019-05,PdRpVxkVd9a,,592406,0.5364838179824604,30.95970330324732
2019-06,PdRpVxkVd9a,,592406,5.41466506241879,31.309981719075708
2019-07,PdRpVxkVd9a,,592406,15.836165939332476,27.72547189045547
2019-08,PdRpVxkVd9a,,592406,7.724274510673711,27.93119167350896
2019-09,PdRpVxkVd9a,,592406,10.225493895927375,26.246062925253867
2019-10,PdRpVxkVd9a,,592406,0.7915155261862113,23.82408313279696
2019-11,PdRpVxkVd9a,,592406,0.0901890098184177,20.619144521400543
2019-12,PdRpVxkVd9a,,592406,0.6746615436321854,14.212439392814106
2020-01,PdRpVxkVd9a,,592406,2.510252384768484,13.559023043784585
2020-02,PdRpVxkVd9a,,592406,0.6805655393121416,16.089135337634282
2020-03,PdRpVxkVd9a,,592406,0.8120744973889427,20.79918551523604
2020-04,PdRpVxkVd9a,,592406,1.2632982133178865,26.093292877967816
2020-05,PdRpVxkVd9a,,592406,1.41408610250017,28.303978015089328
2020-06,PdRpVxkVd9a,,592406,14.139068779433847,27.25986094014885
2020-07,PdRpVxkVd9a,,592406,12.614651087680388,27.092825830803367
2020-08,PdRpVxkVd9a,,592406,6.069085922934322,27.827822573770103
2020-09,PdRpVxkVd9a,,592406,8.98310539453619,27.121688110450304
2020-10,PdRpVxkVd9a,,592406,0.1193726098822291,24.61998598542198
2020-11,PdRpVxkVd9a,,592406,0.4346115003206107,18.95480030408524
2020-12,PdRpVxkVd9a,,592406,0.0072312631089151,14.837540190417853
2021-01,PdRpVxkVd9a,,592406,0.0292813425321673,14.55677040530453
2021-02,PdRpVxkVd9a,,592406,0.1687791725202893,18.233497094371906
2021-03,PdRpVxkVd9a,,592406,0.0829029363259076,23.49394406052018
2021-04,PdRpVxkVd9a,,592406,0.214923555290234,27.193114626308656
2021-05,PdRpVxkVd9a,,592406,6.135174455619466,26.78631344510952
2021-06,PdRpVxkVd9a,,592406,12.42171858540839,27.400877989665265
2021-07,PdRpVxkVd9a,,592406,12.240914828512782,27.481199468441915
2021-08,PdRpVxkVd9a,,592406,9.303266499456893,26.8779727757795
2021-09,PdRpVxkVd9a,,592406,6.844195116144428,26.6869900201736
2021-10,PdRpVxkVd9a,,592406,2.3281438478069103,24.54109870910424
2021-11,PdRpVxkVd9a,,592406,0.016603831842288,18.97112776931293
2021-12,PdRpVxkVd9a,,592406,0.9311283903487,15.12012158390674
2022-01,PdRpVxkVd9a,0.0,592406,1.017242106971899,13.340088803557569
2022-02,PdRpVxkVd9a,1.0,592406,1.0474169174520351,15.137977651929273
2022-03,PdRpVxkVd9a,0.0,592406,0.0110002015844993,24.072401233219047
2022-04,PdRpVxkVd9a,0.0,592406,0.0777130186251642,29.12855521025334
2022-05,PdRpVxkVd9a,0.0,592406,1.4537093253371711,29.18611507207255
2022-06,PdRpVxkVd9a,0.0,592406,5.01121982018317,30.83589688111796
2022-07,PdRpVxkVd9a,2.0,592406,7.222255952067193,28.424382238553424
2022-08,PdRpVxkVd9a,6.0,592406,5.412931815706591,28.18756013025525
2022-09,PdRpVxkVd9a,49.0,592406,4.939620719514852,26.77147647425105
2022-10,PdRpVxkVd9a,95.0,592406,7.342205298503416,23.12025914229956
2022-11,PdRpVxkVd9a,2.0,592406,0.0517288108818074,19.338901084004213
2022-12,PdRpVxkVd9a,1.0,592406,0.0008171204782509,15.484429150308834
2023-01,PdRpVxkVd9a,1.0,592406,0.0771143985912005,13.963686742322404
2023-02,PdRpVxkVd9a,1.0,592406,0.0024798943643219,18.094462556094378
2023-03,PdRpVxkVd9a,0.0,592406,0.4692818263344059,22.070196195262195
2023-04,PdRpVxkVd9a,2.0,592406,0.4068676736940299,26.32913613360804
2023-05,PdRpVxkVd9a,1.0,592406,0.6874708916296913,28.284808126506924
2023-06,PdRpVxkVd9a,8.0,592406,2.738728767883311,31.60620226782361
2023-07,PdRpVxkVd9a,10.0,592406,5.11019058110332,28.3479399571767
2023-08,PdRpVxkVd9a,14.0,592406,5.313992144020989,27.65731076041555
2023-09,PdRpVxkVd9a,21.0,592406,2.3724218201097385,27.5911315610049
2023-10,PdRpVxkVd9a,31.0,592406,1.0212053054671189,23.96925127696623
2023-11,PdRpVxkVd9a,2.0,592406,0.0124180484133835,20.46889202276033
2023-12,PdRpVxkVd9a,0.0,592406,0.0339469497586231,16.172773649250775
2024-01,PdRpVxkVd9a,0.0,592406,0.0296933336153986,13.525499201303022
2024-02,PdRpVxkVd9a,0.0,592406,0.3319767344087001,16.475636211158665
2024-03,PdRpVxkVd9a,1.0,592406,0.744857080609353,21.82066080480026
2024-04,PdRpVxkVd9a,4.0,592406,0.0081088280565342,28.62284806832519
2024-05,PdRpVxkVd9a,1.0,592406,0.3105033681651423,31.09349242899864
2024-06,PdRpVxkVd9a,1.0,592406,3.078385623618173,31.988844434467424
2024-07,PdRpVxkVd9a,5.0,592406,14.081390501850176,28.266692927121497
2024-08,PdRpVxkVd9a,9.0,592406,9.207460109630691,27.4779651338326
2024-09,PdRpVxkVd9a,27.0,592406,11.558407865932375,27.097824278293928
2024-10,PdRpVxkVd9a,26.0,592406,0.5477043338522106,24.96540057865518
2024-11,PdRpVxkVd9a,29.0,592406,0.2029286723561254,20.3240315586398
2024-12,PdRpVxkVd9a,0.0,592406,0.1125984442090051,14.9765696823674
2016-01,QfZ2pVPRFmz,4.0,318571,2.099346410647443,6.6111911781712696
2016-02,QfZ2pVPRFmz,,318571,1.441700080283581,11.051017428823922
2016-03,QfZ2pVPRFmz,,318571,2.60456125786811,14.50494309440417
2016-04,QfZ2pVPRFmz,,318571,2.382071082615488,18.34516892435625
2016-05,QfZ2pVPRFmz,,318571,7.367549391521082,18.548331046320868
2016-06,QfZ2pVPRFmz,,318571,15.046445455306056,20.16234019512977
2016-07,QfZ2pVPRFmz,,318571,33.553595846312895,20.17266743018291
2016-08,QfZ2pVPRFmz,,318571,11.617825148930695,20.75737550435681
2016-09,QfZ2pVPRFmz,,318571,20.088769706283333,19.043672603221687
2016-10,QfZ2pVPRFmz,,318571,3.868893296451189,16.706706107763715
2016-11,QfZ2pVPRFmz,,318571,0.6816137176236584,12.8902994056347
2016-12,QfZ2pVPRFmz,,318571,0.8458351457378787,10.950910475761887
2017-01,QfZ2pVPRFmz,,318571,1.2356851784472187,7.905827398319659
2017-02,QfZ2pVPRFmz,,318571,1.3142639911598697,10.930561792304513
2017-03,QfZ2pVPRFmz,,318571,5.951415126672104,12.0374817395314
2017-04,QfZ2pVPRFmz,,318571,4.627493010158318,16.529482433476204
2017-05,QfZ2pVPRFmz,,318571,7.985779682641709,18.54912320343072
2017-06,QfZ2pVPRFmz,,318571,12.17283750904542,20.293987704334903
2017-07,QfZ2pVPRFmz,,318571,20.50495553530212,20.360550230418887
2017-08,QfZ2pVPRFmz,,318571,32.409904996691246,20.14633521256808
2017-09,QfZ2pVPRFmz,,318571,7.2401317541902594,19.51468412850396
2017-10,QfZ2pVPRFmz,,318571,1.7132790391162036,16.910715062900216
2017-11,QfZ2pVPRFmz,,318571,1.092047624463628,12.512841425788343
2017-12,QfZ2pVPRFmz,,318571,0.2213106067798005,10.807948260165466
2018-01,QfZ2pVPRFmz,,318571,0.7955235793987687,7.955329198054728
2018-02,QfZ2pVPRFmz,,318571,1.7705558569632849,10.888116910480118
2018-03,QfZ2pVPRFmz,,318571,2.5472640985961315,13.691476695790936
2018-04,QfZ2pVPRFmz,,318571,6.51665163836949,16.485149323258184
2018-05,QfZ2pVPRFmz,,318571,8.778022156572117,18.09519796475664
2018-06,QfZ2pVPRFmz,,318571,19.863912882542618,20.37754665311562
2018-07,QfZ2pVPRFmz,,318571,27.29260799896417,20.552897666899817
2018-08,QfZ2pVPRFmz,,318571,21.49169334670852,20.4225443712345
2018-09,QfZ2pVPRFmz,,318571,10.463515834967474,18.96589769816544
2018-10,QfZ2pVPRFmz,,318571,1.1478787093343596,14.878476007932983
2018-11,QfZ2pVPRFmz,,318571,1.189147703043404,12.593532399473716
2018-12,QfZ2pVPRFmz,,318571,0.9340259583172498,7.829317975106832
2019-01,QfZ2pVPRFmz,,318571,2.224679235354121,6.747673188593557
2019-02,QfZ2pVPRFmz,,318571,4.7635664573360295,9.017847884719863
2019-03,QfZ2pVPRFmz,,318571,1.955575002548968,12.854996920142874
2019-04,QfZ2pVPRFmz,,318571,3.680712103101115,15.862473206586024
2019-05,QfZ2pVPRFmz,,318571,3.4737926535821497,19.85000164033767
2019-06,QfZ2pVPRFmz,,318571,9.900917408514214,20.85058740100624
2019-07,QfZ2pVPRFmz,,318571,32.5175375303346,20.42186641049732
2019-08,QfZ2pVPRFmz,,318571,14.573527578845711,20.896469838956538
2019-09,QfZ2pVPRFmz,,318571,21.05343071097008,19.288140103402007
2019-10,QfZ2pVPRFmz,,318571,2.211496853048093,15.80480883884679
2019-11,QfZ2pVPRFmz,,318571,1.0360778411997411,13.528312482313574
2019-12,QfZ2pVPRFmz,,318571,1.6513118471569244,7.967988598181432
2020-01,QfZ2pVPRFmz,,318571,4.380086815513862,6.4057972012811
2020-02,QfZ2pVPRFmz,,318571,2.738820190571493,8.451834063994077
2020-03,QfZ2pVPRFmz,,318571,2.301675316038927,12.20547508013428
2020-04,QfZ2pVPRFmz,,318571,6.442137111259553,14.930815298274153
2020-05,QfZ2pVPRFmz,,318571,8.925654374227557,17.4978162533989
2020-06,QfZ2pVPRFmz,,318571,23.871100389102285,19.63612527726569
2020-07,QfZ2pVPRFmz,,318571,26.647780491405907,20.0518411162014
2020-08,QfZ2pVPRFmz,,318571,18.65382382288105,20.601682236189955
2020-09,QfZ2pVPRFmz,,318571,18.36632035137227,19.600160442300822
2020-10,QfZ2pVPRFmz,,318571,0.9854359695347892,17.6813249479883
2020-11,QfZ2pVPRFmz,,318571,0.2952492820254258,12.601170261334063
2020-12,QfZ2pVPRFmz,,318571,0.5731150308871669,9.579087539073518
2021-01,QfZ2pVPRFmz,,318571,0.7721006582198224,9.250724103944782
2021-02,QfZ2pVPRFmz,,318571,1.542661339961939,9.785037498653791
2021-03,QfZ2pVPRFmz,,318571,2.556496139872493,13.962317982085953
2021-04,QfZ2pVPRFmz,,318571,1.9174239374294733,16.93854990092226
2021-05,QfZ2pVPRFmz,,318571,11.70086989894815,17.7756157798544
2021-06,QfZ2pVPRFmz,,318571,22.58007458207217,19.758979720433853
2021-07,QfZ2pVPRFmz,,318571,27.888032193999766,20.272948463807804
2021-08,QfZ2pVPRFmz,,318571,29.387925373281195,19.841654313768974
2021-09,QfZ2pVPRFmz,,318571,14.010590090786463,19.552591122064182
2021-10,QfZ2pVPRFmz,,318571,11.283934906953007,17.071319369406176
2021-11,QfZ2pVPRFmz,,318571,1.0770446296018563,12.276248604882836
2021-12,QfZ2pVPRFmz,,318571,2.2525703664901404,9.020455402053251
2022-01,QfZ2pVPRFmz,0.0,318571,2.2053099926756,6.39964471573417
2022-02,QfZ2pVPRFmz,0.0,318571,3.760545048818297,7.215495678309426
2022-03,QfZ2pVPRFmz,0.0,318571,0.8398797956076778,14.641100190808528
2022-04,QfZ2pVPRFmz,0.0,318571,4.630790025029049,17.627995406634014
2022-05,QfZ2pVPRFmz,0.0,318571,10.299866912215435,18.41022138091076
2022-06,QfZ2pVPRFmz,32.0,318571,23.36970170931641,19.821704130328413
2022-07,QfZ2pVPRFmz,24.0,318571,16.363593874834628,20.6676695659776
2022-08,QfZ2pVPRFmz,54.0,318571,13.74669144567686,20.53972778446721
2022-09,QfZ2pVPRFmz,483.0,318571,8.258723932725308,19.349155890441263
2022-10,QfZ2pVPRFmz,674.0,318571,2.9964342081750703,16.29251471972225
2022-11,QfZ2pVPRFmz,378.0,318571,0.3367068480375343,12.912607998884296
2022-12,QfZ2pVPRFmz,38.0,318571,0.4368018803139789,10.346158718322762
2023-01,QfZ2pVPRFmz,2.0,318571,0.1199898225621908,8.426234458858861
2023-02,QfZ2pVPRFmz,1.0,318571,1.246082091202226,10.849179785096233
2023-03,QfZ2pVPRFmz,5.0,318571,1.9803993536986133,12.902279840721798
2023-04,QfZ2pVPRFmz,41.0,318571,1.586414188172813,16.72224621937393
2023-05,QfZ2pVPRFmz,18.0,318571,3.063843853593726,18.399285193658297
2023-06,QfZ2pVPRFmz,78.0,318571,8.148684758083908,21.470508661945484
2023-07,QfZ2pVPRFmz,510.0,318571,9.331057354928204,21.11821929211193
2023-08,QfZ2pVPRFmz,1488.0,318571,10.570536311389354,20.512183245690657
2023-09,QfZ2pVPRFmz,965.0,318571,5.217726776049148,20.53351340957258
2023-10,QfZ2pVPRFmz,123.0,318571,2.3012019896379,16.159900613231432
2023-11,QfZ2pVPRFmz,6.0,318571,0.4854434609354093,13.129056283573492
2023-12,QfZ2pVPRFmz,2.0,318571,0.478218554228484,10.149888303923
2024-01,QfZ2pVPRFmz,2.0,318571,0.8707229385330568,7.615214242267679
2024-02,QfZ2pVPRFmz,0.0,318571,0.8472871066343021,9.548108918160024
2024-03,QfZ2pVPRFmz,0.0,318571,3.64082700044289,13.521107792219675
2024-04,QfZ2pVPRFmz,0.0,318571,1.1762481738950814,18.64530144963124
2024-05,QfZ2pVPRFmz,2.0,318571,4.840897463921061,20.347570066561776
2024-06,QfZ2pVPRFmz,0.0,318571,19.78874421589974,21.300455247590808
2024-07,QfZ2pVPRFmz,5.0,318571,25.09756748997064,21.49781750418532
2024-08,QfZ2pVPRFmz,22.0,318571,18.82489550904265,20.86787594138985
2024-09,QfZ2pVPRFmz,99.0,318571,20.414642984724267,20.490694234857347
2024-10,QfZ2pVPRFmz,107.0,318571,2.7409427149541927,17.05673073118943
2024-11,QfZ2pVPRFmz,61.0,318571,1.98147596570756,12.968021440167988
2024-12,QfZ2pVPRFmz,2.0,318571,0.6368105692292495,9.576980131181609
2016-01,QzI3Btz60Ne,,269920,1.9814459206459865,9.849805682360042
2016-02,QzI3Btz60Ne,,269920,1.0069263562139847,14.024511075098058
2016-03,QzI3Btz60Ne,,269920,1.4962301447791162,17.828229380912386
2016-04,QzI3Btz60Ne,,269920,0.995691082595804,21.646606556736486
2016-05,QzI3Btz60Ne,,269920,6.609103692752718,21.088654481658065
2016-06,QzI3Btz60Ne,,269920,16.279626130853476,22.209514335914463
2016-07,QzI3Btz60Ne,,269920,33.37137957182238,22.020099025419263
2016-08,QzI3Btz60Ne,,269920,11.04328107925214,22.782136907099765
2016-09,QzI3Btz60Ne,,269920,19.491357824091164,21.035317354114603
2016-10,QzI3Btz60Ne,,269920,3.846983087368443,19.21347250522744
2016-11,QzI3Btz60Ne,,269920,0.7232003156712856,15.541808374481
2016-12,QzI3Btz60Ne,,269920,0.8309876941187597,13.451259504263335
2017-01,QzI3Btz60Ne,,269920,0.9202217422454884,11.356331048994551
2017-02,QzI3Btz60Ne,,269920,0.7808949329164365,14.19191602510312
2017-03,QzI3Btz60Ne,,269920,4.339402604263005,15.226042065361758
2017-04,QzI3Btz60Ne,,269920,3.5547930369368785,19.51140779321612
2017-05,QzI3Btz60Ne,,269920,7.509332493362227,21.02293951861948
2017-06,QzI3Btz60Ne,,269920,13.248134193728204,22.43353196012635
2017-07,QzI3Btz60Ne,,269920,22.98683320565945,22.253086491496177
2017-08,QzI3Btz60Ne,,269920,35.004517131815746,22.05623625491866
2017-09,QzI3Btz60Ne,,269920,7.180938789532112,21.699106914649512
2017-10,QzI3Btz60Ne,,269920,1.5145294782286929,19.46616726397345
2017-11,QzI3Btz60Ne,,269920,0.8073697161778977,15.494653445524069
2017-12,QzI3Btz60Ne,,269920,0.3244204299251935,13.839831326636356
2018-01,QzI3Btz60Ne,,269920,0.6929337532821079,10.43632530613705
2018-02,QzI3Btz60Ne,,269920,1.0296697409518925,14.13349016318009
2018-03,QzI3Btz60Ne,,269920,1.2993359224370766,17.439333665385043
2018-04,QzI3Btz60Ne,,269920,5.211341708145342,19.20043301535887
2018-05,QzI3Btz60Ne,,269920,7.460427120795935,20.54700729085128
2018-06,QzI3Btz60Ne,,269920,17.42231122694717,22.41120085799586
2018-07,QzI3Btz60Ne,,269920,29.833964128282304,22.41016525076033
2018-08,QzI3Btz60Ne,,269920,24.74529697920845,22.303879770313586
2018-09,QzI3Btz60Ne,,269920,9.688073449521427,21.24237303379042
2018-10,QzI3Btz60Ne,,269920,0.964512398056982,17.925774368372032
2018-11,QzI3Btz60Ne,,269920,0.9982207646349336,15.36189296297778
2018-12,QzI3Btz60Ne,,269920,0.9050261495409824,11.237691642494545
2019-01,QzI3Btz60Ne,,269920,1.7768496237483022,10.344475408219784
2019-02,QzI3Btz60Ne,,269920,3.979421055916157,12.361743855406315
2019-03,QzI3Btz60Ne,,269920,1.530300425578111,16.049078053598542
2019-04,QzI3Btz60Ne,,269920,3.78194624980417,18.7005425019494
2019-05,QzI3Btz60Ne,,269920,2.103484299895389,22.4576966600536
2019-06,QzI3Btz60Ne,,269920,8.183355849570969,22.964577208400165
2019-07,QzI3Btz60Ne,,269920,34.3036533497431,22.282149030326643
2019-08,QzI3Btz60Ne,,269920,15.371559173170708,22.807804437446336
2019-09,QzI3Btz60Ne,,269920,21.54806538723741,21.29798188510566
2019-10,QzI3Btz60Ne,,269920,2.045464697908622,18.45816860310069
2019-11,QzI3Btz60Ne,,269920,0.9590739776381924,16.50840770524943
2019-12,QzI3Btz60Ne,,269920,1.496807533283092,11.19878506996736
2020-01,QzI3Btz60Ne,,269920,4.340831808578007,9.781549762894487
2020-02,QzI3Btz60Ne,,269920,2.932528394325559,11.564104907699498
2020-03,QzI3Btz60Ne,,269920,2.17506225182382,15.454032396794975
2020-04,QzI3Btz60Ne,,269920,5.466761532405208,18.04455820175465
2020-05,QzI3Btz60Ne,,269920,8.115015510948224,19.94896361236486
2020-06,QzI3Btz60Ne,,269920,24.6370946553787,21.71837010838591
2020-07,QzI3Btz60Ne,,269920,30.804999779991185,21.97199973770677
2020-08,QzI3Btz60Ne,,269920,20.54903415537881,22.53593675373428
2020-09,QzI3Btz60Ne,,269920,15.415435500205628,21.7177014434881
2020-10,QzI3Btz60Ne,,269920,0.8013280751832013,20.301894091704263
2020-11,QzI3Btz60Ne,,269920,0.2006209095365678,15.79498480892286
2020-12,QzI3Btz60Ne,,269920,0.3823198449455488,12.415178078766932
2021-01,QzI3Btz60Ne,,269920,0.5384959878576464,11.842071932624954
2021-02,QzI3Btz60Ne,,269920,1.2381309469237636,13.04479507543551
2021-03,QzI3Btz60Ne,,269920,1.0413864919116549,17.363137730843683
2021-04,QzI3Btz60Ne,,269920,0.8536540212575685,20.621093973919844
2021-05,QzI3Btz60Ne,,269920,11.467552599407837,20.13209478230668
2021-06,QzI3Btz60Ne,,269920,21.521344434641005,21.871621319427
2021-07,QzI3Btz60Ne,,269920,30.30751101020084,22.164754394383184
2021-08,QzI3Btz60Ne,,269920,29.76676394751893,21.79701226317482
2021-09,QzI3Btz60Ne,,269920,12.7252947796754,21.680709960974784
2021-10,QzI3Btz60Ne,,269920,10.743980919843873,19.56819893503128
2021-11,QzI3Btz60Ne,,269920,1.233016755863671,14.646182624963812
2021-12,QzI3Btz60Ne,,269920,2.0467476658808947,12.016915731399806
2022-01,QzI3Btz60Ne,0.0,269920,1.866427258256841,9.653847997183714
2022-02,QzI3Btz60Ne,0.0,269920,3.5552717002028675,10.354260052609527
2022-03,QzI3Btz60Ne,0.0,269920,0.9080269066585984,18.22268235466353
2022-04,QzI3Btz60Ne,0.0,269920,2.85075010817902,20.641144484502288
2022-05,QzI3Btz60Ne,0.0,269920,8.903547402082824,20.856514772534545
2022-06,QzI3Btz60Ne,0.0,269920,20.31044442481012,21.84138085144691
2022-07,QzI3Btz60Ne,2.0,269920,19.130008390055675,22.535598463731105
2022-08,QzI3Btz60Ne,12.0,269920,15.068829757859946,22.458566529411463
2022-09,QzI3Btz60Ne,113.0,269920,7.812437125663506,21.54700735737057
2022-10,QzI3Btz60Ne,107.0,269920,2.905717502701128,18.99981260095451
2022-11,QzI3Btz60Ne,40.0,269920,0.3086602381776009,15.624778174038708
2022-12,QzI3Btz60Ne,0.0,269920,0.4475192960600787,12.870618417160571
2023-01,QzI3Btz60Ne,0.0,269920,0.0813377447237945,11.878233712460927
2023-02,QzI3Btz60Ne,0.0,269920,0.5714914554560651,14.121383887344606
2023-03,QzI3Btz60Ne,0.0,269920,1.7340259744862605,16.24066418799088
2023-04,QzI3Btz60Ne,2.0,269920,0.9647374769308364,20.04281880262432
2023-05,QzI3Btz60Ne,2.0,269920,2.3636499712089574,21.08096116970253
2023-06,QzI3Btz60Ne,15.0,269920,7.03082835797763,23.727203525864567
2023-07,QzI3Btz60Ne,27.0,269920,9.349492572579104,22.966390486016
2023-08,QzI3Btz60Ne,35.0,269920,11.224148651477556,22.406202665343177
2023-09,QzI3Btz60Ne,46.0,269920,4.724623654673915,22.694317872877395
2023-10,QzI3Btz60Ne,55.0,269920,2.1891421648950287,18.86402845219451
2023-11,QzI3Btz60Ne,1.0,269920,0.4473581411723714,16.112101011980315
2023-12,QzI3Btz60Ne,0.0,269920,0.4812655178803344,13.167901369358937
2024-01,QzI3Btz60Ne,4.0,269920,0.6615663328747252,10.68380240503381
2024-02,QzI3Btz60Ne,0.0,269920,0.454244951124653,12.860892583455568
2024-03,QzI3Btz60Ne,2.0,269920,2.7793624946430366,16.61471806266973
2024-04,QzI3Btz60Ne,2.0,269920,0.2230062990661669,22.20455690513112
2024-05,QzI3Btz60Ne,2.0,269920,4.09927274175782,23.08059191850728
2024-06,QzI3Btz60Ne,4.0,269920,16.83380307890969,23.331175270435125
2024-07,QzI3Btz60Ne,3.0,269920,25.53558206953586,23.362640667503573
2024-08,QzI3Btz60Ne,26.0,269920,17.34147097722109,22.81211297678071
2024-09,QzI3Btz60Ne,101.0,269920,21.849592802227605,22.67875015097817
2024-10,QzI3Btz60Ne,195.0,269920,2.160643381167001,19.655184766009263
2024-11,QzI3Btz60Ne,76.0,269920,1.804157918395887,15.638663221993635
2024-12,QzI3Btz60Ne,1.0,269920,0.4741862136855438,12.463779831194408
2016-01,RSAZqrdfXy5,14.0,891560,0.2217775123057238,13.141555524130164
2016-02,RSAZqrdfXy5,,891560,0.4525081219217928,16.970842255608858
2016-03,RSAZqrdfXy5,,891560,0.751493202454926,21.81998082436594
2016-04,RSAZqrdfXy5,,891560,0.2586059357664335,27.186646205231707
2016-05,RSAZqrdfXy5,,891560,3.807632107367491,27.06871067070916
2016-06,RSAZqrdfXy5,,891560,9.9449485787162,27.3290138989712
2016-07,RSAZqrdfXy5,,891560,24.88645513022117,25.687711556913868
2016-08,RSAZqrdfXy5,,891560,9.36288219976537,26.517010239557795
2016-09,RSAZqrdfXy5,,891560,5.44189904947327,25.32929745971955
2016-10,RSAZqrdfXy5,,891560,1.1741197630621578,23.13981185410894
2016-11,RSAZqrdfXy5,,891560,0.0418195331250787,18.71502492534804
2016-12,RSAZqrdfXy5,,891560,0.0558536720018008,15.363145584237978
2017-01,RSAZqrdfXy5,,891560,1.3367073358265789,13.294552713047228
2017-02,RSAZqrdfXy5,,891560,0.2769890957244673,17.031863473120538
2017-03,RSAZqrdfXy5,,891560,0.4851186386591729,19.971375978339008
2017-04,RSAZqrdfXy5,,891560,1.8491846488013493,25.635086124321884
2017-05,RSAZqrdfXy5,,891560,3.724337630185809,27.598687561870527
2017-06,RSAZqrdfXy5,,891560,6.032465821616717,27.96455243993084
2017-07,RSAZqrdfXy5,,891560,16.116640044886072,25.99146053258009
2017-08,RSAZqrdfXy5,,891560,12.79851897148182,25.92198751537644
2017-09,RSAZqrdfXy5,,891560,5.880287208214639,25.89668044362564
2017-10,RSAZqrdfXy5,,891560,0.2579811325213516,23.421637064496576
2017-11,RSAZqrdfXy5,,891560,0.104179677126747,18.244084217054034
2017-12,RSAZqrdfXy5,,891560,0.1270573433613388,15.12985282878855
2018-01,RSAZqrdfXy5,,891560,0.1533177934076887,12.250263643215009
2018-02,RSAZqrdfXy5,,891560,0.3336043588502864,16.747866369464372
2018-03,RSAZqrdfXy5,,891560,0.5105555311282961,21.446508850169806
2018-04,RSAZqrdfXy5,,891560,2.1449917872711506,24.54003875816917
2018-05,RSAZqrdfXy5,,891560,2.064033554452302,27.167314702265053
2018-06,RSAZqrdfXy5,,891560,5.180255743853981,28.65447573708904
2018-07,RSAZqrdfXy5,,891560,14.822554071955476,26.574587100878336
2018-08,RSAZqrdfXy5,,891560,18.25770330165599,25.638338003376333
2018-09,RSAZqrdfXy5,,891560,4.443449116926868,25.25598328536084
2018-10,RSAZqrdfXy5,,891560,0.1594867272994078,21.66153585757085
2018-11,RSAZqrdfXy5,,891560,0.066710961561106,18.35998834366239
2018-12,RSAZqrdfXy5,,891560,0.0610291213517969,13.527092736483302
2019-01,RSAZqrdfXy5,,891560,1.3118337334123475,12.831585062059762
2019-02,RSAZqrdfXy5,,891560,3.343261027200015,14.721115509445786
2019-03,RSAZqrdfXy5,,891560,0.5696851032363445,19.086567391228023
2019-04,RSAZqrdfXy5,,891560,1.3217095921169086,24.86042161862814
2019-05,RSAZqrdfXy5,,891560,0.6739705683997537,28.67148717112484
2019-06,RSAZqrdfXy5,,891560,4.7978022852253925,29.28585689563658
2019-07,RSAZqrdfXy5,,891560,17.554672137971046,26.38203714984432
2019-08,RSAZqrdfXy5,,891560,11.83165107839284,26.58397996914724
2019-09,RSAZqrdfXy5,,891560,9.055985089155412,25.07816532789702
2019-10,RSAZqrdfXy5,,891560,0.7980271417920186,22.443100865800275
2019-11,RSAZqrdfXy5,,891560,0.1089274361507343,19.352286293444724
2019-12,RSAZqrdfXy5,,891560,1.4778523908364969,12.760607353078022
2020-01,RSAZqrdfXy5,,891560,2.4505392892194675,12.382179806377076
2020-02,RSAZqrdfXy5,,891560,0.8021053653476714,14.891571764218858
2020-03,RSAZqrdfXy5,,891560,2.0987349216932607,18.73860337596305
2020-04,RSAZqrdfXy5,,891560,2.851231669632748,23.729541806260222
2020-05,RSAZqrdfXy5,,891560,1.999258150067816,26.083034352675654
2020-06,RSAZqrdfXy5,,891560,9.345078954612829,26.68083396327139
2020-07,RSAZqrdfXy5,,891560,19.95877519490319,26.095777563869945
2020-08,RSAZqrdfXy5,,891560,10.16832441020895,26.567890372909428
2020-09,RSAZqrdfXy5,,891560,4.916241388222374,26.28092880238122
2020-10,RSAZqrdfXy5,,891560,0.1521191454713178,23.70259219835481
2020-11,RSAZqrdfXy5,,891560,0.1969521137566338,18.129031997215808
2020-12,RSAZqrdfXy5,,891560,0.0116906714704364,13.992932042585595
2021-01,RSAZqrdfXy5,,891560,0.1006232943721454,13.590628011831734
2021-02,RSAZqrdfXy5,,891560,0.2600471065073436,16.974755768951088
2021-03,RSAZqrdfXy5,,891560,0.3345790266763058,21.77645327552494
2021-04,RSAZqrdfXy5,,891560,0.7045285505917708,25.127122243067955
2021-05,RSAZqrdfXy5,,891560,7.475455751906002,25.203328932143684
2021-06,RSAZqrdfXy5,,891560,16.24452104410286,26.364619919589604
2021-07,RSAZqrdfXy5,,891560,17.028437476632718,26.51601022816997
2021-08,RSAZqrdfXy5,,891560,12.114061101635452,25.830734198075547
2021-09,RSAZqrdfXy5,,891560,5.6740439475812,25.67101656599125
2021-10,RSAZqrdfXy5,,891560,6.217033404067682,23.44935205520182
2021-11,RSAZqrdfXy5,,891560,0.0372873292735757,17.94020504616478
2021-12,RSAZqrdfXy5,,891560,0.4839055251623911,13.880609898393097
2022-01,RSAZqrdfXy5,2.0,891560,1.7909945360885569,12.095346955234897
2022-02,RSAZqrdfXy5,0.0,891560,1.7772680211734857,13.61262172932809
2022-03,RSAZqrdfXy5,1.0,891560,0.1237465669383335,22.183038226039187
2022-04,RSAZqrdfXy5,1.0,891560,0.3980156305001271,27.15093758739557
2022-05,RSAZqrdfXy5,0.0,891560,4.107433660763633,26.93803939316837
2022-06,RSAZqrdfXy5,0.0,891560,5.778639840434491,28.940575971075177
2022-07,RSAZqrdfXy5,3.0,891560,8.983881119141401,27.013388223614285
2022-08,RSAZqrdfXy5,13.0,891560,9.853545664239036,26.81560209697991
2022-09,RSAZqrdfXy5,395.0,891560,6.307732691742997,25.35059102472286
2022-10,RSAZqrdfXy5,11.0,891560,6.784548345017495,21.73176443323677
2022-11,RSAZqrdfXy5,4.0,891560,0.062010190858671,18.48252291822908
2022-12,RSAZqrdfXy5,2.0,891560,0.0053558629542846,14.668688535018356
2023-01,RSAZqrdfXy5,4.0,891560,0.2360959854748212,12.990614897002208
2023-02,RSAZqrdfXy5,4.0,891560,0.0563844135685691,17.036758766559757
2023-03,RSAZqrdfXy5,2.0,891560,0.8071221148933876,20.384665623730307
2023-04,RSAZqrdfXy5,2.0,891560,0.8693272947120386,24.1058996548913
2023-05,RSAZqrdfXy5,0.0,891560,1.107427585038422,26.250840533925626
2023-06,RSAZqrdfXy5,8.0,891560,2.259510073782872,29.64052249698161
2023-07,RSAZqrdfXy5,29.0,891560,9.03662871543132,26.98045656510969
2023-08,RSAZqrdfXy5,213.0,891560,8.39329925994317,26.4566385017548
2023-09,RSAZqrdfXy5,309.0,891560,2.637413454474244,26.546073147133217
2023-10,RSAZqrdfXy5,330.0,891560,0.3782269064679335,22.98126350123149
2023-11,RSAZqrdfXy5,80.0,891560,0.0839545156239728,19.218522676428247
2023-12,RSAZqrdfXy5,13.0,891560,0.0773840155963756,15.049766847331124
2024-01,RSAZqrdfXy5,1.0,891560,0.0584905286909681,12.436048155311909
2024-02,RSAZqrdfXy5,9.0,891560,0.3665414929225119,15.066444347551242
2024-03,RSAZqrdfXy5,7.0,891560,1.2264944345577835,20.21508813262255
2024-04,RSAZqrdfXy5,12.0,891560,0.1400996951754322,26.764239193095
2024-05,RSAZqrdfXy5,7.0,891560,1.60524027042009,29.176540020728325
2024-06,RSAZqrdfXy5,14.0,891560,2.8556314343921763,30.5156110075749
2024-07,RSAZqrdfXy5,23.0,891560,21.39084035784452,27.262273346109254
2024-08,RSAZqrdfXy5,75.0,891560,10.720114065125877,26.37711371341406
2024-09,RSAZqrdfXy5,145.0,891560,10.438795135521236,26.06953204282492
2024-10,RSAZqrdfXy5,161.0,891560,0.5164853833304106,23.869173113943035
2024-11,RSAZqrdfXy5,65.0,891560,0.1593445092580316,19.24402109300374
2024-12,RSAZqrdfXy5,1.0,891560,0.3737836478344143,14.001074175683772
2016-01,RZxElQxEbZN,,42077,1.025658607007428,-12.951788672117052
2016-02,RZxElQxEbZN,,42077,1.06457017488884,-11.952521838973546
2016-03,RZxElQxEbZN,,42077,1.1321401436326195,-9.639659184992585
2016-04,RZxElQxEbZN,,42077,1.3568843299618782,-4.148144296205929
2016-05,RZxElQxEbZN,,42077,2.111897429089522,0.267648850199605
2016-06,RZxElQxEbZN,,42077,3.577352593963239,5.896662516009903
2016-07,RZxElQxEbZN,,42077,10.623052944196855,6.549898861133109
2016-08,RZxElQxEbZN,,42077,6.090915269329939,6.065773968487124
2016-09,RZxElQxEbZN,,42077,2.398973333429642,4.500488746212009
2016-10,RZxElQxEbZN,,42077,0.8158518908664477,0.355197083263386
2016-11,RZxElQxEbZN,,42077,0.0160513126920136,-2.830480941207942
2016-12,RZxElQxEbZN,,42077,0.2361640375561376,-3.492013399944187
2017-01,RZxElQxEbZN,,42077,1.2304306725187908,-14.990921265216423
2017-02,RZxElQxEbZN,,42077,0.4537418803439457,-11.443034211489657
2017-03,RZxElQxEbZN,,42077,2.043853399483589,-10.710026814260404
2017-04,RZxElQxEbZN,,42077,1.4712009353763251,-4.874640136467033
2017-05,RZxElQxEbZN,,42077,2.591984313546034,-0.2288614487447534
2017-06,RZxElQxEbZN,,42077,3.432399766264129,5.000403011954249
2017-07,RZxElQxEbZN,,42077,9.432322519799508,6.630519784250774
2017-08,RZxElQxEbZN,,42077,6.536726331598393,6.785631308715437
2017-09,RZxElQxEbZN,,42077,2.500480629520394,4.576581809758956
2017-10,RZxElQxEbZN,,42077,0.4701856509444119,0.4942072257596883
2017-11,RZxElQxEbZN,,42077,0.303407618220435,-5.370637655664168
2017-12,RZxElQxEbZN,,42077,0.8028893024484728,-11.29931237325627
2018-01,RZxElQxEbZN,,42077,0.329794662928071,-10.103380956805896
2018-02,RZxElQxEbZN,,42077,1.426875822398149,-12.458665271370869
2018-03,RZxElQxEbZN,,42077,1.232737803661235,-10.43178920513161
2018-04,RZxElQxEbZN,,42077,1.4149521875393871,-4.20816957323076
2018-05,RZxElQxEbZN,,42077,1.5337026035338717,0.6937071060253007
2018-06,RZxElQxEbZN,,42077,3.2231150841019733,5.9295213296913705
2018-07,RZxElQxEbZN,,42077,8.910985821903198,7.297168788176527
2018-08,RZxElQxEbZN,,42077,9.602124284243711,6.764388415785092
2018-09,RZxElQxEbZN,,42077,2.759044027956469,3.977249040457642
2018-10,RZxElQxEbZN,,42077,0.4294212903879488,-3.0604579079575083
2018-11,RZxElQxEbZN,,42077,0.2799785232025236,-4.7042455108266905
2018-12,RZxElQxEbZN,,42077,0.4758773490819181,-10.950702017406504
2019-01,RZxElQxEbZN,,42077,2.696777846097268,-16.1081900719049
2019-02,RZxElQxEbZN,,42077,5.174899960599703,-14.368822485718477
2019-03,RZxElQxEbZN,,42077,1.1514040160415442,-12.217277132823282
2019-04,RZxElQxEbZN,,42077,0.7764623655708639,-4.587562937699802
2019-05,RZxElQxEbZN,,42077,1.2105126771263417,-1.6318596911183398
2019-06,RZxElQxEbZN,,42077,2.4206476426646444,4.205596819751917
2019-07,RZxElQxEbZN,,42077,8.102465956367032,6.528186433498387
2019-08,RZxElQxEbZN,,42077,7.537281508853201,6.460739270970977
2019-09,RZxElQxEbZN,,42077,5.866060517314732,4.434929220896467
2019-10,RZxElQxEbZN,,42077,0.6925752196544853,-1.3838684273311388
2019-11,RZxElQxEbZN,,42077,0.8384475227398946,-5.54075105971609
2019-12,RZxElQxEbZN,,42077,1.6213752620565571,-14.730978508276872
2020-01,RZxElQxEbZN,,42077,3.382494642250371,-16.55095524288351
2020-02,RZxElQxEbZN,,42077,0.4629257527534087,-13.872026173131298
2020-03,RZxElQxEbZN,,42077,1.6694274823022743,-11.414672982999392
2020-04,RZxElQxEbZN,,42077,1.1321695281390989,-6.742374780451777
2020-05,RZxElQxEbZN,,42077,1.5155245054665138,-1.6109389521401698
2020-06,RZxElQxEbZN,,42077,6.644952926054973,3.5403291057836768
2020-07,RZxElQxEbZN,,42077,7.218506990325837,6.887626480200414
2020-08,RZxElQxEbZN,,42077,7.50589731444733,7.1965014195556165
2020-09,RZxElQxEbZN,,42077,4.475195231437193,4.547822700189989
2020-10,RZxElQxEbZN,,42077,0.1523323126128143,0.788628966826027
2020-11,RZxElQxEbZN,,42077,0.8726243425535014,-8.564537304338145
2020-12,RZxElQxEbZN,,42077,0.0851423982834242,-10.259197696361774
2021-01,RZxElQxEbZN,,42077,0.4627777921559075,-9.258512975360553
2021-02,RZxElQxEbZN,,42077,0.7096456966298353,-11.243359290068376
2021-03,RZxElQxEbZN,,42077,1.0280540056176015,-7.082998553073815
2021-04,RZxElQxEbZN,,42077,2.418025702630109,-6.685476351164037
2021-05,RZxElQxEbZN,,42077,5.120337743676973,-1.1748512085555274
2021-06,RZxElQxEbZN,,42077,7.519401013839647,3.8880272867119294
2021-07,RZxElQxEbZN,,42077,8.445709646444566,7.09523256596948
2021-08,RZxElQxEbZN,,42077,7.719267317656143,6.672916190786185
2021-09,RZxElQxEbZN,,42077,5.475659204781874,4.4546979794677
2021-10,RZxElQxEbZN,,42077,2.15030701718558,-0.5756271892042717
2021-11,RZxElQxEbZN,,42077,0.2786581793345252,-5.0091513707243225
2021-12,RZxElQxEbZN,,42077,2.538464792770279,-15.117794728720732
2022-01,RZxElQxEbZN,0.0,42077,1.1224724202980063,-16.788869478835792
2022-02,RZxElQxEbZN,0.0,42077,1.7658608616298763,-15.966760242660568
2022-03,RZxElQxEbZN,0.0,42077,0.1262978119881832,-6.7151988760812005
2022-04,RZxElQxEbZN,0.0,42077,1.1255365248221303,-1.2024824298913284
2022-05,RZxElQxEbZN,0.0,42077,2.808580134921397,1.845828611403486
2022-06,RZxElQxEbZN,0.0,42077,3.1501799874085026,6.040276745531668
2022-07,RZxElQxEbZN,0.0,42077,8.15483079287967,7.276641474146489
2022-08,RZxElQxEbZN,1.0,42077,7.678866567997638,6.868535501372209
2022-09,RZxElQxEbZN,1.0,42077,2.816811993369741,4.455029299823001
2022-10,RZxElQxEbZN,2.0,42077,3.0292340524926256,-3.8182807745898297
2022-11,RZxElQxEbZN,1.0,42077,0.1295323116484872,-6.550120529445359
2022-12,RZxElQxEbZN,0.0,42077,0.0154459134012208,-8.136611787444457
2023-01,RZxElQxEbZN,0.0,42077,0.7660345728560558,-12.77217124824668
2023-02,RZxElQxEbZN,0.0,42077,0.0800327028205814,-10.753201423706082
2023-03,RZxElQxEbZN,0.0,42077,0.8248592793453073,-8.554415404496348
2023-04,RZxElQxEbZN,3.0,42077,1.1725951912576256,-7.34072080008458
2023-05,RZxElQxEbZN,0.0,42077,1.2137031467992991,-3.9263796840746745
2023-06,RZxElQxEbZN,3.0,42077,2.045079766686006,3.3040692174126933
2023-07,RZxElQxEbZN,2.0,42077,4.62019548621168,7.21940018522854
2023-08,RZxElQxEbZN,1.0,42077,4.516409985920734,7.153665542540147
2023-09,RZxElQxEbZN,7.0,42077,2.1695901789887264,5.061059906465802
2023-10,RZxElQxEbZN,1.0,42077,1.0077462476573846,-2.5310493531839127
2023-11,RZxElQxEbZN,0.0,42077,0.2556293220657967,-5.302424866255024
2023-12,RZxElQxEbZN,0.0,42077,0.478043510347543,-11.884141622391894
2024-01,RZxElQxEbZN,0.0,42077,0.1565309119271305,-12.826460693433823
2024-02,RZxElQxEbZN,0.0,42077,0.9089195074156524,-14.405833015333716
2024-03,RZxElQxEbZN,0.0,42077,1.6279618778187377,-10.05968715881186
2024-04,RZxElQxEbZN,0.0,42077,1.144151584865717,-5.007191749134894
2024-05,RZxElQxEbZN,0.0,42077,1.73217018084809,1.3215315595843025
2024-06,RZxElQxEbZN,0.0,42077,2.4831359945261693,6.272844563260953
2024-07,RZxElQxEbZN,0.0,42077,10.394814696033214,7.899164978108277
2024-08,RZxElQxEbZN,3.0,42077,8.15685105764479,6.9616373326886745
2024-09,RZxElQxEbZN,0.0,42077,7.650511835980295,5.043051686127012
2024-10,RZxElQxEbZN,0.0,42077,0.3584255849825142,-0.5660589377105376
2024-11,RZxElQxEbZN,3.0,42077,0.2880360523851054,-2.821105193468306
2024-12,RZxElQxEbZN,0.0,42077,0.5334750869193186,-8.339737109862183
2016-01,S8J6p6tGXNb,,86866,2.460376142534342,6.785455928653958
2016-02,S8J6p6tGXNb,,86866,1.183472097248163,11.001243993472285
2016-03,S8J6p6tGXNb,,86866,2.161659472868388,13.330758705557104
2016-04,S8J6p6tGXNb,,86866,2.478752785388166,17.15796466687015
2016-05,S8J6p6tGXNb,,86866,7.298175985929985,17.607524221705518
2016-06,S8J6p6tGXNb,,86866,18.252230593044366,19.490989260522586
2016-07,S8J6p6tGXNb,,86866,53.94083539299239,19.54050591560752
2016-08,S8J6p6tGXNb,,86866,16.87862165240757,20.334266780317016
2016-09,S8J6p6tGXNb,,86866,20.62640203615567,18.862798753517364
2016-10,S8J6p6tGXNb,,86866,5.271746370452604,16.66634543345029
2016-11,S8J6p6tGXNb,,86866,0.4096488262692267,12.838970850959218
2016-12,S8J6p6tGXNb,,86866,0.7802688221496372,10.630910368311136
2017-01,S8J6p6tGXNb,,86866,0.9068564372154804,8.59209283563583
2017-02,S8J6p6tGXNb,,86866,1.6991983342965593,10.738007239520192
2017-03,S8J6p6tGXNb,,86866,4.003453923829348,11.796748078153032
2017-04,S8J6p6tGXNb,,86866,6.06477885249864,16.000903239773024
2017-05,S8J6p6tGXNb,,86866,6.452156186531436,17.355825771360134
2017-06,S8J6p6tGXNb,,86866,14.451314869794992,19.710242464981214
2017-07,S8J6p6tGXNb,,86866,32.434092258726,19.959735749179384
2017-08,S8J6p6tGXNb,,86866,28.12160914239165,19.878426825942668
2017-09,S8J6p6tGXNb,,86866,8.672998037966293,19.3335251411661
2017-10,S8J6p6tGXNb,,86866,3.9049217293405256,16.505942848235787
2017-11,S8J6p6tGXNb,,86866,0.8563358164838507,12.49720074995116
2017-12,S8J6p6tGXNb,,86866,0.3582726460003592,11.265293103493407
2018-01,S8J6p6tGXNb,,86866,0.9645516231691827,8.036400733526293
2018-02,S8J6p6tGXNb,,86866,2.2373198813396,10.442702706945443
2018-03,S8J6p6tGXNb,,86866,3.584020082690165,12.624837939152924
2018-04,S8J6p6tGXNb,,86866,5.759356621463801,15.086337974232302
2018-05,S8J6p6tGXNb,,86866,7.142161133687166,17.238621592479905
2018-06,S8J6p6tGXNb,,86866,19.54420708966216,19.7095008258303
2018-07,S8J6p6tGXNb,,86866,40.29209426708172,20.09399465837755
2018-08,S8J6p6tGXNb,,86866,23.584620172436257,20.011487855746672
2018-09,S8J6p6tGXNb,,86866,13.03133953193211,18.87210506584881
2018-10,S8J6p6tGXNb,,86866,1.913042982759484,14.52040683794528
2018-11,S8J6p6tGXNb,,86866,1.2510835026791705,11.684529030779776
2018-12,S8J6p6tGXNb,,86866,0.909994291633237,8.731007095589227
2019-01,S8J6p6tGXNb,,86866,0.594805739723125,8.061342064265293
2019-02,S8J6p6tGXNb,,86866,2.905681171685256,9.662947397112692
2019-03,S8J6p6tGXNb,,86866,2.272488147579062,11.953932478966513
2019-04,S8J6p6tGXNb,,86866,5.744006457818143,14.862721840612528
2019-05,S8J6p6tGXNb,,86866,4.943143284194774,17.77086966195704
2019-06,S8J6p6tGXNb,,86866,12.37883533338364,19.930948223488617
2019-07,S8J6p6tGXNb,,86866,46.84870057279,19.919415238032823
2019-08,S8J6p6tGXNb,,86866,18.65007361114081,20.494892877015182
2019-09,S8J6p6tGXNb,,86866,17.703124497869567,18.945573837257783
2019-10,S8J6p6tGXNb,,86866,2.0793913040633765,15.98858077311514
2019-11,S8J6p6tGXNb,,86866,0.923481891810216,13.806011866584218
2019-12,S8J6p6tGXNb,,86866,1.040982254718368,8.299415216044256
2020-01,S8J6p6tGXNb,,86866,2.447683204231535,7.213719016486929
2020-02,S8J6p6tGXNb,,86866,2.479958370885633,8.441103709856648
2020-03,S8J6p6tGXNb,,86866,3.5290604530506444,11.47710807495056
2020-04,S8J6p6tGXNb,,86866,4.823756546116084,14.016052248224243
2020-05,S8J6p6tGXNb,,86866,8.775071142535229,16.470567914849024
2020-06,S8J6p6tGXNb,,86866,20.340828198448964,19.08937134862908
2020-07,S8J6p6tGXNb,,86866,36.44741690925394,19.40940810591523
2020-08,S8J6p6tGXNb,,86866,17.247466265648058,20.047874026147586
2020-09,S8J6p6tGXNb,,86866,27.116775116503256,18.84205909009358
2020-10,S8J6p6tGXNb,,86866,1.523261043487765,17.405110575521284
2020-11,S8J6p6tGXNb,,86866,0.35096384318753,12.432516651863182
2020-12,S8J6p6tGXNb,,86866,0.8558255340498656,9.371191500851587
2021-01,S8J6p6tGXNb,,86866,1.1312234138956283,8.889963554984643
2021-02,S8J6p6tGXNb,,86866,1.813869824996276,9.702291578002226
2021-03,S8J6p6tGXNb,,86866,2.5700428424447725,12.712662261981864
2021-04,S8J6p6tGXNb,,86866,2.0872671049441025,15.3660053982127
2021-05,S8J6p6tGXNb,,86866,12.014853488911651,16.95492009111819
2021-06,S8J6p6tGXNb,,86866,23.355170718020755,19.098414646865795
2021-07,S8J6p6tGXNb,,86866,28.268591833674176,19.66359097646488
2021-08,S8J6p6tGXNb,,86866,34.0331931895554,19.286615466651945
2021-09,S8J6p6tGXNb,,86866,11.078316703591986,18.980755983413925
2021-10,S8J6p6tGXNb,,86866,15.12076113495218,16.75469932137995
2021-11,S8J6p6tGXNb,,86866,0.7851108716326435,11.653620274533043
2021-12,S8J6p6tGXNb,,86866,1.26945382370091,8.925760648557215
2022-01,S8J6p6tGXNb,0.0,86866,0.9843192122885164,6.71345003864846
2022-02,S8J6p6tGXNb,0.0,86866,3.6321466266042775,6.784027333982847
2022-03,S8J6p6tGXNb,0.0,86866,1.5892233354127931,14.131812651413703
2022-04,S8J6p6tGXNb,0.0,86866,6.264386515659543,16.342906947376466
2022-05,S8J6p6tGXNb,0.0,86866,8.65083307445014,17.532311352489486
2022-06,S8J6p6tGXNb,0.0,86866,23.49478149178965,18.86427281454328
2022-07,S8J6p6tGXNb,0.0,86866,21.98993636525149,19.911164493423502
2022-08,S8J6p6tGXNb,88.0,86866,18.524552437993776,19.8496379834982
2022-09,S8J6p6tGXNb,50.0,86866,7.778527243332809,18.82543733737016
2022-10,S8J6p6tGXNb,33.0,86866,2.385887825236984,16.160690257546328
2022-11,S8J6p6tGXNb,0.0,86866,0.2725938276936556,12.534739591202468
2022-12,S8J6p6tGXNb,1.0,86866,0.3761505647341573,9.7559948983591
2023-01,S8J6p6tGXNb,0.0,86866,0.1489318692522117,8.761966894152707
2023-02,S8J6p6tGXNb,2.0,86866,1.4246694889204317,10.372180095241776
2023-03,S8J6p6tGXNb,0.0,86866,2.428365392299758,11.987929086565815
2023-04,S8J6p6tGXNb,0.0,86866,1.2156937137835944,15.55951410757115
2023-05,S8J6p6tGXNb,0.0,86866,2.621867024044624,17.010630239997763
2023-06,S8J6p6tGXNb,13.0,86866,9.63372476352881,19.75322701602564
2023-07,S8J6p6tGXNb,42.0,86866,10.945634958835326,20.28271931176366
2023-08,S8J6p6tGXNb,86.0,86866,11.72355530161386,20.067122949665222
2023-09,S8J6p6tGXNb,80.0,86866,6.463280525129015,19.789812118507783
2023-10,S8J6p6tGXNb,31.0,86866,3.100741503844422,16.061100194933957
2023-11,S8J6p6tGXNb,3.0,86866,0.2426994283930284,13.138286818291318
2023-12,S8J6p6tGXNb,0.0,86866,0.4601417282056138,10.139940912360675
2024-01,S8J6p6tGXNb,0.0,86866,0.547889052569053,7.379722765135558
2024-02,S8J6p6tGXNb,0.0,86866,0.5910326333692368,9.098911655337703
2024-03,S8J6p6tGXNb,0.0,86866,4.114512258366775,12.920856716861874
2024-04,S8J6p6tGXNb,0.0,86866,0.552512981759777,17.606933131394538
2024-05,S8J6p6tGXNb,2.0,86866,5.311678238624581,18.76917165052956
2024-06,S8J6p6tGXNb,10.0,86866,24.24840183758448,19.999025272006257
2024-07,S8J6p6tGXNb,12.0,86866,26.20985010296093,20.787577983779123
2024-08,S8J6p6tGXNb,6.0,86866,19.59304626037735,20.32396942119485
2024-09,S8J6p6tGXNb,9.0,86866,13.77332524695702,20.12647765120377
2024-10,S8J6p6tGXNb,7.0,86866,3.920846878909031,16.55790398199602
2024-11,S8J6p6tGXNb,1.0,86866,1.2739984594043712,12.572118125147808
2024-12,S8J6p6tGXNb,0.0,86866,0.7452071870155417,9.72336326790336
2016-01,SJQ2e9HUvaG,1.0,145514,1.222308723910616,1.6207958630144883
2016-02,SJQ2e9HUvaG,,145514,1.522253837786976,5.337058973595925
2016-03,SJQ2e9HUvaG,,145514,2.2594147074977595,8.193879825821694
2016-04,SJQ2e9HUvaG,,145514,1.1184821829081095,12.970039238174216
2016-05,SJQ2e9HUvaG,,145514,4.386841772684499,13.505371077723218
2016-06,SJQ2e9HUvaG,,145514,8.195374135719481,15.497194022810495
2016-07,SJQ2e9HUvaG,,145514,18.34332178302955,15.862551740521663
2016-08,SJQ2e9HUvaG,,145514,11.111562138283826,15.758995965262589
2016-09,SJQ2e9HUvaG,,145514,5.78727823954622,14.56615389249344
2016-10,SJQ2e9HUvaG,,145514,1.5371350195619988,11.533277064301952
2016-11,SJQ2e9HUvaG,,145514,0.1412991018913856,8.550818434537888
2016-12,SJQ2e9HUvaG,,145514,0.3385135038071807,7.0769225347333125
2017-01,SJQ2e9HUvaG,,145514,2.1993819601309346,0.8933319939179336
2017-02,SJQ2e9HUvaG,,145514,0.919816447770394,5.538862073478152
2017-03,SJQ2e9HUvaG,,145514,1.8823707934274847,6.321962945572411
2017-04,SJQ2e9HUvaG,,145514,2.667710823559834,11.920631882644864
2017-05,SJQ2e9HUvaG,,145514,5.479256828859445,13.16666015871285
2017-06,SJQ2e9HUvaG,,145514,6.455798903299653,15.169520778826548
2017-07,SJQ2e9HUvaG,,145514,19.795070310294605,15.779256689609536
2017-08,SJQ2e9HUvaG,,145514,11.998719896158558,15.812203393164804
2017-09,SJQ2e9HUvaG,,145514,5.4556523388338345,14.554858933968656
2017-10,SJQ2e9HUvaG,,145514,1.1168885080421784,11.638256969165322
2017-11,SJQ2e9HUvaG,,145514,0.6157691715634438,7.404679781796086
2017-12,SJQ2e9HUvaG,,145514,0.5659278986523676,6.305303482334127
2018-01,SJQ2e9HUvaG,,145514,0.5723387043340225,4.516194043125662
2018-02,SJQ2e9HUvaG,,145514,1.2259808597726958,5.0350175137854265
2018-03,SJQ2e9HUvaG,,145514,1.8793791127581343,7.943400904453644
2018-04,SJQ2e9HUvaG,,145514,3.4399935339053456,10.764841763898682
2018-05,SJQ2e9HUvaG,,145514,2.5791144194897075,13.867030302625126
2018-06,SJQ2e9HUvaG,,145514,8.224906658729168,15.684460981578734
2018-07,SJQ2e9HUvaG,,145514,19.279334430104928,16.260294595477074
2018-08,SJQ2e9HUvaG,,145514,17.779802086126807,15.641839942415858
2018-09,SJQ2e9HUvaG,,145514,5.551725125673984,14.15568762021397
2018-10,SJQ2e9HUvaG,,145514,0.7591308036929234,9.564772890669186
2018-11,SJQ2e9HUvaG,,145514,0.388189887308044,7.602506976191985
2018-12,SJQ2e9HUvaG,,145514,0.6741303914198821,2.81130759999131
2019-01,SJQ2e9HUvaG,,145514,3.146137927656252,0.1263068646707376
2019-02,SJQ2e9HUvaG,,145514,5.784551401553479,1.5095503209289045
2019-03,SJQ2e9HUvaG,,145514,1.6437398080315715,5.3067117599513365
2019-04,SJQ2e9HUvaG,,145514,2.868772109146493,10.40060273713074
2019-05,SJQ2e9HUvaG,,145514,2.228233621634718,13.956108535001118
2019-06,SJQ2e9HUvaG,,145514,4.447338880588921,15.958572499439752
2019-07,SJQ2e9HUvaG,,145514,17.414713163192356,15.842962805588192
2019-08,SJQ2e9HUvaG,,145514,15.719531226695992,16.009344600674577
2019-09,SJQ2e9HUvaG,,145514,9.698630005113769,14.46657966114141
2019-10,SJQ2e9HUvaG,,145514,1.6510878864349046,10.666608206311665
2019-11,SJQ2e9HUvaG,,145514,0.792048268813806,8.611714184244653
2019-12,SJQ2e9HUvaG,,145514,1.820478213780895,1.7039375224097666
2020-01,SJQ2e9HUvaG,,145514,3.75359978481722,-0.0702693941204485
2020-02,SJQ2e9HUvaG,,145514,1.351517500287588,2.5094450662683507
2020-03,SJQ2e9HUvaG,,145514,3.324559610741785,5.4680886573782
2020-04,SJQ2e9HUvaG,,145514,3.329167781724971,9.530874898923708
2020-05,SJQ2e9HUvaG,,145514,3.854852972882085,13.01263835802861
2020-06,SJQ2e9HUvaG,,145514,10.29977039709058,15.073797270358952
2020-07,SJQ2e9HUvaG,,145514,15.707506301616604,16.203259213100843
2020-08,SJQ2e9HUvaG,,145514,14.251025047392767,16.46659690220952
2020-09,SJQ2e9HUvaG,,145514,5.9253891145627815,15.420325196380956
2020-10,SJQ2e9HUvaG,,145514,0.7247365480359699,12.646721685862849
2020-11,SJQ2e9HUvaG,,145514,1.1982653939911605,7.033107154769193
2020-12,SJQ2e9HUvaG,,145514,0.0499372382357843,5.479536062906163
2021-01,SJQ2e9HUvaG,,145514,0.4555881602099373,5.053875564853029
2021-02,SJQ2e9HUvaG,,145514,1.045124659303021,5.041444260793317
2021-03,SJQ2e9HUvaG,,145514,1.3164169713351217,8.45962854717724
2021-04,SJQ2e9HUvaG,,145514,3.182175467675949,10.45583347438114
2021-05,SJQ2e9HUvaG,,145514,7.752514019345605,12.726859936789944
2021-06,SJQ2e9HUvaG,,145514,15.968523588976096,15.160300717746926
2021-07,SJQ2e9HUvaG,,145514,14.614036058707793,16.257455195786
2021-08,SJQ2e9HUvaG,,145514,14.56805016687338,15.85592329036788
2021-09,SJQ2e9HUvaG,,145514,8.937102282654719,14.961438843044435
2021-10,SJQ2e9HUvaG,,145514,7.634628253536648,12.336784160716364
2021-11,SJQ2e9HUvaG,,145514,0.2462041973077335,8.140428764797425
2021-12,SJQ2e9HUvaG,,145514,2.063225039638069,3.0260131938956825
2022-01,SJQ2e9HUvaG,0.0,145514,1.719940463513415,-0.0844461449194395
2022-02,SJQ2e9HUvaG,0.0,145514,2.5675468967213964,1.0861930563651645
2022-03,SJQ2e9HUvaG,0.0,145514,0.527370481371821,9.479947023416388
2022-04,SJQ2e9HUvaG,0.0,145514,1.15291894357472,13.782973706222338
2022-05,SJQ2e9HUvaG,0.0,145514,4.419286927364675,13.637908187479738
2022-06,SJQ2e9HUvaG,1.0,145514,5.785960816975543,16.236235183140042
2022-07,SJQ2e9HUvaG,0.0,145514,14.430488369660786,16.36279943807802
2022-08,SJQ2e9HUvaG,0.0,145514,11.528510836579342,16.196959575927323
2022-09,SJQ2e9HUvaG,20.0,145514,6.4978988951716,14.369108311158666
2022-10,SJQ2e9HUvaG,10.0,145514,6.431418335207542,10.330818448555194
2022-11,SJQ2e9HUvaG,0.0,145514,0.2647216939178862,7.879015024997475
2022-12,SJQ2e9HUvaG,0.0,145514,0.0189163422802314,5.828110560674235
2023-01,SJQ2e9HUvaG,0.0,145514,0.7355746361469948,3.020252405328344
2023-02,SJQ2e9HUvaG,0.0,145514,0.2335407370242682,6.209059041427738
2023-03,SJQ2e9HUvaG,0.0,145514,2.155349607491393,6.513006232664449
2023-04,SJQ2e9HUvaG,0.0,145514,2.286726707503471,9.61199632305124
2023-05,SJQ2e9HUvaG,0.0,145514,2.46538706143698,12.131669037633586
2023-06,SJQ2e9HUvaG,0.0,145514,4.366134144479139,15.713138031704563
2023-07,SJQ2e9HUvaG,2.0,145514,7.583625394935733,16.356737275625537
2023-08,SJQ2e9HUvaG,1.0,145514,8.26701307770777,16.012610439647833
2023-09,SJQ2e9HUvaG,9.0,145514,3.725960626402955,15.359178963164412
2023-10,SJQ2e9HUvaG,6.0,145514,1.801324801978028,10.733311017750932
2023-11,SJQ2e9HUvaG,0.0,145514,0.6433637056599945,7.490428118683023
2023-12,SJQ2e9HUvaG,0.0,145514,0.3853246261184684,5.340920519143878
2024-01,SJQ2e9HUvaG,0.0,145514,0.3002967327501446,3.224881064394843
2024-02,SJQ2e9HUvaG,0.0,145514,1.2132559798312148,2.5957663095486465
2024-03,SJQ2e9HUvaG,0.0,145514,2.326630705490892,7.141542406643307
2024-04,SJQ2e9HUvaG,1.0,145514,1.50753220490893,11.785996405038096
2024-05,SJQ2e9HUvaG,0.0,145514,3.164077169706441,14.812254622028146
2024-06,SJQ2e9HUvaG,0.0,145514,4.563211075915117,17.39434039013646
2024-07,SJQ2e9HUvaG,0.0,145514,19.786183276844664,17.015813754411234
2024-08,SJQ2e9HUvaG,10.0,145514,14.592233085196671,16.18206713225202
2024-09,SJQ2e9HUvaG,8.0,145514,9.699856384310346,15.520966266743326
2024-10,SJQ2e9HUvaG,7.0,145514,1.2275896349138349,12.121460367187254
2024-11,SJQ2e9HUvaG,1.0,145514,0.6580123297436054,8.319655055684281
2024-12,SJQ2e9HUvaG,0.0,145514,0.5951362265097497,4.597752559537057
2016-01,U8Rk7sYzFmK,,254868,2.6347975905451944,0.5070476722718255
2016-02,U8Rk7sYzFmK,,254868,1.761917932776909,3.721934185942908
2016-03,U8Rk7sYzFmK,,254868,2.7958201913656824,6.4911867651103305
2016-04,U8Rk7sYzFmK,,254868,2.610517194492932,10.322727121258303
2016-05,U8Rk7sYzFmK,,254868,5.804537873756986,11.528116103045152
2016-06,U8Rk7sYzFmK,,254868,16.148642759249363,14.360462329424536
2016-07,U8Rk7sYzFmK,,254868,31.43416534676956,14.831141810575534
2016-08,U8Rk7sYzFmK,,254868,11.61226566808929,15.1776861070182
2016-09,U8Rk7sYzFmK,,254868,15.073683286469578,13.64645755339432
2016-10,U8Rk7sYzFmK,,254868,5.103349351870937,10.581864377550158
2016-11,U8Rk7sYzFmK,,254868,0.7218846572882731,6.869388604235473
2016-12,U8Rk7sYzFmK,,254868,0.9818806908910812,6.042670409105891
2017-01,U8Rk7sYzFmK,,254868,1.1941481218275358,1.3232655470183132
2017-02,U8Rk7sYzFmK,,254868,2.2573645713020176,4.309551267903958
2017-03,U8Rk7sYzFmK,,254868,5.849496535783128,4.633898137542368
2017-04,U8Rk7sYzFmK,,254868,4.821812724876682,9.16228322153864
2017-05,U8Rk7sYzFmK,,254868,7.069945623234009,11.29898111239008
2017-06,U8Rk7sYzFmK,,254868,10.045327626260026,14.200495848410858
2017-07,U8Rk7sYzFmK,,254868,23.72892159292675,14.89185677068444
2017-08,U8Rk7sYzFmK,,254868,28.160185403823,14.832092050591395
2017-09,U8Rk7sYzFmK,,254868,7.816304920310213,14.046178359715858
2017-10,U8Rk7sYzFmK,,254868,2.431201053416739,10.76853089504073
2017-11,U8Rk7sYzFmK,,254868,1.2768857726205962,5.774612155141092
2017-12,U8Rk7sYzFmK,,254868,0.2644116639717646,6.076730576063057
2018-01,U8Rk7sYzFmK,,254868,0.8341850437864795,3.3801144961840874
2018-02,U8Rk7sYzFmK,,254868,1.9419108967872487,4.172105860139292
2018-03,U8Rk7sYzFmK,,254868,2.9426370047465187,5.625196566387442
2018-04,U8Rk7sYzFmK,,254868,6.380612811896083,8.405689724132484
2018-05,U8Rk7sYzFmK,,254868,7.57469489452079,11.203532572832128
2018-06,U8Rk7sYzFmK,,254868,14.745295169623668,14.280752112810037
2018-07,U8Rk7sYzFmK,,254868,27.786597782747968,15.15223403910606
2018-08,U8Rk7sYzFmK,,254868,25.458485622817754,14.991989938600138
2018-09,U8Rk7sYzFmK,,254868,9.61756928579264,13.72037788230592
2018-10,U8Rk7sYzFmK,,254868,1.1362867958138756,8.6024883302097
2018-11,U8Rk7sYzFmK,,254868,1.3541927324126737,6.283511072052912
2018-12,U8Rk7sYzFmK,,254868,1.349278757966349,2.442719851513337
2019-01,U8Rk7sYzFmK,,254868,2.350309327268886,-0.5010833181564915
2019-02,U8Rk7sYzFmK,,254868,4.704646104246056,1.861081778047852
2019-03,U8Rk7sYzFmK,,254868,2.683257457239212,4.21801246826236
2019-04,U8Rk7sYzFmK,,254868,6.122606577023909,8.554953339741498
2019-05,U8Rk7sYzFmK,,254868,2.9252429961623343,11.900088264159336
2019-06,U8Rk7sYzFmK,,254868,7.615811043064915,14.325761973563027
2019-07,U8Rk7sYzFmK,,254868,28.446092609954864,14.83494059285742
2019-08,U8Rk7sYzFmK,,254868,16.897492169564725,15.245134774216526
2019-09,U8Rk7sYzFmK,,254868,20.54227430583493,13.59446893562751
2019-10,U8Rk7sYzFmK,,254868,1.7902147220262374,10.217512930157357
2019-11,U8Rk7sYzFmK,,254868,0.549005705479368,7.913499350418603
2019-12,U8Rk7sYzFmK,,254868,1.8946075821831792,2.292051017034624
2020-01,U8Rk7sYzFmK,,254868,4.695817465054759,0.1121435856736209
2020-02,U8Rk7sYzFmK,,254868,1.981835755649712,2.215878088507608
2020-03,U8Rk7sYzFmK,,254868,2.4918692437943823,4.303262524300132
2020-04,U8Rk7sYzFmK,,254868,5.787545304185277,7.549578563270138
2020-05,U8Rk7sYzFmK,,254868,8.325759029179293,10.798827952228743
2020-06,U8Rk7sYzFmK,,254868,21.63656088887827,14.058189244283904
2020-07,U8Rk7sYzFmK,,254868,30.404294140659,14.809048619299004
2020-08,U8Rk7sYzFmK,,254868,25.414252936917507,15.29275292186284
2020-09,U8Rk7sYzFmK,,254868,12.525319205245296,14.299962794979743
2020-10,U8Rk7sYzFmK,,254868,1.703228305456394,11.951276286677334
2020-11,U8Rk7sYzFmK,,254868,0.4119236262235112,6.278106765148619
2020-12,U8Rk7sYzFmK,,254868,1.0435477554787642,4.257826551700737
2021-01,U8Rk7sYzFmK,,254868,1.4353583590226069,3.83006948235627
2021-02,U8Rk7sYzFmK,,254868,2.20569738456053,2.705984820043993
2021-03,U8Rk7sYzFmK,,254868,2.9068733829635085,6.046260135052554
2021-04,U8Rk7sYzFmK,,254868,1.948172626296299,8.310784964590207
2021-05,U8Rk7sYzFmK,,254868,10.45340427472636,11.349609874665624
2021-06,U8Rk7sYzFmK,,254868,19.139498437204487,14.22260515435494
2021-07,U8Rk7sYzFmK,,254868,31.24120910224699,14.860974726307
2021-08,U8Rk7sYzFmK,,254868,28.47723509674213,14.675439875286166
2021-09,U8Rk7sYzFmK,,254868,17.94948574973577,13.832454608583111
2021-10,U8Rk7sYzFmK,,254868,7.041372535890877,11.569254180028016
2021-11,U8Rk7sYzFmK,,254868,1.4267177949331216,6.985859955249252
2021-12,U8Rk7sYzFmK,,254868,3.086131723832561,2.64969705218664
2022-01,U8Rk7sYzFmK,0.0,254868,2.809172179633554,0.004067318652273
2022-02,U8Rk7sYzFmK,0.0,254868,4.330224029464429,0.3776516146669175
2022-03,U8Rk7sYzFmK,0.0,254868,2.208891654279264,7.031085645825873
2022-04,U8Rk7sYzFmK,0.0,254868,4.388323077427995,10.433601774521126
2022-05,U8Rk7sYzFmK,0.0,254868,8.129845320930395,11.989916346777315
2022-06,U8Rk7sYzFmK,0.0,254868,19.4238746528973,14.11184475187413
2022-07,U8Rk7sYzFmK,0.0,254868,23.68105905955296,15.13212217886736
2022-08,U8Rk7sYzFmK,7.0,254868,19.154766812391266,15.176631160460603
2022-09,U8Rk7sYzFmK,89.0,254868,7.822123840107738,13.972406835517226
2022-10,U8Rk7sYzFmK,104.0,254868,2.8295934087858616,10.23364731251585
2022-11,U8Rk7sYzFmK,19.0,254868,0.301946312006034,7.416865570810887
2022-12,U8Rk7sYzFmK,0.0,254868,0.5698908970477432,5.294272800692368
2023-01,U8Rk7sYzFmK,1.0,254868,0.2913666541530174,3.139759843638063
2023-02,U8Rk7sYzFmK,0.0,254868,1.4279256779201572,4.281079488998745
2023-03,U8Rk7sYzFmK,0.0,254868,1.9192101160615525,5.377951868687934
2023-04,U8Rk7sYzFmK,0.0,254868,1.5241835220718845,8.732749351007142
2023-05,U8Rk7sYzFmK,0.0,254868,2.798773292922028,10.830629923376213
2023-06,U8Rk7sYzFmK,1.0,254868,7.953224418453696,14.730087157502048
2023-07,U8Rk7sYzFmK,5.0,254868,12.24878118570631,15.48897596002292
2023-08,U8Rk7sYzFmK,18.0,254868,12.297846144178449,15.37186024757336
2023-09,U8Rk7sYzFmK,39.0,254868,5.249780003015132,14.850507258054018
2023-10,U8Rk7sYzFmK,39.0,254868,2.463915231944999,9.956438268545629
2023-11,U8Rk7sYzFmK,4.0,254868,0.5160136616327028,6.80923694064303
2023-12,U8Rk7sYzFmK,0.0,254868,0.563025926942045,4.781005114507741
2024-01,U8Rk7sYzFmK,1.0,254868,1.17642416864212,1.191916361692935
2024-02,U8Rk7sYzFmK,10.0,254868,1.0933018837182122,1.838237750413117
2024-03,U8Rk7sYzFmK,25.0,254868,4.191051378776336,5.530645207281598
2024-04,U8Rk7sYzFmK,2.0,254868,1.3320254360721624,10.36800002051419
2024-05,U8Rk7sYzFmK,5.0,254868,5.0470575324311735,12.874714173471736
2024-06,U8Rk7sYzFmK,2.0,254868,16.13989799217828,15.2074300863775
2024-07,U8Rk7sYzFmK,13.0,254868,30.04833614673718,16.191651113807062
2024-08,U8Rk7sYzFmK,16.0,254868,22.19280587398458,15.463009355937675
2024-09,U8Rk7sYzFmK,64.0,254868,18.706455374185044,14.961319110810647
2024-10,U8Rk7sYzFmK,93.0,254868,3.648052202279743,11.25104120852462
2024-11,U8Rk7sYzFmK,23.0,254868,2.6455307575248206,7.309021853815407
2024-12,U8Rk7sYzFmK,1.0,254868,0.7231499071464585,4.829687353051991
2016-01,VoOb1wMwKp0,,273762,1.2363325881890137,11.973157006940626
2016-02,VoOb1wMwKp0,,273762,0.5750310787135271,15.26331081858292
2016-03,VoOb1wMwKp0,,273762,2.53778428699752,18.876848541178607
2016-04,VoOb1wMwKp0,,273762,2.151752896298133,22.01916406943299
2016-05,VoOb1wMwKp0,,273762,9.77788652969296,21.964900721358752
2016-06,VoOb1wMwKp0,,273762,15.55888103168626,23.452632259103087
2016-07,VoOb1wMwKp0,,273762,39.9972684054588,23.06247653455776
2016-08,VoOb1wMwKp0,,273762,8.423422908860498,24.34161123482985
2016-09,VoOb1wMwKp0,,273762,17.489045734243323,22.62799786386086
2016-10,VoOb1wMwKp0,,273762,8.751856626825447,20.926951438468368
2016-11,VoOb1wMwKp0,,273762,0.0868056589223012,17.51602137292388
2016-12,VoOb1wMwKp0,,273762,0.2130621908350007,14.895750380541267
2017-01,VoOb1wMwKp0,,273762,0.473371477230927,13.15235820561876
2017-02,VoOb1wMwKp0,,273762,1.0302440073261523,15.619495433547822
2017-03,VoOb1wMwKp0,,273762,3.251556113568003,16.93349691429844
2017-04,VoOb1wMwKp0,,273762,5.035044631853431,20.393516362269363
2017-05,VoOb1wMwKp0,,273762,5.620244705288638,22.261109318144523
2017-06,VoOb1wMwKp0,,273762,11.65807259641427,23.69512872471265
2017-07,VoOb1wMwKp0,,273762,23.10241684582424,23.560912275068382
2017-08,VoOb1wMwKp0,,273762,24.358532658294727,23.596388462299064
2017-09,VoOb1wMwKp0,,273762,7.91728351005754,23.33906064092517
2017-10,VoOb1wMwKp0,,273762,2.864272270545556,21.04781170851406
2017-11,VoOb1wMwKp0,,273762,0.1309740521418692,17.30385975031929
2017-12,VoOb1wMwKp0,,273762,0.0329649665735634,15.23275072514999
2018-01,VoOb1wMwKp0,,273762,0.3866442864271264,12.432037011417403
2018-02,VoOb1wMwKp0,,273762,1.0641812121212149,15.168826521979428
2018-03,VoOb1wMwKp0,,273762,2.9291245587319708,18.42553494923435
2018-04,VoOb1wMwKp0,,273762,5.624091206300079,20.1806001236948
2018-05,VoOb1wMwKp0,,273762,7.931677172147205,21.490992862801203
2018-06,VoOb1wMwKp0,,273762,18.054644547625628,23.651285969597065
2018-07,VoOb1wMwKp0,,273762,24.81558841900672,23.80029685618373
2018-08,VoOb1wMwKp0,,273762,17.781067111281036,23.81233925344369
2018-09,VoOb1wMwKp0,,273762,8.069488137371836,23.05059282316249
2018-10,VoOb1wMwKp0,,273762,1.7792984636240925,19.544261455662586
2018-11,VoOb1wMwKp0,,273762,0.4905865806959158,16.90852620222778
2018-12,VoOb1wMwKp0,,273762,0.284733735704233,13.458511444690568
2019-01,VoOb1wMwKp0,,273762,0.2482661842767962,12.706798367910048
2019-02,VoOb1wMwKp0,,273762,2.122293625584,14.498455408305189
2019-03,VoOb1wMwKp0,,273762,1.274621904844576,17.842664242049107
2019-04,VoOb1wMwKp0,,273762,4.689417067772536,20.79795661999221
2019-05,VoOb1wMwKp0,,273762,6.997046922694627,22.2623653501504
2019-06,VoOb1wMwKp0,,273762,14.577241417535756,23.952054512796447
2019-07,VoOb1wMwKp0,,273762,37.13978219108112,23.61709532652188
2019-08,VoOb1wMwKp0,,273762,12.627054678570175,24.393324150093097
2019-09,VoOb1wMwKp0,,273762,18.84717785661059,22.593094534203324
2019-10,VoOb1wMwKp0,,273762,2.2688344815710018,20.310601945752143
2019-11,VoOb1wMwKp0,,273762,0.3973436464243007,18.607910975737305
2019-12,VoOb1wMwKp0,,273762,0.4384532380306159,12.927782143744864
2020-01,VoOb1wMwKp0,,273762,1.3159100353180415,12.073921086045278
2020-02,VoOb1wMwKp0,,273762,1.263697756873722,14.10165685639639
2020-03,VoOb1wMwKp0,,273762,2.510540568016196,17.985872777444012
2020-04,VoOb1wMwKp0,,273762,5.686497396819277,20.288460066309323
2020-05,VoOb1wMwKp0,,273762,7.047993545325821,21.710966438141504
2020-06,VoOb1wMwKp0,,273762,18.11596500425793,23.26215242833965
2020-07,VoOb1wMwKp0,,273762,32.41863817630236,23.379234231454387
2020-08,VoOb1wMwKp0,,273762,11.313020651346372,24.2127393682154
2020-09,VoOb1wMwKp0,,273762,19.81278829549644,23.09023010615616
2020-10,VoOb1wMwKp0,,273762,2.7248119415464824,21.884024588877608
2020-11,VoOb1wMwKp0,,273762,0.236826501811064,17.003119277543913
2020-12,VoOb1wMwKp0,,273762,0.1450179599817565,13.733706953236604
2021-01,VoOb1wMwKp0,,273762,1.111774034374153,12.97987871328342
2021-02,VoOb1wMwKp0,,273762,0.6876396098626746,14.843364716201796
2021-03,VoOb1wMwKp0,,273762,1.98677726092865,18.89232942829914
2021-04,VoOb1wMwKp0,,273762,2.4214441930216792,21.583561314869325
2021-05,VoOb1wMwKp0,,273762,11.538721807747612,21.82671491821868
2021-06,VoOb1wMwKp0,,273762,13.487742337085477,23.352346806816666
2021-07,VoOb1wMwKp0,,273762,25.58604738471764,23.839069704503352
2021-08,VoOb1wMwKp0,,273762,21.60770252294576,23.361748622931824
2021-09,VoOb1wMwKp0,,273762,5.413595499153517,23.545689090404736
2021-10,VoOb1wMwKp0,,273762,10.915647623559124,21.401610990267827
2021-11,VoOb1wMwKp0,,273762,0.1199656532193791,15.975733381679351
2021-12,VoOb1wMwKp0,,273762,0.6261377141214098,13.583351100262488
2022-01,VoOb1wMwKp0,0.0,273762,0.4820065433096678,12.09992241467418
2022-02,VoOb1wMwKp0,0.0,273762,2.834949381670168,12.185411107629156
2022-03,VoOb1wMwKp0,0.0,273762,0.8913286095108819,20.121169892822984
2022-04,VoOb1wMwKp0,0.0,273762,5.752189755958532,21.12079197025408
2022-05,VoOb1wMwKp0,1.0,273762,7.971643170635391,22.38423090202972
2022-06,VoOb1wMwKp0,0.0,273762,21.68201460847856,22.98399556872328
2022-07,VoOb1wMwKp0,1.0,273762,10.785582946903489,24.33220559221984
2022-08,VoOb1wMwKp0,2.0,273762,9.158454106113073,24.289237791765576
2022-09,VoOb1wMwKp0,29.0,273762,6.254442477608425,23.04831402843383
2022-10,VoOb1wMwKp0,55.0,273762,2.36450173205576,20.7157011249671
2022-11,VoOb1wMwKp0,21.0,273762,0.0811236062297535,17.05128970916023
2022-12,VoOb1wMwKp0,1.0,273762,0.0405019626443435,14.266107187807524
2023-01,VoOb1wMwKp0,0.0,273762,0.0915709275531961,12.930363956460376
2023-02,VoOb1wMwKp0,0.0,273762,0.585798691380577,15.703937015682682
2023-03,VoOb1wMwKp0,0.0,273762,2.1539184897896866,18.00970506251871
2023-04,VoOb1wMwKp0,0.0,273762,1.826941463768564,21.380044604696323
2023-05,VoOb1wMwKp0,0.0,273762,2.806071847431809,22.848566674866284
2023-06,VoOb1wMwKp0,0.0,273762,8.014229534528472,24.54573830396665
2023-07,VoOb1wMwKp0,10.0,273762,9.623866136924576,24.37152435105825
2023-08,VoOb1wMwKp0,69.0,273762,10.716405371452232,24.161454537657736
2023-09,VoOb1wMwKp0,96.0,273762,7.716107591592453,24.16375648932805
2023-10,VoOb1wMwKp0,57.0,273762,2.984109033736317,20.802578091782404
2023-11,VoOb1wMwKp0,3.0,273762,0.1880987164479625,18.003268097933564
2023-12,VoOb1wMwKp0,1.0,273762,0.2039838247975375,14.935796671207177
2024-01,VoOb1wMwKp0,8.0,273762,0.2438749364847072,12.436209768103213
2024-02,VoOb1wMwKp0,3.0,273762,0.3687655925756638,14.027148242390291
2024-03,VoOb1wMwKp0,3.0,273762,2.961099892077727,18.27040511772163
2024-04,VoOb1wMwKp0,4.0,273762,0.7181189554581741,22.894620249990272
2024-05,VoOb1wMwKp0,2.0,273762,4.323665866327356,24.267988786107463
2024-06,VoOb1wMwKp0,11.0,273762,24.60677446534176,24.08480839828988
2024-07,VoOb1wMwKp0,6.0,273762,19.64969728565975,24.56991914723713
2024-08,VoOb1wMwKp0,3.0,273762,17.902386302427523,24.197862715196976
2024-09,VoOb1wMwKp0,12.0,273762,17.384800319511832,24.40180564429981
2024-10,VoOb1wMwKp0,9.0,273762,3.562183676591947,21.3034812571106
2024-11,VoOb1wMwKp0,5.0,273762,0.2350390344855268,17.760280571065113
2024-12,VoOb1wMwKp0,0.0,273762,0.2558451241658925,14.095824078192852
2016-01,Wep3D4POB3H,,101540,1.8114274150205243,-6.411284185628509
2016-02,Wep3D4POB3H,,101540,1.5184372147447018,-3.2379252227992263
2016-03,Wep3D4POB3H,,101540,1.6388751958425596,-0.9885285684583568
2016-04,Wep3D4POB3H,,101540,1.2383348742603228,3.510793657133749
2016-05,Wep3D4POB3H,,101540,6.283434696598766,4.851253544567686
2016-06,Wep3D4POB3H,,101540,13.807912378920625,8.419971665085416
2016-07,Wep3D4POB3H,,101540,23.647653317177145,8.883418812086257
2016-08,Wep3D4POB3H,,101540,9.328884122851244,8.95379060739291
2016-09,Wep3D4POB3H,,101540,16.126515540711427,7.617422141137028
2016-10,Wep3D4POB3H,,101540,4.062251407152733,4.313694989737415
2016-11,Wep3D4POB3H,,101540,0.4481865035616261,0.9253868207544724
2016-12,Wep3D4POB3H,,101540,0.7065116481092346,0.1376007874623226
2017-01,Wep3D4POB3H,,101540,1.280930522345972,-5.962876734541629
2017-02,Wep3D4POB3H,,101540,0.9439157056456084,-2.856883641654362
2017-03,Wep3D4POB3H,,101540,3.5134487749334737,-3.0016605317868
2017-04,Wep3D4POB3H,,101540,2.934444163265709,2.2732430697179096
2017-05,Wep3D4POB3H,,101540,5.389188522544365,4.771861147026452
2017-06,Wep3D4POB3H,,101540,9.42200955878464,8.194511397891052
2017-07,Wep3D4POB3H,,101540,18.09369255741409,8.89895781504707
2017-08,Wep3D4POB3H,,101540,17.655802995504896,8.882404569408001
2017-09,Wep3D4POB3H,,101540,9.718569735533126,7.915786477435628
2017-10,Wep3D4POB3H,,101540,4.269932550713038,4.393296000516345
2017-11,Wep3D4POB3H,,101540,0.967710304967646,-0.5411610631595877
2017-12,Wep3D4POB3H,,101540,0.3122237283250539,-0.6196771814059368
2018-01,Wep3D4POB3H,,101540,0.6478107723577493,-3.1311914967516867
2018-02,Wep3D4POB3H,,101540,1.321634922205367,-3.503071242228023
2018-03,Wep3D4POB3H,,101540,1.570741747993993,-1.5191956133146274
2018-04,Wep3D4POB3H,,101540,4.722469989625785,1.6001932984287366
2018-05,Wep3D4POB3H,,101540,6.366903631353933,4.54535027477091
2018-06,Wep3D4POB3H,,101540,9.218292938360976,8.371401706284137
2018-07,Wep3D4POB3H,,101540,18.48766003786388,9.263545542077416
2018-08,Wep3D4POB3H,,101540,22.507678410734343,8.838581133530207
2018-09,Wep3D4POB3H,,101540,5.67847181305637,7.478780971978216
2018-10,Wep3D4POB3H,,101540,3.0601818168127264,1.7586276535720322
2018-11,Wep3D4POB3H,,101540,1.1551112866111242,-0.4017012455725717
2018-12,Wep3D4POB3H,,101540,1.3286307617504929,-4.74451866356076
2019-01,Wep3D4POB3H,,101540,2.2278796462423576,-8.437197311581658
2019-02,Wep3D4POB3H,,101540,3.366713645736219,-6.84847933377787
2019-03,Wep3D4POB3H,,101540,1.113739391398132,-4.113278222504521
2019-04,Wep3D4POB3H,,101540,3.500536513234067,1.4961866093070149
2019-05,Wep3D4POB3H,,101540,2.7136104244965384,4.821348380753978
2019-06,Wep3D4POB3H,,101540,5.7205028017492205,8.232789057232669
2019-07,Wep3D4POB3H,,101540,19.014756731695595,8.930250238817973
2019-08,Wep3D4POB3H,,101540,10.3437313400561,9.352118874389513
2019-09,Wep3D4POB3H,,101540,14.003307764239038,7.556106384636829
2019-10,Wep3D4POB3H,,101540,4.292668665551255,3.674008686723466
2019-11,Wep3D4POB3H,,101540,1.5804839297055808,1.0605876974130364
2019-12,Wep3D4POB3H,,101540,1.4780735780305096,-5.838449640485809
2020-01,Wep3D4POB3H,,101540,3.2808997975003487,-8.666721073780426
2020-02,Wep3D4POB3H,,101540,2.111505939942243,-6.049379691604521
2020-03,Wep3D4POB3H,,101540,2.46954244855678,-3.4810762326797886
2020-04,Wep3D4POB3H,,101540,3.403197979113336,0.5463608615627172
2020-05,Wep3D4POB3H,,101540,6.194200544692167,4.109988144675171
2020-06,Wep3D4POB3H,,101540,12.86166099821658,8.230571379865198
2020-07,Wep3D4POB3H,,101540,24.35254530979836,9.081962204637342
2020-08,Wep3D4POB3H,,101540,14.058696886031187,9.679353248007017
2020-09,Wep3D4POB3H,,101540,13.030842491615026,8.351032514364583
2020-10,Wep3D4POB3H,,101540,2.880410489699371,5.760010057301913
2020-11,Wep3D4POB3H,,101540,1.0028663637585455,-0.2975626999202319
2020-12,Wep3D4POB3H,,101540,0.7814930311887132,-2.5362554216151305
2021-01,Wep3D4POB3H,,101540,1.0970523500864042,-2.451470423034943
2021-02,Wep3D4POB3H,,101540,1.5344967178007485,-3.1834642930733725
2021-03,Wep3D4POB3H,,101540,1.5214029977689425,-0.0164110761228838
2021-04,Wep3D4POB3H,,101540,1.4457595822575915,1.2767742634274744
2021-05,Wep3D4POB3H,,101540,9.524772227865196,4.841594126496115
2021-06,Wep3D4POB3H,,101540,10.34597930930103,8.476449402210616
2021-07,Wep3D4POB3H,,101540,18.65443616605769,9.269130059538057
2021-08,Wep3D4POB3H,,101540,18.819447384070884,9.051140139738765
2021-09,Wep3D4POB3H,,101540,8.82751544230681,7.868326756528743
2021-10,Wep3D4POB3H,,101540,6.401933844289628,5.087083345058807
2021-11,Wep3D4POB3H,,101540,1.3634888817563924,0.4700532042542822
2021-12,Wep3D4POB3H,,101540,2.253995395473952,-4.027612604856352
2022-01,Wep3D4POB3H,0.0,101540,1.8454340599766712,-8.369434981640785
2022-02,Wep3D4POB3H,0.0,101540,2.683003689688474,-8.49711899417088
2022-03,Wep3D4POB3H,0.0,101540,1.7142052361403952,1.2628387067842644
2022-04,Wep3D4POB3H,0.0,101540,3.334580031545136,4.300693270357319
2022-05,Wep3D4POB3H,0.0,101540,6.734819216671227,5.743028979780657
2022-06,Wep3D4POB3H,0.0,101540,14.674274714624188,8.368624561423758
2022-07,Wep3D4POB3H,0.0,101540,17.55749754343314,9.392113031498695
2022-08,Wep3D4POB3H,2.0,101540,10.961161987256263,9.41767604942258
2022-09,Wep3D4POB3H,14.0,101540,6.421595197960192,7.824603834057874
2022-10,Wep3D4POB3H,5.0,101540,2.0903347586263146,3.681000673557236
2022-11,Wep3D4POB3H,3.0,101540,0.5590700204135686,0.3484178489396349
2022-12,Wep3D4POB3H,2.0,101540,0.330345863112344,-1.890567181609358
2023-01,Wep3D4POB3H,0.0,101540,0.1924341184756015,-3.542570975495595
2023-02,Wep3D4POB3H,0.0,101540,0.7721986211830552,-1.9886922221071788
2023-03,Wep3D4POB3H,0.0,101540,1.703600273473444,-1.9682971988568727
2023-04,Wep3D4POB3H,0.0,101540,1.2881122203181925,1.1548506462248065
2023-05,Wep3D4POB3H,0.0,101540,2.752282153454798,3.49833527064793
2023-06,Wep3D4POB3H,0.0,101540,4.27703855597144,8.34423777763237
2023-07,Wep3D4POB3H,1.0,101540,8.874292315250605,9.638820486472335
2023-08,Wep3D4POB3H,2.0,101540,9.686541539138933,9.554399269990885
2023-09,Wep3D4POB3H,1.0,101540,3.629879886248562,8.423971759182935
2023-10,Wep3D4POB3H,5.0,101540,2.856722050947936,3.748120234834034
2023-11,Wep3D4POB3H,0.0,101540,0.8390966351048161,0.335791091272341
2023-12,Wep3D4POB3H,0.0,101540,0.6300954833237354,-2.427571944867569
2024-01,Wep3D4POB3H,2.0,101540,0.8785103233170654,-5.789418466194343
2024-02,Wep3D4POB3H,0.0,101540,0.6232749359566192,-4.560986401230017
2024-03,Wep3D4POB3H,0.0,101540,2.672474534559558,-1.4802108931668274
2024-04,Wep3D4POB3H,0.0,101540,0.8863108207076967,3.631009675988576
2024-05,Wep3D4POB3H,1.0,101540,6.261294439294812,6.23658958720009
2024-06,Wep3D4POB3H,0.0,101540,14.516416545075517,9.462034628472212
2024-07,Wep3D4POB3H,1.0,101540,21.454590668876083,10.384884120316626
2024-08,Wep3D4POB3H,1.0,101540,13.40816138318778,9.550590988847782
2024-09,Wep3D4POB3H,5.0,101540,12.658862319487946,8.832213914679816
2024-10,Wep3D4POB3H,9.0,101540,6.151044547740042,4.4882505376914015
2024-11,Wep3D4POB3H,4.0,101540,2.14080790349757,0.7069940494249506
2024-12,Wep3D4POB3H,0.0,101540,1.1530895246208688,-2.2934068763526145
2016-01,WfE2smSUNDt,,243470,2.0419357485220613,9.104502281126017
2016-02,WfE2smSUNDt,,243470,1.6217489177213993,12.532542250653924
2016-03,WfE2smSUNDt,,243470,1.895274075620756,15.627478297120222
2016-04,WfE2smSUNDt,,243470,0.954322356349571,20.58485598309222
2016-05,WfE2smSUNDt,,243470,9.650944123106054,19.45066403217745
2016-06,WfE2smSUNDt,,243470,17.139562518894948,20.95852945452031
2016-07,WfE2smSUNDt,,243470,31.41773403152353,20.72642145797101
2016-08,WfE2smSUNDt,,243470,9.73546202625899,21.59972595392017
2016-09,WfE2smSUNDt,,243470,11.796217832623924,20.02741200096153
2016-10,WfE2smSUNDt,,243470,4.050919498045086,17.990559881376637
2016-11,WfE2smSUNDt,,243470,0.3405853412602074,14.360024699277067
2016-12,WfE2smSUNDt,,243470,0.4757010873697059,12.6488812594553
2017-01,WfE2smSUNDt,,243470,1.1464013736546852,9.547894026301362
2017-02,WfE2smSUNDt,,243470,0.8535192286311939,12.958423318466714
2017-03,WfE2smSUNDt,,243470,3.810782850833221,14.036380321917102
2017-04,WfE2smSUNDt,,243470,3.064853097236963,18.49163760796732
2017-05,WfE2smSUNDt,,243470,8.82930840135535,19.387153911904207
2017-06,WfE2smSUNDt,,243470,11.092039481785324,21.213411042025925
2017-07,WfE2smSUNDt,,243470,19.071574671450456,21.19164718486132
2017-08,WfE2smSUNDt,,243470,26.469166052161224,20.88052450771964
2017-09,WfE2smSUNDt,,243470,9.406269521087324,20.60139589190212
2017-10,WfE2smSUNDt,,243470,1.7185996708995448,18.52493870238448
2017-11,WfE2smSUNDt,,243470,0.7230976381012901,14.355074618189974
2017-12,WfE2smSUNDt,,243470,0.1575254810103103,12.39536406309498
2018-01,WfE2smSUNDt,,243470,0.5813029791743821,9.556235732289194
2018-02,WfE2smSUNDt,,243470,1.4566817180574678,12.88477260351609
2018-03,WfE2smSUNDt,,243470,1.6095052532587624,15.60677042460436
2018-04,WfE2smSUNDt,,243470,4.887482664011575,17.626046787132996
2018-05,WfE2smSUNDt,,243470,8.623263054297722,19.25851896583472
2018-06,WfE2smSUNDt,,243470,11.50547562131959,21.32043103635785
2018-07,WfE2smSUNDt,,243470,22.6383116650826,21.28011965384785
2018-08,WfE2smSUNDt,,243470,24.471063698922222,20.94576263587046
2018-09,WfE2smSUNDt,,243470,7.464575427980486,20.168715693979284
2018-10,WfE2smSUNDt,,243470,1.2354780436488833,16.439515805890395
2018-11,WfE2smSUNDt,,243470,1.3537100070454162,14.286285553181685
2018-12,WfE2smSUNDt,,243470,1.0725018777977602,10.420541998599788
2019-01,WfE2smSUNDt,,243470,2.0034787757374337,8.622086166562687
2019-02,WfE2smSUNDt,,243470,4.454472263603726,10.286139528370484
2019-03,WfE2smSUNDt,,243470,2.2938088115018376,13.733801445771622
2019-04,WfE2smSUNDt,,243470,4.044136261584108,17.23919360289639
2019-05,WfE2smSUNDt,,243470,2.304621013094655,20.89991484820277
2019-06,WfE2smSUNDt,,243470,10.121639945967049,21.63345729885976
2019-07,WfE2smSUNDt,,243470,20.879469085232707,21.19831784337908
2019-08,WfE2smSUNDt,,243470,11.00563437374275,21.71831931994361
2019-09,WfE2smSUNDt,,243470,23.71363443272924,20.03212081926999
2019-10,WfE2smSUNDt,,243470,2.4344774797699,17.3997318554194
2019-11,WfE2smSUNDt,,243470,1.130503111727272,15.312223291454352
2019-12,WfE2smSUNDt,,243470,1.5146652782676784,9.698779709104327
2020-01,WfE2smSUNDt,,243470,5.104458503472212,8.23698259834766
2020-02,WfE2smSUNDt,,243470,2.6319954749561005,10.318407311686682
2020-03,WfE2smSUNDt,,243470,3.0187560804438847,13.348663044365264
2020-04,WfE2smSUNDt,,243470,5.699724331234609,16.407217361287223
2020-05,WfE2smSUNDt,,243470,6.018279543223044,19.009417603271537
2020-06,WfE2smSUNDt,,243470,25.96417718892736,20.46409287973798
2020-07,WfE2smSUNDt,,243470,28.926051944247234,20.92646046945741
2020-08,WfE2smSUNDt,,243470,19.912245787961265,21.553514396050232
2020-09,WfE2smSUNDt,,243470,18.04824554037124,20.69167806573752
2020-10,WfE2smSUNDt,,243470,1.4207540942470411,19.09838569229142
2020-11,WfE2smSUNDt,,243470,0.598503746783812,14.103557122902895
2020-12,WfE2smSUNDt,,243470,1.0486693623353818,11.156324658060427
2021-01,WfE2smSUNDt,,243470,0.4794927915654238,10.460999589215344
2021-02,WfE2smSUNDt,,243470,1.550963756251535,11.951326892727147
2021-03,WfE2smSUNDt,,243470,1.6648879293001115,15.699413876403852
2021-04,WfE2smSUNDt,,243470,1.1357539330945052,18.475349917128145
2021-05,WfE2smSUNDt,,243470,11.973807880010597,18.697310784065444
2021-06,WfE2smSUNDt,,243470,23.097791810842985,20.686693627706028
2021-07,WfE2smSUNDt,,243470,22.7430354996305,21.17302247297346
2021-08,WfE2smSUNDt,,243470,24.216938202517408,20.75040307992821
2021-09,WfE2smSUNDt,,243470,8.99604825313441,20.45466301461877
2021-10,WfE2smSUNDt,,243470,8.073674612671924,18.37097559706222
2021-11,WfE2smSUNDt,,243470,1.4922219836745878,14.126539786498231
2021-12,WfE2smSUNDt,,243470,1.8811062949869384,10.844798989336336
2022-01,WfE2smSUNDt,0.0,243470,2.007788497282053,8.122053869750994
2022-02,WfE2smSUNDt,0.0,243470,3.871518360862738,8.971301717880682
2022-03,WfE2smSUNDt,0.0,243470,0.90548418397563,16.463803661990873
2022-04,WfE2smSUNDt,0.0,243470,2.923599555477966,19.981136342870126
2022-05,WfE2smSUNDt,2.0,243470,9.807183243383449,19.2801408483683
2022-06,WfE2smSUNDt,3.0,243470,16.4464999944604,21.02468441951882
2022-07,WfE2smSUNDt,17.0,243470,15.838860563421932,21.64450930486531
2022-08,WfE2smSUNDt,33.0,243470,9.977217510331808,21.53358527560525
2022-09,WfE2smSUNDt,244.0,243470,6.748503375350158,20.199450139288565
2022-10,WfE2smSUNDt,6.0,243470,6.166348022960076,17.283296306235158
2022-11,WfE2smSUNDt,0.0,243470,0.4470152208195532,14.507561679200418
2022-12,WfE2smSUNDt,0.0,243470,0.220638282752686,11.762747968538784
2023-01,WfE2smSUNDt,1.0,243470,0.1573210351997386,10.396039298141224
2023-02,WfE2smSUNDt,1.0,243470,0.6682091943391041,12.819179043597732
2023-03,WfE2smSUNDt,3.0,243470,2.115233699881052,14.227832857398436
2023-04,WfE2smSUNDt,0.0,243470,1.1958397667153613,17.85246168129799
2023-05,WfE2smSUNDt,0.0,243470,2.390545872762961,19.28025339106008
2023-06,WfE2smSUNDt,0.0,243470,5.723781663842211,22.32837567342941
2023-07,WfE2smSUNDt,3.0,243470,13.99745823885454,21.64076180763568
2023-08,WfE2smSUNDt,21.0,243470,7.014191092229746,21.392106853256667
2023-09,WfE2smSUNDt,38.0,243470,4.436007052078876,21.44204362390937
2023-10,WfE2smSUNDt,67.0,243470,2.7822363430619688,17.563250707573633
2023-11,WfE2smSUNDt,6.0,243470,0.3501065321326794,14.511932114260969
2023-12,WfE2smSUNDt,1.0,243470,0.3895366445470558,11.752802026702694
2024-01,WfE2smSUNDt,3.0,243470,0.5756047719755928,9.560918757091272
2024-02,WfE2smSUNDt,3.0,243470,0.7181539277954265,11.034915715443647
2024-03,WfE2smSUNDt,2.0,243470,1.8408689376005043,15.043511328861786
2024-04,WfE2smSUNDt,2.0,243470,0.2081519369702127,20.92414341930679
2024-05,WfE2smSUNDt,3.0,243470,4.247480424424993,21.626137676372306
2024-06,WfE2smSUNDt,3.0,243470,12.429855187726522,22.47276066200208
2024-07,WfE2smSUNDt,4.0,243470,31.98015940073642,22.16039594625044
2024-08,WfE2smSUNDt,30.0,243470,16.96869885565106,21.488137308784577
2024-09,WfE2smSUNDt,42.0,243470,16.515449230546945,21.36109852850602
2024-10,WfE2smSUNDt,24.0,243470,3.565337200267962,18.471744357672467
2024-11,WfE2smSUNDt,12.0,243470,2.510492416625092,14.91272093622988
2024-12,WfE2smSUNDt,0.0,243470,0.3088790044971141,11.355436769044385
2016-01,Yacp1fLlWut,,4782,1.46852169920365,-13.575654236801682
2016-02,Yacp1fLlWut,,4782,1.679418727969218,-10.782075230036856
2016-03,Yacp1fLlWut,,4782,3.07365947895388,-8.873991972144092
2016-04,Yacp1fLlWut,,4782,2.1464393267909703,-4.830142426089887
2016-05,Yacp1fLlWut,,4782,3.914911721291732,-1.8725192911238864
2016-06,Yacp1fLlWut,,4782,6.402210898521775,3.0966820649796465
2016-07,Yacp1fLlWut,,4782,15.369475404925405,4.411177880153799
2016-08,Yacp1fLlWut,,4782,6.972220460513873,4.323998353878886
2016-09,Yacp1fLlWut,,4782,7.559854353917924,2.3027052960711143
2016-10,Yacp1fLlWut,,4782,2.466385076368888,-2.0115950082804
2016-11,Yacp1fLlWut,,4782,0.2109373664720965,-4.544209791867329
2016-12,Yacp1fLlWut,,4782,0.5595480800405543,-4.960410944988744
2017-01,Yacp1fLlWut,,4782,2.0862582222032,-15.305848325032356
2017-02,Yacp1fLlWut,,4782,0.6151398877780621,-11.72420182786792
2017-03,Yacp1fLlWut,,4782,4.102546033885559,-10.936601152548194
2017-04,Yacp1fLlWut,,4782,2.113231641820748,-4.6267891298929325
2017-05,Yacp1fLlWut,,4782,2.884042549518964,-1.5857142252316427
2017-06,Yacp1fLlWut,,4782,5.701921854844035,2.617504412094056
2017-07,Yacp1fLlWut,,4782,11.914415021080003,4.616978045144754
2017-08,Yacp1fLlWut,,4782,9.02141024899476,4.89549170967483
2017-09,Yacp1fLlWut,,4782,4.7646122274088185,3.056073952925741
2017-10,Yacp1fLlWut,,4782,1.589127906512704,-1.3621430238314811
2017-11,Yacp1fLlWut,,4782,0.5915370071136297,-7.234564270555032
2017-12,Yacp1fLlWut,,4782,0.9844580091110212,-9.65840706767288
2018-01,Yacp1fLlWut,,4782,0.8249250898249092,-10.472647750841563
2018-02,Yacp1fLlWut,,4782,2.3566750463282946,-12.315557570174269
2018-03,Yacp1fLlWut,,4782,2.603627363790922,-10.505704238474165
2018-04,Yacp1fLlWut,,4782,2.1374059317544374,-5.661473249942457
2018-05,Yacp1fLlWut,,4782,2.622447918171511,-2.138664330278008
2018-06,Yacp1fLlWut,,4782,6.793758784294921,3.165830290229514
2018-07,Yacp1fLlWut,,4782,11.59831965339584,5.357313925252848
2018-08,Yacp1fLlWut,,4782,12.45194784917578,4.699407813820448
2018-09,Yacp1fLlWut,,4782,5.567906814033207,2.13732405391392
2018-10,Yacp1fLlWut,,4782,1.3025978603236776,-5.159092262609468
2018-11,Yacp1fLlWut,,4782,0.5967875686233829,-6.247095147963182
2018-12,Yacp1fLlWut,,4782,1.434979219227303,-12.527546495277535
2019-01,Yacp1fLlWut,,4782,4.818415692148303,-16.541706064281133
2019-02,Yacp1fLlWut,,4782,6.581416393502015,-15.008801031851366
2019-03,Yacp1fLlWut,,4782,2.1836969585530794,-12.5827319132573
2019-04,Yacp1fLlWut,,4782,1.3896833456419295,-6.326247635856944
2019-05,Yacp1fLlWut,,4782,1.983461804249277,-3.176964483389135
2019-06,Yacp1fLlWut,,4782,5.549238077971406,2.4130739633753207
2019-07,Yacp1fLlWut,,4782,12.115434512934344,4.148771253490535
2019-08,Yacp1fLlWut,,4782,6.999721161750827,4.5352172629484295
2019-09,Yacp1fLlWut,,4782,11.181338108315146,1.95760514920558
2019-10,Yacp1fLlWut,,4782,1.6554177668953345,-3.4481795010562366
2019-11,Yacp1fLlWut,,4782,1.210310303436238,-6.841387063414475
2019-12,Yacp1fLlWut,,4782,2.451463556698319,-14.27375852882678
2020-01,Yacp1fLlWut,,4782,5.284438781704773,-17.58517787057201
2020-02,Yacp1fLlWut,,4782,1.2785313076891638,-14.292427568016643
2020-03,Yacp1fLlWut,,4782,2.7381101201498907,-12.552759085457646
2020-04,Yacp1fLlWut,,4782,2.474803144012843,-8.104485451161315
2020-05,Yacp1fLlWut,,4782,2.917464754896249,-3.6959787646969495
2020-06,Yacp1fLlWut,,4782,11.378121861298927,1.540702718171983
2020-07,Yacp1fLlWut,,4782,12.569622578732863,4.072752197303794
2020-08,Yacp1fLlWut,,4782,8.689254585006104,4.754238381242826
2020-09,Yacp1fLlWut,,4782,8.408046835419194,3.056290451318801
2020-10,Yacp1fLlWut,,4782,0.7366647676197745,-0.7944405966551144
2020-11,Yacp1fLlWut,,4782,1.0378960747277337,-8.985620937811477
2020-12,Yacp1fLlWut,,4782,0.7329769357900306,-11.57656043070894
2021-01,Yacp1fLlWut,,4782,0.6908215334894366,-10.778138131256815
2021-02,Yacp1fLlWut,,4782,1.2388278649767384,-11.71164949095808
2021-03,Yacp1fLlWut,,4782,1.746595981160257,-8.718246182539204
2021-04,Yacp1fLlWut,,4782,2.983976992273192,-8.291799141255145
2021-05,Yacp1fLlWut,,4782,7.650227094681868,-2.7014129213380005
2021-06,Yacp1fLlWut,,4782,10.069770521854077,2.001575068296968
2021-07,Yacp1fLlWut,,4782,12.120645137034268,3.9244130764131633
2021-08,Yacp1fLlWut,,4782,13.412506095550864,3.856340464543841
2021-09,Yacp1fLlWut,,4782,6.874135825313058,2.086344511951285
2021-10,Yacp1fLlWut,,4782,3.841478462642842,-2.054206763666715
2021-11,Yacp1fLlWut,,4782,0.7086648106574405,-7.256425298411029
2021-12,Yacp1fLlWut,,4782,3.7068478573352928,-14.70055917965421
2022-01,Yacp1fLlWut,0.0,4782,1.3410913613713986,-17.078601507201473
2022-02,Yacp1fLlWut,0.0,4782,2.734969192593174,-16.711818234296228
2022-03,Yacp1fLlWut,0.0,4782,0.3525164701306135,-7.457845913373005
2022-04,Yacp1fLlWut,0.0,4782,1.975915966733559,-3.148014242475357
2022-05,Yacp1fLlWut,0.0,4782,4.098820405137773,-0.8467678228070877
2022-06,Yacp1fLlWut,0.0,4782,5.94053141905963,3.739957262658635
2022-07,Yacp1fLlWut,0.0,4782,8.01198765749242,5.141394312562611
2022-08,Yacp1fLlWut,1.0,4782,8.642498269296619,4.744034258575481
2022-09,Yacp1fLlWut,5.0,4782,4.624817309135763,2.0119654259503625
2022-10,Yacp1fLlWut,2.0,4782,2.693219631363862,-4.904779931798659
2022-11,Yacp1fLlWut,4.0,4782,0.3914742570755604,-7.968757702007298
2022-12,Yacp1fLlWut,0.0,4782,0.1961871116104529,-9.0365924168005
2023-01,Yacp1fLlWut,0.0,4782,0.6826467499889206,-13.158698551728335
2023-02,Yacp1fLlWut,0.0,4782,0.3297889933218655,-10.512973792519436
2023-03,Yacp1fLlWut,0.0,4782,1.2560212599762406,-10.549102945390958
2023-04,Yacp1fLlWut,0.0,4782,1.727676369780528,-8.81688867247291
2023-05,Yacp1fLlWut,1.0,4782,1.6853920978233232,-4.955582020895761
2023-06,Yacp1fLlWut,0.0,4782,2.8342213274258388,1.3418093177164436
2023-07,Yacp1fLlWut,0.0,4782,5.070943436630987,4.749081475602177
2023-08,Yacp1fLlWut,0.0,4782,5.500198833387213,5.03446987062646
2023-09,Yacp1fLlWut,1.0,4782,2.8050665413960822,2.9924365930373567
2023-10,Yacp1fLlWut,9.0,4782,1.7616846721376738,-4.512624232086074
2023-11,Yacp1fLlWut,0.0,4782,0.5558864634446528,-8.94518277268049
2023-12,Yacp1fLlWut,0.0,4782,0.6540712436571973,-12.595893460493652
2024-01,Yacp1fLlWut,0.0,4782,0.2706080705399046,-14.356422293111592
2024-02,Yacp1fLlWut,0.0,4782,0.9297714533203142,-14.11734566891342
2024-03,Yacp1fLlWut,0.0,4782,2.2595078781138573,-10.828510627092582
2024-04,Yacp1fLlWut,0.0,4782,2.044870396380424,-6.272593545269566
2024-05,Yacp1fLlWut,0.0,4782,3.0228216668174226,-1.4442362650075724
2024-06,Yacp1fLlWut,1.0,4782,6.856361582857959,3.604192026157908
2024-07,Yacp1fLlWut,0.0,4782,15.377794844941192,5.16594685748903
2024-08,Yacp1fLlWut,1.0,4782,9.47608853369534,4.738828328054573
2024-09,Yacp1fLlWut,0.0,4782,11.482148812488376,2.726611719033597
2024-10,Yacp1fLlWut,4.0,4782,1.0701397294204769,-2.430285119393378
2024-11,Yacp1fLlWut,1.0,4782,0.8101381137760933,-5.471817487448678
2024-12,Yacp1fLlWut,0.0,4782,1.08207442647759,-10.92409018447781
2016-01,YmFSl06J6cs,,860580,0.1785399046415851,16.375484449161743
2016-02,YmFSl06J6cs,,860580,0.0643615911331063,20.70036360870846
2016-03,YmFSl06J6cs,,860580,0.7339757793126596,25.81949404550884
2016-04,YmFSl06J6cs,,860580,0.1218410614744791,30.849985976048
2016-05,YmFSl06J6cs,,860580,5.859999110662524,28.01119591417844
2016-06,YmFSl06J6cs,,860580,8.747455176458537,28.40318096421036
2016-07,YmFSl06J6cs,,860580,11.933346773826097,27.2544862439028
2016-08,YmFSl06J6cs,,860580,6.378290233906112,28.55899100090465
2016-09,YmFSl06J6cs,,860580,13.122882024181804,26.4687570849283
2016-10,YmFSl06J6cs,,860580,2.0161878586884643,25.163572279498663
2016-11,YmFSl06J6cs,,860580,0.0052379070832377,21.234708360584545
2016-12,YmFSl06J6cs,,860580,0.0815100012159391,17.93935834001671
2017-01,YmFSl06J6cs,,860580,0.1027141250685222,16.327989109500276
2017-02,YmFSl06J6cs,,860580,0.0161670340475205,19.81553793649305
2017-03,YmFSl06J6cs,,860580,1.033919854669359,22.429541776062205
2017-04,YmFSl06J6cs,,860580,1.3114769071560992,27.699969744154856
2017-05,YmFSl06J6cs,,860580,2.744400119863224,29.28170309821456
2017-06,YmFSl06J6cs,,860580,4.707371512789522,29.13189750261353
2017-07,YmFSl06J6cs,,860580,10.630513328807533,27.59591063869877
2017-08,YmFSl06J6cs,,860580,15.218735453783866,27.527958749672933
2017-09,YmFSl06J6cs,,860580,4.948765181796025,27.530963888471938
2017-10,YmFSl06J6cs,,860580,1.5298105138576616,25.44353401532977
2017-11,YmFSl06J6cs,,860580,0.0046499720580948,21.29494611408784
2017-12,YmFSl06J6cs,,860580,0.0024247983837887,18.58277068426208
2018-01,YmFSl06J6cs,,860580,0.0376565605684204,15.283902048928445
2018-02,YmFSl06J6cs,,860580,0.1024634658313426,19.619283132448945
2018-03,YmFSl06J6cs,,860580,0.2633255822753562,25.23324702144441
2018-04,YmFSl06J6cs,,860580,1.6716076058397664,27.660742382436748
2018-05,YmFSl06J6cs,,860580,2.225237570361472,28.53959714033422
2018-06,YmFSl06J6cs,,860580,6.379126131303055,29.473280372077763
2018-07,YmFSl06J6cs,,860580,10.009662431075665,28.225782492040484
2018-08,YmFSl06J6cs,,860580,8.06317245922514,27.90398829029652
2018-09,YmFSl06J6cs,,860580,3.609964574347319,27.465379366683333
2018-10,YmFSl06J6cs,,860580,0.349596854942266,24.883559715237897
2018-11,YmFSl06J6cs,,860580,0.009594074129628,22.34496468598693
2018-12,YmFSl06J6cs,,860580,0.0152015928800588,17.67483308309655
2019-01,YmFSl06J6cs,,860580,0.1548916496332728,16.59341636408289
2019-02,YmFSl06J6cs,,860580,1.7337445481786955,18.785956935750416
2019-03,YmFSl06J6cs,,860580,0.5078802505806472,23.70900908364287
2019-04,YmFSl06J6cs,,860580,2.1358099922763447,27.34993801013397
2019-05,YmFSl06J6cs,,860580,0.857721666209552,30.76798514946008
2019-06,YmFSl06J6cs,,860580,3.119827262900524,30.89357630781555
2019-07,YmFSl06J6cs,,860580,23.687600307812176,28.19340121894161
2019-08,YmFSl06J6cs,,860580,6.712904397458993,28.593023871604625
2019-09,YmFSl06J6cs,,860580,15.3964906798825,26.607522115944697
2019-10,YmFSl06J6cs,,860580,0.6026803990458667,24.63823367643878
2019-11,YmFSl06J6cs,,860580,0.0420592644498171,22.49809164579544
2019-12,YmFSl06J6cs,,860580,0.6345247489529484,15.697271554811634
2020-01,YmFSl06J6cs,,860580,1.4834834024264176,15.200926427553377
2020-02,YmFSl06J6cs,,860580,0.5948859124631241,17.808131089676134
2020-03,YmFSl06J6cs,,860580,0.8981784309902692,23.299580139884327
2020-04,YmFSl06J6cs,,860580,1.33614540414649,27.27012147469999
2020-05,YmFSl06J6cs,,860580,3.0143670594260787,27.98441213314346
2020-06,YmFSl06J6cs,,860580,9.439119131903691,27.772544727132704
2020-07,YmFSl06J6cs,,860580,22.953167829849,27.291110914927465
2020-08,YmFSl06J6cs,,860580,6.067117522926871,28.351027922357083
2020-09,YmFSl06J6cs,,860580,12.048986408002897,27.00401411059264
2020-10,YmFSl06J6cs,,860580,0.6527346666674088,25.91541710535628
2020-11,YmFSl06J6cs,,860580,0.0035493446029816,20.764635266667725
2020-12,YmFSl06J6cs,,860580,0.0349729077673176,16.965570570278643
2021-01,YmFSl06J6cs,,860580,0.0263711032524068,16.104368614430143
2021-02,YmFSl06J6cs,,860580,0.0705139962550198,19.472688671589264
2021-03,YmFSl06J6cs,,860580,0.0596348829179789,25.247437741725204
2021-04,YmFSl06J6cs,,860580,0.4380020822217049,28.800425847637605
2021-05,YmFSl06J6cs,,860580,10.347840382465424,26.831093086680028
2021-06,YmFSl06J6cs,,860580,8.60105251849131,27.717157372400727
2021-07,YmFSl06J6cs,,860580,9.101631217464456,27.89899995381345
2021-08,YmFSl06J6cs,,860580,12.773979077763958,27.11164530478736
2021-09,YmFSl06J6cs,,860580,4.202222015591257,27.51634338818897
2021-10,YmFSl06J6cs,,860580,7.419360648728827,25.16648708728637
2021-11,YmFSl06J6cs,,860580,0.0071627853444542,19.61588209154837
2021-12,YmFSl06J6cs,,860580,0.8684785485128084,16.793750961276665
2022-01,YmFSl06J6cs,0.0,860580,0.4928476881413418,14.969654330302047
2022-02,YmFSl06J6cs,0.0,860580,1.0328385992076443,16.585873089477012
2022-03,YmFSl06J6cs,1.0,860580,0.0532408324278509,25.710407424997776
2022-04,YmFSl06J6cs,0.0,860580,0.5793884864578461,29.199855874414645
2022-05,YmFSl06J6cs,0.0,860580,2.267828857164432,29.032014562418336
2022-06,YmFSl06J6cs,0.0,860580,8.998317150182231,28.49277151241943
2022-07,YmFSl06J6cs,0.0,860580,6.230152236572944,28.86179673541625
2022-08,YmFSl06J6cs,2.0,860580,8.101597011119464,28.34183789232173
2022-09,YmFSl06J6cs,15.0,860580,4.269819981081471,26.98248375162102
2022-10,YmFSl06J6cs,13.0,860580,1.1215948181021476,24.48026700268279
2022-11,YmFSl06J6cs,4.0,860580,0.0129479158974203,21.06337447963692
2022-12,YmFSl06J6cs,2.0,860580,0.0020511134375619,17.8460079052713
2023-01,YmFSl06J6cs,0.0,860580,0.0100013780109731,15.410535220679453
2023-02,YmFSl06J6cs,0.0,860580,0.0063905204390909,19.912907984379263
2023-03,YmFSl06J6cs,0.0,860580,0.7496475942728609,23.873668046675554
2023-04,YmFSl06J6cs,0.0,860580,0.1942279029652806,28.56116116472728
2023-05,YmFSl06J6cs,0.0,860580,0.5989488532563891,29.859129784659856
2023-06,YmFSl06J6cs,0.0,860580,1.7502376531773398,31.569505105301022
2023-07,YmFSl06J6cs,0.0,860580,4.483672088817423,28.78680565136593
2023-08,YmFSl06J6cs,331.0,860580,5.635221078398284,28.1626729675326
2023-09,YmFSl06J6cs,0.0,860580,4.275967516794391,28.226696423575568
2023-10,YmFSl06J6cs,23.0,860580,1.3208176739042623,25.08248997276187
2023-11,YmFSl06J6cs,6.0,860580,0.0384684511465377,22.15968489727416
2023-12,YmFSl06J6cs,0.0,860580,0.0870515289926197,18.25202233201148
2024-01,YmFSl06J6cs,1.0,860580,0.0459631593982999,15.62733249334171
2024-02,YmFSl06J6cs,0.0,860580,0.1135164174040993,18.30347367542875
2024-03,YmFSl06J6cs,0.0,860580,1.4779157111187038,23.418245322574013
2024-04,YmFSl06J6cs,0.0,860580,0.0131112692672941,30.3541292666051
2024-05,YmFSl06J6cs,0.0,860580,2.248275861058884,30.25601469543448
2024-06,YmFSl06J6cs,0.0,860580,4.713762516184163,30.09963037324767
2024-07,YmFSl06J6cs,1.0,860580,16.708971004880553,28.77882728595407
2024-08,YmFSl06J6cs,4.0,860580,7.447867296447782,28.24780009571429
2024-09,YmFSl06J6cs,33.0,860580,10.53210486543667,28.306319563492416
2024-10,YmFSl06J6cs,22.0,860580,0.9786419862193936,25.77252784778816
2024-11,YmFSl06J6cs,13.0,860580,0.0919175149304275,22.039893036985177
2024-12,YmFSl06J6cs,0.0,860580,0.0291869308435332,17.266180695451684
2016-01,YnUoe8z0OJY,,243154,2.204397889363854,-6.657977605562695
2016-02,YnUoe8z0OJY,,243154,2.385260837579121,-2.1602193177474303
2016-03,YnUoe8z0OJY,,243154,4.207867999008118,-0.0173393718139652
2016-04,YnUoe8z0OJY,,243154,3.862106345081626,4.132230578213989
2016-05,YnUoe8z0OJY,,243154,6.199287988538902,6.610083979031248
2016-06,YnUoe8z0OJY,,243154,10.380654687001208,10.41550733290774
2016-07,YnUoe8z0OJY,,243154,21.82247557278483,11.451444695806746
2016-08,YnUoe8z0OJY,,243154,8.523236733824904,11.54407051013609
2016-09,YnUoe8z0OJY,,243154,14.057513758536947,9.59825479856081
2016-10,YnUoe8z0OJY,,243154,3.283695599553757,6.138100129222182
2016-11,YnUoe8z0OJY,,243154,0.3659238789383164,2.126325758949001
2016-12,YnUoe8z0OJY,,243154,0.8415036544945698,1.1663969868315058
2017-01,YnUoe8z0OJY,,243154,2.036823939969463,-6.233022142064115
2017-02,YnUoe8z0OJY,,243154,1.558273810047316,-2.831188818759307
2017-03,YnUoe8z0OJY,,243154,6.411151250548295,-1.6846954243210357
2017-04,YnUoe8z0OJY,,243154,4.565911414409066,3.776943796738711
2017-05,YnUoe8z0OJY,,243154,6.209420071510369,6.710250044754922
2017-06,YnUoe8z0OJY,,243154,7.409278602515532,10.172528770592734
2017-07,YnUoe8z0OJY,,243154,15.002605285779556,11.608464083046687
2017-08,YnUoe8z0OJY,,243154,18.872315928093208,11.519911645524472
2017-09,YnUoe8z0OJY,,243154,6.0843790362353705,10.178380784132642
2017-10,YnUoe8z0OJY,,243154,1.9759443822687133,6.218015696684389
2017-11,YnUoe8z0OJY,,243154,1.0801661205897,0.715694208957899
2017-12,YnUoe8z0OJY,,243154,0.6477250749168955,-0.7847453428643681
2018-01,YnUoe8z0OJY,,243154,0.9239576549659796,-2.8397473221723244
2018-02,YnUoe8z0OJY,,243154,3.2431797980050736,-2.8673094932033005
2018-03,YnUoe8z0OJY,,243154,3.877480093250296,-1.143829900514868
2018-04,YnUoe8z0OJY,,243154,5.328270980909688,3.0178980557873274
2018-05,YnUoe8z0OJY,,243154,6.359773703135797,6.072783601183393
2018-06,YnUoe8z0OJY,,243154,16.147327660819066,10.299716163214834
2018-07,YnUoe8z0OJY,,243154,18.35021808105304,11.835821425396157
2018-08,YnUoe8z0OJY,,243154,15.83971808053221,11.790980205953232
2018-09,YnUoe8z0OJY,,243154,9.412900852288884,9.114140244333347
2018-10,YnUoe8z0OJY,,243154,1.65977147912252,3.0657570598996693
2018-11,YnUoe8z0OJY,,243154,1.6172057101246369,0.5507819859614532
2018-12,YnUoe8z0OJY,,243154,1.5656217291492835,-5.378930220409135
2019-01,YnUoe8z0OJY,,243154,4.296572899493657,-7.380128108298961
2019-02,YnUoe8z0OJY,,243154,7.062794431893116,-5.147694802077643
2019-03,YnUoe8z0OJY,,243154,3.1433140996438915,-1.6934346903084367
2019-04,YnUoe8z0OJY,,243154,2.9911966775217325,2.780746507051016
2019-05,YnUoe8z0OJY,,243154,3.841504482201676,6.887429794101779
2019-06,YnUoe8z0OJY,,243154,8.995257141541124,10.066085841844776
2019-07,YnUoe8z0OJY,,243154,20.320119807595752,11.10470449201394
2019-08,YnUoe8z0OJY,,243154,10.28387990282502,11.75378340772038
2019-09,YnUoe8z0OJY,,243154,15.093717492134347,9.554973145331475
2019-10,YnUoe8z0OJY,,243154,2.161673076204182,4.883668899375434
2019-11,YnUoe8z0OJY,,243154,1.4600164192993683,1.7354110179664175
2019-12,YnUoe8z0OJY,,243154,2.359941132215662,-5.57422786762358
2020-01,YnUoe8z0OJY,,243154,5.634036020851123,-7.415832548303922
2020-02,YnUoe8z0OJY,,243154,1.9863229861782632,-5.220361034656593
2020-03,YnUoe8z0OJY,,243154,3.118404009113595,-2.223074366979972
2020-04,YnUoe8z0OJY,,243154,5.8508849049331495,1.5471462945856118
2020-05,YnUoe8z0OJY,,243154,7.189951103607046,5.4303609685514544
2020-06,YnUoe8z0OJY,,243154,15.966704458667463,9.17207697353893
2020-07,YnUoe8z0OJY,,243154,19.80037608349987,11.258517328562048
2020-08,YnUoe8z0OJY,,243154,13.046422759668127,11.967820950159805
2020-09,YnUoe8z0OJY,,243154,14.431781937667616,10.314743020777591
2020-10,YnUoe8z0OJY,,243154,1.058065792590764,7.312956000236584
2020-11,YnUoe8z0OJY,,243154,0.8942603541935273,0.0149787946334335
2020-12,YnUoe8z0OJY,,243154,0.8431192452727506,-3.080558720954973
2021-01,YnUoe8z0OJY,,243154,1.2396129825357636,-2.551868717994389
2021-02,YnUoe8z0OJY,,243154,2.022576127448863,-3.601315713967355
2021-03,YnUoe8z0OJY,,243154,4.071625475213208,0.3254542574594263
2021-04,YnUoe8z0OJY,,243154,3.3762667794765817,1.7515833438609625
2021-05,YnUoe8z0OJY,,243154,10.062192958463426,6.170337529225613
2021-06,YnUoe8z0OJY,,243154,15.869410648352572,9.733457613108744
2021-07,YnUoe8z0OJY,,243154,18.665462790802376,11.451435558556485
2021-08,YnUoe8z0OJY,,243154,20.05878665938278,11.31420122797074
2021-09,YnUoe8z0OJY,,243154,10.875155075549792,9.863747077418031
2021-10,YnUoe8z0OJY,,243154,7.094741181188292,5.821240203538181
2021-11,YnUoe8z0OJY,,243154,1.138961638778355,0.1860140500326276
2021-12,YnUoe8z0OJY,,243154,2.9194472837785925,-5.085741128634353
2022-01,YnUoe8z0OJY,0.0,243154,2.3471696894194567,-7.41988073152315
2022-02,YnUoe8z0OJY,0.0,243154,4.008508200661685,-6.590675802007375
2022-03,YnUoe8z0OJY,0.0,243154,1.0087765906236248,1.0749472874982748
2022-04,YnUoe8z0OJY,0.0,243154,4.280059113767673,5.491658830524642
2022-05,YnUoe8z0OJY,0.0,243154,7.587346138121638,7.333520038708543
2022-06,YnUoe8z0OJY,1.0,243154,16.540704894290975,10.600485452326836
2022-07,YnUoe8z0OJY,2.0,243154,12.14134528950477,12.00534705695658
2022-08,YnUoe8z0OJY,9.0,243154,10.988926593950168,11.778091888767316
2022-09,YnUoe8z0OJY,81.0,243154,5.919496322267037,9.881672435893211
2022-10,YnUoe8z0OJY,170.0,243154,2.7660187245647267,4.1294432150368925
2022-11,YnUoe8z0OJY,26.0,243154,0.4838017044207771,0.8644502268378189
2022-12,YnUoe8z0OJY,2.0,243154,0.3604536504172374,-0.8362352171553235
2023-01,YnUoe8z0OJY,1.0,243154,0.4922262595376136,-4.320991007262173
2023-02,YnUoe8z0OJY,0.0,243154,1.5163747830348553,-2.5934932058581954
2023-03,YnUoe8z0OJY,0.0,243154,2.032167097777378,-0.9957637586022012
2023-04,YnUoe8z0OJY,0.0,243154,2.114277523549463,2.083126099810332
2023-05,YnUoe8z0OJY,2.0,243154,3.346884166389463,5.091661136344508
2023-06,YnUoe8z0OJY,1.0,243154,6.655324902336869,9.877573581367145
2023-07,YnUoe8z0OJY,1.0,243154,7.229278394936225,11.993874840149182
2023-08,YnUoe8z0OJY,25.0,243154,7.498857217001369,11.89400026726286
2023-09,YnUoe8z0OJY,69.0,243154,3.752647248730496,10.70224359694698
2023-10,YnUoe8z0OJY,586.0,243154,2.4104899984636003,4.607670861256132
2023-11,YnUoe8z0OJY,63.0,243154,0.6067948310520699,0.5506419611263754
2023-12,YnUoe8z0OJY,13.0,243154,0.7211254851272277,-3.503777918611502
2024-01,YnUoe8z0OJY,12.0,243154,0.9700819268979044,-5.9218963517937695
2024-02,YnUoe8z0OJY,0.0,243154,1.4705707177614742,-4.404542691520378
2024-03,YnUoe8z0OJY,1.0,243154,3.8774841283780974,-0.7261440093043682
2024-04,YnUoe8z0OJY,3.0,243154,2.7864122179558293,3.8114097629502095
2024-05,YnUoe8z0OJY,2.0,243154,4.7988598385014205,7.760770096646358
2024-06,YnUoe8z0OJY,6.0,243154,16.37714168157778,11.18452438708776
2024-07,YnUoe8z0OJY,32.0,243154,20.80285296779595,12.588680268650348
2024-08,YnUoe8z0OJY,195.0,243154,14.6081668623666,11.927067610617035
2024-09,YnUoe8z0OJY,308.0,243154,14.207663775801937,10.489176135010808
2024-10,YnUoe8z0OJY,302.0,243154,2.462421026113677,5.736041491594976
2024-11,YnUoe8z0OJY,122.0,243154,1.9512803738986904,1.7957493315187438
2024-12,YnUoe8z0OJY,2.0,243154,1.1830882776459863,-2.563093013157737
2016-01,ZIo35uAAfZo,,150675,4.654890948690647,-0.4087544315578322
2016-02,ZIo35uAAfZo,,150675,3.588804178218618,3.1213674563755816
2016-03,ZIo35uAAfZo,,150675,3.183537479965459,5.365390509125961
2016-04,ZIo35uAAfZo,,150675,3.4951313485887283,9.179590363981465
2016-05,ZIo35uAAfZo,,150675,8.331983195378625,10.671504012023508
2016-06,ZIo35uAAfZo,,150675,21.66266862066465,13.87624882483456
2016-07,ZIo35uAAfZo,,150675,38.400395053190174,14.501048104760734
2016-08,ZIo35uAAfZo,,150675,13.953903250814546,14.768352644218211
2016-09,ZIo35uAAfZo,,150675,22.29189102145313,13.169863721608031
2016-10,ZIo35uAAfZo,,150675,4.266497957711805,10.040750591661078
2016-11,ZIo35uAAfZo,,150675,0.5886861489017645,6.611927641515089
2016-12,ZIo35uAAfZo,,150675,1.5400459972141762,5.714425005358338
2017-01,ZIo35uAAfZo,,150675,2.260415219426308,-0.9213017697626557
2017-02,ZIo35uAAfZo,,150675,2.677721814921336,3.032201265575172
2017-03,ZIo35uAAfZo,,150675,9.075601672283428,3.676568835475402
2017-04,ZIo35uAAfZo,,150675,5.088297435210003,8.479275072593405
2017-05,ZIo35uAAfZo,,150675,6.032418042378528,10.742514405463044
2017-06,ZIo35uAAfZo,,150675,13.336391975877383,13.921353764905284
2017-07,ZIo35uAAfZo,,150675,28.09914414335805,14.682123506343698
2017-08,ZIo35uAAfZo,,150675,30.250868713410743,14.52220162281727
2017-09,ZIo35uAAfZo,,150675,8.829971207073111,13.532566353619073
2017-10,ZIo35uAAfZo,,150675,2.308306802894068,10.131650768052996
2017-11,ZIo35uAAfZo,,150675,1.6424645007563414,5.443532022283635
2017-12,ZIo35uAAfZo,,150675,1.1845884926156125,4.103314709481662
2018-01,ZIo35uAAfZo,,150675,2.387849593354148,2.27058762618107
2018-02,ZIo35uAAfZo,,150675,4.054254131540049,2.730280479543737
2018-03,ZIo35uAAfZo,,150675,2.942533600810502,4.3684577468671
2018-04,ZIo35uAAfZo,,150675,5.781085727041529,8.097161717696647
2018-05,ZIo35uAAfZo,,150675,9.311701480264976,10.318218963209176
2018-06,ZIo35uAAfZo,,150675,23.981384897385823,13.873031991160367
2018-07,ZIo35uAAfZo,,150675,31.718451523454466,14.90861918421329
2018-08,ZIo35uAAfZo,,150675,29.459166301181792,14.671058396578823
2018-09,ZIo35uAAfZo,,150675,16.909386362892963,12.658670547025723
2018-10,ZIo35uAAfZo,,150675,1.6284636510798711,7.242008552395736
2018-11,ZIo35uAAfZo,,150675,1.8239219441599144,5.95936127884757
2018-12,ZIo35uAAfZo,,150675,2.9519627383569995,0.7726900560021879
2019-01,ZIo35uAAfZo,,150675,3.953054785547368,-0.9546406326907728
2019-02,ZIo35uAAfZo,,150675,6.886542689983403,0.8787980110921906
2019-03,ZIo35uAAfZo,,150675,3.647531439777014,3.732310261383255
2019-04,ZIo35uAAfZo,,150675,3.854847170262399,7.81447079458636
2019-05,ZIo35uAAfZo,,150675,3.2081581110459974,10.946552475900786
2019-06,ZIo35uAAfZo,,150675,12.364635889596714,13.989082620729077
2019-07,ZIo35uAAfZo,,150675,33.275791459229666,14.69347415902503
2019-08,ZIo35uAAfZo,,150675,17.95374813849162,15.031827534796278
2019-09,ZIo35uAAfZo,,150675,23.208818200312628,13.078845866633106
2019-10,ZIo35uAAfZo,,150675,2.8714780146072383,9.174537167106257
2019-11,ZIo35uAAfZo,,150675,1.5747400721877278,6.427641111339866
2019-12,ZIo35uAAfZo,,150675,3.087077918841449,0.6386469406854273
2020-01,ZIo35uAAfZo,,150675,8.179214699414546,-0.936526257797236
2020-02,ZIo35uAAfZo,,150675,5.71233352769646,1.294972533047385
2020-03,ZIo35uAAfZo,,150675,2.8027016023005773,4.090760857804994
2020-04,ZIo35uAAfZo,,150675,5.893615535305586,7.420491744204044
2020-05,ZIo35uAAfZo,,150675,8.253835369883753,10.194724581225296
2020-06,ZIo35uAAfZo,,150675,23.456836339085108,13.401700933412616
2020-07,ZIo35uAAfZo,,150675,36.92454439745953,14.79673774624671
2020-08,ZIo35uAAfZo,,150675,25.69369804021716,15.26170197686039
2020-09,ZIo35uAAfZo,,150675,24.15667204925961,14.149100458283746
2020-10,ZIo35uAAfZo,,150675,1.1233176582454905,11.343461480776986
2020-11,ZIo35uAAfZo,,150675,0.7291102075024727,5.427816101241118
2020-12,ZIo35uAAfZo,,150675,2.255500726445351,2.7641895289749336
2021-01,ZIo35uAAfZo,,150675,3.267651255208027,3.217339280970513
2021-02,ZIo35uAAfZo,,150675,3.369030524717237,2.408383122459784
2021-03,ZIo35uAAfZo,,150675,3.65103069756072,5.761324312499162
2021-04,ZIo35uAAfZo,,150675,2.157545706070734,7.155928847160626
2021-05,ZIo35uAAfZo,,150675,12.004410005665129,10.59470741614498
2021-06,ZIo35uAAfZo,,150675,24.84381923328038,13.892023278933316
2021-07,ZIo35uAAfZo,,150675,36.05315328450383,14.928268441136089
2021-08,ZIo35uAAfZo,,150675,36.26274594370045,14.616078473466327
2021-09,ZIo35uAAfZo,,150675,19.76928441780865,13.811259113877798
2021-10,ZIo35uAAfZo,,150675,8.00596811988159,10.751835935859951
2021-11,ZIo35uAAfZo,,150675,3.390530212231915,6.202744283959208
2021-12,ZIo35uAAfZo,,150675,3.496781851211229,1.3157354333394489
2022-01,ZIo35uAAfZo,0.0,150675,5.123075279582902,-0.7153592775115818
2022-02,ZIo35uAAfZo,0.0,150675,7.37436903704058,-0.3142965771842506
2022-03,ZIo35uAAfZo,0.0,150675,2.5228477028851968,7.006516517031876
2022-04,ZIo35uAAfZo,1.0,150675,5.279601171688359,10.151192313557472
2022-05,ZIo35uAAfZo,0.0,150675,9.786086849243157,11.506328177882413
2022-06,ZIo35uAAfZo,2.0,150675,25.5270405829671,14.233863271877494
2022-07,ZIo35uAAfZo,8.0,150675,25.566376227458367,15.292691744840456
2022-08,ZIo35uAAfZo,6.0,150675,22.49369228533932,15.143834191101996
2022-09,ZIo35uAAfZo,44.0,150675,8.684067727086198,13.773033870808392
2022-10,ZIo35uAAfZo,7.0,150675,3.09950544272705,9.58327797718676
2022-11,ZIo35uAAfZo,20.0,150675,0.4711439698461933,6.514639147019043
2022-12,ZIo35uAAfZo,9.0,150675,1.0550709654151769,4.621293456845123
2023-01,ZIo35uAAfZo,0.0,150675,0.9034401374120612,1.5915577282080189
2023-02,ZIo35uAAfZo,0.0,150675,2.79885293389082,3.7754214764044174
2023-03,ZIo35uAAfZo,1.0,150675,1.6190073137229273,4.777408617659449
2023-04,ZIo35uAAfZo,7.0,150675,1.2620802797463198,7.805935397842536
2023-05,ZIo35uAAfZo,15.0,150675,2.931856206342303,10.34499309184858
2023-06,ZIo35uAAfZo,2.0,150675,9.26070470889595,14.261050024962666
2023-07,ZIo35uAAfZo,3.0,150675,12.643984575555027,15.53580481791554
2023-08,ZIo35uAAfZo,9.0,150675,12.959572933665156,15.303867564749009
2023-09,ZIo35uAAfZo,31.0,150675,4.690044372706359,14.67260121638245
2023-10,ZIo35uAAfZo,146.0,150675,2.492363994242676,9.43331902676996
2023-11,ZIo35uAAfZo,53.0,150675,0.4006560982757732,5.703703240121011
2023-12,ZIo35uAAfZo,15.0,150675,1.061467839871366,2.749930015394267
2024-01,ZIo35uAAfZo,10.0,150675,2.779195520504412,0.4087264098829294
2024-02,ZIo35uAAfZo,0.0,150675,2.3449624571903858,1.6863503722500663
2024-03,ZIo35uAAfZo,0.0,150675,5.87391952714162,5.218230337719412
2024-04,ZIo35uAAfZo,7.0,150675,1.2633409278219017,9.715891972861426
2024-05,ZIo35uAAfZo,7.0,150675,5.50809761496147,12.604971329913466
2024-06,ZIo35uAAfZo,4.0,150675,24.601054227568746,15.180382931564711
2024-07,ZIo35uAAfZo,20.0,150675,35.99326546772702,16.098362536430248
2024-08,ZIo35uAAfZo,31.0,150675,26.21651199252202,15.417893585680012
2024-09,ZIo35uAAfZo,53.0,150675,22.45221319552853,14.609630904065485
2024-10,ZIo35uAAfZo,77.0,150675,4.596300039089937,10.787333285282648
2024-11,ZIo35uAAfZo,62.0,150675,2.892000311779079,6.924363357710418
2024-12,ZIo35uAAfZo,1.0,150675,1.6850897941465186,3.501591644514211
2016-01,ZULmwVN4Zfv,,169156,2.094899235101663,6.457436562984822
2016-02,ZULmwVN4Zfv,,169156,1.5471035064532,10.196074812184252
2016-03,ZULmwVN4Zfv,,169156,3.34061008606845,13.0554663624477
2016-04,ZULmwVN4Zfv,,169156,3.4981518480816307,16.907381495688966
2016-05,ZULmwVN4Zfv,,169156,11.745216272080084,16.770577444193954
2016-06,ZULmwVN4Zfv,,169156,19.29300089918136,18.60812769059377
2016-07,ZULmwVN4Zfv,,169156,45.703824115991566,18.69660511672687
2016-08,ZULmwVN4Zfv,,169156,12.01502219555836,19.48887767785268
2016-09,ZULmwVN4Zfv,,169156,20.494442850595643,17.931258604488022
2016-10,ZULmwVN4Zfv,,169156,10.284448306648656,15.744888931824931
2016-11,ZULmwVN4Zfv,,169156,0.5171955446314825,12.517040592226373
2016-12,ZULmwVN4Zfv,,169156,0.697301778363889,10.328216237606156
2017-01,ZULmwVN4Zfv,,169156,1.065264806778773,8.205379029893603
2017-02,ZULmwVN4Zfv,,169156,2.0025536113482327,10.537327063467446
2017-03,ZULmwVN4Zfv,,169156,5.838705965561212,11.306887614166175
2017-04,ZULmwVN4Zfv,,169156,7.014473931914175,15.306124303059017
2017-05,ZULmwVN4Zfv,,169156,9.140120296658456,16.731588912971233
2017-06,ZULmwVN4Zfv,,169156,16.490155115688086,18.82806383291768
2017-07,ZULmwVN4Zfv,,169156,24.379247013096656,19.1003678673834
2017-08,ZULmwVN4Zfv,,169156,25.69847590436066,19.07138341702716
2017-09,ZULmwVN4Zfv,,169156,9.491475818827167,18.51239052054832
2017-10,ZULmwVN4Zfv,,169156,5.621959149791962,15.781115153388278
2017-11,ZULmwVN4Zfv,,169156,1.120719931306036,11.98289905702918
2017-12,ZULmwVN4Zfv,,169156,0.1822864382828178,10.783040566782972
2018-01,ZULmwVN4Zfv,,169156,0.593450530118611,7.543380603035441
2018-02,ZULmwVN4Zfv,,169156,2.027533401382198,10.03363565968364
2018-03,ZULmwVN4Zfv,,169156,4.884619130404257,12.38878566570041
2018-04,ZULmwVN4Zfv,,169156,8.22394737766363,14.28108507901604
2018-05,ZULmwVN4Zfv,,169156,10.832366219994494,16.414359981767117
2018-06,ZULmwVN4Zfv,,169156,21.31589150130696,18.87087039827047
2018-07,ZULmwVN4Zfv,,169156,30.5510207508809,19.28540077524984
2018-08,ZULmwVN4Zfv,,169156,19.363923693274305,19.16687733803032
2018-09,ZULmwVN4Zfv,,169156,11.009119074289073,18.131771547993225
2018-10,ZULmwVN4Zfv,,169156,3.275887471912254,14.071361450245272
2018-11,ZULmwVN4Zfv,,169156,1.3962952825464638,11.639104521816693
2018-12,ZULmwVN4Zfv,,169156,0.8573678898165281,8.379267382640526
2019-01,ZULmwVN4Zfv,,169156,1.1220063452552724,7.219225142548758
2019-02,ZULmwVN4Zfv,,169156,3.211994735479923,9.061909507728783
2019-03,ZULmwVN4Zfv,,169156,2.9710204295110385,11.59513400847279
2019-04,ZULmwVN4Zfv,,169156,9.71582768546754,14.487853178389614
2019-05,ZULmwVN4Zfv,,169156,8.251985672751728,17.134786455795656
2019-06,ZULmwVN4Zfv,,169156,15.700724709600216,19.063596677356607
2019-07,ZULmwVN4Zfv,,169156,40.533737693155615,19.10020612556709
2019-08,ZULmwVN4Zfv,,169156,14.617033661406138,19.615376712364743
2019-09,ZULmwVN4Zfv,,169156,18.050942901019084,17.941137873601182
2019-10,ZULmwVN4Zfv,,169156,3.480563714728688,15.132357035143515
2019-11,ZULmwVN4Zfv,,169156,1.4186727500976684,13.311193407670094
2019-12,ZULmwVN4Zfv,,169156,0.8655828055772408,8.062659384846746
2020-01,ZULmwVN4Zfv,,169156,2.008996406148494,7.158848576632655
2020-02,ZULmwVN4Zfv,,169156,2.397266628191666,8.561852883956599
2020-03,ZULmwVN4Zfv,,169156,4.233977864608867,11.83615122437085
2020-04,ZULmwVN4Zfv,,169156,6.914498358337013,14.085471424149151
2020-05,ZULmwVN4Zfv,,169156,10.741407700037652,16.36251142017029
2020-06,ZULmwVN4Zfv,,169156,20.705388136081503,18.753336841527727
2020-07,ZULmwVN4Zfv,,169156,37.26053216704177,19.13177058135247
2020-08,ZULmwVN4Zfv,,169156,13.640203123285016,19.703972670954496
2020-09,ZULmwVN4Zfv,,169156,22.911402791966776,18.59710915322601
2020-10,ZULmwVN4Zfv,,169156,3.581455425388816,16.9975611609187
2020-11,ZULmwVN4Zfv,,169156,0.410629988666177,12.54006729063735
2020-12,ZULmwVN4Zfv,,169156,0.535826685227657,9.403258801787151
2021-01,ZULmwVN4Zfv,,169156,0.901976662815836,8.73951632031466
2021-02,ZULmwVN4Zfv,,169156,2.242919330609675,9.861235164675564
2021-03,ZULmwVN4Zfv,,169156,3.524861743383545,12.999950238793746
2021-04,ZULmwVN4Zfv,,169156,3.333682359331066,15.660051333472127
2021-05,ZULmwVN4Zfv,,169156,14.478422818961414,16.740492692916195
2021-06,ZULmwVN4Zfv,,169156,17.383263747860504,18.79693754424964
2021-07,ZULmwVN4Zfv,,169156,25.9900148695558,19.34960265889831
2021-08,ZULmwVN4Zfv,,169156,29.649790278834367,19.01379798634166
2021-09,ZULmwVN4Zfv,,169156,8.061570348484912,18.65588106724156
2021-10,ZULmwVN4Zfv,,169156,15.099603004892543,16.45465213414243
2021-11,ZULmwVN4Zfv,,169156,0.5396043575771965,11.52640224463248
2021-12,ZULmwVN4Zfv,,169156,1.3711549877208526,8.848492672428359
2022-01,ZULmwVN4Zfv,0.0,169156,1.1236929548249357,6.767839835838252
2022-02,ZULmwVN4Zfv,0.0,169156,3.442615416654625,6.477749065717452
2022-03,ZULmwVN4Zfv,0.0,169156,2.542519092224206,14.397414671160773
2022-04,ZULmwVN4Zfv,0.0,169156,8.502305610500816,16.279364453490917
2022-05,ZULmwVN4Zfv,0.0,169156,10.965610446585126,17.24655933591234
2022-06,ZULmwVN4Zfv,0.0,169156,25.197765649489984,18.61806631134304
2022-07,ZULmwVN4Zfv,0.0,169156,15.469844529272583,19.656820650027093
2022-08,ZULmwVN4Zfv,1.0,169156,14.102674211589523,19.58346322264756
2022-09,ZULmwVN4Zfv,23.0,169156,7.010402575960785,18.37291143311405
2022-10,ZULmwVN4Zfv,43.0,169156,2.9524821838088613,15.80492953210946
2022-11,ZULmwVN4Zfv,10.0,169156,0.3424634616593883,12.45908220363425
2022-12,ZULmwVN4Zfv,2.0,169156,0.204217347461226,9.573399300026406
2023-01,ZULmwVN4Zfv,0.0,169156,0.0808001031583506,8.744614125133708
2023-02,ZULmwVN4Zfv,1.0,169156,1.422167884243167,10.356289652687796
2023-03,ZULmwVN4Zfv,0.0,169156,3.47876972745798,12.08151893387426
2023-04,ZULmwVN4Zfv,0.0,169156,2.2876150311381744,15.46502955488668
2023-05,ZULmwVN4Zfv,0.0,169156,4.586269546862966,16.804468727528413
2023-06,ZULmwVN4Zfv,0.0,169156,9.404991795739752,19.392415206826115
2023-07,ZULmwVN4Zfv,4.0,169156,10.767904110039725,19.802060033573465
2023-08,ZULmwVN4Zfv,74.0,169156,11.157113670299095,19.66497411690565
2023-09,ZULmwVN4Zfv,323.0,169156,6.730446051108592,19.23349636853961
2023-10,ZULmwVN4Zfv,162.0,169156,3.01104437864252,15.698648836500706
2023-11,ZULmwVN4Zfv,0.0,169156,0.5254626620559221,12.924375269003008
2023-12,ZULmwVN4Zfv,0.0,169156,0.4005384151176578,10.241174472193062
2024-01,ZULmwVN4Zfv,0.0,169156,0.6073001502442843,7.298553416523953
2024-02,ZULmwVN4Zfv,1.0,169156,0.7003730375859053,8.839384166161864
2024-03,ZULmwVN4Zfv,1.0,169156,4.38237029110705,12.86807632846774
2024-04,ZULmwVN4Zfv,0.0,169156,1.4147913899828006,17.433555048896615
2024-05,ZULmwVN4Zfv,2.0,169156,6.8070285173357,18.32329610245924
2024-06,ZULmwVN4Zfv,0.0,169156,26.87210885849859,19.596053261845025
2024-07,ZULmwVN4Zfv,4.0,169156,22.50654991748853,20.301089555931323
2024-08,ZULmwVN4Zfv,14.0,169156,16.434279079699586,19.82742777870012
2024-09,ZULmwVN4Zfv,48.0,169156,15.00802760311535,19.51182276709252
2024-10,ZULmwVN4Zfv,20.0,169156,4.9731342320729,16.32197084898271
2024-11,ZULmwVN4Zfv,2.0,169156,1.3941733429765388,12.402636465844358
2024-12,ZULmwVN4Zfv,0.0,169156,0.5586583699446496,9.697048209248631
2016-01,ZVmULoI6vcV,,352620,0.9724944785072616,9.367025892088993
2016-02,ZVmULoI6vcV,,352620,0.8302847099421572,13.017063754203194
2016-03,ZVmULoI6vcV,,352620,2.1651532756566114,16.451622669353146
2016-04,ZVmULoI6vcV,,352620,0.769726534977852,20.53350217007308
2016-05,ZVmULoI6vcV,,352620,9.421430777757257,19.84306547622884
2016-06,ZVmULoI6vcV,,352620,14.215968484170103,21.31444061981971
2016-07,ZVmULoI6vcV,,352620,25.060705181681936,21.00498628850737
2016-08,ZVmULoI6vcV,,352620,10.989536673905036,21.821202410485835
2016-09,ZVmULoI6vcV,,352620,18.043182776755945,20.20596587123569
2016-10,ZVmULoI6vcV,,352620,5.186165155078735,18.42984796527412
2016-11,ZVmULoI6vcV,,352620,0.2647579497735104,15.033787378427254
2016-12,ZVmULoI6vcV,,352620,0.460251823307691,12.8589616271356
2017-01,ZVmULoI6vcV,,352620,0.952075690922736,10.390002253685664
2017-02,ZVmULoI6vcV,,352620,0.5067876727712125,13.41786458279556
2017-03,ZVmULoI6vcV,,352620,2.9703810355068567,14.279160770507133
2017-04,ZVmULoI6vcV,,352620,3.1334502040760497,18.560602890745304
2017-05,ZVmULoI6vcV,,352620,8.523742445114886,19.74374899964072
2017-06,ZVmULoI6vcV,,352620,10.933982165254603,21.529790955793487
2017-07,ZVmULoI6vcV,,352620,19.32979890942176,21.21321766247631
2017-08,ZVmULoI6vcV,,352620,31.02870286177041,21.18299661119578
2017-09,ZVmULoI6vcV,,352620,7.466864813724928,21.046095140472342
2017-10,ZVmULoI6vcV,,352620,1.97896451653188,18.706090556640675
2017-11,ZVmULoI6vcV,,352620,0.4551203444128708,14.607959697632896
2017-12,ZVmULoI6vcV,,352620,0.1786876834616784,13.036652126596463
2018-01,ZVmULoI6vcV,,352620,0.5373250492082123,9.620563003073013
2018-02,ZVmULoI6vcV,,352620,1.0004793514414712,13.021564396922823
2018-03,ZVmULoI6vcV,,352620,1.3886815540164676,15.817863785107123
2018-04,ZVmULoI6vcV,,352620,5.498341295356135,17.702260765388736
2018-05,ZVmULoI6vcV,,352620,6.874897132943502,19.481288334261205
2018-06,ZVmULoI6vcV,,352620,14.807556495900217,21.48559951305885
2018-07,ZVmULoI6vcV,,352620,25.29155314872685,21.45743956753737
2018-08,ZVmULoI6vcV,,352620,22.1185300451314,21.31602878909008
2018-09,ZVmULoI6vcV,,352620,8.103990062810405,20.746491919559432
2018-10,ZVmULoI6vcV,,352620,0.9612492260565244,17.143051673018828
2018-11,ZVmULoI6vcV,,352620,0.3443783622236002,14.601025571762436
2018-12,ZVmULoI6vcV,,352620,0.4685696130084658,10.84522133396979
2019-01,ZVmULoI6vcV,,352620,1.4102892477015232,9.459396703354605
2019-02,ZVmULoI6vcV,,352620,3.6321615484515903,11.427916068454898
2019-03,ZVmULoI6vcV,,352620,1.683588773202449,14.46467446553075
2019-04,ZVmULoI6vcV,,352620,4.912495804926736,17.600663035113925
2019-05,ZVmULoI6vcV,,352620,2.6472332100873164,20.93894533317761
2019-06,ZVmULoI6vcV,,352620,6.774439283664245,21.899252786817662
2019-07,ZVmULoI6vcV,,352620,36.440575019492,21.243382141357625
2019-08,ZVmULoI6vcV,,352620,13.04577550222853,21.923622528655503
2019-09,ZVmULoI6vcV,,352620,18.16564108231573,20.316779412537432
2019-10,ZVmULoI6vcV,,352620,1.771745492912675,18.098822762647675
2019-11,ZVmULoI6vcV,,352620,0.4675188348609472,15.917165382475307
2019-12,ZVmULoI6vcV,,352620,1.347462431276957,10.56770065104548
2020-01,ZVmULoI6vcV,,352620,3.559499395222592,9.050942081623296
2020-02,ZVmULoI6vcV,,352620,2.3076658078211425,10.981512990391307
2020-03,ZVmULoI6vcV,,352620,2.4020377136603708,14.196343610858378
2020-04,ZVmULoI6vcV,,352620,6.221216014931737,16.858033779814146
2020-05,ZVmULoI6vcV,,352620,7.549260349325909,18.97276943217512
2020-06,ZVmULoI6vcV,,352620,20.73988165596407,20.818613491137327
2020-07,ZVmULoI6vcV,,352620,36.75005577375621,21.001982375048115
2020-08,ZVmULoI6vcV,,352620,14.805804699081603,21.71027219928604
2020-09,ZVmULoI6vcV,,352620,13.264590439523149,20.856542845932545
2020-10,ZVmULoI6vcV,,352620,0.938975792168969,19.663935962696403
2020-11,ZVmULoI6vcV,,352620,0.2386162886254896,14.893115293405776
2020-12,ZVmULoI6vcV,,352620,0.211577327537924,11.587162136212685
2021-01,ZVmULoI6vcV,,352620,0.3598724352977719,10.908639695418056
2021-02,ZVmULoI6vcV,,352620,0.888575254191723,12.105066277527904
2021-03,ZVmULoI6vcV,,352620,0.7707732994391977,16.34016299082799
2021-04,ZVmULoI6vcV,,352620,1.1345831780638171,19.14173856669932
2021-05,ZVmULoI6vcV,,352620,14.52424484107854,19.04978706290976
2021-06,ZVmULoI6vcV,,352620,19.111120559902563,20.99376105084244
2021-07,ZVmULoI6vcV,,352620,31.97457233464464,21.2053641545971
2021-08,ZVmULoI6vcV,,352620,29.960354284201564,20.81570746098561
2021-09,ZVmULoI6vcV,,352620,10.599779375416242,20.811683570669977
2021-10,ZVmULoI6vcV,,352620,7.889861040141893,18.95541964159392
2021-11,ZVmULoI6vcV,,352620,0.3440100193515606,13.992709450575612
2021-12,ZVmULoI6vcV,,352620,1.6377936051119455,10.977765125840188
2022-01,ZVmULoI6vcV,0.0,352620,1.4237056303119204,9.044750438162552
2022-02,ZVmULoI6vcV,0.0,352620,3.4327517819922435,9.504917800934836
2022-03,ZVmULoI6vcV,0.0,352620,0.7530427613583983,17.028033509876327
2022-04,ZVmULoI6vcV,0.0,352620,3.0464341584149626,19.59249156293227
2022-05,ZVmULoI6vcV,0.0,352620,7.75901807134037,19.95572411239149
2022-06,ZVmULoI6vcV,0.0,352620,15.236661358837802,20.954510416757127
2022-07,ZVmULoI6vcV,5.0,352620,19.59563064664917,21.62016497068379
2022-08,ZVmULoI6vcV,29.0,352620,14.447992317679008,21.621213701224512
2022-09,ZVmULoI6vcV,177.0,352620,7.821814186737736,20.48779364888353
2022-10,ZVmULoI6vcV,301.0,352620,2.818369960756113,18.062370251066582
2022-11,ZVmULoI6vcV,24.0,352620,0.1819008664826321,14.811005327991332
2022-12,ZVmULoI6vcV,21.0,352620,0.1373482819561707,12.164394259629145
2023-01,ZVmULoI6vcV,7.0,352620,0.0551830443980717,10.790171693032269
2023-02,ZVmULoI6vcV,2.0,352620,0.3879042684852387,13.086158971504537
2023-03,ZVmULoI6vcV,0.0,352620,1.9157732712078444,14.932668013920171
2023-04,ZVmULoI6vcV,0.0,352620,1.135959094122262,18.5903130196044
2023-05,ZVmULoI6vcV,0.0,352620,2.51061999195058,19.58389096762205
2023-06,ZVmULoI6vcV,1.0,352620,6.336930802113403,22.27312301885421
2023-07,ZVmULoI6vcV,8.0,352620,10.513936524973174,21.7644373772672
2023-08,ZVmULoI6vcV,31.0,352620,12.03288273198064,21.479089918234607
2023-09,ZVmULoI6vcV,52.0,352620,5.030837337871048,21.59538005378636
2023-10,ZVmULoI6vcV,27.0,352620,2.544101470932333,18.04870825538186
2023-11,ZVmULoI6vcV,33.0,352620,0.3738957429151121,15.225221890856616
2023-12,ZVmULoI6vcV,0.0,352620,0.3615336542616066,12.180691885569242
2024-01,ZVmULoI6vcV,2.0,352620,0.3384350302741004,9.755685412841965
2024-02,ZVmULoI6vcV,2.0,352620,0.3570695092216712,11.467445397047184
2024-03,ZVmULoI6vcV,0.0,352620,2.5185445101903547,15.25942507607798
2024-04,ZVmULoI6vcV,0.0,352620,0.1452338265050428,20.66022070292244
2024-05,ZVmULoI6vcV,8.0,352620,4.639468889272041,21.33291423823465
2024-06,ZVmULoI6vcV,15.0,352620,14.809839221957196,22.12985070169668
2024-07,ZVmULoI6vcV,36.0,352620,27.33031510797517,22.21223271259053
2024-08,ZVmULoI6vcV,40.0,352620,18.70067926533558,21.71633822413589
2024-09,ZVmULoI6vcV,83.0,352620,21.95141053469004,21.742977352046893
2024-10,ZVmULoI6vcV,195.0,352620,4.137937284056004,18.91606245128681
2024-11,ZVmULoI6vcV,102.0,352620,0.7570498776766804,15.048930467782665
2024-12,ZVmULoI6vcV,0.0,352620,0.2595959636670194,11.596104854093744
2016-01,bWmwn3sMsG0,,238795,0.7982209705139292,11.989607572871703
2016-02,bWmwn3sMsG0,,238795,0.5607692444565402,15.79725883529052
2016-03,bWmwn3sMsG0,,238795,1.0735854777570435,19.784017842950217
2016-04,bWmwn3sMsG0,,238795,0.5006232220258366,24.88991349805885
2016-05,bWmwn3sMsG0,,238795,7.484753462292685,23.33917121638969
2016-06,bWmwn3sMsG0,,238795,15.406955320470225,24.30018085474053
2016-07,bWmwn3sMsG0,,238795,31.181038642285824,23.64304292638834
2016-08,bWmwn3sMsG0,,238795,10.35882963125339,24.69563018836157
2016-09,bWmwn3sMsG0,,238795,10.48491982969493,22.946939141057094
2016-10,bWmwn3sMsG0,,238795,2.883204249783309,21.307817074652103
2016-11,bWmwn3sMsG0,,238795,0.1325664664633411,17.33776952759528
2016-12,bWmwn3sMsG0,,238795,0.2679621204420375,14.631388228829156
2017-01,bWmwn3sMsG0,,238795,0.612036156636831,12.7317505789741
2017-02,bWmwn3sMsG0,,238795,0.3053661402500961,16.014775965498156
2017-03,bWmwn3sMsG0,,238795,2.3238697195894944,17.831916148940376
2017-04,bWmwn3sMsG0,,238795,3.000563285759753,22.30281321066782
2017-05,bWmwn3sMsG0,,238795,7.823414452921741,23.174569738414664
2017-06,bWmwn3sMsG0,,238795,12.323935970582022,24.53021527384193
2017-07,bWmwn3sMsG0,,238795,20.25824010257817,24.08669425888005
2017-08,bWmwn3sMsG0,,238795,31.69619813380644,23.793082769844787
2017-09,bWmwn3sMsG0,,238795,8.878757641048747,23.77747383465352
2017-10,bWmwn3sMsG0,,238795,1.3504668802389863,21.62610187109296
2017-11,bWmwn3sMsG0,,238795,0.1671988430505531,17.524363042809433
2017-12,bWmwn3sMsG0,,238795,0.0601756901274512,15.01568469900712
2018-01,bWmwn3sMsG0,,238795,0.2753576558822584,11.58785413000146
2018-02,bWmwn3sMsG0,,238795,0.6861936480963327,15.740081515021764
2018-03,bWmwn3sMsG0,,238795,0.5760717637757841,19.71924210507153
2018-04,bWmwn3sMsG0,,238795,4.234989326708642,21.83408488378921
2018-05,bWmwn3sMsG0,,238795,6.836210875261935,22.9355133732738
2018-06,bWmwn3sMsG0,,238795,10.865527185705773,24.824620247748467
2018-07,bWmwn3sMsG0,,238795,22.615641638637506,24.3513389295804
2018-08,bWmwn3sMsG0,,238795,25.592635087116125,24.08580601730694
2018-09,bWmwn3sMsG0,,238795,8.397120133204306,23.45900518118272
2018-10,bWmwn3sMsG0,,238795,0.8233089517683888,19.880997512317983
2018-11,bWmwn3sMsG0,,238795,0.3059679471472056,17.33128137398642
2018-12,bWmwn3sMsG0,,238795,0.3374761768938483,13.36949912886777
2019-01,bWmwn3sMsG0,,238795,1.1507899993958457,12.18747426681941
2019-02,bWmwn3sMsG0,,238795,3.015281033084873,14.02251421286265
2019-03,bWmwn3sMsG0,,238795,1.0786153375377794,17.749885014550788
2019-04,bWmwn3sMsG0,,238795,3.231675010983315,21.32415873897927
2019-05,bWmwn3sMsG0,,238795,1.7128027242428323,25.058052859487123
2019-06,bWmwn3sMsG0,,238795,8.450331406492007,25.395590631383723
2019-07,bWmwn3sMsG0,,238795,22.13101630092913,24.27401739215876
2019-08,bWmwn3sMsG0,,238795,11.04335250524458,24.82734647859913
2019-09,bWmwn3sMsG0,,238795,25.32982750651805,23.07564968934152
2019-10,bWmwn3sMsG0,,238795,1.6763712709899627,20.730284687975725
2019-11,bWmwn3sMsG0,,238795,0.4746345873641684,18.51570635191197
2019-12,bWmwn3sMsG0,,238795,0.9211389707074882,12.57517052069942
2020-01,bWmwn3sMsG0,,238795,4.288598032611839,11.33593151494768
2020-02,bWmwn3sMsG0,,238795,1.795182012535221,13.382801210305338
2020-03,bWmwn3sMsG0,,238795,2.2870943566627644,17.203103333187507
2020-04,bWmwn3sMsG0,,238795,4.508072415525598,20.42970748257113
2020-05,bWmwn3sMsG0,,238795,4.508710349744865,22.73576264071989
2020-06,bWmwn3sMsG0,,238795,24.62214560413982,23.57180774599512
2020-07,bWmwn3sMsG0,,238795,35.50360959985292,23.693463547143217
2020-08,bWmwn3sMsG0,,238795,17.017564075191185,24.57130488889769
2020-09,bWmwn3sMsG0,,238795,20.54251784491382,23.46050858167618
2020-10,bWmwn3sMsG0,,238795,0.6801606668102831,22.283236276137703
2020-11,bWmwn3sMsG0,,238795,0.1948786422674382,17.29018919715916
2020-12,bWmwn3sMsG0,,238795,0.2097842660951261,13.694535616542382
2021-01,bWmwn3sMsG0,,238795,0.209293075429584,12.811142466699051
2021-02,bWmwn3sMsG0,,238795,0.5570224584473923,15.059094274820923
2021-03,bWmwn3sMsG0,,238795,0.574122158740826,19.62352177690087
2021-04,bWmwn3sMsG0,,238795,0.646486531104253,22.999359579565542
2021-05,bWmwn3sMsG0,,238795,14.53993583312306,22.09491593232105
2021-06,bWmwn3sMsG0,,238795,23.186627013759505,23.77176496952536
2021-07,bWmwn3sMsG0,,238795,21.96488137689199,24.10923531020329
2021-08,bWmwn3sMsG0,,238795,24.880362826907167,23.442305983488453
2021-09,bWmwn3sMsG0,,238795,10.4883706526959,23.46840798411583
2021-10,bWmwn3sMsG0,,238795,7.025284457981033,21.611419345470683
2021-11,bWmwn3sMsG0,,238795,0.1840917666230624,16.89363264524538
2021-12,bWmwn3sMsG0,,238795,1.3793424348099206,13.41706950647593
2022-01,bWmwn3sMsG0,0.0,238795,1.2990173986549236,11.256537503878064
2022-02,bWmwn3sMsG0,1.0,238795,2.7780808649182225,12.331887085040272
2022-03,bWmwn3sMsG0,1.0,238795,0.2778616943163525,20.08673885006144
2022-04,bWmwn3sMsG0,2.0,238795,2.082560505166826,23.377599944897145
2022-05,bWmwn3sMsG0,0.0,238795,7.163733340598792,23.04664758099913
2022-06,bWmwn3sMsG0,3.0,238795,13.986240953550263,24.378850521283585
2022-07,bWmwn3sMsG0,12.0,238795,12.281058832608789,24.78900644665908
2022-08,bWmwn3sMsG0,26.0,238795,10.800469055077675,24.603437658676715
2022-09,bWmwn3sMsG0,82.0,238795,7.200043607210689,23.120266305282687
2022-10,bWmwn3sMsG0,51.0,238795,5.25801115498375,20.448434462093925
2022-11,bWmwn3sMsG0,14.0,238795,0.2253478136144354,17.362257939019262
2022-12,bWmwn3sMsG0,5.0,238795,0.0419844471181727,14.34409935561441
2023-01,bWmwn3sMsG0,1.0,238795,0.0306489643309668,12.651806383107989
2023-02,bWmwn3sMsG0,4.0,238795,0.3138071875682997,15.460924507106649
2023-03,bWmwn3sMsG0,1.0,238795,0.984421682435398,18.339894372113218
2023-04,bWmwn3sMsG0,4.0,238795,0.7296882454377757,22.50324182158664
2023-05,bWmwn3sMsG0,5.0,238795,1.5826654172660557,23.604332472662527
2023-06,bWmwn3sMsG0,10.0,238795,4.562343025478099,26.34799155729108
2023-07,bWmwn3sMsG0,16.0,238795,9.392257972646782,24.739388369648346
2023-08,bWmwn3sMsG0,62.0,238795,5.838786157279444,24.38534511770258
2023-09,bWmwn3sMsG0,152.0,238795,4.636617767237857,24.591528920805715
2023-10,bWmwn3sMsG0,147.0,238795,1.9493176046729443,20.91620159091722
2023-11,bWmwn3sMsG0,23.0,238795,0.2543281827214579,17.778460483303405
2023-12,bWmwn3sMsG0,11.0,238795,0.0845580838371869,14.512921417620506
2024-01,bWmwn3sMsG0,4.0,238795,0.1031064607872576,12.093461378003305
2024-02,bWmwn3sMsG0,6.0,238795,0.2972942112299178,14.142886919773105
2024-03,bWmwn3sMsG0,10.0,238795,0.8802604193589958,18.707639378004448
2024-04,bWmwn3sMsG0,2.0,238795,0.0351455155156788,24.981192082848928
2024-05,bWmwn3sMsG0,0.0,238795,4.002051610114893,25.19284980026605
2024-06,bWmwn3sMsG0,11.0,238795,12.837766226832956,25.750148741860528
2024-07,bWmwn3sMsG0,24.0,238795,30.644364144771163,25.02744822667513
2024-08,bWmwn3sMsG0,46.0,238795,15.566294257582022,24.407543308089025
2024-09,bWmwn3sMsG0,103.0,238795,23.717381824369586,24.35916912422638
2024-10,bWmwn3sMsG0,60.0,238795,2.447321325801964,21.55246481564229
2024-11,bWmwn3sMsG0,19.0,238795,0.717619307791072,17.80449199233451
2024-12,bWmwn3sMsG0,0.0,238795,0.1108741895773543,13.671888770748351
2016-01,bX87SmYR3TJ,,734510,0.239949769235491,16.536983548794154
2016-02,bX87SmYR3TJ,,734510,0.0917196453644424,20.666142974322508
2016-03,bX87SmYR3TJ,,734510,0.7285518332900519,25.864106850809407
2016-04,bX87SmYR3TJ,,734510,0.1252483650693061,30.65107147565984
2016-05,bX87SmYR3TJ,,734510,5.642631571255417,27.88626542726088
2016-06,bX87SmYR3TJ,,734510,9.086805593360314,28.22365942116981
2016-07,bX87SmYR3TJ,,734510,12.547724300349806,27.184719713030617
2016-08,bX87SmYR3TJ,,734510,5.984041301408049,28.54227686046953
2016-09,bX87SmYR3TJ,,734510,12.402704911314707,26.45415082370548
2016-10,bX87SmYR3TJ,,734510,2.302178513402949,25.15028840680084
2016-11,bX87SmYR3TJ,,734510,0.001554794549342,21.337872288138776
2016-12,bX87SmYR3TJ,,734510,0.056813917415997,17.96516731100327
2017-01,bX87SmYR3TJ,,734510,0.0844432660360394,16.468481965677388
2017-02,bX87SmYR3TJ,,734510,0.0166577496442969,19.88001207085443
2017-03,bX87SmYR3TJ,,734510,1.067301943842256,22.36886150027136
2017-04,bX87SmYR3TJ,,734510,1.5560538526560417,27.329316984579066
2017-05,bX87SmYR3TJ,,734510,2.435911062654373,28.882227349556707
2017-06,bX87SmYR3TJ,,734510,4.956547815579572,28.990997564476
2017-07,bX87SmYR3TJ,,734510,10.388850181748628,27.543713481465
2017-08,bX87SmYR3TJ,,734510,16.273953232288864,27.50162172655444
2017-09,bX87SmYR3TJ,,734510,4.86544314355328,27.481231988308146
2017-10,bX87SmYR3TJ,,734510,2.00182951159573,25.360613766380805
2017-11,bX87SmYR3TJ,,734510,0.0040420174537696,21.237425615479435
2017-12,bX87SmYR3TJ,,734510,0.0020217663873469,18.619860484099192
2018-01,bX87SmYR3TJ,,734510,0.0238500797985196,15.476336282876533
2018-02,bX87SmYR3TJ,,734510,0.0983283045951494,19.755041602950307
2018-03,bX87SmYR3TJ,,734510,0.3315315819005499,25.0938887566058
2018-04,bX87SmYR3TJ,,734510,2.130953930022419,27.194081036953413
2018-05,bX87SmYR3TJ,,734510,1.921612415591752,28.1912851419122
2018-06,bX87SmYR3TJ,,734510,8.332392125309873,29.1076895987988
2018-07,bX87SmYR3TJ,,734510,9.132464906675184,28.1287024558646
2018-08,bX87SmYR3TJ,,734510,7.7390153276011695,27.878422685498208
2018-09,bX87SmYR3TJ,,734510,3.650154941632844,27.45484545164767
2018-10,bX87SmYR3TJ,,734510,0.5254474454234775,24.709556927030363
2018-11,bX87SmYR3TJ,,734510,0.006529612016058,22.170145582833243
2018-12,bX87SmYR3TJ,,734510,0.023652024656733,17.719419347859205
2019-01,bX87SmYR3TJ,,734510,0.1176875780633408,16.63551986946423
2019-02,bX87SmYR3TJ,,734510,1.8209882998385616,18.822229069175133
2019-03,bX87SmYR3TJ,,734510,0.3917321134750477,23.678150954440746
2019-04,bX87SmYR3TJ,,734510,2.2700308869072106,27.202139497053786
2019-05,bX87SmYR3TJ,,734510,1.057944605689948,30.357896039103
2019-06,bX87SmYR3TJ,,734510,3.9345143579467976,30.237292059545585
2019-07,bX87SmYR3TJ,,734510,22.53635604017507,28.03466013144029
2019-08,bX87SmYR3TJ,,734510,6.549028442115595,28.54832535477476
2019-09,bX87SmYR3TJ,,734510,14.992564511982971,26.59544470270845
2019-10,bX87SmYR3TJ,,734510,0.5955744291881265,24.69089631432823
2019-11,bX87SmYR3TJ,,734510,0.062350026163631,22.732745578850405
2019-12,bX87SmYR3TJ,,734510,0.5228297658265305,15.93647765750721
2020-01,bX87SmYR3TJ,,734510,1.152468784975586,15.459094870376678
2020-02,bX87SmYR3TJ,,734510,0.6434029150693495,18.131051940875217
2020-03,bX87SmYR3TJ,,734510,1.0079004152726927,23.46049900627476
2020-04,bX87SmYR3TJ,,734510,1.1398303887392705,27.09977212537516
2020-05,bX87SmYR3TJ,,734510,2.8835325112237853,27.781049113104903
2020-06,bX87SmYR3TJ,,734510,10.371245746428205,27.73321529475833
2020-07,bX87SmYR3TJ,,734510,21.104841038210928,27.253205076495217
2020-08,bX87SmYR3TJ,,734510,5.609338080888318,28.29989001405406
2020-09,bX87SmYR3TJ,,734510,15.58506776114218,26.93186686362143
2020-10,bX87SmYR3TJ,,734510,0.7579036041394847,25.855614056611675
2020-11,bX87SmYR3TJ,,734510,0.0080482552001369,20.830239000621383
2020-12,bX87SmYR3TJ,,734510,0.0207657624756523,17.149134697332094
2021-01,bX87SmYR3TJ,,734510,0.0265657166346481,16.241251445061106
2021-02,bX87SmYR3TJ,,734510,0.0767843999134021,19.40983411629231
2021-03,bX87SmYR3TJ,,734510,0.0549001808984006,25.15178731736801
2021-04,bX87SmYR3TJ,,734510,0.5362145017401755,28.665839606683523
2021-05,bX87SmYR3TJ,,734510,8.968675961478851,26.79466406401631
2021-06,bX87SmYR3TJ,,734510,8.028853880804158,27.716946365289
2021-07,bX87SmYR3TJ,,734510,8.826431904607182,27.90086295176261
2021-08,bX87SmYR3TJ,,734510,12.415897338153368,27.11952115223889
2021-09,bX87SmYR3TJ,,734510,3.645310750760693,27.574018724991685
2021-10,bX87SmYR3TJ,,734510,8.309644909911366,25.27051986698315
2021-11,bX87SmYR3TJ,,734510,0.0036832104622579,19.74076452038112
2021-12,bX87SmYR3TJ,,734510,0.7224706776451538,16.915418331887174
2022-01,bX87SmYR3TJ,0.0,734510,0.4202288070146801,15.08969842348038
2022-02,bX87SmYR3TJ,0.0,734510,0.8907139969476329,16.822996036641992
2022-03,bX87SmYR3TJ,0.0,734510,0.0580919551667284,25.72871295837068
2022-04,bX87SmYR3TJ,0.0,734510,0.6040346551355383,28.839418743234955
2022-05,bX87SmYR3TJ,0.0,734510,2.9057857455387506,28.780866251789217
2022-06,bX87SmYR3TJ,1.0,734510,8.406162316286213,28.015677768178783
2022-07,bX87SmYR3TJ,0.0,734510,5.459998294854572,28.812576203464733
2022-08,bX87SmYR3TJ,5.0,734510,7.033699721788061,28.369744012700103
2022-09,bX87SmYR3TJ,17.0,734510,3.7417038923719184,27.030061560175664
2022-10,bX87SmYR3TJ,6.0,734510,1.1120449983238774,24.588301685289963
2022-11,bX87SmYR3TJ,2.0,734510,0.0109942484771093,21.293521873856736
2022-12,bX87SmYR3TJ,3.0,734510,0.0014036807648046,18.133038855356613
2023-01,bX87SmYR3TJ,1.0,734510,0.0061443547184762,15.635474558175115
2023-02,bX87SmYR3TJ,1.0,734510,0.0067307721376281,20.125875024945184
2023-03,bX87SmYR3TJ,2.0,734510,0.8395019678624429,23.837852859763835
2023-04,bX87SmYR3TJ,0.0,734510,0.2489222762953636,28.403861992995576
2023-05,bX87SmYR3TJ,0.0,734510,0.711370580834359,29.63708155703036
2023-06,bX87SmYR3TJ,1.0,734510,2.1151438264628206,31.090013539837777
2023-07,bX87SmYR3TJ,5.0,734510,4.594048104706421,28.72760068135625
2023-08,bX87SmYR3TJ,35.0,734510,5.98880610098355,28.13928706916742
2023-09,bX87SmYR3TJ,22.0,734510,4.709055433009151,28.248853100401533
2023-10,bX87SmYR3TJ,19.0,734510,1.4636054080171577,25.12117327455233
2023-11,bX87SmYR3TJ,0.0,734510,0.0274498551116773,22.290363872421985
2023-12,bX87SmYR3TJ,0.0,734510,0.0642242860554775,18.395534007233493
2024-01,bX87SmYR3TJ,0.0,734510,0.0357774857442382,15.74631191586601
2024-02,bX87SmYR3TJ,0.0,734510,0.1280691250132603,18.35178463972653
2024-03,bX87SmYR3TJ,0.0,734510,1.6108914280726594,23.401960510941507
2024-04,bX87SmYR3TJ,0.0,734510,0.0111209417936151,30.362830966314075
2024-05,bX87SmYR3TJ,0.0,734510,1.8559535545418235,30.288247182587945
2024-06,bX87SmYR3TJ,2.0,734510,4.414774865535012,29.69398029453173
2024-07,bX87SmYR3TJ,1.0,734510,13.603009367363004,28.71265058585616
2024-08,bX87SmYR3TJ,4.0,734510,7.754148804857997,28.26941293344908
2024-09,bX87SmYR3TJ,27.0,734510,9.214723662325897,28.32392098682324
2024-10,bX87SmYR3TJ,13.0,734510,0.952432130775123,25.804011622083745
2024-11,bX87SmYR3TJ,11.0,734510,0.0692724892765685,22.143953809627902
2024-12,bX87SmYR3TJ,0.0,734510,0.0254189649737495,17.454562723767758
2016-01,bjS2Lp3tLxv,8.0,664309,0.5017661593719676,13.03805575561611
2016-02,bjS2Lp3tLxv,,664309,0.3173058999211308,16.977884189229833
2016-03,bjS2Lp3tLxv,,664309,0.6114236291758479,21.761430231325143
2016-04,bjS2Lp3tLxv,,664309,0.1331289973592719,27.646000741543496
2016-05,bjS2Lp3tLxv,,664309,2.9690065833813057,26.61024993015804
2016-06,bjS2Lp3tLxv,,664309,6.639677459837436,26.823600891975776
2016-07,bjS2Lp3tLxv,,664309,24.37076036778341,25.058933024545688
2016-08,bjS2Lp3tLxv,,664309,7.182993536491748,25.90452762584821
2016-09,bjS2Lp3tLxv,,664309,7.051560891704238,24.462856210736167
2016-10,bjS2Lp3tLxv,,664309,1.9095693779128664,22.171478761219344
2016-11,bjS2Lp3tLxv,,664309,0.0513108632508702,18.31144257454624
2016-12,bjS2Lp3tLxv,,664309,0.1277135117564411,15.27982232241189
2017-01,bjS2Lp3tLxv,,664309,0.6319046234888112,13.305408616323422
2017-02,bjS2Lp3tLxv,,664309,0.2062298253848055,16.878830635047095
2017-03,bjS2Lp3tLxv,,664309,0.8086059079449027,19.88166553316909
2017-04,bjS2Lp3tLxv,,664309,1.1445619323902083,25.55395017219237
2017-05,bjS2Lp3tLxv,,664309,3.83479708106972,26.989341315472544
2017-06,bjS2Lp3tLxv,,664309,6.253612321652341,26.98002970336293
2017-07,bjS2Lp3tLxv,,664309,16.667557380336003,25.46107058168759
2017-08,bjS2Lp3tLxv,,664309,12.23056715913978,25.23525361774803
2017-09,bjS2Lp3tLxv,,664309,5.136245987375943,25.121913150546828
2017-10,bjS2Lp3tLxv,,664309,0.7319803359197513,22.759689660742467
2017-11,bjS2Lp3tLxv,,664309,0.0852528811674623,18.005194025959792
2017-12,bjS2Lp3tLxv,,664309,0.0859130908079331,15.303596538038825
2018-01,bjS2Lp3tLxv,,664309,0.1241801412276307,12.064780457501348
2018-02,bjS2Lp3tLxv,,664309,0.1379456244416015,16.664483098074523
2018-03,bjS2Lp3tLxv,,664309,0.2222341952148362,21.715994312511484
2018-04,bjS2Lp3tLxv,,664309,1.788031294844164,24.49233375289631
2018-05,bjS2Lp3tLxv,,664309,2.5362838925375177,26.635545161980936
2018-06,bjS2Lp3tLxv,,664309,4.1269716269341,28.071536182719747
2018-07,bjS2Lp3tLxv,,664309,18.95167689936161,25.911404776781147
2018-08,bjS2Lp3tLxv,,664309,16.943746099616472,25.257670847370647
2018-09,bjS2Lp3tLxv,,664309,4.00601085713952,24.828531367702364
2018-10,bjS2Lp3tLxv,,664309,0.1659986101579295,21.14991452953036
2018-11,bjS2Lp3tLxv,,664309,0.0700658120268174,18.077923642987976
2018-12,bjS2Lp3tLxv,,664309,0.0766337225825865,13.68466467500352
2019-01,bjS2Lp3tLxv,,664309,0.9125637495955922,12.860967315991273
2019-02,bjS2Lp3tLxv,,664309,2.424346774273345,14.846910937684774
2019-03,bjS2Lp3tLxv,,664309,0.3394256473473489,19.3355357841362
2019-04,bjS2Lp3tLxv,,664309,1.3464839284990833,24.53694676715426
2019-05,bjS2Lp3tLxv,,664309,0.4492323804897453,28.556985918185152
2019-06,bjS2Lp3tLxv,,664309,5.15880181245159,28.655447979077906
2019-07,bjS2Lp3tLxv,,664309,17.872686519617783,25.79580931883132
2019-08,bjS2Lp3tLxv,,664309,9.835948535643588,26.07077713985271
2019-09,bjS2Lp3tLxv,,664309,15.593046689640945,24.331412706052003
2019-10,bjS2Lp3tLxv,,664309,1.214998242251395,21.706780729694508
2019-11,bjS2Lp3tLxv,,664309,0.1856888217164081,18.888449700352776
2019-12,bjS2Lp3tLxv,,664309,0.6200016942877374,12.935105707807924
2020-01,bjS2Lp3tLxv,,664309,3.26135837564097,12.094289291367604
2020-02,bjS2Lp3tLxv,,664309,1.028156429520533,14.484702982962975
2020-03,bjS2Lp3tLxv,,664309,0.9738519750787684,18.721773319590984
2020-04,bjS2Lp3tLxv,,664309,2.2893828252419497,23.381817652990808
2020-05,bjS2Lp3tLxv,,664309,2.147946373697362,25.59598380612133
2020-06,bjS2Lp3tLxv,,664309,23.36164074514641,25.12444482942923
2020-07,bjS2Lp3tLxv,,664309,17.811058043589302,25.268952193446182
2020-08,bjS2Lp3tLxv,,664309,8.85401311829085,25.99070345396914
2020-09,bjS2Lp3tLxv,,664309,12.0826979459337,25.159104938903727
2020-10,bjS2Lp3tLxv,,664309,0.3709727837738961,22.806601100056383
2020-11,bjS2Lp3tLxv,,664309,0.2662280948312491,17.533735249970274
2020-12,bjS2Lp3tLxv,,664309,0.0282418752007047,13.854240443965056
2021-01,bjS2Lp3tLxv,,664309,0.0719980291627235,13.387888701680426
2021-02,bjS2Lp3tLxv,,664309,0.2707223789171031,16.339899377358073
2021-03,bjS2Lp3tLxv,,664309,0.1321033506599638,21.49922934927331
2021-04,bjS2Lp3tLxv,,664309,0.3604849880887844,25.09143092535232
2021-05,bjS2Lp3tLxv,,664309,9.253575574331183,24.324622085366
2021-06,bjS2Lp3tLxv,,664309,17.531088740879447,25.39690437200849
2021-07,bjS2Lp3tLxv,,664309,14.115094851171264,25.598350865827708
2021-08,bjS2Lp3tLxv,,664309,14.214627427476817,24.9380435634279
2021-09,bjS2Lp3tLxv,,664309,7.6959838487931105,24.77305427773208
2021-10,bjS2Lp3tLxv,,664309,3.831577058857913,22.59244064615248
2021-11,bjS2Lp3tLxv,,664309,0.0824355460926324,17.479501614043674
2021-12,bjS2Lp3tLxv,,664309,0.9253020018161876,13.85205936649878
2022-01,bjS2Lp3tLxv,0.0,664309,0.888574603240742,11.983764459395712
2022-02,bjS2Lp3tLxv,0.0,664309,1.256301792013266,13.485864034859468
2022-03,bjS2Lp3tLxv,0.0,664309,0.0959906437578404,22.11784405480364
2022-04,bjS2Lp3tLxv,0.0,664309,0.2695957233170645,26.775613073416142
2022-05,bjS2Lp3tLxv,1.0,664309,3.183298959127636,26.139480089991164
2022-06,bjS2Lp3tLxv,1.0,664309,8.42308053423456,27.929989593447843
2022-07,bjS2Lp3tLxv,5.0,664309,10.469122398540785,26.368342130452348
2022-08,bjS2Lp3tLxv,19.0,664309,6.976403972799884,26.106310734455835
2022-09,bjS2Lp3tLxv,1702.0,664309,5.180933489957117,24.59843221902415
2022-10,bjS2Lp3tLxv,575.0,664309,5.42301333993961,21.23814027149964
2022-11,bjS2Lp3tLxv,120.0,664309,0.1168149145894079,17.749278665693357
2022-12,bjS2Lp3tLxv,5.0,664309,0.0069594272751162,14.34256586690794
2023-01,bjS2Lp3tLxv,4.0,664309,0.0722890665247914,12.982860951065808
2023-02,bjS2Lp3tLxv,0.0,664309,0.0156489488438153,16.572346883950093
2023-03,bjS2Lp3tLxv,0.0,664309,0.5845072853602999,20.10823229568062
2023-04,bjS2Lp3tLxv,3.0,664309,0.5090422928569748,24.3830623978114
2023-05,bjS2Lp3tLxv,4.0,664309,1.051613435447643,26.111591651450475
2023-06,bjS2Lp3tLxv,7.0,664309,3.135317491775844,29.178749705937264
2023-07,bjS2Lp3tLxv,12.0,664309,7.706147470421734,26.42523115166979
2023-08,bjS2Lp3tLxv,40.0,664309,5.253543777915642,25.78763139689776
2023-09,bjS2Lp3tLxv,42.0,664309,3.408395121122588,25.66933171657578
2023-10,bjS2Lp3tLxv,23.0,664309,1.989541993264016,21.90291473884521
2023-11,bjS2Lp3tLxv,4.0,664309,0.071995774636935,18.615374886412955
2023-12,bjS2Lp3tLxv,1.0,664309,0.0858625146625835,15.030539267927828
2024-01,bjS2Lp3tLxv,3.0,664309,0.0510391904870532,12.418037411402594
2024-02,bjS2Lp3tLxv,4.0,664309,0.2870846106102689,14.806076094287272
2024-03,bjS2Lp3tLxv,1.0,664309,0.6050453329826672,20.17059308397529
2024-04,bjS2Lp3tLxv,2.0,664309,0.0157199235915684,26.86313844372001
2024-05,bjS2Lp3tLxv,4.0,664309,1.2249095408052173,28.29546794502251
2024-06,bjS2Lp3tLxv,8.0,664309,4.282697252981468,29.470002003177644
2024-07,bjS2Lp3tLxv,11.0,664309,18.80797327833109,26.437481830103035
2024-08,bjS2Lp3tLxv,82.0,664309,11.293806237677172,25.64591541350026
2024-09,bjS2Lp3tLxv,165.0,664309,13.435090095065796,25.40049182678401
2024-10,bjS2Lp3tLxv,162.0,664309,0.8748424712550029,22.958874058000752
2024-11,bjS2Lp3tLxv,78.0,664309,0.3949269004267718,18.66225865117784
2024-12,bjS2Lp3tLxv,0.0,664309,0.1284998362398728,13.784310460469882
2016-01,cMWLZfK0O4z,,174705,1.0129232282398983,11.182322169878262
2016-02,cMWLZfK0O4z,,174705,0.9016515347983336,14.792665176512315
2016-03,cMWLZfK0O4z,,174705,0.8008614723571527,19.01522935034795
2016-04,cMWLZfK0O4z,,174705,0.4430106197407011,24.438617366415027
2016-05,cMWLZfK0O4z,,174705,7.342475130490536,22.701516246700745
2016-06,cMWLZfK0O4z,,174705,13.723959453020472,23.50892971733595
2016-07,cMWLZfK0O4z,,174705,34.15093814990621,22.80607755978969
2016-08,cMWLZfK0O4z,,174705,12.665845904466778,23.60300960524149
2016-09,cMWLZfK0O4z,,174705,8.932262473375841,22.14397750110184
2016-10,cMWLZfK0O4z,,174705,3.203299683563934,20.20989370761218
2016-11,cMWLZfK0O4z,,174705,0.2234249266731317,16.49495499701335
2016-12,cMWLZfK0O4z,,174705,0.2704094508984153,13.968289765007306
2017-01,cMWLZfK0O4z,,174705,0.7316909386024829,11.821880628301216
2017-02,cMWLZfK0O4z,,174705,0.4579733807703168,15.17797645113291
2017-03,cMWLZfK0O4z,,174705,1.7846413657358684,17.08282845674235
2017-04,cMWLZfK0O4z,,174705,2.169385187297112,22.04984185511098
2017-05,cMWLZfK0O4z,,174705,8.134177508378883,22.77303416266625
2017-06,cMWLZfK0O4z,,174705,9.625359435364487,23.705665996067246
2017-07,cMWLZfK0O4z,,174705,22.7319045098148,23.22775704048791
2017-08,cMWLZfK0O4z,,174705,24.83127763407677,22.94754186275986
2017-09,cMWLZfK0O4z,,174705,8.832658141353816,22.81436606643645
2017-10,cMWLZfK0O4z,,174705,1.5691144853679548,20.769717873663847
2017-11,cMWLZfK0O4z,,174705,0.3074171798672346,16.44760048637772
2017-12,cMWLZfK0O4z,,174705,0.0818967395858246,14.076417891389008
2018-01,cMWLZfK0O4z,,174705,0.2894599552899607,10.858642825022272
2018-02,cMWLZfK0O4z,,174705,0.5950258408662337,14.831636016570286
2018-03,cMWLZfK0O4z,,174705,0.5194243940258807,18.994285459873947
2018-04,cMWLZfK0O4z,,174705,3.502493336729871,21.043306443956496
2018-05,cMWLZfK0O4z,,174705,6.044983862616052,22.486766067463087
2018-06,cMWLZfK0O4z,,174705,9.325450725103943,24.311203313268923
2018-07,cMWLZfK0O4z,,174705,24.05341508010837,23.51318505909252
2018-08,cMWLZfK0O4z,,174705,25.167033762919075,23.0530103407007
2018-09,cMWLZfK0O4z,,174705,7.306869709464396,22.463597532743044
2018-10,cMWLZfK0O4z,,174705,0.7693676357815783,18.9527578905274
2018-11,cMWLZfK0O4z,,174705,0.5143854409199297,16.446965041022498
2018-12,cMWLZfK0O4z,,174705,0.4916215669434375,12.397169420593311
2019-01,cMWLZfK0O4z,,174705,1.2547563171970588,11.105573577891622
2019-02,cMWLZfK0O4z,,174705,2.8992671312754554,12.952970118261447
2019-03,cMWLZfK0O4z,,174705,1.0949799889472998,16.84495321214411
2019-04,cMWLZfK0O4z,,174705,3.3904917104778725,20.69675547410628
2019-05,cMWLZfK0O4z,,174705,1.3957409747908387,24.676954373181424
2019-06,cMWLZfK0O4z,,174705,7.135942998418158,24.944794730812685
2019-07,cMWLZfK0O4z,,174705,22.2309507932122,23.40435741277984
2019-08,cMWLZfK0O4z,,174705,14.216496171734242,23.777188767684624
2019-09,cMWLZfK0O4z,,174705,23.85050981167569,22.19073070132552
2019-10,cMWLZfK0O4z,,174705,2.074706150514228,19.540969963436204
2019-11,cMWLZfK0O4z,,174705,0.812961423037463,17.361275164756666
2019-12,cMWLZfK0O4z,,174705,0.8706746877121195,11.657414246742444
2020-01,cMWLZfK0O4z,,174705,4.2019186257985375,10.47927377557264
2020-02,cMWLZfK0O4z,,174705,2.024370647224689,12.5268724377055
2020-03,cMWLZfK0O4z,,174705,1.9272589904907351,16.26671777117146
2020-04,cMWLZfK0O4z,,174705,4.677610309741563,19.82157694383208
2020-05,cMWLZfK0O4z,,174705,4.439867099537127,22.1660468217442
2020-06,cMWLZfK0O4z,,174705,25.894234135797163,22.77652898406756
2020-07,cMWLZfK0O4z,,174705,29.990979582916804,23.021065128473083
2020-08,cMWLZfK0O4z,,174705,19.322727127241954,23.69802912647988
2020-09,cMWLZfK0O4z,,174705,18.17675271561079,22.82908370207968
2020-10,cMWLZfK0O4z,,174705,0.9202862259536108,21.40422049165501
2020-11,cMWLZfK0O4z,,174705,0.4385130721157588,16.218662206638918
2020-12,cMWLZfK0O4z,,174705,0.4422490484228178,12.90029278699807
2021-01,cMWLZfK0O4z,,174705,0.2376062524481596,12.073928432543012
2021-02,cMWLZfK0O4z,,174705,0.8223454642130265,14.314584274228949
2021-03,cMWLZfK0O4z,,174705,0.5071805978862622,18.994422794809243
2021-04,cMWLZfK0O4z,,174705,0.5569085166645481,22.30005100476138
2021-05,cMWLZfK0O4z,,174705,12.483065174057366,21.419553318730145
2021-06,cMWLZfK0O4z,,174705,25.14610352357721,23.054102149413897
2021-07,cMWLZfK0O4z,,174705,18.6348692829596,23.344297548244985
2021-08,cMWLZfK0O4z,,174705,23.29640790169405,22.734014454492016
2021-09,cMWLZfK0O4z,,174705,9.7678011536726,22.63393270677272
2021-10,cMWLZfK0O4z,,174705,7.867811070858323,20.573060217263546
2021-11,cMWLZfK0O4z,,174705,0.6118241047353743,15.975972286665764
2021-12,cMWLZfK0O4z,,174705,1.542175286217658,12.523333090722844
2022-01,cMWLZfK0O4z,0.0,174705,1.491965455604727,10.420720451362651
2022-02,cMWLZfK0O4z,0.0,174705,2.9200655968341,11.412962925931566
2022-03,cMWLZfK0O4z,0.0,174705,0.3795197192841527,19.58538294264563
2022-04,cMWLZfK0O4z,1.0,174705,1.562008000399972,23.342216008622625
2022-05,cMWLZfK0O4z,0.0,174705,6.957762459020618,22.382016270022827
2022-06,cMWLZfK0O4z,1.0,174705,15.318143476168142,23.94514787992456
2022-07,cMWLZfK0O4z,13.0,174705,14.952582472893964,23.93815164278861
2022-08,cMWLZfK0O4z,36.0,174705,10.485035441136397,23.70640676486908
2022-09,cMWLZfK0O4z,87.0,174705,6.626031535016855,22.28141318859132
2022-10,cMWLZfK0O4z,15.0,174705,6.221228012035572,19.36229989213084
2022-11,cMWLZfK0O4z,9.0,174705,0.3441526532665477,16.305906884138114
2022-12,cMWLZfK0O4z,3.0,174705,0.0926964919605802,13.31096356648552
2023-01,cMWLZfK0O4z,0.0,174705,0.0764133220580006,12.036236393751496
2023-02,cMWLZfK0O4z,1.0,174705,0.2680608668690357,14.896674614631053
2023-03,cMWLZfK0O4z,1.0,174705,1.2658427466523046,17.39148453051029
2023-04,cMWLZfK0O4z,0.0,174705,0.8210828957207724,21.531864433300377
2023-05,cMWLZfK0O4z,9.0,174705,1.8281147017806263,22.88002438060459
2023-06,cMWLZfK0O4z,2.0,174705,4.5498865260135855,25.75966512879997
2023-07,cMWLZfK0O4z,9.0,174705,13.099557031094651,23.948288316232023
2023-08,cMWLZfK0O4z,65.0,174705,6.203572094631666,23.506127517549142
2023-09,cMWLZfK0O4z,93.0,174705,5.843229138673614,23.541136328889227
2023-10,cMWLZfK0O4z,57.0,174705,2.3441374844770926,19.90502128142497
2023-11,cMWLZfK0O4z,3.0,174705,0.2977759280363058,16.78506751341
2023-12,cMWLZfK0O4z,0.0,174705,0.1745782848241378,13.692848570403015
2024-01,cMWLZfK0O4z,0.0,174705,0.2335274282647206,11.316395294297104
2024-02,cMWLZfK0O4z,1.0,174705,0.3487372014488241,13.142689233630188
2024-03,cMWLZfK0O4z,2.0,174705,1.0211363660027135,17.86248171594225
2024-04,cMWLZfK0O4z,2.0,174705,0.0373835206737668,24.28482699817608
2024-05,cMWLZfK0O4z,6.0,174705,3.2234154137406588,24.73870639054938
2024-06,cMWLZfK0O4z,9.0,174705,8.68483119581322,25.581560388516507
2024-07,cMWLZfK0O4z,9.0,174705,31.74695142783236,24.20784205137956
2024-08,cMWLZfK0O4z,41.0,174705,15.67509070626818,23.490177595065195
2024-09,cMWLZfK0O4z,55.0,174705,18.715519140071624,23.49650327748218
2024-10,cMWLZfK0O4z,33.0,174705,2.551237004410712,20.6723345522398
2024-11,cMWLZfK0O4z,23.0,174705,1.1730787069384665,17.033535258559365
2024-12,cMWLZfK0O4z,0.0,174705,0.2052315771478746,12.735147025738405
2016-01,eW2b8SUYRWt,,146516,1.3429334903850974,10.83362743526652
2016-02,eW2b8SUYRWt,,146516,0.4983774621597337,14.347253569292434
2016-03,eW2b8SUYRWt,,146516,1.7185054100851929,17.656182103034297
2016-04,eW2b8SUYRWt,,146516,1.5548960044012006,21.49673951857705
2016-05,eW2b8SUYRWt,,146516,9.110371474098027,21.08582001667037
2016-06,eW2b8SUYRWt,,146516,13.157031055534263,22.552695383297184
2016-07,eW2b8SUYRWt,,146516,34.397352423502355,22.27444301910144
2016-08,eW2b8SUYRWt,,146516,7.034966849233803,23.507593849678607
2016-09,eW2b8SUYRWt,,146516,17.23922978004806,21.747109379136766
2016-10,eW2b8SUYRWt,,146516,3.813679846253676,20.10846024614018
2016-11,eW2b8SUYRWt,,146516,0.0332603003883115,16.45201752226629
2016-12,eW2b8SUYRWt,,146516,0.1779272809177392,13.6105493455393
2017-01,eW2b8SUYRWt,,146516,0.6188178583305645,11.88862952253312
2017-02,eW2b8SUYRWt,,146516,0.6807695344114306,14.633477766502333
2017-03,eW2b8SUYRWt,,146516,3.800176422412088,15.83248208937171
2017-04,eW2b8SUYRWt,,146516,4.733722968134285,19.52498408360269
2017-05,eW2b8SUYRWt,,146516,6.552703596397668,21.11733351079158
2017-06,eW2b8SUYRWt,,146516,12.107187014369613,22.87544380124229
2017-07,eW2b8SUYRWt,,146516,17.735799692254602,22.777278472205325
2017-08,eW2b8SUYRWt,,146516,21.96693815389896,22.74645414902689
2017-09,eW2b8SUYRWt,,146516,6.99511663895421,22.40597091168632
2017-10,eW2b8SUYRWt,,146516,3.4227224180449274,20.021675658730874
2017-11,eW2b8SUYRWt,,146516,0.1072686696695839,16.256359859078596
2017-12,eW2b8SUYRWt,,146516,0.0716397295560915,14.084802041920824
2018-01,eW2b8SUYRWt,,146516,0.3729882561217918,11.08837761053606
2018-02,eW2b8SUYRWt,,146516,1.0015539122422283,14.287783244756191
2018-03,eW2b8SUYRWt,,146516,2.619828900892181,17.095482472119198
2018-04,eW2b8SUYRWt,,146516,6.276046012074797,19.04210006901548
2018-05,eW2b8SUYRWt,,146516,7.068785756386539,20.66157401401892
2018-06,eW2b8SUYRWt,,146516,18.48468335463126,22.844117476051625
2018-07,eW2b8SUYRWt,,146516,21.54885507003422,22.961374513075707
2018-08,eW2b8SUYRWt,,146516,14.999827604310592,22.916283233921543
2018-09,eW2b8SUYRWt,,146516,7.870058762123545,22.044154938723544
2018-10,eW2b8SUYRWt,,146516,1.6804836971842945,18.44006329738586
2018-11,eW2b8SUYRWt,,146516,0.3972037680207478,15.670200893818556
2018-12,eW2b8SUYRWt,,146516,0.2991214520766863,12.295139261498347
2019-01,eW2b8SUYRWt,,146516,0.3865926611421129,11.522469760116882
2019-02,eW2b8SUYRWt,,146516,2.589682256662017,13.318545252364345
2019-03,eW2b8SUYRWt,,146516,1.476722054653262,16.30312649008068
2019-04,eW2b8SUYRWt,,146516,5.296074613966077,19.251457337585787
2019-05,eW2b8SUYRWt,,146516,5.985787808180593,21.291784947075627
2019-06,eW2b8SUYRWt,,146516,13.519435821899444,23.16125398149048
2019-07,eW2b8SUYRWt,,146516,35.03545190619244,22.729863707565755
2019-08,eW2b8SUYRWt,,146516,10.126296931623338,23.55463377653141
2019-09,eW2b8SUYRWt,,146516,14.542481904256356,21.80575822325324
2019-10,eW2b8SUYRWt,,146516,1.811767819537606,19.36729754795161
2019-11,eW2b8SUYRWt,,146516,0.3475155705404549,17.466294443848284
2019-12,eW2b8SUYRWt,,146516,0.5501810770244261,11.674767698356591
2020-01,eW2b8SUYRWt,,146516,1.6231233178316524,10.73169309159505
2020-02,eW2b8SUYRWt,,146516,1.092209556569244,12.68036302096674
2020-03,eW2b8SUYRWt,,146516,2.117808578549208,16.325770962188916
2020-04,eW2b8SUYRWt,,146516,4.925110748658089,18.606263491593023
2020-05,eW2b8SUYRWt,,146516,6.905680039403307,20.52017016377201
2020-06,eW2b8SUYRWt,,146516,13.163886542077496,22.26959544729602
2020-07,eW2b8SUYRWt,,146516,26.034383753694414,22.28498930528787
2020-08,eW2b8SUYRWt,,146516,7.320532160037599,23.16427775895752
2020-09,eW2b8SUYRWt,,146516,19.43958750284344,21.958482521564587
2020-10,eW2b8SUYRWt,,146516,1.2996641935163933,20.92668603539689
2020-11,eW2b8SUYRWt,,146516,0.1733006920328982,15.879456484319254
2020-12,eW2b8SUYRWt,,146516,0.1658617760351995,12.573493163482384
2021-01,eW2b8SUYRWt,,146516,0.5112210127521698,11.953617372454934
2021-02,eW2b8SUYRWt,,146516,0.5539923672357192,13.654397082326785
2021-03,eW2b8SUYRWt,,146516,1.2272366627388906,17.359084646218378
2021-04,eW2b8SUYRWt,,146516,2.028136945907866,20.058611007846267
2021-05,eW2b8SUYRWt,,146516,11.753669203170274,20.63930530046712
2021-06,eW2b8SUYRWt,,146516,13.868670130856502,22.332015078091217
2021-07,eW2b8SUYRWt,,146516,21.049083572133608,22.81354003765064
2021-08,eW2b8SUYRWt,,146516,21.09289534375909,22.289455106710875
2021-09,eW2b8SUYRWt,,146516,5.463903890876689,22.365671821362938
2021-10,eW2b8SUYRWt,,146516,11.628404730783377,20.238568645704976
2021-11,eW2b8SUYRWt,,146516,0.0775831610434548,14.89202933211484
2021-12,eW2b8SUYRWt,,146516,0.793073174906629,12.268922702372617
2022-01,eW2b8SUYRWt,0.0,146516,0.5072668985278274,10.572495143540744
2022-02,eW2b8SUYRWt,0.0,146516,2.290468196999849,10.932496651712118
2022-03,eW2b8SUYRWt,0.0,146516,0.6112885029651401,18.562458697431968
2022-04,eW2b8SUYRWt,0.0,146516,5.008983322781575,20.26681075543632
2022-05,eW2b8SUYRWt,0.0,146516,6.59231358720261,21.35342081703533
2022-06,eW2b8SUYRWt,0.0,146516,18.49571119854506,22.010006447904
2022-07,eW2b8SUYRWt,0.0,146516,9.076335553373584,23.23003253400362
2022-08,eW2b8SUYRWt,4.0,146516,8.246262345680453,23.15028960658506
2022-09,eW2b8SUYRWt,54.0,146516,5.918336426453208,21.830546190327084
2022-10,eW2b8SUYRWt,77.0,146516,1.8751997330299308,19.437214123519738
2022-11,eW2b8SUYRWt,8.0,146516,0.142796486156925,15.87764973261186
2022-12,eW2b8SUYRWt,2.0,146516,0.0328498402706729,12.963859743826497
2023-01,eW2b8SUYRWt,0.0,146516,0.053357604960295,11.698653406114044
2023-02,eW2b8SUYRWt,0.0,146516,0.4164682023984702,14.329898017794283
2023-03,eW2b8SUYRWt,0.0,146516,1.725136617665277,16.386724945150366
2023-04,eW2b8SUYRWt,0.0,146516,1.1341167651054227,19.933866413939207
2023-05,eW2b8SUYRWt,0.0,146516,2.0512310027988,21.521821021019942
2023-06,eW2b8SUYRWt,7.0,146516,6.22189630561056,23.568528927730995
2023-07,eW2b8SUYRWt,144.0,146516,8.017435704948397,23.314509523125903
2023-08,eW2b8SUYRWt,187.0,146516,7.604198228503561,22.9928332019386
2023-09,eW2b8SUYRWt,100.0,146516,5.967302598680256,22.969693492389307
2023-10,eW2b8SUYRWt,167.0,146516,2.068508487577877,19.462932435789213
2023-11,eW2b8SUYRWt,0.0,146516,0.0974458635971345,16.565777954484492
2023-12,eW2b8SUYRWt,0.0,146516,0.1794330555040527,13.363027706185145
2024-01,eW2b8SUYRWt,2.0,146516,0.1181128651689117,10.977070143041695
2024-02,eW2b8SUYRWt,5.0,146516,0.2975700423965559,12.712198675157214
2024-03,eW2b8SUYRWt,5.0,146516,2.722467212288765,16.897711359361477
2024-04,eW2b8SUYRWt,1.0,146516,0.1881006306653679,21.629924834356743
2024-05,eW2b8SUYRWt,2.0,146516,4.26965612699866,22.79823882533505
2024-06,eW2b8SUYRWt,29.0,146516,19.12750155325443,23.09140485430093
2024-07,eW2b8SUYRWt,15.0,146516,21.518459351567888,23.56906825908333
2024-08,eW2b8SUYRWt,17.0,146516,14.49801962193891,23.17607861131123
2024-09,eW2b8SUYRWt,26.0,146516,15.223472477764506,23.240611961086955
2024-10,eW2b8SUYRWt,7.0,146516,3.1041531895811456,20.05518242913525
2024-11,eW2b8SUYRWt,4.0,146516,0.2115725870542039,16.285449278438943
2024-12,eW2b8SUYRWt,0.0,146516,0.2008267809178303,12.750910187615675
2016-01,ebbAyOhorzo,,378788,0.2002490291221975,15.194899675771438
2016-02,ebbAyOhorzo,,378788,0.2025461942552636,19.30811392865578
2016-03,ebbAyOhorzo,,378788,0.5197366337044987,24.42742404898778
2016-04,ebbAyOhorzo,,378788,0.0809409798912671,30.398465504903843
2016-05,ebbAyOhorzo,,378788,4.221583072459923,28.193827099306382
2016-06,ebbAyOhorzo,,378788,11.366221572681662,28.309869530807912
2016-07,ebbAyOhorzo,,378788,25.52903322201491,26.811933641883428
2016-08,ebbAyOhorzo,,378788,7.045108416453591,28.04244524063548
2016-09,ebbAyOhorzo,,378788,7.619483655053252,26.121759612202563
2016-10,ebbAyOhorzo,,378788,2.039890309601168,24.61273413209929
2016-11,ebbAyOhorzo,,378788,0.0425562381491809,20.45282518342148
2016-12,ebbAyOhorzo,,378788,0.0931917741764999,16.862540039353146
2017-01,ebbAyOhorzo,,378788,0.211900496474832,15.483811090296973
2017-02,ebbAyOhorzo,,378788,0.0627946005612162,19.028650066706994
2017-03,ebbAyOhorzo,,378788,1.2380065304156027,21.904198416345903
2017-04,ebbAyOhorzo,,378788,1.916762957174554,27.283611033472887
2017-05,ebbAyOhorzo,,378788,4.797970899206917,28.05817724114541
2017-06,ebbAyOhorzo,,378788,8.036742784402888,28.417153665742568
2017-07,ebbAyOhorzo,,378788,14.512953208655642,27.21032084803517
2017-08,ebbAyOhorzo,,378788,25.98280002896072,26.96331479306604
2017-09,ebbAyOhorzo,,378788,5.636232732900033,27.085210842242
2017-10,ebbAyOhorzo,,378788,0.801606676576476,25.067952826323687
2017-11,ebbAyOhorzo,,378788,0.0297148814369512,20.72341488908003
2017-12,ebbAyOhorzo,,378788,0.0153443314024001,17.37080777374788
2018-01,ebbAyOhorzo,,378788,0.1614586768855942,13.685317639290764
2018-02,ebbAyOhorzo,,378788,0.1209225374551212,18.59919091593069
2018-03,ebbAyOhorzo,,378788,0.1112468122056615,24.15504024018772
2018-04,ebbAyOhorzo,,378788,1.8038795843846616,27.08675617273781
2018-05,ebbAyOhorzo,,378788,3.281234168436,27.961668562878675
2018-06,ebbAyOhorzo,,378788,6.309736791976127,29.48134912678232
2018-07,ebbAyOhorzo,,378788,18.28263890798944,27.648675682850715
2018-08,ebbAyOhorzo,,378788,15.589910505129312,27.331736764443647
2018-09,ebbAyOhorzo,,378788,4.792071013562933,26.832482301751536
2018-10,ebbAyOhorzo,,378788,0.2949145708424969,23.520308866390053
2018-11,ebbAyOhorzo,,378788,0.0347820120529108,20.565613603114244
2018-12,ebbAyOhorzo,,378788,0.0203794193662863,16.126579154680094
2019-01,ebbAyOhorzo,,378788,0.6622031217907429,15.248456231544347
2019-02,ebbAyOhorzo,,378788,1.9957310429761548,17.10480749959941
2019-03,ebbAyOhorzo,,378788,0.2656636755074634,21.69056237871964
2019-04,ebbAyOhorzo,,378788,1.69761351464814,26.56582296007533
2019-05,ebbAyOhorzo,,378788,0.4724636710520503,30.205735244413464
2019-06,ebbAyOhorzo,,378788,4.624961247653717,30.28648051947919
2019-07,ebbAyOhorzo,,378788,17.183779950212266,27.73664531723045
2019-08,ebbAyOhorzo,,378788,7.984987193783684,28.112252602795525
2019-09,ebbAyOhorzo,,378788,19.29514753541584,26.13852169334242
2019-10,ebbAyOhorzo,,378788,0.8298543715363472,23.981169193834376
2019-11,ebbAyOhorzo,,378788,0.1917120619216762,21.419811290363786
2019-12,ebbAyOhorzo,,378788,0.6613435785326277,14.77815906280414
2020-01,ebbAyOhorzo,,378788,2.687576331206816,14.002897824272187
2020-02,ebbAyOhorzo,,378788,1.1161491881145362,16.60019061169726
2020-03,ebbAyOhorzo,,378788,1.005849392111707,21.467982837778383
2020-04,ebbAyOhorzo,,378788,2.004001662687625,25.72065806698988
2020-05,ebbAyOhorzo,,378788,1.827792011054144,27.960737307374995
2020-06,ebbAyOhorzo,,378788,14.994746714492129,27.132063855385542
2020-07,ebbAyOhorzo,,378788,27.20289292675752,26.832181400203627
2020-08,ebbAyOhorzo,,378788,8.918766835081698,27.90717853685108
2020-09,ebbAyOhorzo,,378788,15.27340790837714,26.650098823170705
2020-10,ebbAyOhorzo,,378788,0.3501512178454534,25.65964183434908
2020-11,ebbAyOhorzo,,378788,0.017293221672401,20.25326021556861
2020-12,ebbAyOhorzo,,378788,0.023893276710728,16.18588819129984
2021-01,ebbAyOhorzo,,378788,0.1013832099552911,15.103331706651682
2021-02,ebbAyOhorzo,,378788,0.1370704722348358,18.488200255450263
2021-03,ebbAyOhorzo,,378788,0.1245926038577692,24.02258708484054
2021-04,ebbAyOhorzo,,378788,0.264247636311291,27.671249194239223
2021-05,ebbAyOhorzo,,378788,14.384740082617606,26.000337290479443
2021-06,ebbAyOhorzo,,378788,17.519990429259416,27.20791968281521
2021-07,ebbAyOhorzo,,378788,12.47772803603874,27.4294150622342
2021-08,ebbAyOhorzo,,378788,17.092392612609334,26.61297683789106
2021-09,ebbAyOhorzo,,378788,8.544308627888753,26.88548243138768
2021-10,ebbAyOhorzo,,378788,4.429157895806511,24.81291849989192
2021-11,ebbAyOhorzo,,378788,0.0498274430649057,19.487288412608464
2021-12,ebbAyOhorzo,,378788,1.1862642463847763,15.997250971587718
2022-01,ebbAyOhorzo,0.0,378788,0.5173916310964931,13.949789244550155
2022-02,ebbAyOhorzo,0.0,378788,1.584525011547272,15.589988346344644
2022-03,ebbAyOhorzo,0.0,378788,0.0610764163768506,24.467781206194225
2022-04,ebbAyOhorzo,0.0,378788,0.5550028498828521,28.374242794298805
2022-05,ebbAyOhorzo,0.0,378788,2.736153808022068,28.164142520458544
2022-06,ebbAyOhorzo,1.0,378788,11.937771120081315,28.84370636702388
2022-07,ebbAyOhorzo,16.0,378788,8.557806165454203,28.39800706963055
2022-08,ebbAyOhorzo,23.0,378788,7.356134781889937,28.060018816219223
2022-09,ebbAyOhorzo,33.0,378788,4.538952149429143,26.458198374251893
2022-10,ebbAyOhorzo,33.0,378788,2.65441428725735,23.720141750184297
2022-11,ebbAyOhorzo,15.0,378788,0.0789619342484167,20.14387258334929
2022-12,ebbAyOhorzo,2.0,378788,0.0512605798251005,16.654873540304155
2023-01,ebbAyOhorzo,0.0,378788,0.0187926662741877,14.561591257023329
2023-02,ebbAyOhorzo,0.0,378788,0.059709427926387,18.608721046122696
2023-03,ebbAyOhorzo,2.0,378788,0.4249355152281829,22.97864917202306
2023-04,ebbAyOhorzo,0.0,378788,0.2399138912218428,27.78960991621146
2023-05,ebbAyOhorzo,0.0,378788,0.6579635898127701,29.12465480082649
2023-06,ebbAyOhorzo,0.0,378788,2.229834356330991,31.597048698021425
2023-07,ebbAyOhorzo,1.0,378788,5.719836786607467,28.32397525845774
2023-08,ebbAyOhorzo,7.0,378788,3.675013197153406,27.7849048987657
2023-09,ebbAyOhorzo,20.0,378788,3.10785817116701,28.067345936241097
2023-10,ebbAyOhorzo,16.0,378788,1.028073594263116,24.58357032521677
2023-11,ebbAyOhorzo,2.0,378788,0.0552736142366686,21.58072663426756
2023-12,ebbAyOhorzo,2.0,378788,0.011301536182592,17.497847807932292
2024-01,ebbAyOhorzo,1.0,378788,0.0269439053462791,14.489100289950189
2024-02,ebbAyOhorzo,0.0,378788,0.1319070787033691,17.238105259067638
2024-03,ebbAyOhorzo,2.0,378788,0.222254972570356,22.80381851489017
2024-04,ebbAyOhorzo,0.0,378788,0.0074576657003477,29.930527444160788
2024-05,ebbAyOhorzo,0.0,378788,2.1435402606718927,30.22826815282917
2024-06,ebbAyOhorzo,1.0,378788,6.712496420186888,30.61307152429145
2024-07,ebbAyOhorzo,4.0,378788,18.10017501530876,28.293908790466
2024-08,ebbAyOhorzo,8.0,378788,10.822920892674093,27.74065422586977
2024-09,ebbAyOhorzo,13.0,378788,19.11900227345426,27.54259866374376
2024-10,ebbAyOhorzo,22.0,378788,1.0442819150804163,25.178288835196312
2024-11,ebbAyOhorzo,24.0,378788,0.2648786860026564,21.09640161856939
2024-12,ebbAyOhorzo,1.0,378788,0.0898052511223467,15.819520595877396
2016-01,elOK8Y2b3Qn,5.0,1971531,1.2722011573161345,8.525280685715163
2016-02,elOK8Y2b3Qn,,1971531,1.0917294350778604,12.2022183346094
2016-03,elOK8Y2b3Qn,,1971531,2.2827520425570427,15.617496722190332
2016-04,elOK8Y2b3Qn,,1971531,0.9010957263667856,19.5449246316177
2016-05,elOK8Y2b3Qn,,1971531,8.140859335750871,19.037263597203
2016-06,elOK8Y2b3Qn,,1971531,15.80904380123317,20.620326931623847
2016-07,elOK8Y2b3Qn,,1971531,29.295151158115072,20.471793072444523
2016-08,elOK8Y2b3Qn,,1971531,10.356629616562548,21.202141377795044
2016-09,elOK8Y2b3Qn,,1971531,19.40646812873216,19.558563453153344
2016-10,elOK8Y2b3Qn,,1971531,5.050003559311218,17.693219651325318
2016-11,elOK8Y2b3Qn,,1971531,0.312459004666012,14.252462611312923
2016-12,elOK8Y2b3Qn,,1971531,0.5513909676402445,12.23469724569274
2017-01,elOK8Y2b3Qn,,1971531,1.1001549471609695,9.80291003209651
2017-02,elOK8Y2b3Qn,,1971531,0.5195808328605798,12.673703854672905
2017-03,elOK8Y2b3Qn,,1971531,3.595471559590115,13.414443430647044
2017-04,elOK8Y2b3Qn,,1971531,3.293170976138529,17.707957865709318
2017-05,elOK8Y2b3Qn,,1971531,8.63722291074241,18.936786830302616
2017-06,elOK8Y2b3Qn,,1971531,12.49159061413202,20.796318323514097
2017-07,elOK8Y2b3Qn,,1971531,23.013116267554626,20.65603946034335
2017-08,elOK8Y2b3Qn,,1971531,35.22455854854061,20.5726584304463
2017-09,elOK8Y2b3Qn,,1971531,7.358792029378152,20.39465770259322
2017-10,elOK8Y2b3Qn,,1971531,1.7470880534180728,17.968790519135307
2017-11,elOK8Y2b3Qn,,1971531,0.6810686859281758,13.873092774931832
2017-12,elOK8Y2b3Qn,,1971531,0.2508142070939308,12.50576928864218
2018-01,elOK8Y2b3Qn,,1971531,0.5144763809157054,9.0450356927581
2018-02,elOK8Y2b3Qn,,1971531,0.9036836559969093,12.42680467545069
2018-03,elOK8Y2b3Qn,,1971531,1.4879949601680864,15.264119822349215
2018-04,elOK8Y2b3Qn,,1971531,6.0153285766408295,16.828378656123196
2018-05,elOK8Y2b3Qn,,1971531,6.737961702801772,18.690413147344024
2018-06,elOK8Y2b3Qn,,1971531,16.257976583610674,20.73685282573081
2018-07,elOK8Y2b3Qn,,1971531,28.097536600753937,20.858131174423704
2018-08,elOK8Y2b3Qn,,1971531,24.72157230803389,20.74058318880372
2018-09,elOK8Y2b3Qn,,1971531,8.734958176970476,20.02377691299594
2018-10,elOK8Y2b3Qn,,1971531,0.9992368134879992,16.44049344377701
2018-11,elOK8Y2b3Qn,,1971531,0.5626008355474464,13.839509001911017
2018-12,elOK8Y2b3Qn,,1971531,0.7175393660709065,10.103933116665855
2019-01,elOK8Y2b3Qn,,1971531,2.076445267974428,8.768488377588282
2019-02,elOK8Y2b3Qn,,1971531,4.6275763244175465,10.567222864529718
2019-03,elOK8Y2b3Qn,,1971531,1.9891271016036665,13.672455098862132
2019-04,elOK8Y2b3Qn,,1971531,5.152496785018122,16.74120925859157
2019-05,elOK8Y2b3Qn,,1971531,2.177000956239086,20.1025038176704
2019-06,elOK8Y2b3Qn,,1971531,7.852142059147497,21.063871594358726
2019-07,elOK8Y2b3Qn,,1971531,35.71650046505759,20.656642805446303
2019-08,elOK8Y2b3Qn,,1971531,13.912918971169116,21.251747453683063
2019-09,elOK8Y2b3Qn,,1971531,20.804649969456,19.677602850634308
2019-10,elOK8Y2b3Qn,,1971531,1.659114149024249,17.296057095229134
2019-11,elOK8Y2b3Qn,,1971531,0.5871262228396321,15.20494813800474
2019-12,elOK8Y2b3Qn,,1971531,1.4925094104299432,9.862912803550964
2020-01,elOK8Y2b3Qn,,1971531,4.797068667817484,8.284505158120963
2020-02,elOK8Y2b3Qn,,1971531,2.712090293984049,10.182173781268206
2020-03,elOK8Y2b3Qn,,1971531,2.75809852150993,13.486704081266277
2020-04,elOK8Y2b3Qn,,1971531,6.242874395992255,16.17061041992283
2020-05,elOK8Y2b3Qn,,1971531,8.704027670154158,18.20932883292082
2020-06,elOK8Y2b3Qn,,1971531,24.66405365162586,20.298924342641328
2020-07,elOK8Y2b3Qn,,1971531,35.19164170965427,20.52357258471579
2020-08,elOK8Y2b3Qn,,1971531,17.446983158259687,21.18754923090111
2020-09,elOK8Y2b3Qn,,1971531,13.3850343786261,20.358401370702875
2020-10,elOK8Y2b3Qn,,1971531,0.9961145052378864,19.05142947012116
2020-11,elOK8Y2b3Qn,,1971531,0.3267094897899324,14.370615320119834
2020-12,elOK8Y2b3Qn,,1971531,0.1718327077293632,11.024180568327877
2021-01,elOK8Y2b3Qn,,1971531,0.245316583974044,10.464164941306832
2021-02,elOK8Y2b3Qn,,1971531,1.4850299259319122,11.49833703934636
2021-03,elOK8Y2b3Qn,,1971531,0.918373969384826,15.5757758710233
2021-04,elOK8Y2b3Qn,,1971531,1.1782025789328343,18.52820321656827
2021-05,elOK8Y2b3Qn,,1971531,13.887916167451303,18.404899998921724
2021-06,elOK8Y2b3Qn,,1971531,21.067923020887747,20.43366365575876
2021-07,elOK8Y2b3Qn,,1971531,33.22682649090815,20.686772561155124
2021-08,elOK8Y2b3Qn,,1971531,30.910837133382305,20.36855071846456
2021-09,elOK8Y2b3Qn,,1971531,12.376941402011138,20.190842911575544
2021-10,elOK8Y2b3Qn,,1971531,9.688702847568328,18.28647957647648
2021-11,elOK8Y2b3Qn,,1971531,0.6233023959247528,13.299389130521218
2021-12,elOK8Y2b3Qn,,1971531,2.122353840276634,10.369479357603304
2022-01,elOK8Y2b3Qn,0.0,1971531,1.937590270646628,8.221419510526486
2022-02,elOK8Y2b3Qn,0.0,1971531,3.991362157012953,8.684598400232947
2022-03,elOK8Y2b3Qn,0.0,1971531,0.8976189579853033,16.515445976437277
2022-04,elOK8Y2b3Qn,0.0,1971531,2.3755910017870057,18.958902991758627
2022-05,elOK8Y2b3Qn,1.0,1971531,8.195579122705619,19.195883162557408
2022-06,elOK8Y2b3Qn,1.0,1971531,15.339048763332809,20.37657156675597
2022-07,elOK8Y2b3Qn,35.0,1971531,19.3708483354804,21.07245059461171
2022-08,elOK8Y2b3Qn,727.0,1971531,14.894804249693252,21.097284940892205
2022-09,elOK8Y2b3Qn,9891.0,1971531,7.739687980188703,20.102076871951347
2022-10,elOK8Y2b3Qn,2911.0,1971531,3.3782338039001854,17.53451074190048
2022-11,elOK8Y2b3Qn,761.0,1971531,0.2668719368421993,14.259403380828353
2022-12,elOK8Y2b3Qn,49.0,1971531,0.1711337516156457,11.584632241501051
2023-01,elOK8Y2b3Qn,10.0,1971531,0.0758323633261861,10.675374802103658
2023-02,elOK8Y2b3Qn,4.0,1971531,0.3473905126558287,12.73041569297151
2023-03,elOK8Y2b3Qn,4.0,1971531,2.271727796298213,14.387692573181006
2023-04,elOK8Y2b3Qn,1.0,1971531,1.4256017435622257,17.917539453629242
2023-05,elOK8Y2b3Qn,2.0,1971531,2.87684394217116,18.86436788377395
2023-06,elOK8Y2b3Qn,11.0,1971531,6.411472203235211,21.63049064547497
2023-07,elOK8Y2b3Qn,64.0,1971531,10.420342744786506,21.347165953969927
2023-08,elOK8Y2b3Qn,333.0,1971531,11.931653342917018,21.054868802770795
2023-09,elOK8Y2b3Qn,634.0,1971531,5.060183097139868,21.14621849000768
2023-10,elOK8Y2b3Qn,878.0,1971531,2.745801102046268,17.464217459030927
2023-11,elOK8Y2b3Qn,108.0,1971531,0.4507105114979173,14.663164987838131
2023-12,elOK8Y2b3Qn,27.0,1971531,0.4302273756887536,11.743469874077824
2024-01,elOK8Y2b3Qn,16.0,1971531,0.4831673618008162,9.183675044499022
2024-02,elOK8Y2b3Qn,7.0,1971531,0.4001870487756153,11.076556489786668
2024-03,elOK8Y2b3Qn,14.0,1971531,2.319842595164437,14.745863480756094
2024-04,elOK8Y2b3Qn,36.0,1971531,0.1856588624141281,20.16376705179906
2024-05,elOK8Y2b3Qn,32.0,1971531,4.52372307044094,20.858134266463285
2024-06,elOK8Y2b3Qn,51.0,1971531,15.746591899781134,21.682325246853505
2024-07,elOK8Y2b3Qn,109.0,1971531,28.73860203536925,21.830704486063432
2024-08,elOK8Y2b3Qn,282.0,1971531,17.543215885054483,21.31727034597828
2024-09,elOK8Y2b3Qn,1521.0,1971531,23.779863833737867,21.18071774622595
2024-10,elOK8Y2b3Qn,2518.0,1971531,2.812532022744473,18.41600830906664
2024-11,elOK8Y2b3Qn,1305.0,1971531,1.308414828319595,14.4021180928674
2024-12,elOK8Y2b3Qn,28.0,1971531,0.3463435471256243,11.155073544296224
2016-01,ewPc6zXy53n,,54008,1.6490769122987532,-15.85938552508684
2016-02,ewPc6zXy53n,,54008,1.7550944572491218,-13.40689637321509
2016-03,ewPc6zXy53n,,54008,1.8126727507350389,-10.836739154717565
2016-04,ewPc6zXy53n,,54008,1.326604026764352,-6.109602612498069
2016-05,ewPc6zXy53n,,54008,2.324961045846026,-0.898702016125448
2016-06,ewPc6zXy53n,,54008,3.760725274916823,4.877793466177784
2016-07,ewPc6zXy53n,,54008,8.198392791113253,6.312644711616621
2016-08,ewPc6zXy53n,,54008,6.449154595538116,5.576356790519843
2016-09,ewPc6zXy53n,,54008,2.057133713155872,3.7033763626150114
2016-10,ewPc6zXy53n,,54008,1.3332745466552254,-1.755201259705213
2016-11,ewPc6zXy53n,,54008,0.2266412262326168,-5.908077943405543
2016-12,ewPc6zXy53n,,54008,0.5755179153803527,-6.983153256923886
2017-01,ewPc6zXy53n,,54008,2.8864278761657864,-16.62460292622324
2017-02,ewPc6zXy53n,,54008,1.958063884376367,-13.751443641398549
2017-03,ewPc6zXy53n,,54008,2.5596949204085018,-12.180722180573676
2017-04,ewPc6zXy53n,,54008,2.3089433627837934,-6.631547374597679
2017-05,ewPc6zXy53n,,54008,2.384236209703273,-1.9435327361155528
2017-06,ewPc6zXy53n,,54008,3.5926486634129984,3.199200326550608
2017-07,ewPc6zXy53n,,54008,9.587973261407114,6.220649377955983
2017-08,ewPc6zXy53n,,54008,6.547865803044791,6.180371093847438
2017-09,ewPc6zXy53n,,54008,3.23447387935684,3.322845519568874
2017-10,ewPc6zXy53n,,54008,0.9160494292377438,-1.5045901592522692
2017-11,ewPc6zXy53n,,54008,0.9587654642001692,-8.989850781078411
2017-12,ewPc6zXy53n,,54008,1.4043227298560623,-13.176469608220128
2018-01,ewPc6zXy53n,,54008,0.9637806329594422,-13.68426844696804
2018-02,ewPc6zXy53n,,54008,2.450273939159959,-14.049364103374204
2018-03,ewPc6zXy53n,,54008,1.4826012946601688,-11.922836980657344
2018-04,ewPc6zXy53n,,54008,1.1587284876403792,-6.165613411171797
2018-05,ewPc6zXy53n,,54008,1.869234624342749,-1.8436420677462857
2018-06,ewPc6zXy53n,,54008,3.2789327036506646,4.434387169289495
2018-07,ewPc6zXy53n,,54008,8.89242117709654,6.684876308500702
2018-08,ewPc6zXy53n,,54008,9.719359471507747,6.29593064942153
2018-09,ewPc6zXy53n,,54008,3.4028771917010348,2.3809775945863385
2018-10,ewPc6zXy53n,,54008,0.663871948690799,-5.2856652921602105
2018-11,ewPc6zXy53n,,54008,1.4400971478232412,-9.327017100675276
2018-12,ewPc6zXy53n,,54008,0.8033278675948592,-14.710430815487411
2019-01,ewPc6zXy53n,,54008,4.985142765757851,-17.27706801015611
2019-02,ewPc6zXy53n,,54008,6.646225720610508,-15.657133765590618
2019-03,ewPc6zXy53n,,54008,2.0762733335408026,-13.027002219882704
2019-04,ewPc6zXy53n,,54008,1.1255804461365575,-6.381261439640673
2019-05,ewPc6zXy53n,,54008,1.704428353420555,-3.610456710510765
2019-06,ewPc6zXy53n,,54008,2.5994185653351733,1.856832149245488
2019-07,ewPc6zXy53n,,54008,6.653847219112393,5.466478574323425
2019-08,ewPc6zXy53n,,54008,7.270684016742036,5.901479750114117
2019-09,ewPc6zXy53n,,54008,4.701685436852558,4.1804613305368346
2019-10,ewPc6zXy53n,,54008,0.938411147881438,-3.02395355512985
2019-11,ewPc6zXy53n,,54008,2.387998937868163,-9.461773241769
2019-12,ewPc6zXy53n,,54008,2.38077902148714,-17.694848183735825
2020-01,ewPc6zXy53n,,54008,5.629128902699472,-17.165918599320218
2020-02,ewPc6zXy53n,,54008,0.4922043256145378,-15.841957142006772
2020-03,ewPc6zXy53n,,54008,2.817008887540557,-13.05817332974059
2020-04,ewPc6zXy53n,,54008,2.0406325655691826,-8.155083415188614
2020-05,ewPc6zXy53n,,54008,1.9148794099468456,-3.065404705667038
2020-06,ewPc6zXy53n,,54008,3.9978213852622826,2.9888149382593387
2020-07,ewPc6zXy53n,,54008,7.961733499373325,6.045779402380816
2020-08,ewPc6zXy53n,,54008,6.94628989477198,6.644150488093836
2020-09,ewPc6zXy53n,,54008,3.120946693146199,4.1845124299344985
2020-10,ewPc6zXy53n,,54008,0.2675753690136557,-0.8439879535245048
2020-11,ewPc6zXy53n,,54008,1.880501388299828,-10.469628560639864
2020-12,ewPc6zXy53n,,54008,0.4658101375356059,-15.02463360615326
2021-01,ewPc6zXy53n,,54008,1.9070548254752804,-13.884112246611684
2021-02,ewPc6zXy53n,,54008,1.1293189186166694,-13.832970025511528
2021-03,ewPc6zXy53n,,54008,1.7472891284061909,-10.629889559138126
2021-04,ewPc6zXy53n,,54008,3.260517054649789,-9.777165190818517
2021-05,ewPc6zXy53n,,54008,4.760799484325139,-2.866195536534928
2021-06,ewPc6zXy53n,,54008,7.271938925606487,2.337299346432089
2021-07,ewPc6zXy53n,,54008,7.165015185249424,6.4185045197246025
2021-08,ewPc6zXy53n,,54008,6.377795139121823,6.137873822209056
2021-09,ewPc6zXy53n,,54008,4.91169346363004,4.303666074297556
2021-10,ewPc6zXy53n,,54008,4.437762484580282,-2.4338078652339634
2021-11,ewPc6zXy53n,,54008,0.5620967057394017,-10.045642731657756
2021-12,ewPc6zXy53n,,54008,2.597774320767557,-16.421994597823335
2022-01,ewPc6zXy53n,0.0,54008,2.6501308056864774,-17.79006527973855
2022-02,ewPc6zXy53n,0.0,54008,2.85520220271534,-16.991216363462527
2022-03,ewPc6zXy53n,0.0,54008,0.4565759638964091,-8.636526397781429
2022-04,ewPc6zXy53n,0.0,54008,1.0413822013664369,-3.5816114434517394
2022-05,ewPc6zXy53n,0.0,54008,3.4362558806237,0.1646413912663855
2022-06,ewPc6zXy53n,0.0,54008,3.672818330572148,4.078898516846484
2022-07,ewPc6zXy53n,0.0,54008,6.474863267890714,6.886000289500978
2022-08,ewPc6zXy53n,0.0,54008,7.328394904806216,6.224333638372413
2022-09,ewPc6zXy53n,2.0,54008,3.040136508732198,2.737919072368669
2022-10,ewPc6zXy53n,1.0,54008,3.548125547920447,-6.698736960638279
2022-11,ewPc6zXy53n,0.0,54008,0.3031106769686648,-10.022745717443428
2022-12,ewPc6zXy53n,0.0,54008,0.2269261755303904,-12.097300001942164
2023-01,ewPc6zXy53n,0.0,54008,1.6718433000750486,-15.117092505084656
2023-02,ewPc6zXy53n,0.0,54008,0.6018760739710254,-13.97592762769947
2023-03,ewPc6zXy53n,0.0,54008,0.713189459675858,-10.863029031055108
2023-04,ewPc6zXy53n,0.0,54008,1.0925939624087542,-8.651539564186649
2023-05,ewPc6zXy53n,0.0,54008,1.336078756710949,-5.2134895767107965
2023-06,ewPc6zXy53n,0.0,54008,1.4452763056672828,1.230754928689019
2023-07,ewPc6zXy53n,0.0,54008,4.363740350286977,6.2919041494706205
2023-08,ewPc6zXy53n,0.0,54008,4.072986740118987,6.578964206253966
2023-09,ewPc6zXy53n,1.0,54008,2.032888103894959,3.858021333026937
2023-10,ewPc6zXy53n,0.0,54008,0.7526290893220008,-3.708920344027933
2023-11,ewPc6zXy53n,1.0,54008,0.402684997971306,-8.672741409829152
2023-12,ewPc6zXy53n,0.0,54008,0.3596416772245794,-14.427642867419038
2024-01,ewPc6zXy53n,0.0,54008,0.4827114340012921,-15.054975516628677
2024-02,ewPc6zXy53n,0.0,54008,1.923133944875192,-15.57350803108485
2024-03,ewPc6zXy53n,0.0,54008,2.959404782191005,-11.29340569700532
2024-04,ewPc6zXy53n,0.0,54008,1.0833064099029948,-6.806270680783942
2024-05,ewPc6zXy53n,0.0,54008,1.9654754779309664,-0.4401603452519568
2024-06,ewPc6zXy53n,0.0,54008,3.320107686910668,4.4856546189024575
2024-07,ewPc6zXy53n,0.0,54008,9.20466714369526,7.170294150657845
2024-08,ewPc6zXy53n,0.0,54008,7.085866849371443,6.434263591898567
2024-09,ewPc6zXy53n,0.0,54008,4.69976105103601,4.426082427064686
2024-10,ewPc6zXy53n,0.0,54008,0.7145989014960132,-0.6251989877441625
2024-11,ewPc6zXy53n,0.0,54008,0.978931505321624,-5.079961999720614
2024-12,ewPc6zXy53n,0.0,54008,1.5514699936722394,-12.416091332089731
2016-01,gannbFbizVo,,165638,1.3615602513247589,2.6655774072851712
2016-02,gannbFbizVo,,165638,1.170250004717922,6.306659566803966
2016-03,gannbFbizVo,,165638,1.6078693565501945,8.858756470076049
2016-04,gannbFbizVo,,165638,0.9058654157519735,13.297247879282978
2016-05,gannbFbizVo,,165638,7.15871764197429,13.164688609490506
2016-06,gannbFbizVo,,165638,14.5976099747564,15.322559904223008
2016-07,gannbFbizVo,,165638,30.19090067295884,15.475656187948257
2016-08,gannbFbizVo,,165638,13.102187258830275,15.903627440450029
2016-09,gannbFbizVo,,165638,18.320548845396587,14.452418110852625
2016-10,gannbFbizVo,,165638,5.764161258466991,12.009043961323515
2016-11,gannbFbizVo,,165638,0.3425990204563928,8.895830977232865
2016-12,gannbFbizVo,,165638,0.6601513840838498,7.501647522075483
2017-01,gannbFbizVo,,165638,1.020037774388842,3.515945943338697
2017-02,gannbFbizVo,,165638,0.6804199539854724,6.629313393301762
2017-03,gannbFbizVo,,165638,2.8294131277026544,6.829675999817571
2017-04,gannbFbizVo,,165638,2.5567624818009884,11.48204321842164
2017-05,gannbFbizVo,,165638,6.516310275207657,13.066927790331851
2017-06,gannbFbizVo,,165638,11.170937995772144,15.290367617080816
2017-07,gannbFbizVo,,165638,25.392190293957363,15.571859666456772
2017-08,gannbFbizVo,,165638,25.71079371015628,15.57032167706225
2017-09,gannbFbizVo,,165638,8.51100894330718,14.952049209058464
2017-10,gannbFbizVo,,165638,4.214588278072749,12.115062529018283
2017-11,gannbFbizVo,,165638,0.7301315012921812,7.956751101651636
2017-12,gannbFbizVo,,165638,0.207075634842268,7.464339948598244
2018-01,gannbFbizVo,,165638,0.5434380872600969,4.453529426268579
2018-02,gannbFbizVo,,165638,0.8619060396210402,6.020977078962053
2018-03,gannbFbizVo,,165638,1.5606032968801973,8.305869237508926
2018-04,gannbFbizVo,,165638,4.824564054535705,10.600102887184695
2018-05,gannbFbizVo,,165638,6.933441048881036,12.79223901688152
2018-06,gannbFbizVo,,165638,12.28194761342698,15.397672588514768
2018-07,gannbFbizVo,,165638,26.022515221307746,15.89098411697118
2018-08,gannbFbizVo,,165638,28.633494453152952,15.621626233051696
2018-09,gannbFbizVo,,165638,8.067002567979378,14.698548146493394
2018-10,gannbFbizVo,,165638,1.665434905642169,10.18099734437843
2018-11,gannbFbizVo,,165638,0.5915097866991487,8.073540591492844
2018-12,gannbFbizVo,,165638,1.0033797808582074,4.0723792320830245
2019-01,gannbFbizVo,,165638,1.6206125594463665,1.7812132052703042
2019-02,gannbFbizVo,,165638,3.054338489382287,3.522270261133908
2019-03,gannbFbizVo,,165638,1.1629791042414093,6.705053119621734
2019-04,gannbFbizVo,,165638,4.13486824985227,10.61655193216002
2019-05,gannbFbizVo,,165638,2.361306543743201,13.98697280509004
2019-06,gannbFbizVo,,165638,6.940233759207576,15.688401408231464
2019-07,gannbFbizVo,,165638,30.90276437126569,15.656474365123094
2019-08,gannbFbizVo,,165638,15.476961831938317,16.101512853090853
2019-09,gannbFbizVo,,165638,17.944164182061446,14.484513052283935
2019-10,gannbFbizVo,,165638,2.9325824087509025,11.600418177023435
2019-11,gannbFbizVo,,165638,0.690881689393392,9.597012690727144
2019-12,gannbFbizVo,,165638,1.1829947871526982,3.628413441598072
2020-01,gannbFbizVo,,165638,2.9969450756438194,1.5799025376485538
2020-02,gannbFbizVo,,165638,1.9154750113591064,3.641881185702165
2020-03,gannbFbizVo,,165638,2.2272510034539983,6.692933583071239
2020-04,gannbFbizVo,,165638,4.235494696730264,9.636417458578418
2020-05,gannbFbizVo,,165638,6.567788343597152,12.377964531417923
2020-06,gannbFbizVo,,165638,17.264059078401004,15.008874495793306
2020-07,gannbFbizVo,,165638,35.03975950479353,15.549641455762606
2020-08,gannbFbizVo,,165638,20.582167986058725,16.099592139264473
2020-09,gannbFbizVo,,165638,12.605517002931336,15.060937095433792
2020-10,gannbFbizVo,,165638,2.154531121637414,13.364549324129491
2020-11,gannbFbizVo,,165638,0.410409723610923,8.276132182933987
2020-12,gannbFbizVo,,165638,0.3833988693195149,5.794767024312351
2021-01,gannbFbizVo,,165638,0.4284908660599672,5.502947195795003
2021-02,gannbFbizVo,,165638,1.1690897627519994,5.345309872841901
2021-03,gannbFbizVo,,165638,1.3094374343652309,8.971092358790386
2021-04,gannbFbizVo,,165638,1.5572164139844755,11.196784999013945
2021-05,gannbFbizVo,,165638,11.241878020245837,12.66306656293966
2021-06,gannbFbizVo,,165638,16.516042465122148,15.19828791357856
2021-07,gannbFbizVo,,165638,25.074243986161505,15.663111072395786
2021-08,gannbFbizVo,,165638,27.065722503555875,15.359285310272886
2021-09,gannbFbizVo,,165638,12.824086396023638,14.783573850252072
2021-10,gannbFbizVo,,165638,6.980661853542041,12.736536829246072
2021-11,gannbFbizVo,,165638,0.5263404256517346,8.37680813134977
2021-12,gannbFbizVo,,165638,1.8284635272755785,4.59762491148002
2022-01,gannbFbizVo,0.0,165638,1.3145880841279116,1.591611056722937
2022-02,gannbFbizVo,1.0,165638,2.398552518183535,1.95059587725387
2022-03,gannbFbizVo,1.0,165638,1.618648566326241,9.98651909790281
2022-04,gannbFbizVo,1.0,165638,3.053078816666647,12.697626859167697
2022-05,gannbFbizVo,0.0,165638,7.737754004512291,13.312745073924576
2022-06,gannbFbizVo,0.0,165638,17.42850173277717,15.110977157669293
2022-07,gannbFbizVo,4.0,165638,25.157078323187864,15.93447287248206
2022-08,gannbFbizVo,17.0,165638,17.03418487047389,15.952720234695
2022-09,gannbFbizVo,93.0,165638,7.6196971295853375,14.63976967557038
2022-10,gannbFbizVo,63.0,165638,2.687190359811394,11.714141232497756
2022-11,gannbFbizVo,21.0,165638,0.3624663349518827,8.613873261947584
2022-12,gannbFbizVo,20.0,165638,0.1680001714440955,6.251894076672465
2023-01,gannbFbizVo,11.0,165638,0.0733872885203789,5.04132477301907
2023-02,gannbFbizVo,11.0,165638,0.5531428025852188,6.507600890582511
2023-03,gannbFbizVo,0.0,165638,2.024242531248006,7.379627517222898
2023-04,gannbFbizVo,0.0,165638,1.5803003016299064,10.769926231041763
2023-05,gannbFbizVo,0.0,165638,2.7627149593303373,12.47042563315366
2023-06,gannbFbizVo,1.0,165638,6.196233638954128,15.937227720643614
2023-07,gannbFbizVo,5.0,165638,11.02193529296148,16.12555969072623
2023-08,gannbFbizVo,18.0,165638,12.175364765277774,16.04564539128956
2023-09,gannbFbizVo,15.0,165638,5.673504938610191,15.5221218720191
2023-10,gannbFbizVo,21.0,165638,3.035772515269992,11.628351292614246
2023-11,gannbFbizVo,2.0,165638,0.6638088828299846,8.619776363214534
2023-12,gannbFbizVo,1.0,165638,0.4395342859481218,6.226362942056828
2024-01,gannbFbizVo,2.0,165638,0.5969335096230931,3.0587223242039827
2024-02,gannbFbizVo,7.0,165638,0.4139655921547032,4.578467889417714
2024-03,gannbFbizVo,0.0,165638,2.6028104942842583,8.061264716689656
2024-04,gannbFbizVo,1.0,165638,0.7355991894453215,12.8648221045992
2024-05,gannbFbizVo,1.0,165638,6.116417877019049,14.295629362669494
2024-06,gannbFbizVo,1.0,165638,14.574251252194456,16.209881595529172
2024-07,gannbFbizVo,3.0,165638,26.32113917374934,16.80639077603582
2024-08,gannbFbizVo,6.0,165638,20.88134509650126,16.11929288412026
2024-09,gannbFbizVo,36.0,165638,17.64810602320759,15.774981033550096
2024-10,gannbFbizVo,52.0,165638,5.103553940650534,12.514722500624805
2024-11,gannbFbizVo,18.0,165638,1.7204912916152286,8.854331276288555
2024-12,gannbFbizVo,0.0,165638,0.4651385732747234,6.065951324246191
2016-01,grMJpaDdSrD,,350175,0.7961203891634623,13.69776950111144
2016-02,grMJpaDdSrD,,350175,0.2175406653335992,17.424235605889706
2016-03,grMJpaDdSrD,,350175,0.9457546267428064,21.97788987608764
2016-04,grMJpaDdSrD,,350175,0.611947759730866,26.343952669883897
2016-05,grMJpaDdSrD,,350175,6.840936558590808,24.405566470522107
2016-06,grMJpaDdSrD,,350175,9.770343616271136,25.209756227607247
2016-07,grMJpaDdSrD,,350175,20.258448718237133,24.668763072631272
2016-08,grMJpaDdSrD,,350175,8.255010364519022,25.922312845458983
2016-09,grMJpaDdSrD,,350175,13.88271717959623,24.052365878450985
2016-10,grMJpaDdSrD,,350175,2.601528358099051,22.464255752421405
2016-11,grMJpaDdSrD,,350175,0.0476675865653923,18.753956191348927
2016-12,grMJpaDdSrD,,350175,0.1793903549692266,15.824019947227113
2017-01,grMJpaDdSrD,,350175,0.3481900965766092,14.209965183458907
2017-02,grMJpaDdSrD,,350175,0.2330953398793081,17.3453215392241
2017-03,grMJpaDdSrD,,350175,1.8788017445932568,18.87887306294326
2017-04,grMJpaDdSrD,,350175,2.256293465392059,23.22207609864117
2017-05,grMJpaDdSrD,,350175,4.254647802531395,24.72863302345002
2017-06,grMJpaDdSrD,,350175,8.343660539146414,25.77814621441879
2017-07,grMJpaDdSrD,,350175,16.464665306247568,25.07713038736736
2017-08,grMJpaDdSrD,,350175,20.846183530118363,25.031828356274808
2017-09,grMJpaDdSrD,,350175,6.488942293485043,24.7784870181418
2017-10,grMJpaDdSrD,,350175,2.549777002992493,22.581435680470047
2017-11,grMJpaDdSrD,,350175,0.0764601312496552,18.58642316577171
2017-12,grMJpaDdSrD,,350175,0.0985460893393371,16.18885248704278
2018-01,grMJpaDdSrD,,350175,0.230385595905049,13.198283994897093
2018-02,grMJpaDdSrD,,350175,0.4321274919267687,17.048473155930413
2018-03,grMJpaDdSrD,,350175,0.757409942592634,21.127722150883148
2018-04,grMJpaDdSrD,,350175,3.4658061974707297,23.05939014962157
2018-05,grMJpaDdSrD,,350175,3.622508480069416,24.298864222653936
2018-06,grMJpaDdSrD,,350175,12.793949212602543,25.774135012171023
2018-07,grMJpaDdSrD,,350175,15.059232033472764,25.398773164535367
2018-08,grMJpaDdSrD,,350175,13.410001636961502,25.263473024736538
2018-09,grMJpaDdSrD,,350175,4.94312487742538,24.739317632304328
2018-10,grMJpaDdSrD,,350175,1.2493799108726955,21.440811502404227
2018-11,grMJpaDdSrD,,350175,0.206287581480264,18.688272119661686
2018-12,grMJpaDdSrD,,350175,0.2241624350111607,14.820736759819178
2019-01,grMJpaDdSrD,,350175,0.2429023012917287,13.846417298770673
2019-02,grMJpaDdSrD,,350175,1.8660495472849947,16.11761351727297
2019-03,grMJpaDdSrD,,350175,0.5509265775545646,20.011725070626664
2019-04,grMJpaDdSrD,,350175,3.2477951755782453,23.004798780419588
2019-05,grMJpaDdSrD,,350175,2.7496675891735545,25.899521385496875
2019-06,grMJpaDdSrD,,350175,7.194408720774449,26.283963390891017
2019-07,grMJpaDdSrD,,350175,29.29764483235784,25.16948442208161
2019-08,grMJpaDdSrD,,350175,8.061059629406163,25.93883430720708
2019-09,grMJpaDdSrD,,350175,14.888069760503898,24.181550576024726
2019-10,grMJpaDdSrD,,350175,1.2055633087497275,21.932930935071028
2019-11,grMJpaDdSrD,,350175,0.4987326415955528,19.944519220918888
2019-12,grMJpaDdSrD,,350175,0.5575355527530056,13.754441587741818
2020-01,grMJpaDdSrD,,350175,1.1668845467204283,13.30668439945733
2020-02,grMJpaDdSrD,,350175,1.0092893349735972,15.535205715618073
2020-03,grMJpaDdSrD,,350175,1.347293474156623,20.05308454656715
2020-04,grMJpaDdSrD,,350175,2.471206288946429,22.941429966025755
2020-05,grMJpaDdSrD,,350175,5.213087314403508,24.05709437543516
2020-06,grMJpaDdSrD,,350175,11.5610304346592,24.96552276673172
2020-07,grMJpaDdSrD,,350175,29.855679998863703,24.71430237167529
2020-08,grMJpaDdSrD,,350175,7.337907846602641,25.656478530363376
2020-09,grMJpaDdSrD,,350175,18.165820681543178,24.43661091761856
2020-10,grMJpaDdSrD,,350175,1.19835266323447,23.34559084581316
2020-11,grMJpaDdSrD,,350175,0.174912214218831,18.29771707880404
2020-12,grMJpaDdSrD,,350175,0.2792214042665456,14.818085394001988
2021-01,grMJpaDdSrD,,350175,0.33047013170292,14.167784486789683
2021-02,grMJpaDdSrD,,350175,0.2645269745043397,16.660608827363735
2021-03,grMJpaDdSrD,,350175,0.3234833099099512,21.42865367200488
2021-04,grMJpaDdSrD,,350175,0.7159651201730748,24.685970460732086
2021-05,grMJpaDdSrD,,350175,11.28156699080836,23.71997601481852
2021-06,grMJpaDdSrD,,350175,10.039865412144009,25.00577793921045
2021-07,grMJpaDdSrD,,350175,12.97833261692804,25.28482274778464
2021-08,grMJpaDdSrD,,350175,15.955328067830326,24.716559331611307
2021-09,grMJpaDdSrD,,350175,5.231318660387425,24.977190709680887
2021-10,grMJpaDdSrD,,350175,7.838454929976786,22.85697106558017
2021-11,grMJpaDdSrD,,350175,0.2103602787265343,17.443161706444474
2021-12,grMJpaDdSrD,,350175,0.8015912546730535,14.57355072117447
2022-01,grMJpaDdSrD,0.0,350175,0.561764157573253,12.905480873226654
2022-02,grMJpaDdSrD,0.0,350175,1.2794169988068649,14.065451960894707
2022-03,grMJpaDdSrD,0.0,350175,0.3459474278682591,22.39554449950517
2022-04,grMJpaDdSrD,0.0,350175,2.696611490611656,24.52522841870257
2022-05,grMJpaDdSrD,0.0,350175,4.203323293016919,25.09624426257775
2022-06,grMJpaDdSrD,0.0,350175,13.630118171512995,24.84269723442632
2022-07,grMJpaDdSrD,0.0,350175,8.360769106178893,25.87446607199046
2022-08,grMJpaDdSrD,3.0,350175,8.769610723522577,25.707886144339472
2022-09,grMJpaDdSrD,53.0,350175,4.611937111140998,24.485213793268688
2022-10,grMJpaDdSrD,81.0,350175,1.4309996351608611,22.207278509041807
2022-11,grMJpaDdSrD,14.0,350175,0.1109744552500033,18.76860933840937
2022-12,grMJpaDdSrD,1.0,350175,0.0651015589314581,15.821270901157394
2023-01,grMJpaDdSrD,0.0,350175,0.0702696017296107,13.977469252034778
2023-02,grMJpaDdSrD,1.0,350175,0.1579673811862135,17.530734802358335
2023-03,grMJpaDdSrD,1.0,350175,1.1328211402018502,20.32246171404329
2023-04,grMJpaDdSrD,0.0,350175,0.5417320623571967,24.585185374423027
2023-05,grMJpaDdSrD,0.0,350175,1.5713295520246542,25.67357082715588
2023-06,grMJpaDdSrD,6.0,350175,3.9422607175947775,27.2952165111778
2023-07,grMJpaDdSrD,81.0,350175,5.494812162961272,25.977474272322848
2023-08,grMJpaDdSrD,74.0,350175,7.466333158409188,25.58057135481243
2023-09,grMJpaDdSrD,15.0,350175,4.889020089203211,25.73707745485438
2023-10,grMJpaDdSrD,7.0,350175,2.006377729994817,22.36234508832344
2023-11,grMJpaDdSrD,1.0,350175,0.1333748853998916,19.43053369033576
2023-12,grMJpaDdSrD,0.0,350175,0.1154399596905254,15.996659125451885
2024-01,grMJpaDdSrD,2.0,350175,0.1160154613798758,13.502185428442488
2024-02,grMJpaDdSrD,0.0,350175,0.2117330462253071,15.699484445752992
2024-03,grMJpaDdSrD,1.0,350175,2.28360475836098,20.2818164094131
2024-04,grMJpaDdSrD,0.0,350175,0.0483821675910989,26.28121077112409
2024-05,grMJpaDdSrD,2.0,350175,2.868045264034411,26.67320506601536
2024-06,grMJpaDdSrD,0.0,350175,11.04674024775458,26.087833034229487
2024-07,grMJpaDdSrD,4.0,350175,18.735875652988938,26.091509942919785
2024-08,grMJpaDdSrD,24.0,350175,10.458753559382409,25.789165143457414
2024-09,grMJpaDdSrD,68.0,350175,10.070638509039965,25.92095248406292
2024-10,grMJpaDdSrD,65.0,350175,2.3582059741681487,23.02876350619009
2024-11,grMJpaDdSrD,12.0,350175,0.3575774437298121,19.278574125690444
2024-12,grMJpaDdSrD,0.0,350175,0.2160354110182483,15.190585109540558
2016-01,hasbXH0dTqM,,154499,2.829430418560153,8.68656113793756
2016-02,hasbXH0dTqM,,154499,1.7419979398431191,12.436003417473692
2016-03,hasbXH0dTqM,,154499,2.595204316007796,15.63276931053642
2016-04,hasbXH0dTqM,,154499,2.3045497295102417,19.673844111241326
2016-05,hasbXH0dTqM,,154499,10.925235733531746,19.229477791561617
2016-06,hasbXH0dTqM,,154499,19.91623688709453,20.94074577309584
2016-07,hasbXH0dTqM,,154499,32.96282367465216,20.91545802161781
2016-08,hasbXH0dTqM,,154499,12.509778103700578,21.85552966106504
2016-09,hasbXH0dTqM,,154499,25.127257636282927,20.213395761469112
2016-10,hasbXH0dTqM,,154499,3.972653065921981,18.31451647352557
2016-11,hasbXH0dTqM,,154499,0.4276005840106423,14.525957517811715
2016-12,hasbXH0dTqM,,154499,0.7685626487521222,12.197988770781429
2017-01,hasbXH0dTqM,,154499,1.513598822785715,9.703564603468998
2017-02,hasbXH0dTqM,,154499,1.6538948495774193,12.523382228916358
2017-03,hasbXH0dTqM,,154499,6.093779860060302,13.524650653240396
2017-04,hasbXH0dTqM,,154499,6.452261412862247,17.519315743810772
2017-05,hasbXH0dTqM,,154499,9.23074081957861,19.08276998894978
2017-06,hasbXH0dTqM,,154499,17.4731432516656,21.242031108487463
2017-07,hasbXH0dTqM,,154499,25.06917124906297,21.29059232334367
2017-08,hasbXH0dTqM,,154499,27.366733849531105,21.28630200174601
2017-09,hasbXH0dTqM,,154499,14.92066970840581,20.735396809999365
2017-10,hasbXH0dTqM,,154499,6.047097380880144,18.23253724803375
2017-11,hasbXH0dTqM,,154499,0.9064929164390668,14.101108480175224
2017-12,hasbXH0dTqM,,154499,0.3596504383353571,12.172932309996082
2018-01,hasbXH0dTqM,,154499,0.8787841730825033,9.251300922841782
2018-02,hasbXH0dTqM,,154499,2.580150715027563,12.142101787855594
2018-03,hasbXH0dTqM,,154499,3.84598791478154,14.723402289022689
2018-04,hasbXH0dTqM,,154499,9.036806369394188,17.03553697407955
2018-05,hasbXH0dTqM,,154499,10.38007293628404,18.85101880890763
2018-06,hasbXH0dTqM,,154499,20.06964888311237,21.27118727152192
2018-07,hasbXH0dTqM,,154499,27.161309355606832,21.50136395372244
2018-08,hasbXH0dTqM,,154499,27.00255181071557,21.3770358521868
2018-09,hasbXH0dTqM,,154499,10.539983680189364,20.500056610341947
2018-10,hasbXH0dTqM,,154499,5.235864026483438,16.32108987682251
2018-11,hasbXH0dTqM,,154499,1.8830309333313429,13.470881946387856
2018-12,hasbXH0dTqM,,154499,1.1327149657106312,10.101025273543016
2019-01,hasbXH0dTqM,,154499,1.4818358501560722,9.017462518827305
2019-02,hasbXH0dTqM,,154499,4.094628841199636,10.896486548991255
2019-03,hasbXH0dTqM,,154499,2.424431676858932,13.88879438621966
2019-04,hasbXH0dTqM,,154499,6.718809404140105,17.01578820650902
2019-05,hasbXH0dTqM,,154499,6.166323806761777,19.55605282834935
2019-06,hasbXH0dTqM,,154499,13.07426147905396,21.56129396500373
2019-07,hasbXH0dTqM,,154499,38.03790220705208,21.2702232217294
2019-08,hasbXH0dTqM,,154499,14.44090426030778,22.008728815521483
2019-09,hasbXH0dTqM,,154499,20.31319591663891,20.315424480520768
2019-10,hasbXH0dTqM,,154499,4.679922845526051,17.587777625213647
2019-11,hasbXH0dTqM,,154499,2.12903578103126,15.168473695461556
2019-12,hasbXH0dTqM,,154499,1.3304861281004632,9.670959453147027
2020-01,hasbXH0dTqM,,154499,3.269121189597916,9.01668292195969
2020-02,hasbXH0dTqM,,154499,2.870563856685353,10.729644769103254
2020-03,hasbXH0dTqM,,154499,4.260965496512417,13.879646054569578
2020-04,hasbXH0dTqM,,154499,6.449922555454512,16.762500846135783
2020-05,hasbXH0dTqM,,154499,10.245883323610604,18.794854224741528
2020-06,hasbXH0dTqM,,154499,17.663672658404064,20.86584309803268
2020-07,hasbXH0dTqM,,154499,38.96648802455605,21.00515152672532
2020-08,hasbXH0dTqM,,154499,13.94133453715967,21.789723988402528
2020-09,hasbXH0dTqM,,154499,26.055806908012485,20.599884992637232
2020-10,hasbXH0dTqM,,154499,2.056970436102262,19.52883761573656
2020-11,hasbXH0dTqM,,154499,1.3041250651926757,14.259906723062764
2020-12,hasbXH0dTqM,,154499,0.9739999867138118,10.932072619386089
2021-01,hasbXH0dTqM,,154499,1.2735178787673305,10.451037018542166
2021-02,hasbXH0dTqM,,154499,2.068079529054623,11.904689528318272
2021-03,hasbXH0dTqM,,154499,2.596311578474622,15.402937484136917
2021-04,hasbXH0dTqM,,154499,2.154329660138272,18.25471016025096
2021-05,hasbXH0dTqM,,154499,16.730009874110923,18.99069914480873
2021-06,hasbXH0dTqM,,154499,17.599960430821934,20.935396896681063
2021-07,hasbXH0dTqM,,154499,21.48808319506964,21.42824716679403
2021-08,hasbXH0dTqM,,154499,25.350817517335635,21.041840634142297
2021-09,hasbXH0dTqM,,154499,9.492460926983451,21.015782984719905
2021-10,hasbXH0dTqM,,154499,12.831889076434129,18.81559688223137
2021-11,hasbXH0dTqM,,154499,1.156372567821925,13.41064669315583
2021-12,hasbXH0dTqM,,154499,1.900609831914724,10.6679319326139
2022-01,hasbXH0dTqM,0.0,154499,1.7827696372577495,8.584522219197991
2022-02,hasbXH0dTqM,0.0,154499,4.686935931336867,8.975543514420357
2022-03,hasbXH0dTqM,0.0,154499,1.81552167334564,16.733453941228408
2022-04,hasbXH0dTqM,0.0,154499,7.438324604950861,18.65085162803647
2022-05,hasbXH0dTqM,0.0,154499,10.384429741182489,19.73683114633651
2022-06,hasbXH0dTqM,2.0,154499,22.96710000007891,20.70593029411732
2022-07,hasbXH0dTqM,7.0,154499,16.596036302880762,21.797677799108563
2022-08,hasbXH0dTqM,3.0,154499,14.431565947314198,21.74846256320505
2022-09,hasbXH0dTqM,29.0,154499,9.265996741311852,20.509585539657067
2022-10,hasbXH0dTqM,55.0,154499,2.593159569334256,18.125203343763715
2022-11,hasbXH0dTqM,9.0,154499,0.7368148757146211,14.11468142765719
2022-12,hasbXH0dTqM,1.0,154499,0.333411415162561,11.24543854594828
2023-01,hasbXH0dTqM,0.0,154499,0.2308326204178835,10.264238056208418
2023-02,hasbXH0dTqM,0.0,154499,1.4676736079921675,12.483069056912486
2023-03,hasbXH0dTqM,0.0,154499,2.864645868209788,14.285446424573532
2023-04,hasbXH0dTqM,1.0,154499,1.6101446722562116,18.07997857649447
2023-05,hasbXH0dTqM,0.0,154499,4.122297194277969,19.40630167287495
2023-06,hasbXH0dTqM,6.0,154499,7.717398188936826,21.91413243288212
2023-07,hasbXH0dTqM,41.0,154499,10.896459395256944,21.940724765632545
2023-08,hasbXH0dTqM,107.0,154499,12.68711817011643,21.715027969933185
2023-09,hasbXH0dTqM,120.0,154499,6.402270723950411,21.654946732941923
2023-10,hasbXH0dTqM,160.0,154499,3.720315699556787,17.958312695995414
2023-11,hasbXH0dTqM,21.0,154499,0.5483388915491416,14.892894485754208
2023-12,hasbXH0dTqM,2.0,154499,0.5353629915759066,11.702695469091177
2024-01,hasbXH0dTqM,4.0,154499,0.7268282481783445,9.20024286933625
2024-02,hasbXH0dTqM,4.0,154499,0.855287449421526,11.01866662417503
2024-03,hasbXH0dTqM,2.0,154499,4.667208068911223,15.024910446059952
2024-04,hasbXH0dTqM,4.0,154499,0.4080031552106296,20.134662263700346
2024-05,hasbXH0dTqM,9.0,154499,7.239725613121184,20.989570371038987
2024-06,hasbXH0dTqM,15.0,154499,25.203135262759496,21.68307758398525
2024-07,hasbXH0dTqM,23.0,154499,25.98346853174551,22.393916862820063
2024-08,hasbXH0dTqM,40.0,154499,16.905708699650877,21.957849419403352
2024-09,hasbXH0dTqM,43.0,154499,15.764792915577342,21.950653323011363
2024-10,hasbXH0dTqM,33.0,154499,6.869810936382563,18.555190291293098
2024-11,hasbXH0dTqM,16.0,154499,1.3666286553841205,14.735703209378704
2024-12,hasbXH0dTqM,0.0,154499,1.062246321073857,10.964020627250417
2016-01,i6gMyoP9ReK,4.0,929962,0.4923023249197498,15.829606899034388
2016-02,i6gMyoP9ReK,,929962,0.1947790221868406,19.221693255186928
2016-03,i6gMyoP9ReK,,929962,1.0818710193365852,23.951223647912983
2016-04,i6gMyoP9ReK,,929962,0.3786776435641591,28.10357062672735
2016-05,i6gMyoP9ReK,,929962,6.880624933347174,26.28968110218005
2016-06,i6gMyoP9ReK,,929962,9.973095093424622,27.031183576069083
2016-07,i6gMyoP9ReK,,929962,20.81747252451485,26.35146928261838
2016-08,i6gMyoP9ReK,,929962,6.246501401320784,27.8737870086602
2016-09,i6gMyoP9ReK,,929962,12.3435506152977,25.90143205973473
2016-10,i6gMyoP9ReK,,929962,3.339404855652828,24.654638581140503
2016-11,i6gMyoP9ReK,,929962,0.0045788579823471,20.99795870578743
2016-12,i6gMyoP9ReK,,929962,0.0737893737039904,17.64871025232751
2017-01,i6gMyoP9ReK,,929962,0.2060365926950549,16.152898858579416
2017-02,i6gMyoP9ReK,,929962,0.1138552267424048,19.23236067929089
2017-03,i6gMyoP9ReK,,929962,1.900453820350889,21.149847069427587
2017-04,i6gMyoP9ReK,,929962,2.3503808603224168,25.035848269589465
2017-05,i6gMyoP9ReK,,929962,3.235319794078828,26.906573232120515
2017-06,i6gMyoP9ReK,,929962,7.303957628948087,27.61244164795449
2017-07,i6gMyoP9ReK,,929962,11.700513460812688,26.77362655138504
2017-08,i6gMyoP9ReK,,929962,20.42236115331473,26.839149104254403
2017-09,i6gMyoP9ReK,,929962,5.3368265909536365,26.72666936545521
2017-10,i6gMyoP9ReK,,929962,2.1685160545817226,24.655611031201342
2017-11,i6gMyoP9ReK,,929962,0.0085735974398771,20.76851290305788
2017-12,i6gMyoP9ReK,,929962,0.0087771713372455,18.13779205947309
2018-01,i6gMyoP9ReK,,929962,0.0807643139953881,15.24822231998372
2018-02,i6gMyoP9ReK,,929962,0.2068609845747379,19.14768834519795
2018-03,i6gMyoP9ReK,,929962,0.6342564995956134,23.53566193508045
2018-04,i6gMyoP9ReK,,929962,3.085105141769683,25.25187675294911
2018-05,i6gMyoP9ReK,,929962,4.0807210878320745,25.97143636746371
2018-06,i6gMyoP9ReK,,929962,18.26316456034033,27.415917159170544
2018-07,i6gMyoP9ReK,,929962,11.88111265177958,27.222702267584875
2018-08,i6gMyoP9ReK,,929962,10.47565343712439,27.127428546983097
2018-09,i6gMyoP9ReK,,929962,5.853427209503107,26.55677744797004
2018-10,i6gMyoP9ReK,,929962,0.9721280294839324,23.57480317204137
2018-11,i6gMyoP9ReK,,929962,0.0558929594573072,20.85453697653517
2018-12,i6gMyoP9ReK,,929962,0.0924039607138154,16.93986875520692
2019-01,i6gMyoP9ReK,,929962,0.0753635303720305,16.040306022784435
2019-02,i6gMyoP9ReK,,929962,1.9896340227162568,18.1317901303516
2019-03,i6gMyoP9ReK,,929962,0.4437116383847254,22.31800469538359
2019-04,i6gMyoP9ReK,,929962,2.878487500026865,25.45247072776469
2019-05,i6gMyoP9ReK,,929962,2.8835116840165145,27.34578317241865
2019-06,i6gMyoP9ReK,,929962,9.104118778757584,27.932241931725223
2019-07,i6gMyoP9ReK,,929962,25.16590942976785,26.92773777106731
2019-08,i6gMyoP9ReK,,929962,9.822027499829534,27.79381246299708
2019-09,i6gMyoP9ReK,,929962,15.794220302513802,25.893860021930248
2019-10,i6gMyoP9ReK,,929962,1.0686708801492466,23.99380549149231
2019-11,i6gMyoP9ReK,,929962,0.0452016920361282,22.391181136077567
2019-12,i6gMyoP9ReK,,929962,0.3697594240488937,15.7933663562833
2020-01,i6gMyoP9ReK,,929962,0.8024791067676162,15.21714779296556
2020-02,i6gMyoP9ReK,,929962,0.9059194707383588,17.893172461176395
2020-03,i6gMyoP9ReK,,929962,0.8912475196712326,22.560721613632943
2020-04,i6gMyoP9ReK,,929962,2.84106011851464,25.03660451771792
2020-05,i6gMyoP9ReK,,929962,4.053432191715721,25.9303091181801
2020-06,i6gMyoP9ReK,,929962,11.978503915389153,26.67643068775373
2020-07,i6gMyoP9ReK,,929962,18.955808875686927,26.37129285025841
2020-08,i6gMyoP9ReK,,929962,6.248905969442483,27.431262165080685
2020-09,i6gMyoP9ReK,,929962,16.06457626100934,26.185600449640795
2020-10,i6gMyoP9ReK,,929962,1.299399456386123,25.336949110792105
2020-11,i6gMyoP9ReK,,929962,0.0335107739201225,20.251782708462382
2020-12,i6gMyoP9ReK,,929962,0.0655739658865251,16.7099349784626
2021-01,i6gMyoP9ReK,,929962,0.1643185722759891,15.947014652480096
2021-02,i6gMyoP9ReK,,929962,0.1091533502734229,18.58238905183055
2021-03,i6gMyoP9ReK,,929962,0.269211874712165,23.37798216907055
2021-04,i6gMyoP9ReK,,929962,0.8050597975815637,26.70607911171373
2021-05,i6gMyoP9ReK,,929962,9.33423650298471,25.587676550109848
2021-06,i6gMyoP9ReK,,929962,8.998038832709433,26.63582348306094
2021-07,i6gMyoP9ReK,,929962,13.629912246732651,27.09287941690951
2021-08,i6gMyoP9ReK,,929962,13.00558037671541,26.424746696477246
2021-09,i6gMyoP9ReK,,929962,4.088469157558332,26.881658911148296
2021-10,i6gMyoP9ReK,,929962,6.895151978061403,24.81928721222348
2021-11,i6gMyoP9ReK,,929962,0.0160342106497662,19.36805275105786
2021-12,i6gMyoP9ReK,,929962,0.5195799259219166,16.58591312681896
2022-01,i6gMyoP9ReK,0.0,929962,0.2311965636050693,14.993591257872191
2022-02,i6gMyoP9ReK,0.0,929962,1.2458189369740829,16.17891326927058
2022-03,i6gMyoP9ReK,0.0,929962,0.1964485098799815,24.532753999618592
2022-04,i6gMyoP9ReK,0.0,929962,2.138653093363428,26.176109003885383
2022-05,i6gMyoP9ReK,0.0,929962,5.796065557983261,26.616451861824324
2022-06,i6gMyoP9ReK,0.0,929962,13.417914036228872,26.219631277771857
2022-07,i6gMyoP9ReK,2.0,929962,6.806419861685721,27.67296222653151
2022-08,i6gMyoP9ReK,4.0,929962,7.111080900154036,27.54042986320429
2022-09,i6gMyoP9ReK,114.0,929962,4.302357976558456,26.25415429649773
2022-10,i6gMyoP9ReK,252.0,929962,1.3872981052998985,24.084988739106542
2022-11,i6gMyoP9ReK,18.0,929962,0.0300975440760135,20.61985151828236
2022-12,i6gMyoP9ReK,26.0,929962,0.0065428560446968,17.601090385832215
2023-01,i6gMyoP9ReK,6.0,929962,0.0173519117842033,15.496897340729094
2023-02,i6gMyoP9ReK,2.0,929962,0.0495327870300173,19.477287812876195
2023-03,i6gMyoP9ReK,3.0,929962,1.071818856247326,22.37006566914389
2023-04,i6gMyoP9ReK,1.0,929962,0.3957971067114665,26.444072591880023
2023-05,i6gMyoP9ReK,1.0,929962,1.0323872065199864,27.830449448606583
2023-06,i6gMyoP9ReK,667.0,929962,4.17357217006998,28.87453221482409
2023-07,i6gMyoP9ReK,3731.0,929962,5.515920576754323,27.75594311756964
2023-08,i6gMyoP9ReK,7248.0,929962,5.655848199779348,27.4367044629171
2023-09,i6gMyoP9ReK,4407.0,929962,5.810810513731192,27.59078192381725
2023-10,i6gMyoP9ReK,94.0,929962,1.7418610587930112,24.44862704211395
2023-11,i6gMyoP9ReK,9.0,929962,0.030864798001788,21.632972959141824
2023-12,i6gMyoP9ReK,5.0,929962,0.1009185882760163,17.92129371291139
2024-01,i6gMyoP9ReK,5.0,929962,0.0349277035601711,15.493065933505388
2024-02,i6gMyoP9ReK,3.0,929962,0.1146695036546199,17.648636471825036
2024-03,i6gMyoP9ReK,2.0,929962,2.175277442072127,22.33847312098686
2024-04,i6gMyoP9ReK,4.0,929962,0.0425026569578341,27.969539595180247
2024-05,i6gMyoP9ReK,3.0,929962,2.5447449302125844,28.742847408971784
2024-06,i6gMyoP9ReK,4.0,929962,9.334397176205028,27.607234474478982
2024-07,i6gMyoP9ReK,11.0,929962,16.93011312033132,27.72370214905656
2024-08,i6gMyoP9ReK,36.0,929962,11.143487992543852,27.47693063516237
2024-09,i6gMyoP9ReK,112.0,929962,12.3188339142375,27.690174471190087
2024-10,i6gMyoP9ReK,72.0,929962,1.737100032234679,24.99184631644525
2024-11,i6gMyoP9ReK,48.0,929962,0.1168769788859951,21.51933079260468
2024-12,i6gMyoP9ReK,1.0,929962,0.0372491558604113,17.11327363113821
2016-01,iqLM1XBMxyu,1.0,579956,4.637951343957978,0.9476206442201672
2016-02,iqLM1XBMxyu,,579956,3.81763980291837,3.3569265767168326
2016-03,iqLM1XBMxyu,,579956,3.7040303890476536,5.993482800877952
2016-04,iqLM1XBMxyu,,579956,3.46091646662659,9.763855004622611
2016-05,iqLM1XBMxyu,,579956,11.476395683519208,11.409898669268753
2016-06,iqLM1XBMxyu,,579956,25.46310556427872,14.486517399561045
2016-07,iqLM1XBMxyu,,579956,35.96678123935215,14.997525799678996
2016-08,iqLM1XBMxyu,,579956,12.812252213497334,15.404804003199985
2016-09,iqLM1XBMxyu,,579956,23.57965006296707,13.702778366994522
2016-10,iqLM1XBMxyu,,579956,7.395852874138313,10.699486521865332
2016-11,iqLM1XBMxyu,,579956,0.5882490740537188,7.387678356109294
2016-12,iqLM1XBMxyu,,579956,1.8074513114816009,6.457393160518265
2017-01,iqLM1XBMxyu,,579956,2.3952552197546253,-0.2655838503057959
2017-02,iqLM1XBMxyu,,579956,2.238495418983671,3.4399846888653016
2017-03,iqLM1XBMxyu,,579956,9.534694376606904,4.159984333409406
2017-04,iqLM1XBMxyu,,579956,5.654919844797935,9.025395342142703
2017-05,iqLM1XBMxyu,,579956,7.496933215781793,11.386204298562667
2017-06,iqLM1XBMxyu,,579956,16.48309772126736,14.446046962616556
2017-07,iqLM1XBMxyu,,579956,25.157464955159643,15.270258020891712
2017-08,iqLM1XBMxyu,,579956,29.553047411297044,15.06068035930616
2017-09,iqLM1XBMxyu,,579956,11.169088196029216,14.174910689159828
2017-10,iqLM1XBMxyu,,579956,3.428681663048018,10.84656067773216
2017-11,iqLM1XBMxyu,,579956,1.8435825021474688,6.346112472943234
2017-12,iqLM1XBMxyu,,579956,1.06852899488225,4.847836381379842
2018-01,iqLM1XBMxyu,,579956,2.063602743907598,2.584910374058414
2018-02,iqLM1XBMxyu,,579956,3.9260586108378015,3.2610281303829733
2018-03,iqLM1XBMxyu,,579956,3.0879312078925034,5.200515589198388
2018-04,iqLM1XBMxyu,,579956,6.771833249016679,8.58691356128107
2018-05,iqLM1XBMxyu,,579956,13.080529688278794,10.921663219959576
2018-06,iqLM1XBMxyu,,579956,20.22925460994852,14.588833381745774
2018-07,iqLM1XBMxyu,,579956,27.10096607204426,15.457575266442882
2018-08,iqLM1XBMxyu,,579956,29.689320535656343,15.19261765804493
2018-09,iqLM1XBMxyu,,579956,16.980306209666615,13.599457193004074
2018-10,iqLM1XBMxyu,,579956,2.480511526421456,8.10280740501833
2018-11,iqLM1XBMxyu,,579956,2.9659982108146696,6.510847603757091
2018-12,iqLM1XBMxyu,,579956,3.0000242445724026,1.885342256101348
2019-01,iqLM1XBMxyu,,579956,4.799468636945727,-0.678512523432757
2019-02,iqLM1XBMxyu,,579956,7.126529531940573,1.12649092597843
2019-03,iqLM1XBMxyu,,579956,3.5081639317801847,3.633228447852353
2019-04,iqLM1XBMxyu,,579956,5.532223081251495,8.155388447845587
2019-05,iqLM1XBMxyu,,579956,4.487919882862516,11.08410567412842
2019-06,iqLM1XBMxyu,,579956,15.16990548328208,14.407225603333217
2019-07,iqLM1XBMxyu,,579956,32.02037422651951,15.28093422532049
2019-08,iqLM1XBMxyu,,579956,16.5548630885508,15.6273546957908
2019-09,iqLM1XBMxyu,,579956,25.320210839339456,13.626091533537698
2019-10,iqLM1XBMxyu,,579956,4.842025057228892,10.043345721903494
2019-11,iqLM1XBMxyu,,579956,2.1502457473229235,7.442361460203772
2019-12,iqLM1XBMxyu,,579956,3.2310493712568804,1.2675696602457376
2020-01,iqLM1XBMxyu,,579956,7.012351250413152,-1.073088303585443
2020-02,iqLM1XBMxyu,,579956,4.32902412504538,1.2977073988504206
2020-03,iqLM1XBMxyu,,579956,3.341114533860837,3.748226748237754
2020-04,iqLM1XBMxyu,,579956,5.41595679526883,7.222458316751466
2020-05,iqLM1XBMxyu,,579956,8.259482314176223,10.11544233882444
2020-06,iqLM1XBMxyu,,579956,25.33521705659778,13.675347631197004
2020-07,iqLM1XBMxyu,,579956,38.34845983950338,14.965458239194602
2020-08,iqLM1XBMxyu,,579956,25.98236818625213,15.496608914880657
2020-09,iqLM1XBMxyu,,579956,26.403923696630777,14.298498610700973
2020-10,iqLM1XBMxyu,,579956,1.4524186869093807,11.501568238171298
2020-11,iqLM1XBMxyu,,579956,1.0823147472271966,5.602172930723992
2020-12,iqLM1XBMxyu,,579956,1.7976232989651817,3.4459339139894207
2021-01,iqLM1XBMxyu,,579956,2.2726205207487906,3.455246995686189
2021-02,iqLM1XBMxyu,,579956,3.689837436464897,2.887021511950485
2021-03,iqLM1XBMxyu,,579956,3.358377461411289,5.692488294357562
2021-04,iqLM1XBMxyu,,579956,2.849987928313849,7.426397043518135
2021-05,iqLM1XBMxyu,,579956,12.956163822780356,10.521186793508694
2021-06,iqLM1XBMxyu,,579956,22.848388822726275,14.082490306176448
2021-07,iqLM1XBMxyu,,579956,36.7461893414751,15.02288402473875
2021-08,iqLM1XBMxyu,,579956,34.57441592388648,14.778026542531103
2021-09,iqLM1XBMxyu,,579956,17.799356371159416,14.023504690468114
2021-10,iqLM1XBMxyu,,579956,8.090114297523835,11.26762115241512
2021-11,iqLM1XBMxyu,,579956,3.587696511270209,6.890991435906708
2021-12,iqLM1XBMxyu,,579956,3.8815329903245095,1.804108705652917
2022-01,iqLM1XBMxyu,0.0,579956,3.87494038522852,-0.9892786051905162
2022-02,iqLM1XBMxyu,0.0,579956,5.856875664549491,-0.524133372020763
2022-03,iqLM1XBMxyu,0.0,579956,2.608964276682088,6.95653143445516
2022-04,iqLM1XBMxyu,1.0,579956,6.498305082326629,10.3036059866107
2022-05,iqLM1XBMxyu,0.0,579956,9.731238095663896,11.755519512120996
2022-06,iqLM1XBMxyu,0.0,579956,21.68515673604625,14.436913705399228
2022-07,iqLM1XBMxyu,3.0,579956,21.96346134187057,15.496671318865133
2022-08,iqLM1XBMxyu,6.0,579956,19.320255025132752,15.330663500008638
2022-09,iqLM1XBMxyu,84.0,579956,9.73750457364537,13.837719392285862
2022-10,iqLM1XBMxyu,130.0,579956,4.276583043142337,9.712873452682372
2022-11,iqLM1XBMxyu,37.0,579956,0.740293298238804,6.819733516677625
2022-12,iqLM1XBMxyu,9.0,579956,0.7637465499140438,4.8119652565534405
2023-01,iqLM1XBMxyu,2.0,579956,0.6026421099333127,2.280894563852404
2023-02,iqLM1XBMxyu,1.0,579956,2.2516163602914863,4.5019530258078175
2023-03,iqLM1XBMxyu,0.0,579956,1.9650045012858963,4.530281276376641
2023-04,iqLM1XBMxyu,27.0,579956,1.8087503850510087,7.337508631235182
2023-05,iqLM1XBMxyu,35.0,579956,2.998330191807446,9.950428742204084
2023-06,iqLM1XBMxyu,42.0,579956,8.376315058585277,14.263455078454204
2023-07,iqLM1XBMxyu,101.0,579956,14.07449144230866,15.552406788976093
2023-08,iqLM1XBMxyu,57.0,579956,13.095386813660228,15.385330985781138
2023-09,iqLM1XBMxyu,331.0,579956,4.380891425879219,14.773115998562282
2023-10,iqLM1XBMxyu,1946.0,579956,2.990797118409592,9.662860849951208
2023-11,iqLM1XBMxyu,473.0,579956,0.6288425319701664,6.068274588154271
2023-12,iqLM1XBMxyu,54.0,579956,0.9993147993824456,2.9303561796131143
2024-01,iqLM1XBMxyu,30.0,579956,2.105618066466415,0.5048778596960576
2024-02,iqLM1XBMxyu,3.0,579956,1.4468755346998878,1.2685453127192354
2024-03,iqLM1XBMxyu,2.0,579956,5.574733144196656,4.94904232381533
2024-04,iqLM1XBMxyu,8.0,579956,1.6551989411294945,9.533132319596254
2024-05,iqLM1XBMxyu,16.0,579956,6.502131431330344,12.68387061559972
2024-06,iqLM1XBMxyu,22.0,579956,21.51562600821904,15.150536123449758
2024-07,iqLM1XBMxyu,206.0,579956,34.69541705658613,16.146787963052844
2024-08,iqLM1XBMxyu,1523.0,579956,23.09901077530717,15.506760634641587
2024-09,iqLM1XBMxyu,3578.0,579956,20.010632757640337,14.770344142432135
2024-10,iqLM1XBMxyu,1877.0,579956,6.14741377273425,11.163715161338796
2024-11,iqLM1XBMxyu,391.0,579956,3.879680814828725,7.227528382015345
2024-12,iqLM1XBMxyu,11.0,579956,1.39232619329004,3.379697916650183
2016-01,j0gE31YxwHQ,687.0,722741,0.3339928969420692,14.974505138289029
2016-02,j0gE31YxwHQ,,722741,0.2831422799059299,19.12304085981286
2016-03,j0gE31YxwHQ,,722741,0.9596043152376552,23.716371241712565
2016-04,j0gE31YxwHQ,,722741,0.2237062444074311,28.654108726913325
2016-05,j0gE31YxwHQ,,722741,7.778315491582626,26.650423207773382
2016-06,j0gE31YxwHQ,,722741,11.605384876188282,27.073481598530897
2016-07,j0gE31YxwHQ,,722741,24.624522382756385,26.089627918534795
2016-08,j0gE31YxwHQ,,722741,7.831600247661283,27.345675800307244
2016-09,j0gE31YxwHQ,,722741,13.725687234417434,25.36049038992564
2016-10,j0gE31YxwHQ,,722741,2.069395718168564,24.074594598337686
2016-11,j0gE31YxwHQ,,722741,0.0388144524152295,20.05516044692545
2016-12,j0gE31YxwHQ,,722741,0.1637391623370109,16.719265604289717
2017-01,j0gE31YxwHQ,,722741,0.3338116250780281,15.314094529779442
2017-02,j0gE31YxwHQ,,722741,0.102206260670516,18.920740754668994
2017-03,j0gE31YxwHQ,,722741,2.036700511211784,20.87522613035613
2017-04,j0gE31YxwHQ,,722741,2.4758942170666813,25.455120562715287
2017-05,j0gE31YxwHQ,,722741,7.959916967495708,26.617951042897207
2017-06,j0gE31YxwHQ,,722741,9.846246755548783,27.331875614164947
2017-07,j0gE31YxwHQ,,722741,14.569120083378582,26.417672350622123
2017-08,j0gE31YxwHQ,,722741,29.29528859300688,26.17772135791004
2017-09,j0gE31YxwHQ,,722741,5.694085458097294,26.315464148176165
2017-10,j0gE31YxwHQ,,722741,0.9769414862819272,24.574415387805544
2017-11,j0gE31YxwHQ,,722741,0.0386367106341951,20.546457397577463
2017-12,j0gE31YxwHQ,,722741,0.0178815616803046,17.453853163458685
2018-01,j0gE31YxwHQ,,722741,0.2636006827825464,13.939596610785667
2018-02,j0gE31YxwHQ,,722741,0.2542201489733962,18.57583664667084
2018-03,j0gE31YxwHQ,,722741,0.3619969503520209,23.326504883569523
2018-04,j0gE31YxwHQ,,722741,3.0873008061526908,25.7990531604684
2018-05,j0gE31YxwHQ,,722741,5.835359368176442,26.31730162190892
2018-06,j0gE31YxwHQ,,722741,10.243783975855097,27.853165115069142
2018-07,j0gE31YxwHQ,,722741,20.30878455453397,26.81463160197661
2018-08,j0gE31YxwHQ,,722741,13.196606293511753,26.63507837456056
2018-09,j0gE31YxwHQ,,722741,5.975331115528621,26.030414922270506
2018-10,j0gE31YxwHQ,,722741,0.4133422013952975,22.808947011124825
2018-11,j0gE31YxwHQ,,722741,0.0606602100108174,19.99093128903849
2018-12,j0gE31YxwHQ,,722741,0.0625370118530821,15.849241376295693
2019-01,j0gE31YxwHQ,,722741,0.6828849842489562,15.089490079144245
2019-02,j0gE31YxwHQ,,722741,1.988225114008839,16.931171818130604
2019-03,j0gE31YxwHQ,,722741,0.5044213108769482,21.302349746710583
2019-04,j0gE31YxwHQ,,722741,2.927142786921507,25.048757864734668
2019-05,j0gE31YxwHQ,,722741,1.1815080386956935,28.981889296930945
2019-06,j0gE31YxwHQ,,722741,5.4367967636198165,29.04909044404132
2019-07,j0gE31YxwHQ,,722741,22.361149569805185,26.81713481659316
2019-08,j0gE31YxwHQ,,722741,9.455887447211008,27.42805462668419
2019-09,j0gE31YxwHQ,,722741,17.758218639368412,25.43720967495756
2019-10,j0gE31YxwHQ,,722741,1.1555838564522518,23.348200726203583
2019-11,j0gE31YxwHQ,,722741,0.2989312222524564,20.944975158348445
2019-12,j0gE31YxwHQ,,722741,0.6742115086253726,14.614756661319358
2020-01,j0gE31YxwHQ,,722741,2.5549849771965434,13.538380547831338
2020-02,j0gE31YxwHQ,,722741,1.3860999342603963,16.25772592600495
2020-03,j0gE31YxwHQ,,722741,1.220563211989376,20.95507196686831
2020-04,j0gE31YxwHQ,,722741,3.9603673833655777,24.25116853239074
2020-05,j0gE31YxwHQ,,722741,3.334689957456961,26.18365695446897
2020-06,j0gE31YxwHQ,,722741,15.86872810002299,26.162965600965403
2020-07,j0gE31YxwHQ,,722741,23.82744419779333,25.890218721730243
2020-08,j0gE31YxwHQ,,722741,9.180636785317754,27.063361327993903
2020-09,j0gE31YxwHQ,,722741,16.4890172447007,25.86727715916267
2020-10,j0gE31YxwHQ,,722741,0.5100616204566673,25.003814242133807
2020-11,j0gE31YxwHQ,,722741,0.062596747513414,19.79826706109844
2020-12,j0gE31YxwHQ,,722741,0.0283338185860417,15.8008555465584
2021-01,j0gE31YxwHQ,,722741,0.1236785109187432,15.156711764881376
2021-02,j0gE31YxwHQ,,722741,0.2260676503515231,17.953192666557257
2021-03,j0gE31YxwHQ,,722741,0.207076809092238,23.28003426005704
2021-04,j0gE31YxwHQ,,722741,0.3916944204805717,26.692344082673475
2021-05,j0gE31YxwHQ,,722741,13.961320969647003,24.942500389101344
2021-06,j0gE31YxwHQ,,722741,15.947929172224129,26.2177363016254
2021-07,j0gE31YxwHQ,,722741,18.51642290102764,26.46931112809997
2021-08,j0gE31YxwHQ,,722741,19.83261849483039,25.759967948685865
2021-09,j0gE31YxwHQ,,722741,9.102866800431404,26.045912557129697
2021-10,j0gE31YxwHQ,,722741,9.678440036111862,24.23546406189717
2021-11,j0gE31YxwHQ,,722741,0.0880295194772758,18.98394642431724
2021-12,j0gE31YxwHQ,,722741,1.2497245030744892,15.561902593202452
2022-01,j0gE31YxwHQ,,722741,0.9644073162149724,13.590825825349516
2022-02,j0gE31YxwHQ,,722741,1.7403670388804613,15.114568017303254
2022-03,j0gE31YxwHQ,,722741,0.1263841615216709,23.892254123581207
2022-04,j0gE31YxwHQ,,722741,1.1976599524533509,27.096615765389704
2022-05,j0gE31YxwHQ,,722741,5.421071509395781,26.5959152472298
2022-06,j0gE31YxwHQ,,722741,11.88557457063946,27.18682577977308
2022-07,j0gE31YxwHQ,,722741,7.991261771464016,27.42981040133144
2022-08,j0gE31YxwHQ,,722741,9.319685595033729,27.22493222306495
2022-09,j0gE31YxwHQ,,722741,4.746032073707043,25.614842064331057
2022-10,j0gE31YxwHQ,,722741,2.204292925700208,23.23550208260265
2022-11,j0gE31YxwHQ,,722741,0.0725230223969116,19.78681147994365
2022-12,j0gE31YxwHQ,,722741,0.0335946183663772,16.518116111541822
2023-01,j0gE31YxwHQ,,722741,0.0363148322682012,14.533510223267683
2023-02,j0gE31YxwHQ,,722741,0.0879442675348912,18.50235796821276
2023-03,j0gE31YxwHQ,,722741,0.8229553013841879,22.163512735915607
2023-04,j0gE31YxwHQ,,722741,0.3965244902642874,26.313908584618
2023-05,j0gE31YxwHQ,,722741,1.1373208480674202,27.47580627506836
2023-06,j0gE31YxwHQ,,722741,2.797414867815158,29.952386480388203
2023-07,j0gE31YxwHQ,,722741,5.39122876888568,27.492859932065667
2023-08,j0gE31YxwHQ,,722741,6.85016657816783,26.829896689797163
2023-09,j0gE31YxwHQ,,722741,3.127587318767808,27.331671046892563
2023-10,j0gE31YxwHQ,,722741,1.3920343621433309,24.033011667885702
2023-11,j0gE31YxwHQ,,722741,0.1648473741629084,21.199016845262747
2023-12,j0gE31YxwHQ,,722741,0.0232980501363423,17.3410658398346
2024-01,j0gE31YxwHQ,,722741,0.0714351812675475,14.557806723233105
2024-02,j0gE31YxwHQ,,722741,0.1161007532748039,17.193402182728388
2024-03,j0gE31YxwHQ,,722741,0.6020904632215065,22.180706958853342
2024-04,j0gE31YxwHQ,,722741,0.0206274841637922,28.89604973463944
2024-05,j0gE31YxwHQ,,722741,3.2805351135562035,28.903914107496067
2024-06,j0gE31YxwHQ,,722741,9.918049550917797,28.964488618973927
2024-07,j0gE31YxwHQ,,722741,18.14740528942337,27.42258841673645
2024-08,j0gE31YxwHQ,,722741,12.098457569570574,26.99570269322675
2024-09,j0gE31YxwHQ,,722741,23.1763456967124,26.875236293248907
2024-10,j0gE31YxwHQ,,722741,1.525735910556605,24.52186449812869
2024-11,j0gE31YxwHQ,,722741,0.5288217323097223,20.299250004748504
2024-12,j0gE31YxwHQ,,722741,0.0927867730322749,15.61859416488094
2016-01,j4HVtKmVtwQ,4.0,770932,0.1544060174530527,16.05261774708336
2016-02,j4HVtKmVtwQ,,770932,0.1491546709175271,20.46928056064406
2016-03,j4HVtKmVtwQ,,770932,1.3139625350337154,25.253578092946565
2016-04,j4HVtKmVtwQ,,770932,0.0905436286113756,30.70808169337421
2016-05,j4HVtKmVtwQ,,770932,6.468619340666267,28.03715361751452
2016-06,j4HVtKmVtwQ,,770932,5.413169213553566,28.5859686691594
2016-07,j4HVtKmVtwQ,,770932,11.79339830792541,27.089669505375323
2016-08,j4HVtKmVtwQ,,770932,7.653918111155127,28.37816808286836
2016-09,j4HVtKmVtwQ,,770932,12.098059040299066,26.350603264573888
2016-10,j4HVtKmVtwQ,,770932,1.555688874777637,25.121594873421856
2016-11,j4HVtKmVtwQ,,770932,0.0142840372557559,21.228906445637328
2016-12,j4HVtKmVtwQ,,770932,0.0856530189219862,17.76062418652215
2017-01,j4HVtKmVtwQ,,770932,0.1089292485514164,16.232191162964384
2017-02,j4HVtKmVtwQ,,770932,0.0450665831259914,19.627866259927167
2017-03,j4HVtKmVtwQ,,770932,1.1766677113083208,22.21187398192608
2017-04,j4HVtKmVtwQ,,770932,1.7056842427801442,27.590581464468062
2017-05,j4HVtKmVtwQ,,770932,7.150435641367737,29.02490916473425
2017-06,j4HVtKmVtwQ,,770932,4.760026205430653,28.844802454508887
2017-07,j4HVtKmVtwQ,,770932,12.038988694305976,27.348580181813947
2017-08,j4HVtKmVtwQ,,770932,17.925234931511586,27.30402322083493
2017-09,j4HVtKmVtwQ,,770932,4.9487408178488455,27.410985283425912
2017-10,j4HVtKmVtwQ,,770932,0.5756729960601878,25.48464186336572
2017-11,j4HVtKmVtwQ,,770932,0.0086957213767899,21.066888521952272
2017-12,j4HVtKmVtwQ,,770932,0.0067612553430202,18.21388982799613
2018-01,j4HVtKmVtwQ,,770932,0.0937520697396248,14.889736234557096
2018-02,j4HVtKmVtwQ,,770932,0.0952614794779273,19.185451912153848
2018-03,j4HVtKmVtwQ,,770932,0.1397287937314701,24.757304275270887
2018-04,j4HVtKmVtwQ,,770932,1.821807095891796,28.002539900089207
2018-05,j4HVtKmVtwQ,,770932,3.463563699936046,28.55683323819919
2018-06,j4HVtKmVtwQ,,770932,5.718910696168308,29.496442444768384
2018-07,j4HVtKmVtwQ,,770932,13.941430718745297,28.021399337439668
2018-08,j4HVtKmVtwQ,,770932,10.04857923325452,27.65570993272732
2018-09,j4HVtKmVtwQ,,770932,4.46873984031737,27.2065114245954
2018-10,j4HVtKmVtwQ,,770932,0.3328667501377954,24.18091198711324
2018-11,j4HVtKmVtwQ,,770932,0.0153722893780205,21.39000071857051
2018-12,j4HVtKmVtwQ,,770932,0.0149061258388069,16.771634891410187
2019-01,j4HVtKmVtwQ,,770932,0.3258305282555843,15.942228558555952
2019-02,j4HVtKmVtwQ,,770932,2.011399186619796,18.042622988715703
2019-03,j4HVtKmVtwQ,,770932,0.2204503427731705,22.678328722996028
2019-04,j4HVtKmVtwQ,,770932,2.1770521400844447,27.193504124415345
2019-05,j4HVtKmVtwQ,,770932,0.6082423606698105,30.92027299102671
2019-06,j4HVtKmVtwQ,,770932,3.062201561392312,31.424492473635883
2019-07,j4HVtKmVtwQ,,770932,21.961276673785896,27.9779324659446
2019-08,j4HVtKmVtwQ,,770932,6.479743593246598,28.46030643364301
2019-09,j4HVtKmVtwQ,,770932,13.43048025341281,26.37769627009221
2019-10,j4HVtKmVtwQ,,770932,0.6893654626710239,24.43155644559545
2019-11,j4HVtKmVtwQ,,770932,0.0703033021111907,22.118044784806223
2019-12,j4HVtKmVtwQ,,770932,0.8759923193133731,15.314685703841446
2020-01,j4HVtKmVtwQ,,770932,1.819356135475536,14.821478502290578
2020-02,j4HVtKmVtwQ,,770932,1.3588573082168809,17.408023147530397
2020-03,j4HVtKmVtwQ,,770932,0.7250423272003657,22.61957762369748
2020-04,j4HVtKmVtwQ,,770932,2.402229321045024,26.6929055164188
2020-05,j4HVtKmVtwQ,,770932,2.030871487967217,28.13530690498971
2020-06,j4HVtKmVtwQ,,770932,10.814859044208026,27.519572287770075
2020-07,j4HVtKmVtwQ,,770932,22.183316654395544,27.11138189127163
2020-08,j4HVtKmVtwQ,,770932,7.164200050189035,28.22551904119617
2020-09,j4HVtKmVtwQ,,770932,10.617515472693691,27.04164141202038
2020-10,j4HVtKmVtwQ,,770932,0.3442557485432531,25.81445691819159
2020-11,j4HVtKmVtwQ,,770932,0.0044276221896094,20.47840518439053
2020-12,j4HVtKmVtwQ,,770932,0.0285611209679197,16.67241158505691
2021-01,j4HVtKmVtwQ,,770932,0.0632217984184692,15.7671079516587
2021-02,j4HVtKmVtwQ,,770932,0.0769387715021702,19.02848351567728
2021-03,j4HVtKmVtwQ,,770932,0.054112215791603,24.63764910135816
2021-04,j4HVtKmVtwQ,,770932,0.1973121314172695,28.37277786734736
2021-05,j4HVtKmVtwQ,,770932,12.618384828306684,26.45384171967793
2021-06,j4HVtKmVtwQ,,770932,12.234519392642277,27.46124207622829
2021-07,j4HVtKmVtwQ,,770932,11.534786970079365,27.672579533499384
2021-08,j4HVtKmVtwQ,,770932,14.415261964005856,26.883916756145467
2021-09,j4HVtKmVtwQ,,770932,6.21339804467573,27.313163074187948
2021-10,j4HVtKmVtwQ,,770932,6.875789399190786,25.06282481965477
2021-11,j4HVtKmVtwQ,,770932,0.0203710557524906,19.59654894828814
2021-12,j4HVtKmVtwQ,,770932,0.8577142991153515,16.60205870474773
2022-01,j4HVtKmVtwQ,1.0,770932,0.6035321388009425,14.751850292864557
2022-02,j4HVtKmVtwQ,0.0,770932,1.6677442945673202,16.22063554394749
2022-03,j4HVtKmVtwQ,0.0,770932,0.0501611642876617,25.356882597236662
2022-04,j4HVtKmVtwQ,0.0,770932,0.5391850525914127,29.385162948865243
2022-05,j4HVtKmVtwQ,2.0,770932,2.2854811858995494,29.281388494976923
2022-06,j4HVtKmVtwQ,0.0,770932,9.544453932091772,29.002794491030908
2022-07,j4HVtKmVtwQ,0.0,770932,7.989462280016687,28.70957997663497
2022-08,j4HVtKmVtwQ,9.0,770932,8.119695879047608,28.18474494827008
2022-09,j4HVtKmVtwQ,87.0,770932,4.809500300330918,26.75604704497416
2022-10,j4HVtKmVtwQ,186.0,770932,1.2594589379574566,24.160822839814912
2022-11,j4HVtKmVtwQ,45.0,770932,0.0274979283652669,20.607103897839213
2022-12,j4HVtKmVtwQ,5.0,770932,0.0123960037936019,17.353389563596146
2023-01,j4HVtKmVtwQ,1.0,770932,0.0208977162411846,15.303445126231738
2023-02,j4HVtKmVtwQ,1.0,770932,0.0384227539707486,19.31049540578234
2023-03,j4HVtKmVtwQ,0.0,770932,0.6972802117913504,23.28486935051214
2023-04,j4HVtKmVtwQ,1.0,770932,0.2286797109896985,27.87341034649012
2023-05,j4HVtKmVtwQ,0.0,770932,0.7351960530700717,29.5777510041544
2023-06,j4HVtKmVtwQ,0.0,770932,1.591971695102252,31.942800909567502
2023-07,j4HVtKmVtwQ,4.0,770932,4.406572193860192,28.714691149040164
2023-08,j4HVtKmVtwQ,23.0,770932,5.333787437453728,28.064222348646336
2023-09,j4HVtKmVtwQ,17.0,770932,2.457428194416817,28.234635706760912
2023-10,j4HVtKmVtwQ,10.0,770932,1.3253781633874104,24.862437929897258
2023-11,j4HVtKmVtwQ,6.0,770932,0.09595328022034,21.80793442498189
2023-12,j4HVtKmVtwQ,1.0,770932,0.0388130328298707,17.942927329295262
2024-01,j4HVtKmVtwQ,2.0,770932,0.0266883060062423,15.199734328440927
2024-02,j4HVtKmVtwQ,2.0,770932,0.1027106527050887,17.68468893631038
2024-03,j4HVtKmVtwQ,1.0,770932,0.8671404963194687,22.973689787982405
2024-04,j4HVtKmVtwQ,1.0,770932,0.0069695964643213,29.976980639630213
2024-05,j4HVtKmVtwQ,2.0,770932,1.8347496357147488,30.41956316820442
2024-06,j4HVtKmVtwQ,3.0,770932,4.514947430363409,30.69349931429349
2024-07,j4HVtKmVtwQ,3.0,770932,11.682645171045932,28.60339491878118
2024-08,j4HVtKmVtwQ,9.0,770932,8.258862417957548,28.001889518244845
2024-09,j4HVtKmVtwQ,33.0,770932,16.81459328808676,28.045590110852537
2024-10,j4HVtKmVtwQ,51.0,770932,0.7523191629916165,25.699510240518624
2024-11,j4HVtKmVtwQ,30.0,770932,0.1178682669366592,21.63628113339788
2024-12,j4HVtKmVtwQ,0.0,770932,0.0467822914732778,16.67023104781913
2016-01,jJmNryYp6Mc,,64158,1.871130102882606,-10.767349878827446
2016-02,jJmNryYp6Mc,,64158,1.3761969346282523,-8.267555426357893
2016-03,jJmNryYp6Mc,,64158,1.9785455689949296,-5.4642566190376325
2016-04,jJmNryYp6Mc,,64158,1.2875978067105829,-0.9257758261801624
2016-05,jJmNryYp6Mc,,64158,2.273685007106121,3.124625164795352
2016-06,jJmNryYp6Mc,,64158,4.052417033540107,8.25703729705899
2016-07,jJmNryYp6Mc,,64158,10.593064727790251,9.190429806305582
2016-08,jJmNryYp6Mc,,64158,7.513646855753955,8.581916436966386
2016-09,jJmNryYp6Mc,,64158,2.457312361277668,7.08111109913546
2016-10,jJmNryYp6Mc,,64158,0.9175638415924676,2.7475670063120803
2016-11,jJmNryYp6Mc,,64158,0.0592463192591173,-0.543790074671711
2016-12,jJmNryYp6Mc,,64158,0.4852357559307255,-1.6905626740699289
2017-01,jJmNryYp6Mc,,64158,2.01794776917725,-12.242493071206304
2017-02,jJmNryYp6Mc,,64158,1.1130095923847625,-8.047343568508394
2017-03,jJmNryYp6Mc,,64158,2.4528534442545453,-6.973973952950818
2017-04,jJmNryYp6Mc,,64158,2.166139919316988,-1.3189004989988489
2017-05,jJmNryYp6Mc,,64158,2.967104830730565,2.449312823996362
2017-06,jJmNryYp6Mc,,64158,4.682460792807926,7.15546264531349
2017-07,jJmNryYp6Mc,,64158,11.505362139067252,9.068620028225205
2017-08,jJmNryYp6Mc,,64158,7.448411416689968,9.11131858441412
2017-09,jJmNryYp6Mc,,64158,3.388346431579888,6.852728261259628
2017-10,jJmNryYp6Mc,,64158,0.6207253941190444,2.7929101116333044
2017-11,jJmNryYp6Mc,,64158,0.7341667619462853,-3.5151376336673588
2017-12,jJmNryYp6Mc,,64158,1.1583070503796629,-7.872438885105761
2018-01,jJmNryYp6Mc,,64158,0.7408882911846326,-7.916291273049228
2018-02,jJmNryYp6Mc,,64158,1.8220670267059844,-8.944273999299408
2018-03,jJmNryYp6Mc,,64158,1.629778134601939,-6.169978727682375
2018-04,jJmNryYp6Mc,,64158,1.6784121993398282,-0.8194800869738128
2018-05,jJmNryYp6Mc,,64158,1.5708516370397971,2.9966149366888217
2018-06,jJmNryYp6Mc,,64158,3.751724033282714,8.096927754483605
2018-07,jJmNryYp6Mc,,64158,11.058023440250496,9.54828643098168
2018-08,jJmNryYp6Mc,,64158,11.69739560607379,9.138456719324616
2018-09,jJmNryYp6Mc,,64158,3.304020668520719,6.221853882831025
2018-10,jJmNryYp6Mc,,64158,0.3977294073847007,-0.377885070233057
2018-11,jJmNryYp6Mc,,64158,0.6570290297708379,-2.7319606307629165
2018-12,jJmNryYp6Mc,,64158,0.8278074054422152,-9.189276933292827
2019-01,jJmNryYp6Mc,,64158,4.29603228935098,-12.748840557824463
2019-02,jJmNryYp6Mc,,64158,6.574337328580615,-11.123387928991267
2019-03,jJmNryYp6Mc,,64158,1.5998647849655527,-8.33378261742689
2019-04,jJmNryYp6Mc,,64158,1.0545192282613738,-1.2278137016818518
2019-05,jJmNryYp6Mc,,64158,1.3929107564833063,1.6425524434614591
2019-06,jJmNryYp6Mc,,64158,2.7919171018640374,6.437004444169447
2019-07,jJmNryYp6Mc,,64158,8.873469077466705,8.95796387673537
2019-08,jJmNryYp6Mc,,64158,8.90817992842022,8.973952568418659
2019-09,jJmNryYp6Mc,,64158,5.789604575741617,7.355146215568504
2019-10,jJmNryYp6Mc,,64158,1.113688579265033,1.198320535202638
2019-11,jJmNryYp6Mc,,64158,1.652714378363616,-3.4525018307487967
2019-12,jJmNryYp6Mc,,64158,2.1941863300245283,-12.396458195125438
2020-01,jJmNryYp6Mc,,64158,4.620416077878828,-12.95511963005548
2020-02,jJmNryYp6Mc,,64158,0.5203678501245539,-10.79199620464172
2020-03,jJmNryYp6Mc,,64158,2.2423526330257086,-7.777114396619686
2020-04,jJmNryYp6Mc,,64158,2.0929571774389983,-3.1063051806745072
2020-05,jJmNryYp6Mc,,64158,2.4769436959317432,1.7580571460786152
2020-06,jJmNryYp6Mc,,64158,5.779596033257288,6.5701082678560505
2020-07,jJmNryYp6Mc,,64158,8.622896252039714,9.257989422941158
2020-08,jJmNryYp6Mc,,64158,7.903628034186639,9.690145325362153
2020-09,jJmNryYp6Mc,,64158,3.5560515747845374,7.532454264059163
2020-10,jJmNryYp6Mc,,64158,0.307081493657785,3.4860121858992974
2020-11,jJmNryYp6Mc,,64158,1.4466941236679027,-5.632305365332032
2020-12,jJmNryYp6Mc,,64158,0.2363568948101035,-8.456622894838016
2021-01,jJmNryYp6Mc,,64158,1.2650039006746954,-7.92365225595637
2021-02,jJmNryYp6Mc,,64158,0.8800802621913049,-7.997734681862904
2021-03,jJmNryYp6Mc,,64158,1.47630473277054,-5.116686460368061
2021-04,jJmNryYp6Mc,,64158,3.092245784681715,-3.810320799919308
2021-05,jJmNryYp6Mc,,64158,5.650546520982198,2.088771793883322
2021-06,jJmNryYp6Mc,,64158,8.489625169850537,6.524267411530739
2021-07,jJmNryYp6Mc,,64158,9.428966316581205,9.551917518884563
2021-08,jJmNryYp6Mc,,64158,8.317323513997332,9.15131938388987
2021-09,jJmNryYp6Mc,,64158,5.862590975271614,7.495800103265992
2021-10,jJmNryYp6Mc,,64158,3.309631057149684,1.9710382455017683
2021-11,jJmNryYp6Mc,,64158,0.3666637838638795,-3.327445714055344
2021-12,jJmNryYp6Mc,,64158,2.8435878411315656,-11.304505358219568
2022-01,jJmNryYp6Mc,0.0,64158,1.820138374553173,-13.249202259889763
2022-02,jJmNryYp6Mc,0.0,64158,2.479967505079801,-12.411823757598803
2022-03,jJmNryYp6Mc,0.0,64158,0.1495192255404437,-3.1344782045163724
2022-04,jJmNryYp6Mc,0.0,64158,0.8428185795830605,1.7505557464916854
2022-05,jJmNryYp6Mc,0.0,64158,3.10476804299254,4.4619338551286285
2022-06,jJmNryYp6Mc,0.0,64158,3.2788998371772538,8.000855195766226
2022-07,jJmNryYp6Mc,0.0,64158,9.330135475719665,9.703430493796448
2022-08,jJmNryYp6Mc,1.0,64158,8.42933094992,9.24296482419896
2022-09,jJmNryYp6Mc,7.0,64158,3.5529891559282305,6.8433660363236
2022-10,jJmNryYp6Mc,4.0,64158,4.05935681347457,-0.8586490260186842
2022-11,jJmNryYp6Mc,0.0,64158,0.1790658696180937,-3.553128601578232
2022-12,jJmNryYp6Mc,0.0,64158,0.0775126944904566,-5.4793181892734495
2023-01,jJmNryYp6Mc,0.0,64158,1.1717025616674737,-9.83321939487568
2023-02,jJmNryYp6Mc,0.0,64158,0.2327749054966356,-7.22102965189199
2023-03,jJmNryYp6Mc,0.0,64158,0.9847587437123322,-5.313748861991171
2023-04,jJmNryYp6Mc,0.0,64158,1.4250785320442514,-3.3200222427764245
2023-05,jJmNryYp6Mc,0.0,64158,1.4937522649814967,0.0031789307387898
2023-06,jJmNryYp6Mc,0.0,64158,2.0980674060414493,6.227852311294401
2023-07,jJmNryYp6Mc,0.0,64158,5.237359017466527,9.69050576406129
2023-08,jJmNryYp6Mc,0.0,64158,5.206290870866366,9.574752475791993
2023-09,jJmNryYp6Mc,11.0,64158,2.241243101053139,7.7169477120253696
2023-10,jJmNryYp6Mc,1.0,64158,1.0538625112610045,0.585485659518867
2023-11,jJmNryYp6Mc,0.0,64158,0.3607830634042607,-2.432751759895952
2023-12,jJmNryYp6Mc,0.0,64158,0.3755197850852908,-7.934632458741862
2024-01,jJmNryYp6Mc,0.0,64158,0.375196194954958,-9.333008697619317
2024-02,jJmNryYp6Mc,0.0,64158,1.455897516692816,-10.183209804740326
2024-03,jJmNryYp6Mc,0.0,64158,2.3266013547468067,-5.86405597684859
2024-04,jJmNryYp6Mc,0.0,64158,1.3030488253710106,-1.491658258268401
2024-05,jJmNryYp6Mc,0.0,64158,1.5254657907798412,4.286799210361943
2024-06,jJmNryYp6Mc,1.0,64158,2.6620336587015085,8.786692301469675
2024-07,jJmNryYp6Mc,1.0,64158,10.026479331440406,10.524398418449248
2024-08,jJmNryYp6Mc,1.0,64158,9.53120518781438,9.522132815850728
2024-09,jJmNryYp6Mc,2.0,64158,7.156040125694569,7.840044428689929
2024-10,jJmNryYp6Mc,5.0,64158,0.4653087395619916,2.9535455946084377
2024-11,jJmNryYp6Mc,1.0,64158,0.4907964109417815,-0.2358212174473347
2024-12,jJmNryYp6Mc,0.0,64158,0.9066075965896052,-6.416895804060697
2016-01,kBRVmS9IKRE,22.0,408790,0.6444115345101095,11.450475179220284
2016-02,kBRVmS9IKRE,,408790,0.7494622718221069,14.89407433897632
2016-03,kBRVmS9IKRE,,408790,0.7375760543956307,19.447373965429225
2016-04,kBRVmS9IKRE,,408790,0.2742747023662855,24.908163328397965
2016-05,kBRVmS9IKRE,,408790,4.513350643130419,24.27211485817653
2016-06,kBRVmS9IKRE,,408790,12.11650985587329,24.619613258735622
2016-07,kBRVmS9IKRE,,408790,23.74437683960435,23.723439844419644
2016-08,kBRVmS9IKRE,,408790,9.633206281316207,24.34905281053909
2016-09,kBRVmS9IKRE,,408790,7.901457833626536,22.94830442438271
2016-10,kBRVmS9IKRE,,408790,1.642378466057126,20.855244874647607
2016-11,kBRVmS9IKRE,,408790,0.1164758529005029,16.980557157356206
2016-12,kBRVmS9IKRE,,408790,0.2069439532510189,14.10559737250922
2017-01,kBRVmS9IKRE,,408790,1.4272508774180217,11.599543487425128
2017-02,kBRVmS9IKRE,,408790,0.4070360940632007,15.23846008742513
2017-03,kBRVmS9IKRE,,408790,0.7906560395821007,17.573016660131834
2017-04,kBRVmS9IKRE,,408790,1.8054322952563024,23.09789039602321
2017-05,kBRVmS9IKRE,,408790,4.390092288796168,24.55514639616085
2017-06,kBRVmS9IKRE,,408790,7.442488476415364,25.04052182443697
2017-07,kBRVmS9IKRE,,408790,18.24813391686816,23.937347590901275
2017-08,kBRVmS9IKRE,,408790,15.716516542834798,23.792552901937903
2017-09,kBRVmS9IKRE,,408790,6.538269353650563,23.48017591238792
2017-10,kBRVmS9IKRE,,408790,0.6367475403058674,21.23012022312619
2017-11,kBRVmS9IKRE,,408790,0.1976176624930537,16.518850971976118
2017-12,kBRVmS9IKRE,,408790,0.21956850044936,13.883955771111737
2018-01,kBRVmS9IKRE,,408790,0.2983619025730028,11.164855417215922
2018-02,kBRVmS9IKRE,,408790,0.5084405036310305,15.159053994498189
2018-03,kBRVmS9IKRE,,408790,0.5130064382881385,19.32582507899168
2018-04,kBRVmS9IKRE,,408790,2.6656568880800813,21.959029962151416
2018-05,kBRVmS9IKRE,,408790,2.935835960976782,24.27989632503805
2018-06,kBRVmS9IKRE,,408790,7.399283726575753,25.60837228079317
2018-07,kBRVmS9IKRE,,408790,19.88970085318686,24.381056288142734
2018-08,kBRVmS9IKRE,,408790,21.774964156209496,23.642328197524087
2018-09,kBRVmS9IKRE,,408790,5.030555687250567,23.08701096393959
2018-10,kBRVmS9IKRE,,408790,0.2998926565719022,19.47651107448684
2018-11,kBRVmS9IKRE,,408790,0.1259732361263466,16.41434614178333
2018-12,kBRVmS9IKRE,,408790,0.2362864079655748,11.99637904440752
2019-01,kBRVmS9IKRE,,408790,1.8892227444603071,10.924387550991744
2019-02,kBRVmS9IKRE,,408790,4.0488825128911,12.800657369173134
2019-03,kBRVmS9IKRE,,408790,0.7809832713196768,17.038531775988794
2019-04,kBRVmS9IKRE,,408790,1.6782432688124538,21.91284684811881
2019-05,kBRVmS9IKRE,,408790,0.6783201637396769,26.211414250985253
2019-06,kBRVmS9IKRE,,408790,4.697464443572693,26.53016512975954
2019-07,kBRVmS9IKRE,,408790,19.402497849127965,24.16470471590765
2019-08,kBRVmS9IKRE,,408790,12.75216847596991,24.49760863299123
2019-09,kBRVmS9IKRE,,408790,11.362106855345354,22.889600331736737
2019-10,kBRVmS9IKRE,,408790,1.4943664582245657,20.10191346354418
2019-11,kBRVmS9IKRE,,408790,0.2681302087177,17.587392436905375
2019-12,kBRVmS9IKRE,,408790,1.3643100584772374,11.486458967238704
2020-01,kBRVmS9IKRE,,408790,2.9440908297263584,10.57672267829122
2020-02,kBRVmS9IKRE,,408790,1.2379648890749873,12.897301965096874
2020-03,kBRVmS9IKRE,,408790,2.2752954869585977,16.52872984729808
2020-04,kBRVmS9IKRE,,408790,3.4624174432088983,20.94591043013062
2020-05,kBRVmS9IKRE,,408790,2.6579916962378216,23.43645471352225
2020-06,kBRVmS9IKRE,,408790,15.911930401044966,23.892343108807097
2020-07,kBRVmS9IKRE,,408790,19.63090922370054,23.902497627214192
2020-08,kBRVmS9IKRE,,408790,12.372276107842458,24.4265295747962
2020-09,kBRVmS9IKRE,,408790,7.429931170330562,23.84019042218636
2020-10,kBRVmS9IKRE,,408790,0.3997755489573746,21.61334673526684
2020-11,kBRVmS9IKRE,,408790,0.3799412574006042,16.430513024617586
2020-12,kBRVmS9IKRE,,408790,0.0353734063631034,12.684863247389574
2021-01,kBRVmS9IKRE,,408790,0.1286469845293555,12.179904894163172
2021-02,kBRVmS9IKRE,,408790,0.5733500036392124,14.710449100960693
2021-03,kBRVmS9IKRE,,408790,0.3988330924125786,19.495334405488784
2021-04,kBRVmS9IKRE,,408790,0.894797936496183,22.70536949080072
2021-05,kBRVmS9IKRE,,408790,7.568935970046846,22.69908321946679
2021-06,kBRVmS9IKRE,,408790,18.92373587542636,23.990655524101943
2021-07,kBRVmS9IKRE,,408790,17.242615739286165,24.235083584507024
2021-08,kBRVmS9IKRE,,408790,16.895615758506096,23.580586762977607
2021-09,kBRVmS9IKRE,,408790,8.177418752601499,23.37662896553375
2021-10,kBRVmS9IKRE,,408790,7.141578601217444,21.319264693436427
2021-11,kBRVmS9IKRE,,408790,0.1595652323868182,16.213503873660645
2021-12,kBRVmS9IKRE,,408790,0.9908116230242432,12.249795765656394
2022-01,kBRVmS9IKRE,0.0,408790,1.8897990532739843,10.318721049903369
2022-02,kBRVmS9IKRE,0.0,408790,1.8462627946370296,11.819984900271477
2022-03,kBRVmS9IKRE,0.0,408790,0.2143525012312461,19.96233461956742
2022-04,kBRVmS9IKRE,3.0,408790,0.507848620578371,24.80579176819425
2022-05,kBRVmS9IKRE,2.0,408790,4.418446732964751,24.006012868152222
2022-06,kBRVmS9IKRE,0.0,408790,8.882479317611173,26.04512856838656
2022-07,kBRVmS9IKRE,0.0,408790,16.27820746308126,24.62522214972124
2022-08,kBRVmS9IKRE,1.0,408790,10.821401052092574,24.53154158013001
2022-09,kBRVmS9IKRE,451.0,408790,7.932850623646052,23.06403780518548
2022-10,kBRVmS9IKRE,13.0,408790,6.840492159189646,19.64005396707937
2022-11,kBRVmS9IKRE,0.0,408790,0.13084927245628,16.577430314320814
2022-12,kBRVmS9IKRE,2.0,408790,0.0091677769823295,13.190104214504377
2023-01,kBRVmS9IKRE,0.0,408790,0.2590397870824091,11.609501184422164
2023-02,kBRVmS9IKRE,0.0,408790,0.0717461019943321,15.254798614810008
2023-03,kBRVmS9IKRE,2.0,408790,1.0563986783553911,18.02705439760672
2023-04,kBRVmS9IKRE,1.0,408790,0.8958380357921997,21.71591269152796
2023-05,kBRVmS9IKRE,0.0,408790,1.407171865143178,23.70130422555707
2023-06,kBRVmS9IKRE,1.0,408790,3.7353203781205178,26.977634691900857
2023-07,kBRVmS9IKRE,0.0,408790,8.128169081097349,24.80937285113531
2023-08,kBRVmS9IKRE,9.0,408790,8.722030103654737,24.138285022444933
2023-09,kBRVmS9IKRE,32.0,408790,3.5303931820417924,24.212329413234485
2023-10,kBRVmS9IKRE,17.0,408790,1.3803600834693104,20.530708108269
2023-11,kBRVmS9IKRE,0.0,408790,0.1654819738566896,17.14569823475236
2023-12,kBRVmS9IKRE,0.0,408790,0.165304800500317,13.583047996974692
2024-01,kBRVmS9IKRE,0.0,408790,0.0973133305261286,11.145732809984986
2024-02,kBRVmS9IKRE,0.0,408790,0.4912507644029781,13.062719217016232
2024-03,kBRVmS9IKRE,2.0,408790,1.1189727598543762,18.208394354867
2024-04,kBRVmS9IKRE,0.0,408790,0.1574278422086574,24.391175958180504
2024-05,kBRVmS9IKRE,0.0,408790,2.213341297484706,26.264028432138407
2024-06,kBRVmS9IKRE,1.0,408790,4.09448561180647,27.86005936935461
2024-07,kBRVmS9IKRE,9.0,408790,24.923779589800485,25.07916710202194
2024-08,kBRVmS9IKRE,37.0,408790,14.753127343319004,24.22752634371196
2024-09,kBRVmS9IKRE,55.0,408790,12.66432659372067,24.000194660919146
2024-10,kBRVmS9IKRE,33.0,408790,0.858340976467048,21.508323584034283
2024-11,kBRVmS9IKRE,19.0,408790,0.2949255763746709,17.175842683233746
2024-12,kBRVmS9IKRE,0.0,408790,0.3363755845992733,12.569087259083195
2016-01,kfrKchZfqGr,,314576,2.641750145115861,11.780416987202448
2016-02,kfrKchZfqGr,,314576,1.5519741988582474,15.288264981412905
2016-03,kfrKchZfqGr,,314576,1.631218234664887,18.4657215865526
2016-04,kfrKchZfqGr,,314576,1.3399130401807473,22.27364214231714
2016-05,kfrKchZfqGr,,314576,7.644258079732825,22.48370691920724
2016-06,kfrKchZfqGr,,314576,19.07590898561552,23.88978129538737
2016-07,kfrKchZfqGr,,314576,35.36328654321371,23.428532521227748
2016-08,kfrKchZfqGr,,314576,9.411069930649266,24.71083133493005
2016-09,kfrKchZfqGr,,314576,20.21716576009685,22.786266638709847
2016-10,kfrKchZfqGr,,314576,3.796005893165197,21.0841289499771
2016-11,kfrKchZfqGr,,314576,0.3539851281645269,17.06595518354259
2016-12,kfrKchZfqGr,,314576,0.9923132803497008,14.93508129972339
2017-01,kfrKchZfqGr,,314576,1.09239135351041,12.490067995575078
2017-02,kfrKchZfqGr,,314576,1.3435478700348833,15.426672873479689
2017-03,kfrKchZfqGr,,314576,6.071134035997756,16.108632845196798
2017-04,kfrKchZfqGr,,314576,3.6401480080633055,20.404765310164542
2017-05,kfrKchZfqGr,,314576,6.254849950827112,22.46969339008886
2017-06,kfrKchZfqGr,,314576,14.234670785645088,24.184237341288817
2017-07,kfrKchZfqGr,,314576,21.371107187926,23.97065003591253
2017-08,kfrKchZfqGr,,314576,33.208953736660355,23.590921496934257
2017-09,kfrKchZfqGr,,314576,8.302122178808393,23.55894854522758
2017-10,kfrKchZfqGr,,314576,1.5266018553433185,21.31194208402182
2017-11,kfrKchZfqGr,,314576,0.7581072039811775,17.23973571550176
2017-12,kfrKchZfqGr,,314576,0.4427180558848022,15.17216060774725
2018-01,kfrKchZfqGr,,314576,1.2378625802004826,11.979117772414142
2018-02,kfrKchZfqGr,,314576,1.807065625375304,15.559166221850091
2018-03,kfrKchZfqGr,,314576,1.061762222193168,18.021958741427248
2018-04,kfrKchZfqGr,,314576,4.32395768611498,20.65251886035469
2018-05,kfrKchZfqGr,,314576,10.856438512238295,21.86837840196448
2018-06,kfrKchZfqGr,,314576,18.579849707119624,24.100823245567515
2018-07,kfrKchZfqGr,,314576,24.50823765956739,24.020865302990792
2018-08,kfrKchZfqGr,,314576,21.69049153406641,24.00896168653533
2018-09,kfrKchZfqGr,,314576,11.402474553699497,23.070703639745325
2018-10,kfrKchZfqGr,,314576,0.9017108936823824,19.291485095825813
2018-11,kfrKchZfqGr,,314576,1.181856575143449,17.03419188879488
2018-12,kfrKchZfqGr,,314576,1.2301607678228768,13.187121367742307
2019-01,kfrKchZfqGr,,314576,1.6430689625959096,12.25908174157366
2019-02,kfrKchZfqGr,,314576,4.230315425000427,13.886196294909883
2019-03,kfrKchZfqGr,,314576,1.8763869633627523,16.690207820360786
2019-04,kfrKchZfqGr,,314576,3.396029928595254,20.077481361027125
2019-05,kfrKchZfqGr,,314576,2.064685047949288,23.77832019564172
2019-06,kfrKchZfqGr,,314576,12.285983235837126,24.511840660152707
2019-07,kfrKchZfqGr,,314576,30.028084831892297,23.82112478508221
2019-08,kfrKchZfqGr,,314576,12.079349852180574,24.76982718455945
2019-09,kfrKchZfqGr,,314576,25.436824359713867,23.005533786018347
2019-10,kfrKchZfqGr,,314576,2.347131642633132,20.51889485623926
2019-11,kfrKchZfqGr,,314576,0.9139476981630578,18.1426790466714
2019-12,kfrKchZfqGr,,314576,1.7471886054501342,12.648789512618952
2020-01,kfrKchZfqGr,,314576,4.692327607476723,11.287986328183058
2020-02,kfrKchZfqGr,,314576,3.8688398420285375,13.35088959282463
2020-03,kfrKchZfqGr,,314576,1.714825011748529,16.974886148362657
2020-04,kfrKchZfqGr,,314576,4.349536905201994,19.523393228062567
2020-05,kfrKchZfqGr,,314576,6.003524575991305,21.66322772002705
2020-06,kfrKchZfqGr,,314576,24.40468775030571,23.376986536842328
2020-07,kfrKchZfqGr,,314576,33.761377041007016,23.437737143419355
2020-08,kfrKchZfqGr,,314576,15.994476898944276,24.513904829002
2020-09,kfrKchZfqGr,,314576,24.012483844513167,23.34480548240935
2020-10,kfrKchZfqGr,,314576,0.5659460140617835,22.11300009909116
2020-11,kfrKchZfqGr,,314576,0.2033758447347337,17.294426988685547
2020-12,kfrKchZfqGr,,314576,0.9197378044713692,13.758534205566392
2021-01,kfrKchZfqGr,,314576,1.4771267563528456,13.176957610143951
2021-02,kfrKchZfqGr,,314576,1.5558147359434864,14.703782675847869
2021-03,kfrKchZfqGr,,314576,1.1224697469916218,18.390367637233734
2021-04,kfrKchZfqGr,,314576,0.6081119064910806,21.120895476287064
2021-05,kfrKchZfqGr,,314576,12.56646549293148,21.67222899330801
2021-06,kfrKchZfqGr,,314576,20.83222205329516,23.4145767928053
2021-07,kfrKchZfqGr,,314576,29.38944393976215,23.85667453281991
2021-08,kfrKchZfqGr,,314576,31.43481571632687,23.28465519255832
2021-09,kfrKchZfqGr,,314576,15.201782668486404,23.569579041115706
2021-10,kfrKchZfqGr,,314576,8.484989634968228,21.68529134960464
2021-11,kfrKchZfqGr,,314576,1.6235962141667777,16.77458795273438
2021-12,kfrKchZfqGr,,314576,1.9517069584180164,13.647019932645431
2022-01,kfrKchZfqGr,0.0,314576,3.1121026562818344,11.432409239722787
2022-02,kfrKchZfqGr,0.0,314576,4.253267324856522,12.18910709297078
2022-03,kfrKchZfqGr,0.0,314576,1.2803545456646557,19.14857144630268
2022-04,kfrKchZfqGr,0.0,314576,3.633118862990021,21.72031891902464
2022-05,kfrKchZfqGr,0.0,314576,8.683532169556711,22.46520018151081
2022-06,kfrKchZfqGr,0.0,314576,20.583801986815203,23.58924417278481
2022-07,kfrKchZfqGr,2.0,314576,14.259780139554971,24.68627145691766
2022-08,kfrKchZfqGr,1.0,314576,13.6694162457716,24.49946988942235
2022-09,kfrKchZfqGr,86.0,314576,9.007587767864688,23.26127843799006
2022-10,kfrKchZfqGr,182.0,314576,3.478663273095604,20.81245622405821
2022-11,kfrKchZfqGr,78.0,314576,0.2359878612195399,17.768590736131866
2022-12,kfrKchZfqGr,10.0,314576,0.4548240853792508,14.694199077424766
2023-01,kfrKchZfqGr,0.0,314576,0.2566594056132205,13.26666143518164
2023-02,kfrKchZfqGr,0.0,314576,1.1938763718926158,15.369778079147604
2023-03,kfrKchZfqGr,0.0,314576,0.9909361053316352,17.75272183991739
2023-04,kfrKchZfqGr,1.0,314576,0.6337786602198436,21.25316052929051
2023-05,kfrKchZfqGr,4.0,314576,1.69175405893765,22.68841014427421
2023-06,kfrKchZfqGr,7.0,314576,5.745344473477328,25.29687685069139
2023-07,kfrKchZfqGr,3.0,314576,9.884496599515993,24.85084465754569
2023-08,kfrKchZfqGr,133.0,314576,9.61567623048606,24.253696355565
2023-09,kfrKchZfqGr,1764.0,314576,3.351122051047723,24.843461991254443
2023-10,kfrKchZfqGr,4605.0,314576,1.7860841673457009,20.94064746812089
2023-11,kfrKchZfqGr,650.0,314576,0.2334221939047379,17.873975532165815
2023-12,kfrKchZfqGr,26.0,314576,0.3790299521227468,14.82691061160185
2024-01,kfrKchZfqGr,8.0,314576,1.1409818666303817,12.519904696676832
2024-02,kfrKchZfqGr,0.0,314576,0.8417364608378027,14.5986150403399
2024-03,kfrKchZfqGr,2.0,314576,2.8181573662933017,18.101254243090835
2024-04,kfrKchZfqGr,11.0,314576,0.055058555621854,23.54351582720613
2024-05,kfrKchZfqGr,17.0,314576,4.040044882349381,24.558273208749743
2024-06,kfrKchZfqGr,9.0,314576,19.50359631840591,25.09580219752424
2024-07,kfrKchZfqGr,274.0,314576,28.791611375404177,25.05762767145393
2024-08,kfrKchZfqGr,853.0,314576,19.123066463763703,24.662370808382665
2024-09,kfrKchZfqGr,587.0,314576,23.731635199094445,24.64418281696061
2024-10,kfrKchZfqGr,545.0,314576,3.4861975360258595,21.66941802817428
2024-11,kfrKchZfqGr,242.0,314576,1.4917066543605828,17.63731595734741
2024-12,kfrKchZfqGr,3.0,314576,0.661673247274888,14.201695865478843
2016-01,l8tZrJ55yzg,,412595,0.5208531596151187,14.19327583340247
2016-02,l8tZrJ55yzg,,412595,0.3694428806200143,17.976413837929393
2016-03,l8tZrJ55yzg,,412595,1.2074868277388071,22.244482597263094
2016-04,l8tZrJ55yzg,,412595,0.3495977849192613,27.09817342261549
2016-05,l8tZrJ55yzg,,412595,9.959277076772263,25.494345200750143
2016-06,l8tZrJ55yzg,,412595,18.15712225859383,26.3381942848264
2016-07,l8tZrJ55yzg,,412595,30.11016021221143,25.55961927045243
2016-08,l8tZrJ55yzg,,412595,9.97014592434392,26.8968081010524
2016-09,l8tZrJ55yzg,,412595,12.724437396380935,24.92756715571983
2016-10,l8tZrJ55yzg,,412595,2.968597291327648,23.52783002168369
2016-11,l8tZrJ55yzg,,412595,0.0743375399334884,19.36878319404787
2016-12,l8tZrJ55yzg,,412595,0.2430410478638613,16.15980161075483
2017-01,l8tZrJ55yzg,,412595,0.3940548601730329,14.819398051403326
2017-02,l8tZrJ55yzg,,412595,0.2007804116905244,18.02071320073791
2017-03,l8tZrJ55yzg,,412595,2.6963995242810426,19.84270790009959
2017-04,l8tZrJ55yzg,,412595,3.4067108051244746,24.26146520415446
2017-05,l8tZrJ55yzg,,412595,9.946976117737536,25.407855239296648
2017-06,l8tZrJ55yzg,,412595,15.23455340483839,26.602575264271128
2017-07,l8tZrJ55yzg,,412595,18.28426660028741,26.04325349665491
2017-08,l8tZrJ55yzg,,412595,31.777226672668125,25.702090072848893
2017-09,l8tZrJ55yzg,,412595,7.699289891023883,25.826281183834823
2017-10,l8tZrJ55yzg,,412595,1.346936762010217,23.814119068841933
2017-11,l8tZrJ55yzg,,412595,0.0603694347605078,19.78864251639884
2017-12,l8tZrJ55yzg,,412595,0.0384060492977378,16.865676290086064
2018-01,l8tZrJ55yzg,,412595,0.2728579765036314,13.151672369069471
2018-02,l8tZrJ55yzg,,412595,0.4669662312953871,17.76038166841888
2018-03,l8tZrJ55yzg,,412595,0.4892980321450734,22.00523987359365
2018-04,l8tZrJ55yzg,,412595,4.939867067083288,24.10138945402685
2018-05,l8tZrJ55yzg,,412595,8.73888062072588,25.00358089335929
2018-06,l8tZrJ55yzg,,412595,14.08156510752837,26.892939533533355
2018-07,l8tZrJ55yzg,,412595,23.176402361260667,26.29652596872348
2018-08,l8tZrJ55yzg,,412595,17.77589293733278,26.148567602388983
2018-09,l8tZrJ55yzg,,412595,7.133879631697472,25.596557587288416
2018-10,l8tZrJ55yzg,,412595,0.6694694229390444,22.105514418866893
2018-11,l8tZrJ55yzg,,412595,0.1340527719041015,19.30083918275244
2018-12,l8tZrJ55yzg,,412595,0.0939238568953964,15.397462639396768
2019-01,l8tZrJ55yzg,,412595,0.9459538608119834,14.516269362364811
2019-02,l8tZrJ55yzg,,412595,2.5794548473566903,16.19345313352256
2019-03,l8tZrJ55yzg,,412595,0.6859525813050396,19.99103404157996
2019-04,l8tZrJ55yzg,,412595,4.023193868547592,23.6527058582226
2019-05,l8tZrJ55yzg,,412595,1.5490031990604105,27.377041916181284
2019-06,l8tZrJ55yzg,,412595,9.214616255885998,27.496061691631542
2019-07,l8tZrJ55yzg,,412595,22.745918190401817,26.2064370706702
2019-08,l8tZrJ55yzg,,412595,11.02166621516791,26.95497549277316
2019-09,l8tZrJ55yzg,,412595,26.485606349429087,25.01505031789092
2019-10,l8tZrJ55yzg,,412595,1.4838837241976788,22.98309993893931
2019-11,l8tZrJ55yzg,,412595,0.3481103267983136,20.46380422274853
2019-12,l8tZrJ55yzg,,412595,0.7489017805753772,14.226581055245152
2020-01,l8tZrJ55yzg,,412595,3.16821264730204,13.097862273528248
2020-02,l8tZrJ55yzg,,412595,1.648050449290321,15.642915437399749
2020-03,l8tZrJ55yzg,,412595,1.79842418614217,19.80483806684822
2020-04,l8tZrJ55yzg,,412595,6.049852202984244,22.768968518570503
2020-05,l8tZrJ55yzg,,412595,4.466292555291384,24.94612828964145
2020-06,l8tZrJ55yzg,,412595,21.397168082464475,25.607639013675737
2020-07,l8tZrJ55yzg,,412595,30.77394810719764,25.53018057691825
2020-08,l8tZrJ55yzg,,412595,12.503422611161373,26.70373952496563
2020-09,l8tZrJ55yzg,,412595,20.37358979503622,25.44253572374179
2020-10,l8tZrJ55yzg,,412595,0.5771799076754286,24.594535590699365
2020-11,l8tZrJ55yzg,,412595,0.0463029601696617,19.48056406204995
2020-12,l8tZrJ55yzg,,412595,0.0631567665366268,15.324514739763922
2021-01,l8tZrJ55yzg,,412595,0.1619962682627454,14.544621010364052
2021-02,l8tZrJ55yzg,,412595,0.4030421024997802,17.236077811954143
2021-03,l8tZrJ55yzg,,412595,0.2953271508369621,22.122782416484565
2021-04,l8tZrJ55yzg,,412595,0.6746465306327718,25.371544259289763
2021-05,l8tZrJ55yzg,,412595,17.525369985869965,24.14544697152616
2021-06,l8tZrJ55yzg,,412595,18.915174629687755,25.76527968404404
2021-07,l8tZrJ55yzg,,412595,19.1101121523943,26.03941101669645
2021-08,l8tZrJ55yzg,,412595,22.794051388142847,25.3835815388344
2021-09,l8tZrJ55yzg,,412595,11.573668671602505,25.61940156329884
2021-10,l8tZrJ55yzg,,412595,7.810268611296253,23.913817401994187
2021-11,l8tZrJ55yzg,,412595,0.0662365079582893,18.70741247802948
2021-12,l8tZrJ55yzg,,412595,1.3536011311447067,15.288840076436417
2022-01,l8tZrJ55yzg,0.0,412595,1.0864958450513984,13.18280387030364
2022-02,l8tZrJ55yzg,0.0,412595,2.2170153557155463,14.582523526507584
2022-03,l8tZrJ55yzg,0.0,412595,0.2581530687802503,22.74190122829416
2022-04,l8tZrJ55yzg,0.0,412595,2.1023792702174258,25.587660795030903
2022-05,l8tZrJ55yzg,0.0,412595,8.2064532253854,25.368165207565017
2022-06,l8tZrJ55yzg,0.0,412595,14.6740801264778,26.306610108770453
2022-07,l8tZrJ55yzg,2.0,412595,9.9312901893016,27.015139393614152
2022-08,l8tZrJ55yzg,12.0,412595,10.28982732074555,26.83462343077148
2022-09,l8tZrJ55yzg,64.0,412595,6.273682230175532,25.193071620428977
2022-10,l8tZrJ55yzg,42.0,412595,3.2380123308251,22.77691160626411
2022-11,l8tZrJ55yzg,37.0,412595,0.1138328886665128,19.39407782027634
2022-12,l8tZrJ55yzg,18.0,412595,0.0450784550391245,15.95233673751186
2023-01,l8tZrJ55yzg,5.0,412595,0.0239822625007765,14.259669843619283
2023-02,l8tZrJ55yzg,3.0,412595,0.1925711751942062,17.498604792765477
2023-03,l8tZrJ55yzg,0.0,412595,1.0784002430976072,20.90256066395759
2023-04,l8tZrJ55yzg,2.0,412595,0.5949757050021698,24.88312250720022
2023-05,l8tZrJ55yzg,2.0,412595,1.6625035461608428,26.001317220493547
2023-06,l8tZrJ55yzg,4.0,412595,3.71921519085008,28.53520665251264
2023-07,l8tZrJ55yzg,0.0,412595,7.522656675136731,26.885272673150947
2023-08,l8tZrJ55yzg,23.0,412595,6.571300491403596,26.378273684341323
2023-09,l8tZrJ55yzg,26.0,412595,4.186698113339545,26.859102467773297
2023-10,l8tZrJ55yzg,60.0,412595,1.589360597166597,23.43256948341365
2023-11,l8tZrJ55yzg,8.0,412595,0.19222511807217,20.45538427984685
2023-12,l8tZrJ55yzg,1.0,412595,0.0433380509596705,16.658122005063138
2024-01,l8tZrJ55yzg,6.0,412595,0.0743283950840661,14.023337245051286
2024-02,l8tZrJ55yzg,3.0,412595,0.2066103659908568,16.499602187234956
2024-03,l8tZrJ55yzg,4.0,412595,0.8135397329663038,21.0887337494488
2024-04,l8tZrJ55yzg,3.0,412595,0.0317667602304745,27.4722102513668
2024-05,l8tZrJ55yzg,4.0,412595,5.711758240105949,27.48227056011524
2024-06,l8tZrJ55yzg,3.0,412595,14.356948856496246,27.71645732266553
2024-07,l8tZrJ55yzg,11.0,412595,25.09422294559024,26.96968044763856
2024-08,l8tZrJ55yzg,29.0,412595,13.855463595094378,26.57215587437015
2024-09,l8tZrJ55yzg,63.0,412595,27.45923200262101,26.461951059268863
2024-10,l8tZrJ55yzg,67.0,412595,2.119330632722773,23.90359745206846
2024-11,l8tZrJ55yzg,31.0,412595,0.6357050116604663,19.74558299517941
2024-12,l8tZrJ55yzg,1.0,412595,0.0901816715045192,15.245517753607004
2016-01,mMGyx6JG7wj,,294527,0.6771093318172523,12.95525360836086
2016-02,mMGyx6JG7wj,,294527,0.3426344974474686,16.92764055997083
2016-03,mMGyx6JG7wj,,294527,1.1639871525190175,21.365723970826863
2016-04,mMGyx6JG7wj,,294527,0.5054692533773459,25.86122277691684
2016-05,mMGyx6JG7wj,,294527,8.039914146349348,24.002890875210834
2016-06,mMGyx6JG7wj,,294527,10.464800544636873,24.781254292474387
2016-07,mMGyx6JG7wj,,294527,20.355027968658423,24.120925147668107
2016-08,mMGyx6JG7wj,,294527,10.386055238186282,25.182253537012063
2016-09,mMGyx6JG7wj,,294527,15.417472766568633,23.402174649662943
2016-10,mMGyx6JG7wj,,294527,2.3714471526469785,21.9299183717064
2016-11,mMGyx6JG7wj,,294527,0.0812887612243703,18.217933050707348
2016-12,mMGyx6JG7wj,,294527,0.2406703603367861,15.46686733663575
2017-01,mMGyx6JG7wj,,294527,0.4689016628976767,13.541658339723144
2017-02,mMGyx6JG7wj,,294527,0.2394003506454163,16.767679257036004
2017-03,mMGyx6JG7wj,,294527,1.9251352246322144,18.50341725180109
2017-04,mMGyx6JG7wj,,294527,2.21603133198145,23.13118884488768
2017-05,mMGyx6JG7wj,,294527,5.724804785084801,24.399600730011
2017-06,mMGyx6JG7wj,,294527,7.093730622770079,25.27951782998794
2017-07,mMGyx6JG7wj,,294527,17.68635135950521,24.453640287857848
2017-08,mMGyx6JG7wj,,294527,22.03272756186153,24.381024392207763
2017-09,mMGyx6JG7wj,,294527,6.635474064448011,24.189950206379606
2017-10,mMGyx6JG7wj,,294527,2.1183290269076576,22.124461996316008
2017-11,mMGyx6JG7wj,,294527,0.1218410908259959,18.14380028665184
2017-12,mMGyx6JG7wj,,294527,0.1075873493065419,15.720014995441392
2018-01,mMGyx6JG7wj,,294527,0.2976808416480455,12.35109523128977
2018-02,mMGyx6JG7wj,,294527,0.5343670064908406,16.27267143415127
2018-03,mMGyx6JG7wj,,294527,0.8453094433978033,20.732894798782286
2018-04,mMGyx6JG7wj,,294527,3.4224436521658235,22.885564468090063
2018-05,mMGyx6JG7wj,,294527,4.567816288661184,23.9756736504397
2018-06,mMGyx6JG7wj,,294527,11.847034252566408,25.30477792685178
2018-07,mMGyx6JG7wj,,294527,18.81420770570868,24.808244440994265
2018-08,mMGyx6JG7wj,,294527,16.950851775402533,24.606440474758625
2018-09,mMGyx6JG7wj,,294527,5.187651430849361,24.0842792805135
2018-10,mMGyx6JG7wj,,294527,0.7707895011556902,20.908492065547417
2018-11,mMGyx6JG7wj,,294527,0.1782076718753526,18.217547661011142
2018-12,mMGyx6JG7wj,,294527,0.2768876455556165,14.300706272981206
2019-01,mMGyx6JG7wj,,294527,0.4510272003161784,13.295070840812384
2019-02,mMGyx6JG7wj,,294527,1.845032069835029,15.398596879076916
2019-03,mMGyx6JG7wj,,294527,0.7663592102539722,19.40913399536636
2019-04,mMGyx6JG7wj,,294527,3.714897459434492,22.38830432621401
2019-05,mMGyx6JG7wj,,294527,2.557775078963618,25.846578330529173
2019-06,mMGyx6JG7wj,,294527,5.153057936945287,26.28993557205986
2019-07,mMGyx6JG7wj,,294527,33.50807252119903,24.6342386806747
2019-08,mMGyx6JG7wj,,294527,9.396765244283324,25.330302612908635
2019-09,mMGyx6JG7wj,,294527,14.90176365327504,23.602875319011407
2019-10,mMGyx6JG7wj,,294527,1.490981992594653,21.32715972788748
2019-11,mMGyx6JG7wj,,294527,0.3899774062585559,19.072187829412883
2019-12,mMGyx6JG7wj,,294527,0.7043532057067567,13.156986317591508
2020-01,mMGyx6JG7wj,,294527,1.7369513053969314,12.363925432240269
2020-02,mMGyx6JG7wj,,294527,1.1026921437448929,14.548699193732851
2020-03,mMGyx6JG7wj,,294527,1.3194995447874744,19.047811068199504
2020-04,mMGyx6JG7wj,,294527,2.9986440530614824,22.191545892531824
2020-05,mMGyx6JG7wj,,294527,5.267033507034723,23.578180539758097
2020-06,mMGyx6JG7wj,,294527,11.61022052309833,24.32558268755093
2020-07,mMGyx6JG7wj,,294527,38.20992016093528,24.1519600478812
2020-08,mMGyx6JG7wj,,294527,11.031056472805126,25.02928866230621
2020-09,mMGyx6JG7wj,,294527,13.336034047643816,23.88928232201019
2020-10,mMGyx6JG7wj,,294527,1.0304608017695238,22.85092183059556
2020-11,mMGyx6JG7wj,,294527,0.1147477038308629,17.78688779330488
2020-12,mMGyx6JG7wj,,294527,0.2075646556812231,14.130452980141383
2021-01,mMGyx6JG7wj,,294527,0.2554543896410933,13.4983888468601
2021-02,mMGyx6JG7wj,,294527,0.3043008065629472,16.032593998995484
2021-03,mMGyx6JG7wj,,294527,0.3972163439778589,20.975676798558645
2021-04,mMGyx6JG7wj,,294527,0.8225804254584237,24.252012212579395
2021-05,mMGyx6JG7wj,,294527,12.765899551003915,22.91015068349625
2021-06,mMGyx6JG7wj,,294527,11.954661396212945,24.38448362945193
2021-07,mMGyx6JG7wj,,294527,18.04701915542472,24.531701916860925
2021-08,mMGyx6JG7wj,,294527,21.62011486755512,24.00845977165263
2021-09,mMGyx6JG7wj,,294527,7.35308063319863,24.1963052749512
2021-10,mMGyx6JG7wj,,294527,6.889753614372208,22.1565549481098
2021-11,mMGyx6JG7wj,,294527,0.1943381444747442,16.838655852297578
2021-12,mMGyx6JG7wj,,294527,0.9311100221909364,13.96913544158756
2022-01,mMGyx6JG7wj,0.0,294527,0.7609369473250885,12.263293836984472
2022-02,mMGyx6JG7wj,0.0,294527,1.578743757366948,13.250769721708144
2022-03,mMGyx6JG7wj,0.0,294527,0.4243408026042761,21.798123728817703
2022-04,mMGyx6JG7wj,0.0,294527,2.549358743347172,24.26776386733409
2022-05,mMGyx6JG7wj,0.0,294527,4.670519274114876,24.53146986673639
2022-06,mMGyx6JG7wj,1.0,294527,15.521844402998154,24.59839941220316
2022-07,mMGyx6JG7wj,27.0,294527,14.762914626577691,25.14764915832341
2022-08,mMGyx6JG7wj,38.0,294527,11.510039452973997,24.97438607937261
2022-09,mMGyx6JG7wj,46.0,294527,6.077644488968666,23.728604038672987
2022-10,mMGyx6JG7wj,46.0,294527,1.6024682768940073,21.452333904474028
2022-11,mMGyx6JG7wj,12.0,294527,0.1293396134071719,17.856537177137596
2022-12,mMGyx6JG7wj,2.0,294527,0.0708989786134799,14.941443747710789
2023-01,mMGyx6JG7wj,1.0,294527,0.0516626623195945,13.09452179113443
2023-02,mMGyx6JG7wj,0.0,294527,0.1623619041909088,16.546435479923247
2023-03,mMGyx6JG7wj,4.0,294527,1.144805244891287,19.68140380736037
2023-04,mMGyx6JG7wj,1.0,294527,0.7481506919875985,23.828922722791127
2023-05,mMGyx6JG7wj,0.0,294527,1.6891917563701109,24.915481240495428
2023-06,mMGyx6JG7wj,2.0,294527,4.146926256605077,26.99099249373573
2023-07,mMGyx6JG7wj,6.0,294527,6.552710197088175,25.309204706257
2023-08,mMGyx6JG7wj,13.0,294527,9.18077556305384,24.83238088363144
2023-09,mMGyx6JG7wj,22.0,294527,4.414274966950097,24.98470129464472
2023-10,mMGyx6JG7wj,15.0,294527,2.111662853145853,21.706303338920232
2023-11,mMGyx6JG7wj,5.0,294527,0.2247691592351697,18.71800772322378
2023-12,mMGyx6JG7wj,1.0,294527,0.1823729498484813,15.274051971755089
2024-01,mMGyx6JG7wj,2.0,294527,0.1366144462996396,12.868148941897612
2024-02,mMGyx6JG7wj,3.0,294527,0.1676435337012997,15.063084761707024
2024-03,mMGyx6JG7wj,1.0,294527,2.3042062796232683,19.633796637789708
2024-04,mMGyx6JG7wj,1.0,294527,0.0685222748399046,25.496053901102915
2024-05,mMGyx6JG7wj,0.0,294527,3.415721761205765,25.870374018331727
2024-06,mMGyx6JG7wj,3.0,294527,11.75675761365328,25.836366611038496
2024-07,mMGyx6JG7wj,5.0,294527,19.19458775572994,25.476867772192485
2024-08,mMGyx6JG7wj,12.0,294527,14.587152170605144,25.022869043466297
2024-09,mMGyx6JG7wj,43.0,294527,13.0290751669654,25.15686863630327
2024-10,mMGyx6JG7wj,45.0,294527,3.0219245633298097,22.21950634657912
2024-11,mMGyx6JG7wj,36.0,294527,0.5759155133474562,18.57540773983474
2024-12,mMGyx6JG7wj,2.0,294527,0.1765086577809843,14.367983418783876
2016-01,q7VB2VrUr83,,106085,1.8880248660528025,-1.3350332728646486
2016-02,q7VB2VrUr83,,106085,1.9886760438178184,1.0756684488383
2016-03,q7VB2VrUr83,,106085,2.760271947797494,3.032746420502394
2016-04,q7VB2VrUr83,,106085,2.2130232790328708,7.615007241668038
2016-05,q7VB2VrUr83,,106085,8.975279299594174,9.318631321317458
2016-06,q7VB2VrUr83,,106085,15.615612256086372,12.43519309415058
2016-07,q7VB2VrUr83,,106085,24.0485868247066,12.993008962770098
2016-08,q7VB2VrUr83,,106085,8.9385871983958,13.03123415189354
2016-09,q7VB2VrUr83,,106085,11.571915123361798,11.646723985154008
2016-10,q7VB2VrUr83,,106085,4.276325963862991,8.493320438782112
2016-11,q7VB2VrUr83,,106085,0.2302796589228942,5.184298322899012
2016-12,q7VB2VrUr83,,106085,0.72109277046544,4.544038909383779
2017-01,q7VB2VrUr83,,106085,1.4025537330100957,-2.6500894817711496
2017-02,q7VB2VrUr83,,106085,1.3758535207199802,1.4572805485746323
2017-03,q7VB2VrUr83,,106085,4.470473502289563,1.803196631070152
2017-04,q7VB2VrUr83,,106085,3.89876762732444,7.005638389962406
2017-05,q7VB2VrUr83,,106085,6.386796302550606,8.98520096525685
2017-06,q7VB2VrUr83,,106085,10.63392672872696,12.204270863306371
2017-07,q7VB2VrUr83,,106085,14.246826051352834,13.146051740984158
2017-08,q7VB2VrUr83,,106085,18.73702035931428,13.216328070995008
2017-09,q7VB2VrUr83,,106085,7.657324963682455,12.047283524184095
2017-10,q7VB2VrUr83,,106085,2.627163377980715,8.607145648314548
2017-11,q7VB2VrUr83,,106085,0.8135051821707021,3.981327686870671
2017-12,q7VB2VrUr83,,106085,0.3814084549225899,2.373270883417825
2018-01,q7VB2VrUr83,,106085,0.5708102194814789,1.398930050841707
2018-02,q7VB2VrUr83,,106085,1.7843425877867412,1.4209208979341292
2018-03,q7VB2VrUr83,,106085,2.7774751344889697,2.557203909464653
2018-04,q7VB2VrUr83,,106085,4.832624400248334,5.975516322532925
2018-05,q7VB2VrUr83,,106085,6.311456706711086,9.14926733224138
2018-06,q7VB2VrUr83,,106085,11.520617592174744,12.577304457030076
2018-07,q7VB2VrUr83,,106085,19.811480639191306,13.630268531938144
2018-08,q7VB2VrUr83,,106085,20.00090447109026,13.23426900213196
2018-09,q7VB2VrUr83,,106085,7.665694816902056,11.621093734918816
2018-10,q7VB2VrUr83,,106085,1.4591715356613504,5.742463498738291
2018-11,q7VB2VrUr83,,106085,1.5374825981986897,4.419410777448418
2018-12,q7VB2VrUr83,,106085,1.2660097475542718,-0.0526734694310399
2019-01,q7VB2VrUr83,,106085,2.901389956813206,-3.853888345225325
2019-02,q7VB2VrUr83,,106085,5.017573584470672,-2.0411660533082205
2019-03,q7VB2VrUr83,,106085,1.611282358394737,0.8514449219255527
2019-04,q7VB2VrUr83,,106085,3.810775940457973,5.919641614256142
2019-05,q7VB2VrUr83,,106085,3.339161505357312,8.968770767352806
2019-06,q7VB2VrUr83,,106085,9.851922764767654,12.041132363299084
2019-07,q7VB2VrUr83,,106085,17.704661985366723,13.422640609044198
2019-08,q7VB2VrUr83,,106085,10.15239690992366,13.570896957817954
2019-09,q7VB2VrUr83,,106085,18.13614714637249,11.56516759696616
2019-10,q7VB2VrUr83,,106085,1.9024427953862053,7.791613521657265
2019-11,q7VB2VrUr83,,106085,1.0024481608331408,5.0061227523041465
2019-12,q7VB2VrUr83,,106085,1.863867317890376,-1.8174644211719664
2020-01,q7VB2VrUr83,,106085,4.739985434617071,-3.703769135690652
2020-02,q7VB2VrUr83,,106085,1.2344636347175693,-1.0357128721225282
2020-03,q7VB2VrUr83,,106085,2.476303525663272,0.9045894526732976
2020-04,q7VB2VrUr83,,106085,5.158306822105347,4.784841922327754
2020-05,q7VB2VrUr83,,106085,6.697339139758876,8.518906645236251
2020-06,q7VB2VrUr83,,106085,17.2147883831834,11.872772698151516
2020-07,q7VB2VrUr83,,106085,25.3064768533814,13.453078057218526
2020-08,q7VB2VrUr83,,106085,18.381920851645592,13.73789020584248
2020-09,q7VB2VrUr83,,106085,15.99846236981047,12.464998316804971
2020-10,q7VB2VrUr83,,106085,2.41697498565644,9.396195993070595
2020-11,q7VB2VrUr83,,106085,0.610721138007041,2.9265106887694183
2020-12,q7VB2VrUr83,,106085,1.044729566129714,1.457713576071322
2021-01,q7VB2VrUr83,,106085,0.8183394914431965,1.6007138526387257
2021-02,q7VB2VrUr83,,106085,1.630447078527606,0.3788677429477194
2021-03,q7VB2VrUr83,,106085,3.2385167188705286,3.561735038773388
2021-04,q7VB2VrUr83,,106085,3.185687271499758,4.92751392287868
2021-05,q7VB2VrUr83,,106085,10.717241519171845,8.67732255332562
2021-06,q7VB2VrUr83,,106085,16.993980234054398,12.02539580829328
2021-07,q7VB2VrUr83,,106085,23.450371788310164,13.50429461169304
2021-08,q7VB2VrUr83,,106085,20.89342291161572,13.195789881951267
2021-09,q7VB2VrUr83,,106085,10.07749011777875,11.896571837024892
2021-10,q7VB2VrUr83,,106085,5.83656618329876,8.977548033209773
2021-11,q7VB2VrUr83,,106085,1.6048199080801462,5.494048353650899
2021-12,q7VB2VrUr83,,106085,3.11902157565664,-0.4011457657258622
2022-01,q7VB2VrUr83,0.0,106085,2.253156821455616,-4.088961462491346
2022-02,q7VB2VrUr83,0.0,106085,2.89735137689276,-2.9989918312178627
2022-03,q7VB2VrUr83,0.0,106085,1.2938758692280696,4.276844446200333
2022-04,q7VB2VrUr83,1.0,106085,3.389224174377148,8.527440398116852
2022-05,q7VB2VrUr83,0.0,106085,8.526310596273944,9.818928148217116
2022-06,q7VB2VrUr83,0.0,106085,13.412556195510067,12.676710303905706
2022-07,q7VB2VrUr83,1.0,106085,16.625431551800624,13.678156921193745
2022-08,q7VB2VrUr83,1.0,106085,12.50216968166101,13.573313617794856
2022-09,q7VB2VrUr83,43.0,106085,6.348670824487416,11.94958164708094
2022-10,q7VB2VrUr83,6.0,106085,4.648561550876975,7.395344742152876
2022-11,q7VB2VrUr83,14.0,106085,0.3987707050583249,4.811405099754088
2022-12,q7VB2VrUr83,5.0,106085,0.2230790985926742,3.1872846842057
2023-01,q7VB2VrUr83,7.0,106085,0.3876920255239186,-0.0420441829040068
2023-02,q7VB2VrUr83,8.0,106085,0.892461289775244,2.298974327380189
2023-03,q7VB2VrUr83,0.0,106085,2.224264541770311,2.280758208043276
2023-04,q7VB2VrUr83,6.0,106085,2.264058849154405,4.700082285047223
2023-05,q7VB2VrUr83,6.0,106085,3.475240181436936,7.46992364179733
2023-06,q7VB2VrUr83,4.0,106085,5.956165924674685,12.106362589458785
2023-07,q7VB2VrUr83,27.0,106085,11.613905994595768,13.733242228581922
2023-08,q7VB2VrUr83,11.0,106085,8.81678150636112,13.758094517459975
2023-09,q7VB2VrUr83,1.0,106085,3.8165233106635688,12.721508456682026
2023-10,q7VB2VrUr83,38.0,106085,2.684746967054644,7.246082319605203
2023-11,q7VB2VrUr83,2.0,106085,0.5053066423913416,3.781689709272417
2023-12,q7VB2VrUr83,3.0,106085,0.6898652828639558,0.8848261083579008
2024-01,q7VB2VrUr83,6.0,106085,0.7376037958201695,-0.9128344456644344
2024-02,q7VB2VrUr83,3.0,106085,1.0100563016102622,-1.5813250226280644
2024-03,q7VB2VrUr83,2.0,106085,3.2356864072526297,2.692028450228101
2024-04,q7VB2VrUr83,1.0,106085,1.8530662633563408,7.21551837986324
2024-05,q7VB2VrUr83,1.0,106085,5.083618585233467,10.413268468130838
2024-06,q7VB2VrUr83,7.0,106085,12.492837623793545,13.296829182914712
2024-07,q7VB2VrUr83,11.0,106085,28.95603372944553,14.424744936014054
2024-08,q7VB2VrUr83,28.0,106085,17.585011702507337,13.74100057598432
2024-09,q7VB2VrUr83,114.0,106085,14.451606397398548,12.764206366303462
2024-10,q7VB2VrUr83,185.0,106085,3.544508268865474,9.068044364086624
2024-11,q7VB2VrUr83,76.0,106085,3.3418048742235777,5.677352885570473
2024-12,q7VB2VrUr83,0.0,106085,0.5122157733249184,1.9983227558598733
2016-01,qoayxucpZqH,,11015,0.7590236107216762,-12.37832692506005
2016-02,qoayxucpZqH,,11015,0.9042794909969032,-10.42352766233905
2016-03,qoayxucpZqH,,11015,0.9967063683137414,-8.777918561607706
2016-04,qoayxucpZqH,,11015,0.9288927774051872,-3.72852035876214
2016-05,qoayxucpZqH,,11015,2.1006809218888205,0.4153637788453089
2016-06,qoayxucpZqH,,11015,3.234584392641091,5.309478634996384
2016-07,qoayxucpZqH,,11015,9.740203985110544,5.394086977855527
2016-08,qoayxucpZqH,,11015,4.805752830308657,4.905690135183907
2016-09,qoayxucpZqH,,11015,2.8601280705955707,3.535624255691894
2016-10,qoayxucpZqH,,11015,1.151666993379155,-0.5992028547295171
2016-11,qoayxucpZqH,,11015,0.0372820298747672,-3.948454514327257
2016-12,qoayxucpZqH,,11015,0.2122381362359879,-4.465857643560632
2017-01,qoayxucpZqH,,11015,1.022597086128042,-14.544204727672756
2017-02,qoayxucpZqH,,11015,0.4091572766903787,-11.151173394823678
2017-03,qoayxucpZqH,,11015,2.036729682780072,-11.213173910017098
2017-04,qoayxucpZqH,,11015,1.0349389305599048,-4.241035241859089
2017-05,qoayxucpZqH,,11015,1.7534156403195356,0.1159991181988002
2017-06,qoayxucpZqH,,11015,2.87018585805674,4.351400159078325
2017-07,qoayxucpZqH,,11015,7.481852990370307,5.570951326667563
2017-08,qoayxucpZqH,,11015,5.570876220615073,5.833364639958647
2017-09,qoayxucpZqH,,11015,2.463109171567321,3.900832182146627
2017-10,qoayxucpZqH,,11015,0.6514400441154311,-0.2338371695732601
2017-11,qoayxucpZqH,,11015,0.2407939833980903,-5.908451074764841
2017-12,qoayxucpZqH,,11015,0.5508216438456304,-9.949315041613607
2018-01,qoayxucpZqH,,11015,0.3364697508330694,-9.120475457923062
2018-02,qoayxucpZqH,,11015,1.2823920864618568,-12.201001128534587
2018-03,qoayxucpZqH,,11015,1.0101528594606946,-10.255545277517305
2018-04,qoayxucpZqH,,11015,1.0389297984865042,-4.138469840194053
2018-05,qoayxucpZqH,,11015,1.4481140199111358,0.4296708082498457
2018-06,qoayxucpZqH,,11015,3.401673190836336,5.347949952509584
2018-07,qoayxucpZqH,,11015,7.436527697629243,6.308841001944341
2018-08,qoayxucpZqH,,11015,9.130891331905216,5.511819728618087
2018-09,qoayxucpZqH,,11015,2.7551485539017904,3.115391398068929
2018-10,qoayxucpZqH,,11015,0.4276696900728274,-3.999425306724121
2018-11,qoayxucpZqH,,11015,0.3708696162851764,-5.110874336014657
2018-12,qoayxucpZqH,,11015,0.5065006473468061,-10.912357319156984
2019-01,qoayxucpZqH,,11015,2.567670305392365,-16.20832154232336
2019-02,qoayxucpZqH,,11015,3.987061973643409,-15.92781093423098
2019-03,qoayxucpZqH,,11015,0.8596183474449425,-13.244265895219046
2019-04,qoayxucpZqH,,11015,0.8667222580973436,-5.592805436576109
2019-05,qoayxucpZqH,,11015,0.7379443987195723,-1.738862085947848
2019-06,qoayxucpZqH,,11015,2.608781445308806,4.098341765058271
2019-07,qoayxucpZqH,,11015,7.27157327787113,5.614010647191228
2019-08,qoayxucpZqH,,11015,5.92869295577166,5.538530422531503
2019-09,qoayxucpZqH,,11015,6.498052165317407,2.566908065640209
2019-10,qoayxucpZqH,,11015,0.6747968300886397,-2.29597820844114
2019-11,qoayxucpZqH,,11015,0.7426310809317423,-6.266586356076117
2019-12,qoayxucpZqH,,11015,1.337314353984404,-14.74119380397856
2020-01,qoayxucpZqH,,11015,3.3830093596253654,-17.43247396487831
2020-02,qoayxucpZqH,,11015,0.4969108195628158,-14.538375401360854
2020-03,qoayxucpZqH,,11015,1.4201441105185908,-12.934084384429058
2020-04,qoayxucpZqH,,11015,1.2076856583103506,-7.287596437120957
2020-05,qoayxucpZqH,,11015,1.6008814627372134,-1.7459610538716634
2020-06,qoayxucpZqH,,11015,6.573437049307013,3.1559874134330914
2020-07,qoayxucpZqH,,11015,8.051625206005804,5.95424307526371
2020-08,qoayxucpZqH,,11015,6.5487091936612485,6.068389673489311
2020-09,qoayxucpZqH,,11015,5.284432389854447,3.6946924537282
2020-10,qoayxucpZqH,,11015,0.4247739090576654,0.0686676095777547
2020-11,qoayxucpZqH,,11015,0.5630794824478624,-8.241739622820164
2020-12,qoayxucpZqH,,11015,0.2977775418150202,-10.449549280351723
2021-01,qoayxucpZqH,,11015,0.4996000930022073,-9.577932849930528
2021-02,qoayxucpZqH,,11015,0.7047149168931561,-11.168465305804965
2021-03,qoayxucpZqH,,11015,0.8368896530642098,-6.679674650883385
2021-04,qoayxucpZqH,,11015,1.567153750822628,-6.928786023810512
2021-05,qoayxucpZqH,,11015,5.333915149494996,-1.259040402370094
2021-06,qoayxucpZqH,,11015,7.169973319597968,3.143169656057309
2021-07,qoayxucpZqH,,11015,8.866050466424616,5.889564155713187
2021-08,qoayxucpZqH,,11015,8.10580978848019,5.48560565837985
2021-09,qoayxucpZqH,,11015,5.11865491228373,3.026830379942757
2021-10,qoayxucpZqH,,11015,2.065239170668489,-0.9456877496511212
2021-11,qoayxucpZqH,,11015,0.4636231160060224,-4.882856720346625
2021-12,qoayxucpZqH,,11015,2.320395506773712,-15.214021265933344
2022-01,qoayxucpZqH,0.0,11015,1.1069957596132731,-17.48076430547908
2022-02,qoayxucpZqH,0.0,11015,1.5272316845307738,-16.42738774328517
2022-03,qoayxucpZqH,0.0,11015,0.1726743353290746,-7.194475199179375
2022-04,qoayxucpZqH,0.0,11015,1.155984618358886,-1.4456050798710156
2022-05,qoayxucpZqH,0.0,11015,2.56724461028997,1.174438051403588
2022-06,qoayxucpZqH,0.0,11015,3.199370383685765,5.573410705452212
2022-07,qoayxucpZqH,0.0,11015,6.962200331268997,6.21761241702696
2022-08,qoayxucpZqH,0.0,11015,6.743779764797994,5.787468156470109
2022-09,qoayxucpZqH,2.0,11015,2.8372996090149942,3.4905542547112387
2022-10,qoayxucpZqH,6.0,11015,2.1623898220974858,-4.25601663330415
2022-11,qoayxucpZqH,0.0,11015,0.1149995079168351,-6.412023787788775
2022-12,qoayxucpZqH,0.0,11015,0.0495750549011857,-7.536928884607318
2023-01,qoayxucpZqH,0.0,11015,0.4724273477437162,-12.063071895270925
2023-02,qoayxucpZqH,0.0,11015,0.1394423303017618,-9.275004088505405
2023-03,qoayxucpZqH,11.0,11015,0.6468151484972967,-8.839116847550892
2023-04,qoayxucpZqH,0.0,11015,0.9208758126049748,-7.476711669546455
2023-05,qoayxucpZqH,0.0,11015,0.9699008986190752,-3.298163172806813
2023-06,qoayxucpZqH,0.0,11015,1.753673522234837,3.5811980885541974
2023-07,qoayxucpZqH,0.0,11015,4.07565596285114,6.440583601257938
2023-08,qoayxucpZqH,0.0,11015,3.9715387949600656,6.301517847492362
2023-09,qoayxucpZqH,0.0,11015,1.773782613382434,4.207556419269174
2023-10,qoayxucpZqH,3.0,11015,1.0037944257973168,-2.925588424537112
2023-11,qoayxucpZqH,0.0,11015,0.2882879885346539,-6.729050544448275
2023-12,qoayxucpZqH,0.0,11015,0.4146934361630822,-11.569508936857304
2024-01,qoayxucpZqH,0.0,11015,0.2011091817818086,-12.278115134030797
2024-02,qoayxucpZqH,0.0,11015,0.7104282225598321,-13.02786770651873
2024-03,qoayxucpZqH,0.0,11015,1.334342335919822,-9.889568985552687
2024-04,qoayxucpZqH,0.0,11015,0.8656544896913339,-4.777436911435941
2024-05,qoayxucpZqH,0.0,11015,1.615620200299151,0.9680883509052952
2024-06,qoayxucpZqH,0.0,11015,3.537531258505791,5.707751383947389
2024-07,qoayxucpZqH,1.0,11015,10.244792414606184,6.913482654423937
2024-08,qoayxucpZqH,0.0,11015,7.373031771037409,5.997031005279479
2024-09,qoayxucpZqH,12.0,11015,8.42365575361659,3.846700963431792
2024-10,qoayxucpZqH,4.0,11015,0.6729029549613473,-1.9491349580649824
2024-11,qoayxucpZqH,3.0,11015,0.61971311150216,-3.687355216368896
2024-12,qoayxucpZqH,0.0,11015,0.5394864523584739,-8.811006796063952
2016-01,rsZaqJl5R0A,,453599,0.3971318656275602,12.590494547655329
2016-02,rsZaqJl5R0A,,453599,0.4446282982355732,16.564605288755935
2016-03,rsZaqJl5R0A,,453599,1.52736012531313,20.72103634307536
2016-04,rsZaqJl5R0A,,453599,0.4217626570539829,25.37494858610795
2016-05,rsZaqJl5R0A,,453599,10.5261273404056,23.5915651558558
2016-06,rsZaqJl5R0A,,453599,10.310750755512109,24.570552616798047
2016-07,rsZaqJl5R0A,,453599,21.171332749820888,23.87040673376132
2016-08,rsZaqJl5R0A,,453599,12.593129686884565,24.81858421945395
2016-09,rsZaqJl5R0A,,453599,14.683254398635954,23.08347266106051
2016-10,rsZaqJl5R0A,,453599,2.602702230330761,21.582202961970697
2016-11,rsZaqJl5R0A,,453599,0.0738339573928841,18.03701200330786
2016-12,rsZaqJl5R0A,,453599,0.1959759986197009,15.079426025750806
2017-01,rsZaqJl5R0A,,453599,0.6221897176227292,13.199444978807318
2017-02,rsZaqJl5R0A,,453599,0.2095962702757115,16.57745857906636
2017-03,rsZaqJl5R0A,,453599,2.485925950641049,18.139078677197872
2017-04,rsZaqJl5R0A,,453599,3.28017792119449,22.597848189487216
2017-05,rsZaqJl5R0A,,453599,9.697275885509873,23.84329496067719
2017-06,rsZaqJl5R0A,,453599,8.646196684881206,24.91289377201253
2017-07,rsZaqJl5R0A,,453599,16.48389438295562,24.065925643183498
2017-08,rsZaqJl5R0A,,453599,30.898836817670816,23.97197258279724
2017-09,rsZaqJl5R0A,,453599,6.586864160572576,23.96987786572085
2017-10,rsZaqJl5R0A,,453599,1.652908010065706,21.82579115796384
2017-11,rsZaqJl5R0A,,453599,0.1771188975673281,17.77425279060102
2017-12,rsZaqJl5R0A,,453599,0.0251505135623996,15.418267400745345
2018-01,rsZaqJl5R0A,,453599,0.2905108672550691,12.049637673071487
2018-02,rsZaqJl5R0A,,453599,0.4670123791157221,16.008356554784854
2018-03,rsZaqJl5R0A,,453599,0.8632972867940417,20.333730374794083
2018-04,rsZaqJl5R0A,,453599,4.478882555957916,22.47379457348741
2018-05,rsZaqJl5R0A,,453599,7.279663231731159,23.388323303260098
2018-06,rsZaqJl5R0A,,453599,14.122843243559185,24.98220975451756
2018-07,rsZaqJl5R0A,,453599,22.14354177141361,24.464895013787043
2018-08,rsZaqJl5R0A,,453599,18.53392802512107,24.250581435498464
2018-09,rsZaqJl5R0A,,453599,7.542091569174316,23.689145878442304
2018-10,rsZaqJl5R0A,,453599,0.6500423114315231,20.444343372724216
2018-11,rsZaqJl5R0A,,453599,0.1220753766161755,17.718495710905486
2018-12,rsZaqJl5R0A,,453599,0.1234702502701331,13.764960676080376
2019-01,rsZaqJl5R0A,,453599,0.9383231186646026,12.790008956332182
2019-02,rsZaqJl5R0A,,453599,2.473068676790433,14.66830702716556
2019-03,rsZaqJl5R0A,,453599,0.9372710293716352,18.640082127754525
2019-04,rsZaqJl5R0A,,453599,4.021424907993359,21.99044954943093
2019-05,rsZaqJl5R0A,,453599,2.1920406141165647,25.56032235495288
2019-06,rsZaqJl5R0A,,453599,6.217383440138221,26.06687499794598
2019-07,rsZaqJl5R0A,,453599,34.20119866366474,24.365149028353663
2019-08,rsZaqJl5R0A,,453599,11.70070500583958,24.935844066657584
2019-09,rsZaqJl5R0A,,453599,15.221116289847345,23.216675792892552
2019-10,rsZaqJl5R0A,,453599,1.1671559682906154,20.974594461604028
2019-11,rsZaqJl5R0A,,453599,0.3200292937628761,18.84240341946652
2019-12,rsZaqJl5R0A,,453599,0.7407426733059118,12.839980079658272
2020-01,rsZaqJl5R0A,,453599,2.696411012099547,11.729443296434289
2020-02,rsZaqJl5R0A,,453599,1.5183598542447332,14.102555521622522
2020-03,rsZaqJl5R0A,,453599,1.7287631297569994,18.34614723905385
2020-04,rsZaqJl5R0A,,453599,5.242697382555544,21.4071413813222
2020-05,rsZaqJl5R0A,,453599,5.718562525546439,23.110645755101327
2020-06,rsZaqJl5R0A,,453599,16.059568630640204,23.881887060040675
2020-07,rsZaqJl5R0A,,453599,28.82604917950797,23.80816049701507
2020-08,rsZaqJl5R0A,,453599,12.469430421766642,24.731534774241283
2020-09,rsZaqJl5R0A,,453599,14.453205324662711,23.714922048583603
2020-10,rsZaqJl5R0A,,453599,0.5925896225086685,22.49484839218298
2020-11,rsZaqJl5R0A,,453599,0.0967759980411074,17.56902130767886
2020-12,rsZaqJl5R0A,,453599,0.0581056888830543,13.864278424917494
2021-01,rsZaqJl5R0A,,453599,0.1170396891077546,13.217357380465138
2021-02,rsZaqJl5R0A,,453599,0.4796598244231729,15.59111726808303
2021-03,rsZaqJl5R0A,,453599,0.3905746248198103,20.60206615501605
2021-04,rsZaqJl5R0A,,453599,0.8124223128520615,23.90931894927309
2021-05,rsZaqJl5R0A,,453599,14.646401882241172,22.473033199541607
2021-06,rsZaqJl5R0A,,453599,17.298324659486983,24.02081277991536
2021-07,rsZaqJl5R0A,,453599,28.10114950197793,24.17265343876665
2021-08,rsZaqJl5R0A,,453599,24.076644599753944,23.63921719478116
2021-09,rsZaqJl5R0A,,453599,10.35803526877649,23.763936336989648
2021-10,rsZaqJl5R0A,,453599,11.11356489468294,21.81186701617424
2021-11,rsZaqJl5R0A,,453599,0.1192156807527034,16.6634332607361
2021-12,rsZaqJl5R0A,,453599,1.2862873667756214,13.620297167938896
2022-01,rsZaqJl5R0A,0.0,453599,0.902259337487478,11.790855175444934
2022-02,rsZaqJl5R0A,0.0,453599,2.113272223846237,12.732011582458629
2022-03,rsZaqJl5R0A,0.0,453599,0.4961886119136039,21.308649757745105
2022-04,rsZaqJl5R0A,0.0,453599,2.5395549590683126,23.921582179850585
2022-05,rsZaqJl5R0A,0.0,453599,7.777026912426991,23.79482691105328
2022-06,rsZaqJl5R0A,0.0,453599,12.128225235389383,24.44824669109835
2022-07,rsZaqJl5R0A,221.0,453599,14.29661863032372,24.837806610950977
2022-08,rsZaqJl5R0A,337.0,453599,12.65594695649669,24.666633920805555
2022-09,rsZaqJl5R0A,2452.0,453599,6.9004787603576245,23.31631606729744
2022-10,rsZaqJl5R0A,2220.0,453599,2.181227913826713,20.920288358846094
2022-11,rsZaqJl5R0A,590.0,453599,0.0914793308434366,17.469944937300664
2022-12,rsZaqJl5R0A,17.0,453599,0.0228554419625536,14.559286351804776
2023-01,rsZaqJl5R0A,1.0,453599,0.0195437521450895,12.849391823273976
2023-02,rsZaqJl5R0A,0.0,453599,0.1379718567203524,16.234489412526152
2023-03,rsZaqJl5R0A,2.0,453599,1.304713882936391,19.08432883404852
2023-04,rsZaqJl5R0A,1.0,453599,0.6941430087403953,23.1115752182206
2023-05,rsZaqJl5R0A,0.0,453599,1.964109261279034,24.223604071749744
2023-06,rsZaqJl5R0A,3.0,453599,4.102246336342116,26.6846810228478
2023-07,rsZaqJl5R0A,7.0,453599,7.178174348322472,24.959048953147413
2023-08,rsZaqJl5R0A,27.0,453599,10.473336885603734,24.38812902725969
2023-09,rsZaqJl5R0A,45.0,453599,4.639493634359227,24.652982691789923
2023-10,rsZaqJl5R0A,47.0,453599,2.205839978877046,21.19746309334965
2023-11,rsZaqJl5R0A,8.0,453599,0.2481156376673348,18.374800453332057
2023-12,rsZaqJl5R0A,2.0,453599,0.1452792302215574,14.890230365026373
2024-01,rsZaqJl5R0A,11.0,453599,0.0853167485991694,12.368869891402287
2024-02,rsZaqJl5R0A,11.0,453599,0.2148525379966506,14.487144961307171
2024-03,rsZaqJl5R0A,13.0,453599,1.873221027604819,19.061937756922937
2024-04,rsZaqJl5R0A,12.0,453599,0.0698242082932729,25.20283393940825
2024-05,rsZaqJl5R0A,9.0,453599,4.301141004298221,25.475756903601702
2024-06,rsZaqJl5R0A,9.0,453599,10.052687217083587,25.853355321891115
2024-07,rsZaqJl5R0A,15.0,453599,20.39475473902141,25.086553227892683
2024-08,rsZaqJl5R0A,44.0,453599,15.332416770603563,24.56216062654092
2024-09,rsZaqJl5R0A,98.0,453599,24.022821125209983,24.54259131795081
2024-10,rsZaqJl5R0A,160.0,453599,1.821167821278853,21.985666276261
2024-11,rsZaqJl5R0A,112.0,453599,0.6272144401747696,17.971434786085553
2024-12,rsZaqJl5R0A,0.0,453599,0.0948549916003695,13.710772559991511
2016-01,t9XsLKdMwA1,2.0,504335,0.0762458263059608,14.182271435994878
2016-02,t9XsLKdMwA1,,504335,0.3376164420950666,17.932259388473046
2016-03,t9XsLKdMwA1,,504335,0.5685843502272424,23.14012028950256
2016-04,t9XsLKdMwA1,,504335,0.1342433163041636,28.62952257996943
2016-05,t9XsLKdMwA1,,504335,2.384998064549484,28.774201600490944
2016-06,t9XsLKdMwA1,,504335,6.306061154811326,28.77163952041564
2016-07,t9XsLKdMwA1,,504335,34.436625926924734,26.73873369873562
2016-08,t9XsLKdMwA1,,504335,7.735311876139912,27.70029199928138
2016-09,t9XsLKdMwA1,,504335,5.350755983737257,26.50567134800289
2016-10,t9XsLKdMwA1,,504335,0.9884921642278648,24.10335478951892
2016-11,t9XsLKdMwA1,,504335,0.0273161183632361,19.45318961235181
2016-12,t9XsLKdMwA1,,504335,0.0685496899234095,16.305538953952055
2017-01,t9XsLKdMwA1,,504335,1.2292822429947252,14.22563590753315
2017-02,t9XsLKdMwA1,,504335,0.1873531125337026,17.84957442760708
2017-03,t9XsLKdMwA1,,504335,0.2600455460568697,21.165136554477623
2017-04,t9XsLKdMwA1,,504335,0.9269378441801772,27.16652218105794
2017-05,t9XsLKdMwA1,,504335,1.7310607193189471,29.47580816569049
2017-06,t9XsLKdMwA1,,504335,3.674041909954133,29.907951863069304
2017-07,t9XsLKdMwA1,,504335,13.395029059446518,27.10528885409693
2017-08,t9XsLKdMwA1,,504335,8.425118328976042,27.084940791996225
2017-09,t9XsLKdMwA1,,504335,6.020768488157461,27.12651930695297
2017-10,t9XsLKdMwA1,,504335,0.1243938671828232,24.345627258432216
2017-11,t9XsLKdMwA1,,504335,0.0485434740263392,19.21850661362177
2017-12,t9XsLKdMwA1,,504335,0.0986439826101188,16.026455302803367
2018-01,t9XsLKdMwA1,,504335,0.1531659543957673,13.286221374920387
2018-02,t9XsLKdMwA1,,504335,0.3757771084383702,17.620715918525967
2018-03,t9XsLKdMwA1,,504335,0.3413729471747113,22.47546439074876
2018-04,t9XsLKdMwA1,,504335,0.7918438605646044,26.16135056629848
2018-05,t9XsLKdMwA1,,504335,0.8576711228485169,29.05213236607755
2018-06,t9XsLKdMwA1,,504335,2.374446335634334,30.62414399730148
2018-07,t9XsLKdMwA1,,504335,12.28426814563381,27.83009986818196
2018-08,t9XsLKdMwA1,,504335,15.564322328716049,26.758720215801848
2018-09,t9XsLKdMwA1,,504335,3.9390026791926553,26.41606373223213
2018-10,t9XsLKdMwA1,,504335,0.0573954161851168,22.724658829337688
2018-11,t9XsLKdMwA1,,504335,0.0487335932098339,19.37819344007893
2018-12,t9XsLKdMwA1,,504335,0.0328066876636774,14.495567069183286
2019-01,t9XsLKdMwA1,,504335,1.2520761191068963,13.70922133241748
2019-02,t9XsLKdMwA1,,504335,2.9464056396644955,15.62559321790606
2019-03,t9XsLKdMwA1,,504335,0.3468717824242726,20.06389236745329
2019-04,t9XsLKdMwA1,,504335,0.5000367736690787,26.399524605182584
2019-05,t9XsLKdMwA1,,504335,0.4148548572619371,30.1801152772952
2019-06,t9XsLKdMwA1,,504335,2.881026435562469,31.13714554868026
2019-07,t9XsLKdMwA1,,504335,13.396000544822604,27.62515289689031
2019-08,t9XsLKdMwA1,,504335,10.400801956908788,27.724232016749788
2019-09,t9XsLKdMwA1,,504335,7.286613079047326,26.26999184276087
2019-10,t9XsLKdMwA1,,504335,0.5659162776985415,23.44570307453096
2019-11,t9XsLKdMwA1,,504335,0.0725195354376499,20.29034371456491
2019-12,t9XsLKdMwA1,,504335,1.5798557195805678,13.638829819357689
2020-01,t9XsLKdMwA1,,504335,2.680397438408095,13.095215458257456
2020-02,t9XsLKdMwA1,,504335,0.5871719486890659,15.580754929068398
2020-03,t9XsLKdMwA1,,504335,2.3321862433281546,19.40948554121894
2020-04,t9XsLKdMwA1,,504335,1.7616432029382472,24.56542935502756
2020-05,t9XsLKdMwA1,,504335,0.8734313645052442,27.18903162593225
2020-06,t9XsLKdMwA1,,504335,6.325096921164471,27.80559774493982
2020-07,t9XsLKdMwA1,,504335,15.781917940598817,27.06460382428329
2020-08,t9XsLKdMwA1,,504335,9.1159729192886,27.38382966449297
2020-09,t9XsLKdMwA1,,504335,3.391759663426493,27.26412784092642
2020-10,t9XsLKdMwA1,,504335,0.019624839297192,24.46269332071347
2020-11,t9XsLKdMwA1,,504335,0.0955644583105933,18.98262116070592
2020-12,t9XsLKdMwA1,,504335,0.0369349737718544,14.701482199430014
2021-01,t9XsLKdMwA1,,504335,0.1507979017978455,14.263050193613276
2021-02,t9XsLKdMwA1,,504335,0.1057721181061724,17.81882503861145
2021-03,t9XsLKdMwA1,,504335,0.0835952339275861,22.797983816899617
2021-04,t9XsLKdMwA1,,504335,0.3200864941809799,26.348630485660166
2021-05,t9XsLKdMwA1,,504335,5.752784211835684,26.360786043312785
2021-06,t9XsLKdMwA1,,504335,8.015469970591983,27.499844350611617
2021-07,t9XsLKdMwA1,,504335,12.653828964721004,27.56031787329613
2021-08,t9XsLKdMwA1,,504335,9.727584411891844,26.82685325079268
2021-09,t9XsLKdMwA1,,504335,3.6449722910304927,26.66760513583713
2021-10,t9XsLKdMwA1,,504335,5.108131614735839,24.223038199575484
2021-11,t9XsLKdMwA1,,504335,0.0153626665516184,18.67487371265613
2021-12,t9XsLKdMwA1,,504335,0.2293351958115264,14.70629075970984
2022-01,t9XsLKdMwA1,2.0,504335,1.8842849760830875,12.949623684940155
2022-02,t9XsLKdMwA1,0.0,504335,1.897905632020411,14.368982983236185
2022-03,t9XsLKdMwA1,0.0,504335,0.0222589087663731,22.95716657297502
2022-04,t9XsLKdMwA1,0.0,504335,0.1780439125343726,28.06072774214664
2022-05,t9XsLKdMwA1,2.0,504335,1.940695469510736,28.52435577034087
2022-06,t9XsLKdMwA1,4.0,504335,2.9046077349840127,30.519827787791048
2022-07,t9XsLKdMwA1,3.0,504335,6.75288684958965,28.079643529793103
2022-08,t9XsLKdMwA1,14.0,504335,7.699127704189954,27.745645091750376
2022-09,t9XsLKdMwA1,121.0,504335,4.509881851969084,26.39682813680832
2022-10,t9XsLKdMwA1,40.0,504335,4.739612544963067,22.66384137208543
2022-11,t9XsLKdMwA1,65.0,504335,0.0173712157379354,19.39419894294809
2022-12,t9XsLKdMwA1,22.0,504335,0.0025565263449861,15.365775029042505
2023-01,t9XsLKdMwA1,2.0,504335,0.3360316462097684,13.659585241187465
2023-02,t9XsLKdMwA1,12.0,504335,0.0044717504687097,17.896899634754963
2023-03,t9XsLKdMwA1,4.0,504335,0.5488750389920869,21.576907344742704
2023-04,t9XsLKdMwA1,7.0,504335,0.4495214252638238,25.362698463283166
2023-05,t9XsLKdMwA1,4.0,504335,0.7807924313957328,27.613676528815024
2023-06,t9XsLKdMwA1,5.0,504335,1.9178322214487709,31.0237995960849
2023-07,t9XsLKdMwA1,23.0,504335,10.255321502013478,27.858077664437783
2023-08,t9XsLKdMwA1,58.0,504335,7.584710324775529,27.446787354199152
2023-09,t9XsLKdMwA1,61.0,504335,1.8930340336918448,27.50231412842035
2023-10,t9XsLKdMwA1,102.0,504335,0.1231116711054226,24.077893513068982
2023-11,t9XsLKdMwA1,25.0,504335,0.0253997961225638,20.190252425437983
2023-12,t9XsLKdMwA1,3.0,504335,0.0372885671905626,15.929743923482803
2024-01,t9XsLKdMwA1,6.0,504335,0.047054143968556,13.17237384961203
2024-02,t9XsLKdMwA1,4.0,504335,0.3339690542025672,15.86827387102972
2024-03,t9XsLKdMwA1,7.0,504335,1.2473530575448075,21.04714797589704
2024-04,t9XsLKdMwA1,5.0,504335,0.0455956686793355,27.876240630209672
2024-05,t9XsLKdMwA1,4.0,504335,0.4044375686041832,30.65527849944098
2024-06,t9XsLKdMwA1,0.0,504335,1.990252365658249,31.913198890513005
2024-07,t9XsLKdMwA1,9.0,504335,19.611641219270403,28.23208703533184
2024-08,t9XsLKdMwA1,20.0,504335,8.396552599776655,27.300832296560124
2024-09,t9XsLKdMwA1,59.0,504335,9.669647897411568,26.95411368233737
2024-10,t9XsLKdMwA1,75.0,504335,0.2301080230492548,24.90006476659532
2024-11,t9XsLKdMwA1,38.0,504335,0.0779010507280567,20.27869891308297
2024-12,t9XsLKdMwA1,0.0,504335,0.4559943988253406,14.758084440888636
2016-01,tSE6ctwvZmP,,44990,2.0889424440337145,-6.05940822803664
2016-02,tSE6ctwvZmP,,44990,1.6380766505389304,-2.6476519161640057
2016-03,tSE6ctwvZmP,,44990,2.2242858197979745,-0.6179555724917659
2016-04,tSE6ctwvZmP,,44990,2.2784149035781853,2.8791579085793475
2016-05,tSE6ctwvZmP,,44990,5.149863975881634,5.423094310846772
2016-06,tSE6ctwvZmP,,44990,13.303067859040222,9.360777789167445
2016-07,tSE6ctwvZmP,,44990,26.23458584088633,10.292003239261405
2016-08,tSE6ctwvZmP,,44990,9.448898527297084,10.271806574480811
2016-09,tSE6ctwvZmP,,44990,11.999415316662116,8.671134549320664
2016-10,tSE6ctwvZmP,,44990,3.3331417671455306,5.079675910753134
2016-11,tSE6ctwvZmP,,44990,0.4680325834576381,1.8095368282552853
2016-12,tSE6ctwvZmP,,44990,0.8677100903974682,0.8605498794988439
2017-01,tSE6ctwvZmP,,44990,1.2424892972331611,-5.5935842069844295
2017-02,tSE6ctwvZmP,,44990,1.3075138541459776,-2.733489939913212
2017-03,tSE6ctwvZmP,,44990,4.990656196010772,-2.302394583972628
2017-04,tSE6ctwvZmP,,44990,3.888437006811408,2.3685011696402296
2017-05,tSE6ctwvZmP,,44990,5.918388207802435,5.283361699642963
2017-06,tSE6ctwvZmP,,44990,8.656025174220959,8.918121947189894
2017-07,tSE6ctwvZmP,,44990,18.51124058839435,10.283622009014346
2017-08,tSE6ctwvZmP,,44990,21.67202149374973,10.18381732757424
2017-09,tSE6ctwvZmP,,44990,6.231666173794099,8.880258106537978
2017-10,tSE6ctwvZmP,,44990,1.6959168007266,5.020600135553599
2017-11,tSE6ctwvZmP,,44990,1.095491359136877,0.127603814650628
2017-12,tSE6ctwvZmP,,44990,0.4368938455300992,0.1132184620810111
2018-01,tSE6ctwvZmP,,44990,0.8809074441667134,-2.193735291487084
2018-02,tSE6ctwvZmP,,44990,1.797885516269625,-3.03036165021496
2018-03,tSE6ctwvZmP,,44990,2.1982768322737773,-1.5854205521739084
2018-04,tSE6ctwvZmP,,44990,5.006715914119384,1.8583266125778417
2018-05,tSE6ctwvZmP,,44990,5.778874541037412,5.21035876723422
2018-06,tSE6ctwvZmP,,44990,14.30592021678604,9.014319984518911
2018-07,tSE6ctwvZmP,,44990,22.32794282429749,10.615451914752144
2018-08,tSE6ctwvZmP,,44990,19.523270748716524,10.398417257350282
2018-09,tSE6ctwvZmP,,44990,8.54387786693716,8.368883996147257
2018-10,tSE6ctwvZmP,,44990,1.32840391597315,2.3990737845744023
2018-11,tSE6ctwvZmP,,44990,1.505963895594205,0.1840647398121292
2018-12,tSE6ctwvZmP,,44990,1.4140774803647842,-4.400683579178335
2019-01,tSE6ctwvZmP,,44990,2.928099836478762,-7.684775840044292
2019-02,tSE6ctwvZmP,,44990,5.368751590966501,-5.410147326448476
2019-03,tSE6ctwvZmP,,44990,2.0267829383698546,-2.381248445754728
2019-04,tSE6ctwvZmP,,44990,2.8278529064095084,1.826658325473858
2019-05,tSE6ctwvZmP,,44990,2.8352602213360907,5.258978195433827
2019-06,tSE6ctwvZmP,,44990,7.339771426734374,8.822820606899825
2019-07,tSE6ctwvZmP,,44990,21.810930877503274,10.15404711152106
2019-08,tSE6ctwvZmP,,44990,13.377655376680986,10.544344816186063
2019-09,tSE6ctwvZmP,,44990,16.715700533672717,8.567370616323451
2019-10,tSE6ctwvZmP,,44990,1.6996148629660572,4.293684914459843
2019-11,tSE6ctwvZmP,,44990,0.8254489548309837,1.948002847987547
2019-12,tSE6ctwvZmP,,44990,1.8281205959287607,-4.72960354603039
2020-01,tSE6ctwvZmP,,44990,4.800386177533782,-7.145018029373581
2020-02,tSE6ctwvZmP,,44990,1.706541458006882,-4.89529022332781
2020-03,tSE6ctwvZmP,,44990,2.0372430033789497,-2.6706315965421648
2020-04,tSE6ctwvZmP,,44990,4.402091509761542,0.4081361855088852
2020-05,tSE6ctwvZmP,,44990,6.924181655309095,4.589702010571167
2020-06,tSE6ctwvZmP,,44990,16.89813193513457,8.600831403413398
2020-07,tSE6ctwvZmP,,44990,22.540984306456345,10.10711518433875
2020-08,tSE6ctwvZmP,,44990,18.851713318508825,10.773580254629223
2020-09,tSE6ctwvZmP,,44990,12.57195287365315,9.310143024773865
2020-10,tSE6ctwvZmP,,44990,1.0754313311614525,6.220271503377454
2020-11,tSE6ctwvZmP,,44990,0.500567062981238,-0.0312188431627946
2020-12,tSE6ctwvZmP,,44990,0.6040279175446144,-1.7707397719725182
2021-01,tSE6ctwvZmP,,44990,0.9439217562224512,-1.7051665733422618
2021-02,tSE6ctwvZmP,,44990,1.8051285601579647,-3.7139190018045376
2021-03,tSE6ctwvZmP,,44990,2.985361320265568,-0.6064243924928131
2021-04,tSE6ctwvZmP,,44990,2.324207874801845,0.8106255931773058
2021-05,tSE6ctwvZmP,,44990,9.556012532678864,5.48084715824291
2021-06,tSE6ctwvZmP,,44990,15.411517548740743,8.983286592781976
2021-07,tSE6ctwvZmP,,44990,21.94059774935619,10.318114671927058
2021-08,tSE6ctwvZmP,,44990,20.358407955768307,10.212694836023044
2021-09,tSE6ctwvZmP,,44990,11.750473431480504,8.680438366400095
2021-10,tSE6ctwvZmP,,44990,6.696100868861408,5.556190103071748
2021-11,tSE6ctwvZmP,,44990,1.238598988091732,0.8629614317508767
2021-12,tSE6ctwvZmP,,44990,2.653290482045068,-4.1635711165175335
2022-01,tSE6ctwvZmP,0.0,44990,2.129969263384048,-7.294279464729364
2022-02,tSE6ctwvZmP,0.0,44990,3.686762417714178,-6.645142812995879
2022-03,tSE6ctwvZmP,0.0,44990,0.8401599039344078,0.6855456359048157
2022-04,tSE6ctwvZmP,0.0,44990,3.541260915586017,4.035829289819498
2022-05,tSE6ctwvZmP,0.0,44990,8.105500380557505,6.070842869101204
2022-06,tSE6ctwvZmP,0.0,44990,17.542582975167555,9.247862717320668
2022-07,tSE6ctwvZmP,0.0,44990,17.286571023039567,10.61783224983021
2022-08,tSE6ctwvZmP,0.0,44990,14.33373977719936,10.557899805908066
2022-09,tSE6ctwvZmP,6.0,44990,6.206683597360362,8.715470274460456
2022-10,tSE6ctwvZmP,5.0,44990,2.460897365877259,3.632049423928392
2022-11,tSE6ctwvZmP,0.0,44990,0.3922067779127212,1.0501208586166615
2022-12,tSE6ctwvZmP,0.0,44990,0.4267697554542373,-0.6522667022592539
2023-01,tSE6ctwvZmP,0.0,44990,0.2756141392967937,-3.2277739123145004
2023-02,tSE6ctwvZmP,0.0,44990,1.2051288290868345,-1.9946926743165805
2023-03,tSE6ctwvZmP,0.0,44990,1.6924624781567643,-2.0923237241714108
2023-04,tSE6ctwvZmP,0.0,44990,1.4707124801667624,1.0576555254373687
2023-05,tSE6ctwvZmP,1.0,44990,2.756043691104473,3.92077639835378
2023-06,tSE6ctwvZmP,2.0,44990,6.899713080676593,8.92553787824655
2023-07,tSE6ctwvZmP,4.0,44990,9.176125039919858,10.796257964818642
2023-08,tSE6ctwvZmP,11.0,44990,9.579140871074848,10.679997008845074
2023-09,tSE6ctwvZmP,5.0,44990,4.318113702644157,9.513153283635654
2023-10,tSE6ctwvZmP,3.0,44990,2.138628955514353,3.7174117939962144
2023-11,tSE6ctwvZmP,2.0,44990,0.5947640266004669,0.4310741572072648
2023-12,tSE6ctwvZmP,0.0,44990,0.5618017093177352,-2.3712444564007025
2024-01,tSE6ctwvZmP,1.0,44990,1.0331518384947225,-5.729577817431735
2024-02,tSE6ctwvZmP,0.0,44990,0.8954552542888241,-5.103845267756324
2024-03,tSE6ctwvZmP,0.0,44990,2.933566236101582,-1.7483775313826544
2024-04,tSE6ctwvZmP,0.0,44990,1.353914180037119,2.490271652725591
2024-05,tSE6ctwvZmP,0.0,44990,4.514871418279596,6.598950579134825
2024-06,tSE6ctwvZmP,0.0,44990,15.587517356211032,9.900008315702832
2024-07,tSE6ctwvZmP,0.0,44990,22.27434897614077,11.536177435871387
2024-08,tSE6ctwvZmP,4.0,44990,16.72363575957113,10.65229318783446
2024-09,tSE6ctwvZmP,6.0,44990,16.376642635883055,9.485406360277617
2024-10,tSE6ctwvZmP,16.0,44990,1.982759341848347,4.890398943424051
2024-11,tSE6ctwvZmP,4.0,44990,2.1679993818446106,1.2849660052567542
2024-12,tSE6ctwvZmP,0.0,44990,0.8482922602140216,-1.7440298505635947
2016-01,uHEl9oRZm8L,,152517,7.522393147345207,-3.4111031016114515
2016-02,uHEl9oRZm8L,,152517,8.101428880797954,1.122439294804875
2016-03,uHEl9oRZm8L,,152517,8.808919497272605,2.715536248084104
2016-04,uHEl9oRZm8L,,152517,5.719030630361389,6.653693462417229
2016-05,uHEl9oRZm8L,,152517,13.050806381168409,8.714317222437396
2016-06,uHEl9oRZm8L,,152517,20.12451942247097,12.137574041919535
2016-07,uHEl9oRZm8L,,152517,31.126185421624434,12.79452566766482
2016-08,uHEl9oRZm8L,,152517,10.697876675253784,13.209849603253858
2016-09,uHEl9oRZm8L,,152517,20.157799857408808,11.879448123113876
2016-10,uHEl9oRZm8L,,152517,5.32181354252021,8.59549483000374
2016-11,uHEl9oRZm8L,,152517,2.6604771339057063,3.5817274739118354
2016-12,uHEl9oRZm8L,,152517,2.7554950259273188,2.3955672100752694
2017-01,uHEl9oRZm8L,,152517,6.342631942692669,-2.5429021414391872
2017-02,uHEl9oRZm8L,,152517,9.156724475840916,-0.1184128213653198
2017-03,uHEl9oRZm8L,,152517,12.560738269416532,1.1093861163455858
2017-04,uHEl9oRZm8L,,152517,10.839302469455282,5.853497848009755
2017-05,uHEl9oRZm8L,,152517,11.6940939233849,8.383381898546249
2017-06,uHEl9oRZm8L,,152517,16.52441430836013,12.048773658421224
2017-07,uHEl9oRZm8L,,152517,23.05055814211014,12.979730118251204
2017-08,uHEl9oRZm8L,,152517,25.43646430945011,13.136947458674053
2017-09,uHEl9oRZm8L,,152517,13.902410349563905,12.07059230764776
2017-10,uHEl9oRZm8L,,152517,7.065486031982286,8.468950749783387
2017-11,uHEl9oRZm8L,,152517,3.73855161244858,3.015489716676455
2017-12,uHEl9oRZm8L,,152517,3.855459185755111,2.129526868706244
2018-01,uHEl9oRZm8L,,152517,3.957281418776997,-0.7208342974767525
2018-02,uHEl9oRZm8L,,152517,10.377419381633194,0.232477543750746
2018-03,uHEl9oRZm8L,,152517,10.658949953472876,1.778022218266017
2018-04,uHEl9oRZm8L,,152517,11.20406019174458,5.38638154086588
2018-05,uHEl9oRZm8L,,152517,14.364771765142988,8.443372888465042
2018-06,uHEl9oRZm8L,,152517,22.592887427237464,12.240220530690438
2018-07,uHEl9oRZm8L,,152517,27.326958018272144,13.277779935694593
2018-08,uHEl9oRZm8L,,152517,22.099487407174312,13.152536760090472
2018-09,uHEl9oRZm8L,,152517,15.624495443313466,11.679779430954053
2018-10,uHEl9oRZm8L,,152517,9.805355209595254,5.118964363401073
2018-11,uHEl9oRZm8L,,152517,6.502562049128148,2.052347518118799
2018-12,uHEl9oRZm8L,,152517,3.94430167431635,-1.437171007126876
2019-01,uHEl9oRZm8L,,152517,5.472971880069169,-3.585905315344592
2019-02,uHEl9oRZm8L,,152517,12.420252270493544,-1.657381658494688
2019-03,uHEl9oRZm8L,,152517,10.310884957082903,0.8549750954265122
2019-04,uHEl9oRZm8L,,152517,6.909186489227397,4.904486422481423
2019-05,uHEl9oRZm8L,,152517,13.932583797552146,8.443083531166502
2019-06,uHEl9oRZm8L,,152517,20.477348565328786,12.102031342913188
2019-07,uHEl9oRZm8L,,152517,30.08758125480624,12.90564628820094
2019-08,uHEl9oRZm8L,,152517,12.831313131298742,13.337106746359716
2019-09,uHEl9oRZm8L,,152517,17.506275400584737,11.813484330495962
2019-10,uHEl9oRZm8L,,152517,6.3548166490271925,7.855153890487361
2019-11,uHEl9oRZm8L,,152517,6.522766272845676,4.119835179235926
2019-12,uHEl9oRZm8L,,152517,5.637384184471807,-1.9515791894816048
2020-01,uHEl9oRZm8L,,152517,10.268079946502304,-3.594731332465244
2020-02,uHEl9oRZm8L,,152517,6.311068826391631,-2.08226446093049
2020-03,uHEl9oRZm8L,,152517,10.75393222081258,0.702316388510778
2020-04,uHEl9oRZm8L,,152517,9.037577082890802,4.043503434890098
2020-05,uHEl9oRZm8L,,152517,15.3809848044667,7.843626463593986
2020-06,uHEl9oRZm8L,,152517,19.677587934588093,11.709045603552834
2020-07,uHEl9oRZm8L,,152517,33.88959937418644,12.72074359669086
2020-08,uHEl9oRZm8L,,152517,15.44545499181998,13.362405275841471
2020-09,uHEl9oRZm8L,,152517,26.53732478465849,12.023572655770202
2020-10,uHEl9oRZm8L,,152517,2.0654473551700407,9.564882208589715
2020-11,uHEl9oRZm8L,,152517,4.764284408734127,2.5906971163342227
2020-12,uHEl9oRZm8L,,152517,6.0031931278258295,0.198751985947108
2021-01,uHEl9oRZm8L,,152517,5.575623005084856,0.6132378990040757
2021-02,uHEl9oRZm8L,,152517,6.0476744092186365,-0.6231976313854631
2021-03,uHEl9oRZm8L,,152517,8.904750256561684,2.5782499907898724
2021-04,uHEl9oRZm8L,,152517,6.69829877583684,4.42340913538948
2021-05,uHEl9oRZm8L,,152517,16.863333669647844,8.644438898552654
2021-06,uHEl9oRZm8L,,152517,18.84434528100341,11.870166763218643
2021-07,uHEl9oRZm8L,,152517,21.351597923477843,13.025887170702756
2021-08,uHEl9oRZm8L,,152517,24.33571044472949,12.78374607851198
2021-09,uHEl9oRZm8L,,152517,10.561214564690438,11.954326232540817
2021-10,uHEl9oRZm8L,,152517,10.509689078506176,9.129490989606897
2021-11,uHEl9oRZm8L,,152517,4.506730462646166,3.378280857509661
2021-12,uHEl9oRZm8L,,152517,4.667059259284196,-0.5991449695019474
2022-01,uHEl9oRZm8L,0.0,152517,5.159849703893772,-4.162329152496749
2022-02,uHEl9oRZm8L,0.0,152517,11.0358461983166,-3.624504129204803
2022-03,uHEl9oRZm8L,0.0,152517,5.444227652073011,4.069505223957138
2022-04,uHEl9oRZm8L,1.0,152517,11.388072319353672,7.269291249819903
2022-05,uHEl9oRZm8L,0.0,152517,15.787513135975928,9.4101566735146
2022-06,uHEl9oRZm8L,11.0,152517,29.920628914760204,11.865569554807523
2022-07,uHEl9oRZm8L,30.0,152517,18.212345221016047,13.164173363892886
2022-08,uHEl9oRZm8L,15.0,152517,14.287408330319312,13.187685098807746
2022-09,uHEl9oRZm8L,64.0,152517,8.939461232099081,11.838002890777055
2022-10,uHEl9oRZm8L,144.0,152517,4.035413963982466,7.625117380952989
2022-11,uHEl9oRZm8L,39.0,152517,1.8583039770313747,3.2159476387948
2022-12,uHEl9oRZm8L,14.0,152517,2.3903194537811023,1.1021472852618848
2023-01,uHEl9oRZm8L,0.0,152517,2.3072856816393483,-0.6095672900655543
2023-02,uHEl9oRZm8L,1.0,152517,4.608488607022882,0.8100209130203538
2023-03,uHEl9oRZm8L,0.0,152517,4.795774763551062,1.5463992361256242
2023-04,uHEl9oRZm8L,0.0,152517,3.884239529965272,4.975488647836484
2023-05,uHEl9oRZm8L,13.0,152517,6.611023453171887,7.4495632000667475
2023-06,uHEl9oRZm8L,35.0,152517,11.108298428752464,11.919355499671388
2023-07,uHEl9oRZm8L,63.0,152517,10.507043428708618,13.340600383263022
2023-08,uHEl9oRZm8L,310.0,152517,12.085039899600382,13.480056309214104
2023-09,uHEl9oRZm8L,467.0,152517,4.482544823305442,12.593371773788949
2023-10,uHEl9oRZm8L,244.0,152517,3.997669145716281,7.524986164125399
2023-11,uHEl9oRZm8L,20.0,152517,1.3930879004236023,3.292275847335901
2023-12,uHEl9oRZm8L,2.0,152517,1.663280710745247,0.1284528696620494
2024-01,uHEl9oRZm8L,3.0,152517,2.650254369687562,-2.5767547099964787
2024-02,uHEl9oRZm8L,8.0,152517,4.257804674025551,-0.8120633686513224
2024-03,uHEl9oRZm8L,6.0,152517,9.374934688155871,2.4888100970212226
2024-04,uHEl9oRZm8L,6.0,152517,4.403339936022569,6.919858009921293
2024-05,uHEl9oRZm8L,4.0,152517,11.379206824760312,9.784254081305178
2024-06,uHEl9oRZm8L,5.0,152517,31.78706723228625,12.726813163271895
2024-07,uHEl9oRZm8L,27.0,152517,23.15062168783131,14.207336866843043
2024-08,uHEl9oRZm8L,32.0,152517,15.889667685178484,13.494028877446588
2024-09,uHEl9oRZm8L,50.0,152517,10.552774861713036,12.86577371479063
2024-10,uHEl9oRZm8L,25.0,152517,8.17669699054664,8.43921124300697
2024-11,uHEl9oRZm8L,7.0,152517,3.751687146707172,4.099688981255242
2024-12,uHEl9oRZm8L,0.0,152517,5.228805583387456,0.6786970648319526
2016-01,uyGkoQ4F9rT,,138174,0.4466502196059335,10.50872027591424
2016-02,uyGkoQ4F9rT,,138174,1.124783674376429,13.965564236392131
2016-03,uyGkoQ4F9rT,,138174,1.3365755051934798,17.897979462861116
2016-04,uyGkoQ4F9rT,,138174,0.3427883624113136,23.121963949436648
2016-05,uyGkoQ4F9rT,,138174,4.704767235291071,22.65143243389253
2016-06,uyGkoQ4F9rT,,138174,12.637966049735075,23.22360773326273
2016-07,uyGkoQ4F9rT,,138174,34.146375670053835,22.54390682946958
2016-08,uyGkoQ4F9rT,,138174,11.46490156230455,23.061794912488427
2016-09,uyGkoQ4F9rT,,138174,10.064922943069384,21.90745523654775
2016-10,uyGkoQ4F9rT,,138174,1.2125750646930364,19.55871618718385
2016-11,uyGkoQ4F9rT,,138174,0.0297893850782666,16.072051215081522
2016-12,uyGkoQ4F9rT,,138174,0.1393223536236228,13.46297333876109
2017-01,uyGkoQ4F9rT,,138174,1.9571827708721503,10.498231253187631
2017-02,uyGkoQ4F9rT,,138174,0.5753496699824834,14.21509006411363
2017-03,uyGkoQ4F9rT,,138174,1.1667542499555426,16.242825680589743
2017-04,uyGkoQ4F9rT,,138174,2.9707616787395423,21.206645764928155
2017-05,uyGkoQ4F9rT,,138174,4.889701540362344,22.656431222244063
2017-06,uyGkoQ4F9rT,,138174,7.173152144381811,23.510115043322003
2017-07,uyGkoQ4F9rT,,138174,19.90259117041905,22.63177669045883
2017-08,uyGkoQ4F9rT,,138174,13.462837175411186,22.593076274258262
2017-09,uyGkoQ4F9rT,,138174,6.656438407190986,22.159225302609897
2017-10,uyGkoQ4F9rT,,138174,0.4462023870915884,19.763572426984386
2017-11,uyGkoQ4F9rT,,138174,0.3016089839687361,15.203027367391684
2017-12,uyGkoQ4F9rT,,138174,0.3313939630949674,12.963012191288623
2018-01,uyGkoQ4F9rT,,138174,0.4192782060359128,10.846034817773182
2018-02,uyGkoQ4F9rT,,138174,0.5874277377336174,14.043396345970232
2018-03,uyGkoQ4F9rT,,138174,0.9154382614254264,17.747612514763887
2018-04,uyGkoQ4F9rT,,138174,2.4293324728152625,20.365592226430547
2018-05,uyGkoQ4F9rT,,138174,2.557147727775884,23.03563650719844
2018-06,uyGkoQ4F9rT,,138174,10.06317862466046,23.95012179524863
2018-07,uyGkoQ4F9rT,,138174,21.478857532563048,23.1369237162014
2018-08,uyGkoQ4F9rT,,138174,19.75815509683633,22.26443949451563
2018-09,uyGkoQ4F9rT,,138174,6.252921125678446,21.62903740952149
2018-10,uyGkoQ4F9rT,,138174,0.2697614826530712,18.172258450036143
2018-11,uyGkoQ4F9rT,,138174,0.1904170117051709,15.390431154679446
2018-12,uyGkoQ4F9rT,,138174,0.2835474106137399,10.807442972631073
2019-01,uyGkoQ4F9rT,,138174,3.093690677847861,9.663064638141034
2019-02,uyGkoQ4F9rT,,138174,4.520781040247223,11.114697277934356
2019-03,uyGkoQ4F9rT,,138174,1.228685227490632,15.2816628818472
2019-04,uyGkoQ4F9rT,,138174,2.3919765914124054,20.533780959643828
2019-05,uyGkoQ4F9rT,,138174,1.4969415494268767,24.006331289455016
2019-06,uyGkoQ4F9rT,,138174,4.590431427727541,25.060388863858293
2019-07,uyGkoQ4F9rT,,138174,20.85618028498837,22.92242399210991
2019-08,uyGkoQ4F9rT,,138174,13.205387609902049,23.12908972824381
2019-09,uyGkoQ4F9rT,,138174,12.571222167049052,21.74053641702076
2019-10,uyGkoQ4F9rT,,138174,0.8863929096632184,18.71456185912118
2019-11,uyGkoQ4F9rT,,138174,0.3696788684656536,16.467778567806597
2019-12,uyGkoQ4F9rT,,138174,1.87906817134934,10.37467147361814
2020-01,uyGkoQ4F9rT,,138174,4.149601054579955,9.215999222501477
2020-02,uyGkoQ4F9rT,,138174,1.4783469676759704,11.81977797604266
2020-03,uyGkoQ4F9rT,,138174,4.080320535983291,14.73326263234065
2020-04,uyGkoQ4F9rT,,138174,3.816438503722665,19.050017134161784
2020-05,uyGkoQ4F9rT,,138174,3.233918540912126,21.72089201130945
2020-06,uyGkoQ4F9rT,,138174,12.96163856619604,22.647333487228217
2020-07,uyGkoQ4F9rT,,138174,18.57468647834339,22.740625137479903
2020-08,uyGkoQ4F9rT,,138174,15.649223726273355,22.98155878094345
2020-09,uyGkoQ4F9rT,,138174,4.525984556732884,22.64884731573358
2020-10,uyGkoQ4F9rT,,138174,0.2783960624371503,20.244103553463287
2020-11,uyGkoQ4F9rT,,138174,0.3111006471049601,15.088652386549931
2020-12,uyGkoQ4F9rT,,138174,0.0466256810616544,11.922392299528044
2021-01,uyGkoQ4F9rT,,138174,0.3043361183163943,11.377460666952404
2021-02,uyGkoQ4F9rT,,138174,0.5553956178149454,13.60254329073247
2021-03,uyGkoQ4F9rT,,138174,0.4588360969137494,17.983166216216393
2021-04,uyGkoQ4F9rT,,138174,1.4809762018828787,20.71806204694917
2021-05,uyGkoQ4F9rT,,138174,8.34555356363677,21.126155529250266
2021-06,uyGkoQ4F9rT,,138174,12.496384051812438,22.658254988368384
2021-07,uyGkoQ4F9rT,,138174,16.471952948549962,23.06366184104135
2021-08,uyGkoQ4F9rT,,138174,17.07564896487666,22.42347727605394
2021-09,uyGkoQ4F9rT,,138174,7.105483457730976,22.114900816367417
2021-10,uyGkoQ4F9rT,,138174,9.073958166004823,19.84449848594065
2021-11,uyGkoQ4F9rT,,138174,0.0995619932310758,15.07870572004946
2021-12,uyGkoQ4F9rT,,138174,0.758234479244062,11.048039120053566
2022-01,uyGkoQ4F9rT,0.0,138174,3.006160026236807,9.242702501929406
2022-02,uyGkoQ4F9rT,0.0,138174,2.7053132473064503,10.345458800392034
2022-03,uyGkoQ4F9rT,0.0,138174,0.2753109873959877,18.656493963070705
2022-04,uyGkoQ4F9rT,0.0,138174,0.544036384071339,23.51295486634611
2022-05,uyGkoQ4F9rT,0.0,138174,6.534055796896566,22.21338654207665
2022-06,uyGkoQ4F9rT,1.0,138174,6.265345061316172,24.64961617488594
2022-07,uyGkoQ4F9rT,1.0,138174,14.235360519840292,23.228293195837463
2022-08,uyGkoQ4F9rT,5.0,138174,13.898014325921745,23.1439582631918
2022-09,uyGkoQ4F9rT,23.0,138174,6.0155155800952524,21.62624730448637
2022-10,uyGkoQ4F9rT,8.0,138174,5.898313149385832,18.101979013631343
2022-11,uyGkoQ4F9rT,4.0,138174,0.0721204829702954,15.365515654100545
2022-12,uyGkoQ4F9rT,0.0,138174,0.0113340123175331,12.424815892183052
2023-01,uyGkoQ4F9rT,0.0,138174,0.369064076699294,10.834860476291642
2023-02,uyGkoQ4F9rT,1.0,138174,0.1155383586949808,14.382011115323312
2023-03,uyGkoQ4F9rT,1.0,138174,1.8103827104993728,16.111098417616056
2023-04,uyGkoQ4F9rT,0.0,138174,1.4194806099031647,19.402097704184754
2023-05,uyGkoQ4F9rT,0.0,138174,2.114846391431777,21.43259842511901
2023-06,uyGkoQ4F9rT,2.0,138174,2.8277609875347416,24.548880710902388
2023-07,uyGkoQ4F9rT,5.0,138174,11.277327036536647,23.2557231369548
2023-08,uyGkoQ4F9rT,20.0,138174,9.239197575819356,22.813070458042844
2023-09,uyGkoQ4F9rT,10.0,138174,4.1794203507236976,22.69529235489933
2023-10,uyGkoQ4F9rT,9.0,138174,0.5166145448990072,18.99132322895745
2023-11,uyGkoQ4F9rT,2.0,138174,0.2350084554484128,15.588169965365664
2023-12,uyGkoQ4F9rT,0.0,138174,0.0804797328119469,12.340007132330898
2024-01,uyGkoQ4F9rT,0.0,138174,0.1534661894484468,10.077281231875896
2024-02,uyGkoQ4F9rT,0.0,138174,0.7821380850289675,11.511305969316556
2024-03,uyGkoQ4F9rT,1.0,138174,1.8445300520505363,16.407715521315467
2024-04,uyGkoQ4F9rT,0.0,138174,0.3519336752304564,21.88105984846305
2024-05,uyGkoQ4F9rT,2.0,138174,2.2950985919592592,24.383695894208635
2024-06,uyGkoQ4F9rT,2.0,138174,3.715365256554838,26.363448570769084
2024-07,uyGkoQ4F9rT,3.0,138174,32.679537405094415,23.782382324095995
2024-08,uyGkoQ4F9rT,6.0,138174,13.291876785294033,23.01740851368918
2024-09,uyGkoQ4F9rT,53.0,138174,9.415078800786464,22.63142728836092
2024-10,uyGkoQ4F9rT,85.0,138174,0.7003370990388473,20.168835419576443
2024-11,uyGkoQ4F9rT,21.0,138174,0.2893162494208896,16.161758476642053
2024-12,uyGkoQ4F9rT,0.0,138174,0.5388698675107246,11.601268057774869
2016-01,vjL1uSC10Jh,,140927,1.918027514579429,-1.064832569732466
2016-02,vjL1uSC10Jh,,140927,1.6875687737658862,1.9190479373368423
2016-03,vjL1uSC10Jh,,140927,2.3390622243344934,4.945566992282093
2016-04,vjL1uSC10Jh,,140927,1.173044994660214,9.77064666768162
2016-05,vjL1uSC10Jh,,140927,3.494799401612465,11.314798047744771
2016-06,vjL1uSC10Jh,,140927,6.567639934797823,14.196073266714084
2016-07,vjL1uSC10Jh,,140927,15.781193148692507,14.641101851962707
2016-08,vjL1uSC10Jh,,140927,9.969311251631185,14.39359925172566
2016-09,vjL1uSC10Jh,,140927,3.771024749817896,13.1853914819107
2016-10,vjL1uSC10Jh,,140927,1.236038566048434,9.843945867997348
2016-11,vjL1uSC10Jh,,140927,0.1757953247441346,6.400358445638896
2016-12,vjL1uSC10Jh,,140927,0.668060015419778,5.119016309308741
2017-01,vjL1uSC10Jh,,140927,3.0712888071488105,-2.883539038536681
2017-02,vjL1uSC10Jh,,140927,1.7237782864158595,1.6403210424019996
2017-03,vjL1uSC10Jh,,140927,2.74808315808154,2.924561067279793
2017-04,vjL1uSC10Jh,,140927,3.2714289239813583,8.443397123197988
2017-05,vjL1uSC10Jh,,140927,3.915705565128861,10.725907496929471
2017-06,vjL1uSC10Jh,,140927,5.273024109530747,13.506873107184967
2017-07,vjL1uSC10Jh,,140927,17.165513615634822,14.54367031074962
2017-08,vjL1uSC10Jh,,140927,11.213190424978713,14.55739708794259
2017-09,vjL1uSC10Jh,,140927,4.950748804709939,13.100041529370218
2017-10,vjL1uSC10Jh,,140927,0.8792226612316988,9.82421049341569
2017-11,vjL1uSC10Jh,,140927,1.045520162203559,4.721181404041327
2017-12,vjL1uSC10Jh,,140927,1.1580958748238286,2.3693398129483927
2018-01,vjL1uSC10Jh,,140927,1.069983889541184,1.3629724196777049
2018-02,vjL1uSC10Jh,,140927,2.070215247690387,1.3831783658924075
2018-03,vjL1uSC10Jh,,140927,1.9057274998660343,4.373087083134737
2018-04,vjL1uSC10Jh,,140927,2.7364201760536595,7.947312208247658
2018-05,vjL1uSC10Jh,,140927,2.4543887079905207,11.362893299118124
2018-06,vjL1uSC10Jh,,140927,5.717881736767306,14.205855401324404
2018-07,vjL1uSC10Jh,,140927,17.899754632941594,14.969890867817064
2018-08,vjL1uSC10Jh,,140927,17.911542590923197,14.37570104159007
2018-09,vjL1uSC10Jh,,140927,5.528475198860014,12.48453265241446
2018-10,vjL1uSC10Jh,,140927,0.4314199627197111,7.445619298664599
2018-11,vjL1uSC10Jh,,140927,1.034737062002724,4.7666349074045655
2018-12,vjL1uSC10Jh,,140927,0.8915521383177556,-0.1930774268849412
2019-01,vjL1uSC10Jh,,140927,5.487470897712307,-3.16581300809496
2019-02,vjL1uSC10Jh,,140927,8.221644372033413,-1.831492861433931
2019-03,vjL1uSC10Jh,,140927,2.152069230352495,1.681264972594475
2019-04,vjL1uSC10Jh,,140927,2.372054016387327,7.108208017335198
2019-05,vjL1uSC10Jh,,140927,2.062308059688809,11.019027973778414
2019-06,vjL1uSC10Jh,,140927,3.339945057046084,13.917530048446467
2019-07,vjL1uSC10Jh,,140927,14.344292280527396,14.487388802771374
2019-08,vjL1uSC10Jh,,140927,12.102895371120182,14.638841642577871
2019-09,vjL1uSC10Jh,,140927,9.34949505914729,13.131718071524269
2019-10,vjL1uSC10Jh,,140927,1.1249780434402503,8.834247446690597
2019-11,vjL1uSC10Jh,,140927,1.723726786244153,5.228363681120015
2019-12,vjL1uSC10Jh,,140927,2.5407051010091584,-2.983787378979892
2020-01,vjL1uSC10Jh,,140927,5.9258222287529945,-3.628795848599797
2020-02,vjL1uSC10Jh,,140927,0.7870162325617335,-1.4309707593029724
2020-03,vjL1uSC10Jh,,140927,3.283374007569469,1.579715892831263
2020-04,vjL1uSC10Jh,,140927,3.137038907819187,6.04168564245016
2020-05,vjL1uSC10Jh,,140927,3.394774528511373,10.115199904692377
2020-06,vjL1uSC10Jh,,140927,7.910708282416731,13.155207629575308
2020-07,vjL1uSC10Jh,,140927,13.18173992072458,14.529733360791818
2020-08,vjL1uSC10Jh,,140927,12.836789829639171,14.807206172750128
2020-09,vjL1uSC10Jh,,140927,4.360017946076177,13.639340671192253
2020-10,vjL1uSC10Jh,,140927,0.3727657584381026,10.266031436725545
2020-11,vjL1uSC10Jh,,140927,1.298175437191115,3.7030123620830113
2020-12,vjL1uSC10Jh,,140927,0.2904102603890576,1.5685999725580897
2021-01,vjL1uSC10Jh,,140927,1.3330974703139418,1.2485002923579398
2021-02,vjL1uSC10Jh,,140927,1.1663301757505609,1.6331216625009926
2021-03,vjL1uSC10Jh,,140927,1.9054017871966764,4.829732303031998
2021-04,vjL1uSC10Jh,,140927,3.7057188541244086,6.116408814498712
2021-05,vjL1uSC10Jh,,140927,7.06051218693654,9.902489051461826
2021-06,vjL1uSC10Jh,,140927,12.050784026848596,13.104094566303884
2021-07,vjL1uSC10Jh,,140927,12.853983574581113,14.693393654261346
2021-08,vjL1uSC10Jh,,140927,12.55265178377313,14.309458250768907
2021-09,vjL1uSC10Jh,,140927,7.307751922594192,13.224357065101016
2021-10,vjL1uSC10Jh,,140927,6.268705718570738,9.836357938430988
2021-11,vjL1uSC10Jh,,140927,0.4451760408161592,4.873457060929509
2021-12,vjL1uSC10Jh,,140927,2.586451396547835,-1.3399373273812
2022-01,vjL1uSC10Jh,0.0,140927,2.880574527056512,-3.886839782431433
2022-02,vjL1uSC10Jh,0.0,140927,3.361123525890576,-2.6183823382908167
2022-03,vjL1uSC10Jh,0.0,140927,0.3790723270091992,5.662192174946539
2022-04,vjL1uSC10Jh,0.0,140927,1.006614291726437,10.403636755057224
2022-05,vjL1uSC10Jh,1.0,140927,3.555191763316987,11.38262249300199
2022-06,vjL1uSC10Jh,0.0,140927,5.427114586730294,14.212127914281586
2022-07,vjL1uSC10Jh,1.0,140927,12.07193611189889,14.784017588359411
2022-08,vjL1uSC10Jh,5.0,140927,10.954388478094977,14.52540270496408
2022-09,vjL1uSC10Jh,11.0,140927,5.270324283025682,12.574974278588892
2022-10,vjL1uSC10Jh,7.0,140927,5.538568867561327,7.376285745844647
2022-11,vjL1uSC10Jh,1.0,140927,0.2458533546038806,4.623495394434586
2022-12,vjL1uSC10Jh,0.0,140927,0.111370329319851,2.7235847758417755
2023-01,vjL1uSC10Jh,1.0,140927,1.310115912820665,-0.6021728362129577
2023-02,vjL1uSC10Jh,0.0,140927,0.5200415152866714,2.105812017989584
2023-03,vjL1uSC10Jh,1.0,140927,1.5905951265475216,3.4899842311110896
2023-04,vjL1uSC10Jh,0.0,140927,1.8669748844894445,6.289016752957808
2023-05,vjL1uSC10Jh,0.0,140927,2.1604547459492784,9.072973429028009
2023-06,vjL1uSC10Jh,2.0,140927,3.1951673637275886,13.400424317835524
2023-07,vjL1uSC10Jh,2.0,140927,6.722962448259596,14.793219088400184
2023-08,vjL1uSC10Jh,32.0,140927,7.161377087856194,14.683553745010569
2023-09,vjL1uSC10Jh,30.0,140927,2.965894756673133,13.622410980184444
2023-10,vjL1uSC10Jh,13.0,140927,0.9644014847236898,8.398561323129083
2023-11,vjL1uSC10Jh,9.0,140927,0.5086986895494422,4.541719173045158
2023-12,vjL1uSC10Jh,3.0,140927,0.3111472355575111,1.6023677386700417
2024-01,vjL1uSC10Jh,2.0,140927,0.6652676448170565,-0.2693463875584011
2024-02,vjL1uSC10Jh,4.0,140927,2.0000305691021474,-1.4824124437768469
2024-03,vjL1uSC10Jh,5.0,140927,3.177548567644227,3.362106856549062
2024-04,vjL1uSC10Jh,1.0,140927,1.294690858434385,8.245383739845634
2024-05,vjL1uSC10Jh,1.0,140927,2.2149916327787924,12.135877064649703
2024-06,vjL1uSC10Jh,2.0,140927,3.848400879387892,15.397503022653872
2024-07,vjL1uSC10Jh,1.0,140927,17.587817298033855,15.536624344447848
2024-08,vjL1uSC10Jh,7.0,140927,13.557096441286523,14.635948486611168
2024-09,vjL1uSC10Jh,9.0,140927,7.813318308442589,13.830890102224808
2024-10,vjL1uSC10Jh,11.0,140927,0.8485246963517065,10.24298827724851
2024-11,vjL1uSC10Jh,3.0,140927,1.103480440402146,6.336074194751412
2024-12,vjL1uSC10Jh,0.0,140927,1.1090994199808215,1.5137872426327628
2016-01,wYKHZ0iyjfd,25.0,452040,0.2918512220871093,14.137706949225333
2016-02,wYKHZ0iyjfd,,452040,0.2283569272620869,18.06196768870712
2016-03,wYKHZ0iyjfd,,452040,0.6880069145500683,23.06736256510601
2016-04,wYKHZ0iyjfd,,452040,0.0857163398463372,28.62537387533115
2016-05,wYKHZ0iyjfd,,452040,2.3101264925653653,28.452579593342552
2016-06,wYKHZ0iyjfd,,452040,8.06754105807674,28.638879962743783
2016-07,wYKHZ0iyjfd,,452040,17.202768452613913,26.5055412102413
2016-08,wYKHZ0iyjfd,,452040,8.16074202401637,27.302331794439706
2016-09,wYKHZ0iyjfd,,452040,5.041749992506054,26.068030214484214
2016-10,wYKHZ0iyjfd,,452040,1.314264200315167,24.01863916369892
2016-11,wYKHZ0iyjfd,,452040,0.0180517836989512,19.7614983264727
2016-12,wYKHZ0iyjfd,,452040,0.0733767128238656,16.183040419835486
2017-01,wYKHZ0iyjfd,,452040,1.1853561219434032,14.312799583955124
2017-02,wYKHZ0iyjfd,,452040,0.2171271377915075,17.834790803369316
2017-03,wYKHZ0iyjfd,,452040,0.44170359079829,21.123724491300862
2017-04,wYKHZ0iyjfd,,452040,0.8922691076044542,27.08689464831749
2017-05,wYKHZ0iyjfd,,452040,1.7704346096642518,29.26774103180535
2017-06,wYKHZ0iyjfd,,452040,4.888798554869675,29.091450871071565
2017-07,wYKHZ0iyjfd,,452040,14.530103107155092,26.857653018707456
2017-08,wYKHZ0iyjfd,,452040,11.705762257781076,26.720804203891788
2017-09,wYKHZ0iyjfd,,452040,5.045445804512041,26.802628639146658
2017-10,wYKHZ0iyjfd,,452040,0.3248183221548025,24.402806948602223
2017-11,wYKHZ0iyjfd,,452040,0.0837994329986981,19.291322809410325
2017-12,wYKHZ0iyjfd,,452040,0.1298466295870999,16.059021862104533
2018-01,wYKHZ0iyjfd,,452040,0.1420372008132536,12.93803721475075
2018-02,wYKHZ0iyjfd,,452040,0.197608378038542,17.753643276733637
2018-03,wYKHZ0iyjfd,,452040,0.3092424587697616,22.8695934834764
2018-04,wYKHZ0iyjfd,,452040,1.3256088953768477,26.14388611278765
2018-05,wYKHZ0iyjfd,,452040,1.43191451770417,28.80107616792624
2018-06,wYKHZ0iyjfd,,452040,3.082690732001226,30.088891603243944
2018-07,wYKHZ0iyjfd,,452040,14.207566870040155,27.44876851416502
2018-08,wYKHZ0iyjfd,,452040,18.55885272937705,26.516289181173345
2018-09,wYKHZ0iyjfd,,452040,4.106063537237273,26.182073526579604
2018-10,wYKHZ0iyjfd,,452040,0.0911293111770244,22.73515687832841
2018-11,wYKHZ0iyjfd,,452040,0.0107888598672036,19.3598376686052
2018-12,wYKHZ0iyjfd,,452040,0.0633379077287037,14.577431427878471
2019-01,wYKHZ0iyjfd,,452040,1.3876152390151455,13.768779848827592
2019-02,wYKHZ0iyjfd,,452040,2.863033415746494,15.828585663132104
2019-03,wYKHZ0iyjfd,,452040,0.2284304726954062,20.52089146607114
2019-04,wYKHZ0iyjfd,,452040,0.568459587992803,26.52566546749354
2019-05,wYKHZ0iyjfd,,452040,0.2999077577376158,30.158372727502744
2019-06,wYKHZ0iyjfd,,452040,4.457515274455191,30.52298049929705
2019-07,wYKHZ0iyjfd,,452040,15.303237003127698,27.14264579167453
2019-08,wYKHZ0iyjfd,,452040,9.699568265866462,27.430028922881444
2019-09,wYKHZ0iyjfd,,452040,10.262747052958993,25.834866879083183
2019-10,wYKHZ0iyjfd,,452040,0.8682419166365274,23.25855255049974
2019-11,wYKHZ0iyjfd,,452040,0.0902509199039652,20.30482656430581
2019-12,wYKHZ0iyjfd,,452040,1.0768280326328667,13.831419017621892
2020-01,wYKHZ0iyjfd,,452040,2.1228225857770826,13.183934119827605
2020-02,wYKHZ0iyjfd,,452040,0.788059782888611,15.623024146071817
2020-03,wYKHZ0iyjfd,,452040,1.2369987441540125,20.017449498690027
2020-04,wYKHZ0iyjfd,,452040,1.6113183594021965,25.256465157488115
2020-05,wYKHZ0iyjfd,,452040,1.25039950421657,27.52720376821267
2020-06,wYKHZ0iyjfd,,452040,9.65354946374778,27.13909022668744
2020-07,wYKHZ0iyjfd,,452040,15.564534666917124,26.72110178889164
2020-08,wYKHZ0iyjfd,,452040,8.389204206168301,27.34157904453611
2020-09,wYKHZ0iyjfd,,452040,8.393656522603777,26.82173453394471
2020-10,wYKHZ0iyjfd,,452040,0.1283270978627878,24.456027505230743
2020-11,wYKHZ0iyjfd,,452040,0.2894442864062351,18.990798963268382
2020-12,wYKHZ0iyjfd,,452040,0.0045708445740851,14.66834628903955
2021-01,wYKHZ0iyjfd,,452040,0.0490448849795939,14.250911205469524
2021-02,wYKHZ0iyjfd,,452040,0.1870945878114311,17.813788376587105
2021-03,wYKHZ0iyjfd,,452040,0.0641511202826117,22.99878069180564
2021-04,wYKHZ0iyjfd,,452040,0.3235919212554694,26.501004639439323
2021-05,wYKHZ0iyjfd,,452040,5.191504185809134,26.260238764202747
2021-06,wYKHZ0iyjfd,,452040,16.490095513205805,27.03573098429993
2021-07,wYKHZ0iyjfd,,452040,15.648220760144516,27.1404996997341
2021-08,wYKHZ0iyjfd,,452040,11.63867433395835,26.44577752243857
2021-09,wYKHZ0iyjfd,,452040,6.870752662828409,26.34664857867499
2021-10,wYKHZ0iyjfd,,452040,3.855557224765668,24.19433631672476
2021-11,wYKHZ0iyjfd,,452040,0.0284352779835953,18.510368121806334
2021-12,wYKHZ0iyjfd,,452040,0.92798302756268,14.65823731634151
2022-01,wYKHZ0iyjfd,0.0,452040,1.3700258391115143,12.809685504679525
2022-02,wYKHZ0iyjfd,0.0,452040,1.316101461444497,14.51851783362715
2022-03,wYKHZ0iyjfd,7.0,452040,0.0249562963069583,23.286811782101903
2022-04,wYKHZ0iyjfd,4.0,452040,0.1336027061864691,28.35129963933627
2022-05,wYKHZ0iyjfd,6.0,452040,1.5409648310718782,28.321357748903125
2022-06,wYKHZ0iyjfd,0.0,452040,5.842969739467197,30.17118611457024
2022-07,wYKHZ0iyjfd,4.0,452040,11.093225910698104,27.82967888336062
2022-08,wYKHZ0iyjfd,6.0,452040,7.879702667764791,27.585900178222
2022-09,wYKHZ0iyjfd,68.0,452040,7.175643646284335,26.15131035215109
2022-10,wYKHZ0iyjfd,92.0,452040,7.208727009775065,22.642243339666056
2022-11,wYKHZ0iyjfd,18.0,452040,0.0552841186878559,19.28653763702873
2022-12,wYKHZ0iyjfd,10.0,452040,0.0017757204293075,15.315753860307264
2023-01,wYKHZ0iyjfd,5.0,452040,0.1786814404407274,13.59999736829992
2023-02,wYKHZ0iyjfd,1.0,452040,0.0038188531340933,17.71748851963098
2023-03,wYKHZ0iyjfd,1.0,452040,0.528841405538613,21.386442481299664
2023-04,wYKHZ0iyjfd,1.0,452040,0.5103310761666766,25.34819037216707
2023-05,wYKHZ0iyjfd,2.0,452040,0.8586481143582816,27.29785888084367
2023-06,wYKHZ0iyjfd,2.0,452040,2.7846598748829576,30.72882994099169
2023-07,wYKHZ0iyjfd,4.0,452040,6.951216803565772,27.74782329910401
2023-08,wYKHZ0iyjfd,15.0,452040,6.552577850608115,27.14004763024051
2023-09,wYKHZ0iyjfd,12.0,452040,2.636489356972407,27.25475348149768
2023-10,wYKHZ0iyjfd,9.0,452040,1.1659695712161242,23.676966947205965
2023-11,wYKHZ0iyjfd,1.0,452040,0.0286372413976553,20.27362337221264
2023-12,wYKHZ0iyjfd,1.0,452040,0.0878481444266976,15.895678614016044
2024-01,wYKHZ0iyjfd,0.0,452040,0.0347369004233092,13.174081091790136
2024-02,wYKHZ0iyjfd,0.0,452040,0.3678667274233264,16.001665105811576
2024-03,wYKHZ0iyjfd,0.0,452040,1.0143453364259434,21.25860448141833
2024-04,wYKHZ0iyjfd,1.0,452040,0.0087505307019485,27.936359483263963
2024-05,wYKHZ0iyjfd,7.0,452040,0.4031538015178587,30.44739131061161
2024-06,wYKHZ0iyjfd,2.0,452040,2.6166067501538515,31.538316085417748
2024-07,wYKHZ0iyjfd,3.0,452040,16.909989340628016,27.87687864703247
2024-08,wYKHZ0iyjfd,6.0,452040,11.524018799745964,27.021144106476875
2024-09,wYKHZ0iyjfd,24.0,452040,10.69743461052798,26.76189244886933
2024-10,wYKHZ0iyjfd,30.0,452040,0.5262022197218287,24.522317397188285
2024-11,wYKHZ0iyjfd,14.0,452040,0.1678840584025434,19.877083468129143
2024-12,wYKHZ0iyjfd,2.0,452040,0.1890375729273633,14.759571655984551
2016-01,xGQwwqLQ819,,226997,1.1458044982197289,7.771264545059387
2016-02,xGQwwqLQ819,,226997,1.1238106432139885,10.992582477992723
2016-03,xGQwwqLQ819,,226997,1.1416711455646698,14.537170933273025
2016-04,xGQwwqLQ819,,226997,0.3047016721904237,19.93763509354274
2016-05,xGQwwqLQ819,,226997,5.518021178496914,19.03227750419341
2016-06,xGQwwqLQ819,,226997,11.589045535724482,20.216066313710385
2016-07,xGQwwqLQ819,,226997,30.68676936390759,20.060037999095208
2016-08,xGQwwqLQ819,,226997,9.645033502510763,20.48328478104876
2016-09,xGQwwqLQ819,,226997,10.800979943503265,19.21642134247807
2016-10,xGQwwqLQ819,,226997,2.4901107754265994,16.51439871439009
2016-11,xGQwwqLQ819,,226997,0.2020729822011704,13.187067226303707
2016-12,xGQwwqLQ819,,226997,0.362690323958139,11.216877438332096
2017-01,xGQwwqLQ819,,226997,0.980909561565346,7.886634994919851
2017-02,xGQwwqLQ819,,226997,0.4652156719276293,11.52640745104208
2017-03,xGQwwqLQ819,,226997,1.9206702016132384,12.886489843730628
2017-04,xGQwwqLQ819,,226997,1.8552388708203165,18.10426668643415
2017-05,xGQwwqLQ819,,226997,6.420522859903243,19.113579431360005
2017-06,xGQwwqLQ819,,226997,8.520693553817228,20.333690460354006
2017-07,xGQwwqLQ819,,226997,18.82604294634786,20.32706013014156
2017-08,xGQwwqLQ819,,226997,18.42994764312397,20.139889127240497
2017-09,xGQwwqLQ819,,226997,6.888667838420131,19.478212426831192
2017-10,xGQwwqLQ819,,226997,1.1789134105648136,16.84899231450169
2017-11,xGQwwqLQ819,,226997,0.3221173503955896,12.451808876065522
2017-12,xGQwwqLQ819,,226997,0.1540973269736616,10.718920069210329
2018-01,xGQwwqLQ819,,226997,0.321896804521584,8.492803491489001
2018-02,xGQwwqLQ819,,226997,0.6338132941759734,11.217855430754971
2018-03,xGQwwqLQ819,,226997,0.8004631789008382,14.533117911641156
2018-04,xGQwwqLQ819,,226997,3.729467128284232,16.64514656115895
2018-05,xGQwwqLQ819,,226997,4.55821012295122,18.97913741212091
2018-06,xGQwwqLQ819,,226997,8.568101425006507,20.720143426518888
2018-07,xGQwwqLQ819,,226997,22.96930983413789,20.57386765712273
2018-08,xGQwwqLQ819,,226997,19.28735385281067,20.06593642680742
2018-09,xGQwwqLQ819,,226997,5.695020178307252,19.175095367756807
2018-10,xGQwwqLQ819,,226997,0.641459638869056,14.914102813087853
2018-11,xGQwwqLQ819,,226997,0.5668604377443187,12.636700893175927
2018-12,xGQwwqLQ819,,226997,0.5071818668301364,8.563356969225735
2019-01,xGQwwqLQ819,,226997,1.7425983964293317,6.910478477548202
2019-02,xGQwwqLQ819,,226997,4.1296850824333,8.69439950070858
2019-03,xGQwwqLQ819,,226997,1.2583849446855084,12.21558847028789
2019-04,xGQwwqLQ819,,226997,2.5655601086963475,16.78021344545219
2019-05,xGQwwqLQ819,,226997,0.9940092597800706,20.586568575083923
2019-06,xGQwwqLQ819,,226997,6.133820637178396,21.42653822571414
2019-07,xGQwwqLQ819,,226997,17.31604908007617,20.42179410259018
2019-08,xGQwwqLQ819,,226997,12.285355157152331,20.7156725597948
2019-09,xGQwwqLQ819,,226997,17.39715424344053,19.106007979155883
2019-10,xGQwwqLQ819,,226997,2.1394732960503986,15.974309551201944
2019-11,xGQwwqLQ819,,226997,0.5708134374386581,13.741977475424164
2019-12,xGQwwqLQ819,,226997,1.0368743801390343,8.110647923606347
2020-01,xGQwwqLQ819,,226997,3.781194522702912,6.532649790447279
2020-02,xGQwwqLQ819,,226997,1.926365068165486,8.928161169869503
2020-03,xGQwwqLQ819,,226997,2.4814536702072,11.897804956328317
2020-04,xGQwwqLQ819,,226997,4.926663105271934,15.64724052119148
2020-05,xGQwwqLQ819,,226997,3.734227538917355,18.3558951562742
2020-06,xGQwwqLQ819,,226997,24.192238475191463,19.482431867987028
2020-07,xGQwwqLQ819,,226997,17.80827848526545,20.31399701015513
2020-08,xGQwwqLQ819,,226997,14.074091984436585,20.6728393140456
2020-09,xGQwwqLQ819,,226997,11.931052249915446,19.942452515344137
2020-10,xGQwwqLQ819,,226997,0.9641414247695912,17.429391482531493
2020-11,xGQwwqLQ819,,226997,0.5659352643178364,12.162117031362856
2020-12,xGQwwqLQ819,,226997,0.2257709899177142,9.54691859537204
2021-01,xGQwwqLQ819,,226997,0.2153977817512119,9.304541582632412
2021-02,xGQwwqLQ819,,226997,0.9338344475842444,10.3882847190456
2021-03,xGQwwqLQ819,,226997,0.7339687431988113,14.561300192829655
2021-04,xGQwwqLQ819,,226997,1.0993963974597294,17.429029180663594
2021-05,xGQwwqLQ819,,226997,10.460380216725534,17.76163415556523
2021-06,xGQwwqLQ819,,226997,21.755836137483787,19.799210514266047
2021-07,xGQwwqLQ819,,226997,15.440738533203778,20.41045598871172
2021-08,xGQwwqLQ819,,226997,18.76584637685263,20.00084418047972
2021-09,xGQwwqLQ819,,226997,8.460689722224538,19.328178966423465
2021-10,xGQwwqLQ819,,226997,5.939073094091892,17.079017281295926
2021-11,xGQwwqLQ819,,226997,0.5357185574999141,12.7118975572728
2021-12,xGQwwqLQ819,,226997,1.4722002992046677,8.666124679288558
2022-01,xGQwwqLQ819,0.0,226997,1.614924482526065,6.631699742226368
2022-02,xGQwwqLQ819,0.0,226997,2.431619687334817,7.503666173144936
2022-03,xGQwwqLQ819,0.0,226997,0.4891325094000205,15.30972670219984
2022-04,xGQwwqLQ819,0.0,226997,0.9046986342893948,19.64023857401888
2022-05,xGQwwqLQ819,0.0,226997,7.278039125191548,18.60048550382261
2022-06,xGQwwqLQ819,0.0,226997,13.535369760814968,20.69386514413252
2022-07,xGQwwqLQ819,0.0,226997,15.732769791759845,20.7440607332887
2022-08,xGQwwqLQ819,2.0,226997,8.279174090237603,20.69891731158332
2022-09,xGQwwqLQ819,12.0,226997,5.640284387766044,19.123245279412167
2022-10,xGQwwqLQ819,7.0,226997,5.98353505727283,15.60240219366648
2022-11,xGQwwqLQ819,2.0,226997,0.2732109169965184,12.53380960648484
2022-12,xGQwwqLQ819,0.0,226997,0.0635127383873055,9.801632941834947
2023-01,xGQwwqLQ819,0.0,226997,0.2274607570717146,8.493276635407884
2023-02,xGQwwqLQ819,0.0,226997,0.1724888799797068,11.338810366336022
2023-03,xGQwwqLQ819,0.0,226997,1.632605221989631,12.944350834400332
2023-04,xGQwwqLQ819,0.0,226997,1.265456465501258,16.413313897764827
2023-05,xGQwwqLQ819,0.0,226997,1.98032675491082,18.386176182210413
2023-06,xGQwwqLQ819,0.0,226997,4.978639289866884,21.76829646400238
2023-07,xGQwwqLQ819,1.0,226997,11.290657621554358,20.786658522175305
2023-08,xGQwwqLQ819,2.0,226997,6.6498646179814935,20.49169571332098
2023-09,xGQwwqLQ819,9.0,226997,4.052586482618931,20.067713231797764
2023-10,xGQwwqLQ819,13.0,226997,2.3214969789003166,16.02817464761443
2023-11,xGQwwqLQ819,4.0,226997,0.3481287497810711,12.911980765964657
2023-12,xGQwwqLQ819,0.0,226997,0.4406894140817157,10.089467014991568
2024-01,xGQwwqLQ819,0.0,226997,0.319890191298777,7.763001929966123
2024-02,xGQwwqLQ819,0.0,226997,0.5692522743402482,8.977161125549856
2024-03,xGQwwqLQ819,1.0,226997,1.1553398803464063,13.676970352372027
2024-04,xGQwwqLQ819,1.0,226997,0.1830201153408137,19.25404938181179
2024-05,xGQwwqLQ819,0.0,226997,3.527238731015625,20.65982145418367
2024-06,xGQwwqLQ819,1.0,226997,5.453451300295734,22.59114548820857
2024-07,xGQwwqLQ819,2.0,226997,25.346961180298205,21.33034169902308
2024-08,xGQwwqLQ819,12.0,226997,13.79656489735108,20.606726808233105
2024-09,xGQwwqLQ819,17.0,226997,12.632327282241183,20.185670417050897
2024-10,xGQwwqLQ819,14.0,226997,1.391050958454058,17.380667107793666
2024-11,xGQwwqLQ819,7.0,226997,1.1142991698351148,13.436048091545162
2024-12,xGQwwqLQ819,0.0,226997,0.3090734305526174,9.273144805344874
2016-01,yP2GELa6inf,,674722,0.2693648995274922,14.915355050653025
2016-02,yP2GELa6inf,,674722,0.2135883101366318,18.986366964250795
2016-03,yP2GELa6inf,,674722,0.5404664381100389,23.943443839588056
2016-04,yP2GELa6inf,,674722,0.0968627824937434,30.10508045900181
2016-05,yP2GELa6inf,,674722,2.2125503677672365,28.89771900722349
2016-06,yP2GELa6inf,,674722,6.511729152248412,28.905475449343903
2016-07,yP2GELa6inf,,674722,23.93757351321392,26.714293956727936
2016-08,yP2GELa6inf,,674722,6.043286419196071,27.86858883876954
2016-09,yP2GELa6inf,,674722,6.1301473946431,26.16507772483151
2016-10,yP2GELa6inf,,674722,2.0706903850284792,24.391280746420687
2016-11,yP2GELa6inf,,674722,0.0717670056420254,20.282611927337943
2016-12,yP2GELa6inf,,674722,0.0749576397125702,16.90703407223476
2017-01,yP2GELa6inf,,674722,0.4485667016045686,15.16297587811786
2017-02,yP2GELa6inf,,674722,0.1053147464599206,18.68471983162204
2017-03,yP2GELa6inf,,674722,0.7206840524543942,21.765977669692063
2017-04,yP2GELa6inf,,674722,0.7495179449518521,27.90147545652548
2017-05,yP2GELa6inf,,674722,3.217526373553852,29.01461650172581
2017-06,yP2GELa6inf,,674722,7.233576778188352,28.795057188517347
2017-07,yP2GELa6inf,,674722,15.389168361120989,27.173609171476965
2017-08,yP2GELa6inf,,674722,14.22470793239562,26.91746739174392
2017-09,yP2GELa6inf,,674722,4.762175802907451,27.04228036080893
2017-10,yP2GELa6inf,,674722,0.729457954892291,24.91212683628285
2017-11,yP2GELa6inf,,674722,0.0464517457027938,20.35559921920484
2017-12,yP2GELa6inf,,674722,0.0306524539284768,17.21548884287826
2018-01,yP2GELa6inf,,674722,0.0880956108080198,13.66827936082462
2018-02,yP2GELa6inf,,674722,0.0826411055502688,18.42044835624397
2018-03,yP2GELa6inf,,674722,0.1098074758282446,23.871009620064964
2018-04,yP2GELa6inf,,674722,0.911451361134895,27.16822954086335
2018-05,yP2GELa6inf,,674722,1.8294231834722248,28.89774629484104
2018-06,yP2GELa6inf,,674722,2.818627283339615,30.588893730812
2018-07,yP2GELa6inf,,674722,15.868782039568291,27.69149416988845
2018-08,yP2GELa6inf,,674722,15.576009838886003,27.139008181877152
2018-09,yP2GELa6inf,,674722,3.2661922339249507,26.815481398551047
2018-10,yP2GELa6inf,,674722,0.1157468456916462,23.65583274194029
2018-11,yP2GELa6inf,,674722,0.0271812350491605,20.54112901650636
2018-12,yP2GELa6inf,,674722,0.0500162279292772,15.941157568580111
2019-01,yP2GELa6inf,,674722,0.8330083929948244,14.954987385997203
2019-02,yP2GELa6inf,,674722,2.224803482007176,16.78334890123993
2019-03,yP2GELa6inf,,674722,0.2955496855259071,21.50874242894609
2019-04,yP2GELa6inf,,674722,1.2229833404429264,26.8221281007064
2019-05,yP2GELa6inf,,674722,0.3857275278820115,30.72260211721088
2019-06,yP2GELa6inf,,674722,4.502701077668472,30.98836938756332
2019-07,yP2GELa6inf,,674722,17.668320263717924,27.742682197935192
2019-08,yP2GELa6inf,,674722,8.649959003524064,27.922992233258405
2019-09,yP2GELa6inf,,674722,19.053264517323303,25.988221839298777
2019-10,yP2GELa6inf,,674722,0.7401814602971377,23.893690253101635
2019-11,yP2GELa6inf,,674722,0.1205828452628838,21.30789274343397
2019-12,yP2GELa6inf,,674722,0.6328469841391894,14.713962511958613
2020-01,yP2GELa6inf,,674722,3.3763757471460383,13.810278171036916
2020-02,yP2GELa6inf,,674722,0.8135802710675344,16.24105579992691
2020-03,yP2GELa6inf,,674722,1.0509521640132415,20.888691519849207
2020-04,yP2GELa6inf,,674722,1.3401196168909812,25.596420396433885
2020-05,yP2GELa6inf,,674722,1.615644532715178,28.117695560206723
2020-06,yP2GELa6inf,,674722,16.18931904568461,26.985329268853445
2020-07,yP2GELa6inf,,674722,26.26844847906781,26.84815492006799
2020-08,yP2GELa6inf,,674722,8.745652002056396,27.72985300236813
2020-09,yP2GELa6inf,,674722,14.445179805411067,26.69298726057349
2020-10,yP2GELa6inf,,674722,0.2066106602674316,25.18625879483492
2020-11,yP2GELa6inf,,674722,0.1123348507942159,19.72929563131478
2020-12,yP2GELa6inf,,674722,0.0282726790069123,16.01254691873596
2021-01,yP2GELa6inf,,674722,0.0972322121856045,14.962029425960262
2021-02,yP2GELa6inf,,674722,0.1360134676170381,18.26645715177195
2021-03,yP2GELa6inf,,674722,0.0776679451228698,23.596645167735225
2021-04,yP2GELa6inf,,674722,0.1679396523106285,27.259701539469607
2021-05,yP2GELa6inf,,674722,11.511394661556375,26.23070163708785
2021-06,yP2GELa6inf,,674722,15.493711598269314,27.126365829424028
2021-07,yP2GELa6inf,,674722,11.420948664014633,27.330086420373284
2021-08,yP2GELa6inf,,674722,14.68325413601134,26.48603844928473
2021-09,yP2GELa6inf,,674722,8.293483514829708,26.625266288959224
2021-10,yP2GELa6inf,,674722,4.864535784174925,24.52050364976517
2021-11,yP2GELa6inf,,674722,0.0322843046452915,19.39765678505643
2021-12,yP2GELa6inf,,674722,0.9079544502258372,15.741163298638272
2022-01,yP2GELa6inf,0.0,674722,0.6832153193274803,13.763400829695522
2022-02,yP2GELa6inf,0.0,674722,1.4654395245548386,15.162516251736085
2022-03,yP2GELa6inf,1.0,674722,0.0368173012503888,24.034057966081303
2022-04,yP2GELa6inf,0.0,674722,0.3426859445190311,28.48412776646932
2022-05,yP2GELa6inf,0.0,674722,1.6949826235341532,28.64281261791657
2022-06,yP2GELa6inf,2.0,674722,10.12091394076515,29.809425634976748
2022-07,yP2GELa6inf,6.0,674722,13.126728751047803,28.23713680963137
2022-08,yP2GELa6inf,21.0,674722,6.322538929378743,27.90562904330882
2022-09,yP2GELa6inf,53.0,674722,5.609318041512387,26.3393568608908
2022-10,yP2GELa6inf,32.0,674722,3.7193178110910585,23.361340539636064
2022-11,yP2GELa6inf,17.0,674722,0.0843462597504256,20.01524800088856
2022-12,yP2GELa6inf,2.0,674722,0.0292361773747278,16.49128769708864
2023-01,yP2GELa6inf,3.0,674722,0.0211678204190536,14.667516562981774
2023-02,yP2GELa6inf,2.0,674722,0.0212352845473902,18.470294385396144
2023-03,yP2GELa6inf,1.0,674722,0.3114496868676674,22.489340044126767
2023-04,yP2GELa6inf,0.0,674722,0.2308263232054066,27.187044458804976
2023-05,yP2GELa6inf,1.0,674722,0.6440344012155522,28.783212081564844
2023-06,yP2GELa6inf,1.0,674722,2.423435050149974,31.585740468727032
2023-07,yP2GELa6inf,2.0,674722,7.818284466656311,28.258386833099696
2023-08,yP2GELa6inf,4.0,674722,3.931986423568431,27.69582739135739
2023-09,yP2GELa6inf,10.0,674722,2.550516516285698,27.80971532605996
2023-10,yP2GELa6inf,18.0,674722,2.0073684386557065,24.15589126154602
2023-11,yP2GELa6inf,8.0,674722,0.0701702549966726,20.91130851795743
2023-12,yP2GELa6inf,2.0,674722,0.0176388890076698,17.0464451631958
2024-01,yP2GELa6inf,6.0,674722,0.038199631572037,14.241788564548717
2024-02,yP2GELa6inf,2.0,674722,0.1424162105408536,16.809758062192625
2024-03,yP2GELa6inf,2.0,674722,0.3300444204233001,22.34752125410725
2024-04,yP2GELa6inf,4.0,674722,0.009998514064978,29.555105465342383
2024-05,yP2GELa6inf,0.0,674722,1.0470632198115162,30.55938378898765
2024-06,yP2GELa6inf,0.0,674722,5.166941330692685,31.323562805045807
2024-07,yP2GELa6inf,0.0,674722,20.15701219538104,28.145236946931902
2024-08,yP2GELa6inf,9.0,674722,10.407052717821468,27.456428761653303
2024-09,yP2GELa6inf,18.0,674722,15.764660764535952,27.33961100808829
2024-10,yP2GELa6inf,15.0,674722,0.9025971126881724,24.960084443012697
2024-11,yP2GELa6inf,9.0,674722,0.2459264809916649,21.02974657297346
2024-12,yP2GELa6inf,0.0,674722,0.0650274908403288,15.679057009244207
2016-01,ycBkX3TlIrL,,251647,0.8424410541764334,8.051325757250718
2016-02,ycBkX3TlIrL,,251647,1.0630817781730748,11.363597776279413
2016-03,ycBkX3TlIrL,,251647,0.835541008778708,15.435470708560592
2016-04,ycBkX3TlIrL,,251647,0.2643199990886002,20.80873265970404
2016-05,ycBkX3TlIrL,,251647,2.8972286068592523,20.659012029475964
2016-06,ycBkX3TlIrL,,251647,9.641139125829636,21.27614410763889
2016-07,ycBkX3TlIrL,,251647,22.458405706580194,20.813016787085942
2016-08,ycBkX3TlIrL,,251647,10.135827548326125,21.22800827487781
2016-09,ycBkX3TlIrL,,251647,7.210405383886595,19.803429102285087
2016-10,ycBkX3TlIrL,,251647,1.5248913515485163,17.418860239916782
2016-11,ycBkX3TlIrL,,251647,0.1476921701482103,13.743264882285104
2016-12,ycBkX3TlIrL,,251647,0.1895659822663012,11.592816566164196
2017-01,ycBkX3TlIrL,,251647,1.6022233692169328,8.1880811482392
2017-02,ycBkX3TlIrL,,251647,0.4026046762797752,11.853758258223102
2017-03,ycBkX3TlIrL,,251647,0.8764966656205541,13.692245356014478
2017-04,ycBkX3TlIrL,,251647,1.211819977581769,19.30993013569464
2017-05,ycBkX3TlIrL,,251647,2.992007762637624,20.80574881596162
2017-06,ycBkX3TlIrL,,251647,5.7588598329109,21.502594703358625
2017-07,ycBkX3TlIrL,,251647,20.10269668269722,20.89727047450369
2017-08,ycBkX3TlIrL,,251647,15.422086906905944,20.7920067391114
2017-09,ycBkX3TlIrL,,251647,5.597547958716956,20.17845939851616
2017-10,ycBkX3TlIrL,,251647,0.853206038576927,17.684873356559486
2017-11,ycBkX3TlIrL,,251647,0.2640067043532151,13.2730842481979
2017-12,ycBkX3TlIrL,,251647,0.2338380285744736,11.363631505323804
2018-01,ycBkX3TlIrL,,251647,0.4413245030073893,8.80508597173235
2018-02,ycBkX3TlIrL,,251647,0.629164799857147,11.767407045565127
2018-03,ycBkX3TlIrL,,251647,0.5652715642645898,15.32070498564487
2018-04,ycBkX3TlIrL,,251647,2.090253767398487,18.192482906332884
2018-05,ycBkX3TlIrL,,251647,1.9147435514391973,20.75904718993701
2018-06,ycBkX3TlIrL,,251647,7.602345305956006,21.90799022942762
2018-07,ycBkX3TlIrL,,251647,21.00749741477911,21.33817111118764
2018-08,ycBkX3TlIrL,,251647,21.641089166650715,20.70526279764597
2018-09,ycBkX3TlIrL,,251647,5.256129026152113,19.759268253546928
2018-10,ycBkX3TlIrL,,251647,0.4285465056084416,15.804928958147864
2018-11,ycBkX3TlIrL,,251647,0.1978810202900287,13.026686615983834
2018-12,ycBkX3TlIrL,,251647,0.3026705403429175,8.911570729256775
2019-01,ycBkX3TlIrL,,251647,2.0991385870507244,7.397361460571619
2019-02,ycBkX3TlIrL,,251647,4.014612557043888,9.088917980480277
2019-03,ycBkX3TlIrL,,251647,0.902976507008007,13.065232767452102
2019-04,ycBkX3TlIrL,,251647,1.7449995943878922,17.91263960079485
2019-05,ycBkX3TlIrL,,251647,0.6271174539865421,22.024047448534848
2019-06,ycBkX3TlIrL,,251647,3.6760572495428168,22.779492679788035
2019-07,ycBkX3TlIrL,,251647,18.670775891236804,21.06121250218853
2019-08,ycBkX3TlIrL,,251647,14.645209670278703,21.37128310011184
2019-09,ycBkX3TlIrL,,251647,10.956671687150116,19.74738938628552
2019-10,ycBkX3TlIrL,,251647,1.7608644078670974,16.592178219719226
2019-11,ycBkX3TlIrL,,251647,0.3214696844804217,14.458782856290496
2019-12,ycBkX3TlIrL,,251647,1.3967182321073028,8.437347416788265
2020-01,ycBkX3TlIrL,,251647,2.7659721932496324,7.086521677739842
2020-02,ycBkX3TlIrL,,251647,1.2733595242078903,9.22992771494098
2020-03,ycBkX3TlIrL,,251647,2.366895182448083,12.634746202181436
2020-04,ycBkX3TlIrL,,251647,2.2611927209064007,16.90790369272809
2020-05,ycBkX3TlIrL,,251647,1.942160813366492,19.77506108866217
2020-06,ycBkX3TlIrL,,251647,11.957688506895664,20.57777053245999
2020-07,ycBkX3TlIrL,,251647,18.827902614402188,20.953950390334978
2020-08,ycBkX3TlIrL,,251647,14.614509791960058,21.349348909578488
2020-09,ycBkX3TlIrL,,251647,6.513679503273009,20.570159284533432
2020-10,ycBkX3TlIrL,,251647,0.5763466647248686,18.23533354061069
2020-11,ycBkX3TlIrL,,251647,0.6436037913751996,13.058405351868265
2020-12,ycBkX3TlIrL,,251647,0.0532131803547508,9.972061052969169
2021-01,ycBkX3TlIrL,,251647,0.1629706678104614,9.599318630367508
2021-02,ycBkX3TlIrL,,251647,0.5305731103670582,11.148274150429366
2021-03,ycBkX3TlIrL,,251647,0.3250270942076269,15.412191905391934
2021-04,ycBkX3TlIrL,,251647,0.9703789282799526,18.50157631723973
2021-05,ycBkX3TlIrL,,251647,5.535178849552391,19.230950746567533
2021-06,ycBkX3TlIrL,,251647,17.213152501194475,20.718935405727496
2021-07,ycBkX3TlIrL,,251647,16.83235854912343,21.189061835168847
2021-08,ycBkX3TlIrL,,251647,17.45884984049337,20.57142927629749
2021-09,ycBkX3TlIrL,,251647,9.065191237684424,20.26773525354602
2021-10,ycBkX3TlIrL,,251647,7.976206258601942,17.94838638243949
2021-11,ycBkX3TlIrL,,251647,0.1866173430629001,13.08815918496188
2021-12,ycBkX3TlIrL,,251647,1.1809009236959356,9.223102294240578
2022-01,ycBkX3TlIrL,0.0,251647,1.5971566819784253,6.954193837165807
2022-02,ycBkX3TlIrL,0.0,251647,1.878754156451412,8.198347535927219
2022-03,ycBkX3TlIrL,0.0,251647,0.4531687847547512,16.115000123167874
2022-04,ycBkX3TlIrL,0.0,251647,0.3241771851548828,20.855900965442995
2022-05,ycBkX3TlIrL,0.0,251647,2.87212465960008,20.38585841031286
2022-06,ycBkX3TlIrL,0.0,251647,8.158591470154432,22.41618605427925
2022-07,ycBkX3TlIrL,1.0,251647,16.995484057410465,21.439939953099174
2022-08,ycBkX3TlIrL,1.0,251647,11.252418879424075,21.296874832177725
2022-09,ycBkX3TlIrL,13.0,251647,7.778329357845807,19.85210488710693
2022-10,ycBkX3TlIrL,18.0,251647,6.38116651632303,16.335376482918377
2022-11,ycBkX3TlIrL,0.0,251647,0.1590434789584892,13.33053825015458
2022-12,ycBkX3TlIrL,0.0,251647,0.0105553959409096,10.318531244771505
2023-01,ycBkX3TlIrL,0.0,251647,0.3152045094449104,8.675050536981704
2023-02,ycBkX3TlIrL,0.0,251647,0.1026357745582877,12.042775354805798
2023-03,ycBkX3TlIrL,0.0,251647,1.2538773445756266,13.858177443417643
2023-04,ycBkX3TlIrL,0.0,251647,1.0265477019344464,17.399414529906586
2023-05,ycBkX3TlIrL,0.0,251647,1.2655548735998574,19.672103055875333
2023-06,ycBkX3TlIrL,1.0,251647,3.61884848561898,22.82607288676216
2023-07,ycBkX3TlIrL,2.0,251647,7.762694296104399,21.608445008162928
2023-08,ycBkX3TlIrL,5.0,251647,8.69725488287511,20.992515873619777
2023-09,ycBkX3TlIrL,9.0,251647,3.5342514942748675,20.976483335648865
2023-10,ycBkX3TlIrL,7.0,251647,1.7251298728391724,16.98423986336295
2023-11,ycBkX3TlIrL,0.0,251647,0.2945353742318589,13.599443015523292
2023-12,ycBkX3TlIrL,0.0,251647,0.2873878192601015,10.762326019371622
2024-01,ycBkX3TlIrL,0.0,251647,0.1321483284823563,8.414432226263411
2024-02,ycBkX3TlIrL,0.0,251647,0.5875183140102224,9.590694823161844
2024-03,ycBkX3TlIrL,0.0,251647,1.368584169639358,14.426672610384347
2024-04,ycBkX3TlIrL,1.0,251647,0.206949260949969,20.06738208062285
2024-05,ycBkX3TlIrL,2.0,251647,1.5579660852910298,22.36347943455916
2024-06,ycBkX3TlIrL,1.0,251647,3.643931683356543,24.08683113703345
2024-07,ycBkX3TlIrL,1.0,251647,23.38002068155753,22.044520554915927
2024-08,ycBkX3TlIrL,4.0,251647,15.913823309147556,21.20805424140381
2024-09,ycBkX3TlIrL,9.0,251647,10.86025315506121,20.97881527030409
2024-10,ycBkX3TlIrL,5.0,251647,1.044404736473875,18.010026876251885
2024-11,ycBkX3TlIrL,1.0,251647,0.5903005848442374,13.764548243632271
2024-12,ycBkX3TlIrL,0.0,251647,0.4126594221833059,9.70196990905526
2016-01,zkFZKX5RX1A,,56668,1.2665889418244165,-1.768360635538302
2016-02,zkFZKX5RX1A,,56668,1.1631376537181015,1.1386735395529308
2016-03,zkFZKX5RX1A,,56668,1.55370428820333,3.63519174704795
2016-04,zkFZKX5RX1A,,56668,0.70178766688769,8.459800673504267
2016-05,zkFZKX5RX1A,,56668,4.027266694214656,9.544728792182202
2016-06,zkFZKX5RX1A,,56668,10.604389181581684,12.475393088230392
2016-07,zkFZKX5RX1A,,56668,24.139331856871333,13.07113382194497
2016-08,zkFZKX5RX1A,,56668,9.65548044725138,12.882120406526694
2016-09,zkFZKX5RX1A,,56668,7.757387594167806,11.641946177728723
2016-10,zkFZKX5RX1A,,56668,1.9076967069923991,8.24916413779778
2016-11,zkFZKX5RX1A,,56668,0.087901118467491,5.290190902270434
2016-12,zkFZKX5RX1A,,56668,0.2897523592971516,4.394473298790421
2017-01,zkFZKX5RX1A,,56668,1.289102653941712,-2.912338953807164
2017-02,zkFZKX5RX1A,,56668,0.4314324413169088,1.6667566759413572
2017-03,zkFZKX5RX1A,,56668,2.5112566826956777,1.6129876231885765
2017-04,zkFZKX5RX1A,,56668,1.8151724171298529,7.203703990746679
2017-05,zkFZKX5RX1A,,56668,4.3650465554978,9.149511730372124
2017-06,zkFZKX5RX1A,,56668,8.249494862796606,12.14273284166018
2017-07,zkFZKX5RX1A,,56668,16.66297505482559,13.11137602882123
2017-08,zkFZKX5RX1A,,56668,15.049134878058927,13.016065292946577
2017-09,zkFZKX5RX1A,,56668,5.963912101989621,11.73256797138964
2017-10,zkFZKX5RX1A,,56668,1.2657302324422444,8.270062387160975
2017-11,zkFZKX5RX1A,,56668,0.3766369151395113,3.778783314482772
2017-12,zkFZKX5RX1A,,56668,0.4015566943707246,1.9783487701478533
2018-01,zkFZKX5RX1A,,56668,0.4021095121937823,1.4350678762830678
2018-02,zkFZKX5RX1A,,56668,0.9948658031493348,1.0779845769400886
2018-03,zkFZKX5RX1A,,56668,1.3709842656648683,3.3058491877618845
2018-04,zkFZKX5RX1A,,56668,3.0553017973526746,6.155466930333451
2018-05,zkFZKX5RX1A,,56668,2.693621184451215,9.471313547990494
2018-06,zkFZKX5RX1A,,56668,7.458556008217325,12.472718284993856
2018-07,zkFZKX5RX1A,,56668,19.700308444653466,13.453144600069686
2018-08,zkFZKX5RX1A,,56668,18.45448434403384,12.987441531334987
2018-09,zkFZKX5RX1A,,56668,5.469775006025877,11.16027575922886
2018-10,zkFZKX5RX1A,,56668,0.7506354346941152,5.69493605200212
2018-11,zkFZKX5RX1A,,56668,0.3894367090010699,4.228191312003092
2018-12,zkFZKX5RX1A,,56668,0.524209397284418,-0.1692656507479941
2019-01,zkFZKX5RX1A,,56668,2.347171679815516,-4.0855769818073
2019-02,zkFZKX5RX1A,,56668,5.410444034422186,-2.4651334390431843
2019-03,zkFZKX5RX1A,,56668,1.2177772216387353,0.5056219110669509
2019-04,zkFZKX5RX1A,,56668,2.03386856661215,6.222432246483338
2019-05,zkFZKX5RX1A,,56668,1.5703788132871617,9.171394464932105
2019-06,zkFZKX5RX1A,,56668,4.7986501349426085,12.434809018213404
2019-07,zkFZKX5RX1A,,56668,16.034164793476897,13.105193405976276
2019-08,zkFZKX5RX1A,,56668,11.86972771051664,13.161248971950313
2019-09,zkFZKX5RX1A,,56668,14.906048988859226,11.48553586416558
2019-10,zkFZKX5RX1A,,56668,1.7130211870411298,7.507512552691328
2019-11,zkFZKX5RX1A,,56668,0.4986024469720753,5.169106106699127
2019-12,zkFZKX5RX1A,,56668,1.4629160708919091,-2.04341930801312
2020-01,zkFZKX5RX1A,,56668,3.67650730297934,-4.383308754755604
2020-02,zkFZKX5RX1A,,56668,1.2875323692157772,-1.268913930236629
2020-03,zkFZKX5RX1A,,56668,2.555743784148421,0.9216136114447656
2020-04,zkFZKX5RX1A,,56668,3.028472712594297,4.933887019883313
2020-05,zkFZKX5RX1A,,56668,3.2447364669253127,8.694175214539419
2020-06,zkFZKX5RX1A,,56668,16.359532719785925,11.656891680196544
2020-07,zkFZKX5RX1A,,56668,15.663970874746916,13.427350062369952
2020-08,zkFZKX5RX1A,,56668,16.51861577393856,13.605098948104065
2020-09,zkFZKX5RX1A,,56668,10.018133393096798,12.30375398604008
2020-10,zkFZKX5RX1A,,56668,0.9232084053531134,9.070643652981126
2020-11,zkFZKX5RX1A,,56668,0.8091964797305512,2.3852186586588258
2020-12,zkFZKX5RX1A,,56668,0.1415873546367516,1.6752659445662603
2021-01,zkFZKX5RX1A,,56668,0.2089787743075275,2.1594022846544267
2021-02,zkFZKX5RX1A,,56668,0.9556118469377516,0.463673989937916
2021-03,zkFZKX5RX1A,,56668,1.4360246649983122,3.926939970948784
2021-04,zkFZKX5RX1A,,56668,2.1759387452352508,5.529249348019989
2021-05,zkFZKX5RX1A,,56668,8.146582959776735,8.542911740837386
2021-06,zkFZKX5RX1A,,56668,16.438170277827272,11.816819102351452
2021-07,zkFZKX5RX1A,,56668,15.315902097304583,13.38945741907474
2021-08,zkFZKX5RX1A,,56668,16.135525972274102,13.106521612786812
2021-09,zkFZKX5RX1A,,56668,8.986151360788318,11.675545697019446
2021-10,zkFZKX5RX1A,,56668,4.374535781585946,8.670335700265232
2021-11,zkFZKX5RX1A,,56668,0.2977934345077415,5.121273589930323
2021-12,zkFZKX5RX1A,,56668,2.5234042152727425,-1.87291641315312
2022-01,zkFZKX5RX1A,0.0,56668,1.4278032842967214,-4.059810613158123
2022-02,zkFZKX5RX1A,0.0,56668,2.643351867866784,-3.5906275609679903
2022-03,zkFZKX5RX1A,0.0,56668,0.4646913651438881,4.538374368093035
2022-04,zkFZKX5RX1A,0.0,56668,1.1599698794839357,8.96982965982911
2022-05,zkFZKX5RX1A,0.0,56668,5.191278536865499,9.738788974890513
2022-06,zkFZKX5RX1A,0.0,56668,8.011859951795502,12.676394882805928
2022-07,zkFZKX5RX1A,2.0,56668,18.264446027807928,13.542678443969235
2022-08,zkFZKX5RX1A,3.0,56668,10.095622712335164,13.446606647592208
2022-09,zkFZKX5RX1A,15.0,56668,5.71325582519994,11.487697236992288
2022-10,zkFZKX5RX1A,4.0,56668,5.102021713726844,6.80384059664471
2022-11,zkFZKX5RX1A,3.0,56668,0.2403746501610354,3.94795211677884
2022-12,zkFZKX5RX1A,0.0,56668,0.0262803934455169,1.9353452106307696
2023-01,zkFZKX5RX1A,0.0,56668,0.4692976697241304,-0.5956545946819773
2023-02,zkFZKX5RX1A,0.0,56668,0.2256705638572596,1.8336402971488703
2023-03,zkFZKX5RX1A,0.0,56668,1.842994061637265,2.1253882482251973
2023-04,zkFZKX5RX1A,1.0,56668,1.926127917709732,4.595641543766922
2023-05,zkFZKX5RX1A,0.0,56668,2.3202506682756323,7.36245440907209
2023-06,zkFZKX5RX1A,1.0,56668,4.780097839893487,11.828982609510952
2023-07,zkFZKX5RX1A,0.0,56668,10.659489271809374,13.522457752473928
2023-08,zkFZKX5RX1A,5.0,56668,7.621399668935494,13.3438508787404
2023-09,zkFZKX5RX1A,4.0,56668,3.803515856149458,12.251928340140497
2023-10,zkFZKX5RX1A,5.0,56668,2.1023626891556546,7.0453402230504905
2023-11,zkFZKX5RX1A,0.0,56668,0.4428123291702484,4.025626351085052
2023-12,zkFZKX5RX1A,0.0,56668,0.6139461183397553,0.6038433368751605
2024-01,zkFZKX5RX1A,0.0,56668,0.4727154206336851,-0.9077373948630628
2024-02,zkFZKX5RX1A,0.0,56668,0.8029568102744745,-2.1434676434607933
2024-03,zkFZKX5RX1A,1.0,56668,1.7008753844453546,2.799351676230583
2024-04,zkFZKX5RX1A,0.0,56668,0.8791453440206831,7.197321239796684
2024-05,zkFZKX5RX1A,0.0,56668,3.455103474352146,10.54377952893445
2024-06,zkFZKX5RX1A,1.0,56668,5.435789863645146,13.668435191317482
2024-07,zkFZKX5RX1A,0.0,56668,24.84227508697078,14.21947783179632
2024-08,zkFZKX5RX1A,1.0,56668,13.400676488696842,13.504216273459011
2024-09,zkFZKX5RX1A,6.0,56668,11.78063236771493,12.365146444122644
2024-10,zkFZKX5RX1A,9.0,56668,1.0929015677644078,8.853449415735609
2024-11,zkFZKX5RX1A,2.0,56668,0.9546198945158948,5.379875822909752
2024-12,zkFZKX5RX1A,0.0,56668,0.5031544511633547,1.329109427636523
