location,time_period,t2m_c
A3R7UT64jHf,201601,16.246458063169836
A3R7UT64jHf,201602,20.646201141137198
A3R7UT64jHf,201603,25.5218816942507
A3R7UT64jHf,201604,30.914539391518424
A3R7UT64jHf,201605,28.216795220808088
A3R7UT64jHf,201606,28.745582930166112
A3R7UT64jHf,201607,27.259363573027148
A3R7UT64jHf,201608,28.59669242659024
A3R7UT64jHf,201609,26.52559493461773
A3R7UT64jHf,201610,25.398181143675373
A3R7UT64jHf,201611,21.659663248615345
A3R7UT64jHf,201612,18.100519686453573
A3R7UT64jHf,201701,16.48671079810042
A3R7UT64jHf,201702,19.895009837405
A3R7UT64jHf,201703,22.49587436619111
A3R7UT64jHf,201704,27.993178793078933
A3R7UT64jHf,201705,29.51144620132736
A3R7UT64jHf,201706,29.137170893567564
A3R7UT64jHf,201707,27.560670192916277
A3R7UT64jHf,201708,27.49926354508169
A3R7UT64jHf,201709,27.62494155019677
A3R7UT64jHf,201710,25.74917949360062
A3R7UT64jHf,201711,21.41916378910267
A3R7UT64jHf,201712,18.46934254072
A3R7UT64jHf,201801,15.13490193065839
A3R7UT64jHf,201802,19.42891906768137
A3R7UT64jHf,201803,25.12843242574409
A3R7UT64jHf,201804,28.2572315613866
A3R7UT64jHf,201805,28.927441646875437
A3R7UT64jHf,201806,29.709896713639687
A3R7UT64jHf,201807,28.232820403763856
A3R7UT64jHf,201808,27.85822493143838
A3R7UT64jHf,201809,27.43789867771665
A3R7UT64jHf,201810,24.55917329394675
A3R7UT64jHf,201811,21.77987877973588
A3R7UT64jHf,201812,17.09306129923923
A3R7UT64jHf,201901,16.203958505964476
A3R7UT64jHf,201902,18.34957985545265
A3R7UT64jHf,201903,23.05758221768373
A3R7UT64jHf,201904,27.490564649709032
A3R7UT64jHf,201905,31.147925226815964
A3R7UT64jHf,201906,31.664075854573188
A3R7UT64jHf,201907,28.22522549919518
A3R7UT64jHf,201908,28.67269537860961
A3R7UT64jHf,201909,26.60504082207611
A3R7UT64jHf,201910,24.71037451093993
A3R7UT64jHf,201911,22.50103609763067
A3R7UT64jHf,201912,15.591110775997349
A3R7UT64jHf,202001,15.138902677048996
A3R7UT64jHf,202002,17.79289248566049
A3R7UT64jHf,202003,23.099254617387817
A3R7UT64jHf,202004,27.161040554184883
A3R7UT64jHf,202005,28.48606227979865
A3R7UT64jHf,202006,27.84876967393209
A3R7UT64jHf,202007,27.38963989706294
A3R7UT64jHf,202008,28.514055621082395
A3R7UT64jHf,202009,27.288056028292097
A3R7UT64jHf,202010,26.11357841106112
A3R7UT64jHf,202011,20.806888700626395
A3R7UT64jHf,202012,16.955758638693833
A3R7UT64jHf,202101,16.063892976678105
A3R7UT64jHf,202102,19.34788775343269
A3R7UT64jHf,202103,24.990265051530866
A3R7UT64jHf,202104,28.67818370454335
A3R7UT64jHf,202105,26.856261548785824
A3R7UT64jHf,202106,27.756019751593996
A3R7UT64jHf,202107,27.959587295018387
A3R7UT64jHf,202108,27.149288726447946
A3R7UT64jHf,202109,27.607415653705075
A3R7UT64jHf,202110,25.305130313025742
A3R7UT64jHf,202111,19.84769613191816
A3R7UT64jHf,202112,16.920408115740347
A3R7UT64jHf,202201,15.062364635887729
A3R7UT64jHf,202202,16.450098909833077
A3R7UT64jHf,202203,25.72247592152901
A3R7UT64jHf,202204,29.673947402052672
A3R7UT64jHf,202205,29.612727720335663
A3R7UT64jHf,202206,29.22928805373412
A3R7UT64jHf,202207,28.99162648849288
A3R7UT64jHf,202208,28.44602659647867
A3R7UT64jHf,202209,27.037597399825504
A3R7UT64jHf,202210,24.495580227787787
A3R7UT64jHf,202211,20.92982379949526
A3R7UT64jHf,202212,17.65907400257618
A3R7UT64jHf,202301,15.5093713046565
A3R7UT64jHf,202302,19.614032893566414
A3R7UT64jHf,202303,23.59632803903936
A3R7UT64jHf,202304,28.15720784813148
A3R7UT64jHf,202305,29.78158462929033
A3R7UT64jHf,202306,32.09600463469285
A3R7UT64jHf,202307,28.977613461783054
A3R7UT64jHf,202308,28.326558603517608
A3R7UT64jHf,202309,28.47198956037287
A3R7UT64jHf,202310,25.185109634596564
A3R7UT64jHf,202311,22.175330686428385
A3R7UT64jHf,202312,18.271186658706867
A3R7UT64jHf,202401,15.53189911112676
A3R7UT64jHf,202402,17.96965818599278
A3R7UT64jHf,202403,23.23641448538124
A3R7UT64jHf,202404,30.18309186718209
A3R7UT64jHf,202405,30.61573431745365
A3R7UT64jHf,202406,30.85144954215668
A3R7UT64jHf,202407,28.86832106173702
A3R7UT64jHf,202408,28.27669555996388
A3R7UT64jHf,202409,28.34903003091693
A3R7UT64jHf,202410,25.94600211438209
A3R7UT64jHf,202411,22.076477732844157
A3R7UT64jHf,202412,17.066986591734395
A3TeVhjjS2u,201601,4.898220254825547
A3TeVhjjS2u,201602,7.81391113535596
A3TeVhjjS2u,201603,10.091082836244633
A3TeVhjjS2u,201604,14.950359782765103
A3TeVhjjS2u,201605,15.059494598067234
A3TeVhjjS2u,201606,17.288662336654166
A3TeVhjjS2u,201607,17.424992581843384
A3TeVhjjS2u,201608,17.863907564551063
A3TeVhjjS2u,201609,16.45051128293304
A3TeVhjjS2u,201610,13.761040542054095
A3TeVhjjS2u,201611,10.439001794349227
A3TeVhjjS2u,201612,9.456952429103334
A3TeVhjjS2u,201701,4.421379796231171
A3TeVhjjS2u,201702,8.323485024512138
A3TeVhjjS2u,201703,8.635300808985075
A3TeVhjjS2u,201704,13.532007505284993
A3TeVhjjS2u,201705,14.83809280569702
A3TeVhjjS2u,201706,17.306341337605502
A3TeVhjjS2u,201707,17.670437907923457
A3TeVhjjS2u,201708,17.485087561217963
A3TeVhjjS2u,201709,16.785081600065407
A3TeVhjjS2u,201710,14.062100260718871
A3TeVhjjS2u,201711,9.697971213145609
A3TeVhjjS2u,201712,8.287068276937005
A3TeVhjjS2u,201801,6.738347659863554
A3TeVhjjS2u,201802,8.194833117626374
A3TeVhjjS2u,201803,9.850056635378756
A3TeVhjjS2u,201804,12.46626762398301
A3TeVhjjS2u,201805,14.987982652930327
A3TeVhjjS2u,201806,17.4314789866946
A3TeVhjjS2u,201807,17.835916601624117
A3TeVhjjS2u,201808,17.443871280851923
A3TeVhjjS2u,201809,16.35050223077091
A3TeVhjjS2u,201810,11.568317941049152
A3TeVhjjS2u,201811,10.045217390146224
A3TeVhjjS2u,201812,6.00885402744499
A3TeVhjjS2u,201901,3.382317197865137
A3TeVhjjS2u,201902,4.957810630910802
A3TeVhjjS2u,201903,7.973352565899162
A3TeVhjjS2u,201904,12.457261902133853
A3TeVhjjS2u,201905,15.58778068151425
A3TeVhjjS2u,201906,17.483507436243425
A3TeVhjjS2u,201907,17.756128068594638
A3TeVhjjS2u,201908,18.046485399814596
A3TeVhjjS2u,201909,16.327749296321556
A3TeVhjjS2u,201910,13.136085307538018
A3TeVhjjS2u,201911,10.981895166580038
A3TeVhjjS2u,201912,4.938965252436415
A3TeVhjjS2u,202001,3.29961282857684
A3TeVhjjS2u,202002,5.834191835839334
A3TeVhjjS2u,202003,8.148097567487664
A3TeVhjjS2u,202004,11.485636125435038
A3TeVhjjS2u,202005,14.60903818288643
A3TeVhjjS2u,202006,16.781066549512143
A3TeVhjjS2u,202007,17.70787651124346
A3TeVhjjS2u,202008,18.128127318548525
A3TeVhjjS2u,202009,17.190417278334593
A3TeVhjjS2u,202010,14.773147031357116
A3TeVhjjS2u,202011,9.225151630698306
A3TeVhjjS2u,202012,7.391650984782744
A3TeVhjjS2u,202101,7.142190701135386
A3TeVhjjS2u,202102,7.255011663911035
A3TeVhjjS2u,202103,10.333141771596358
A3TeVhjjS2u,202104,12.482699930484438
A3TeVhjjS2u,202105,14.426966081891893
A3TeVhjjS2u,202106,16.941934210368384
A3TeVhjjS2u,202107,17.814117270422337
A3TeVhjjS2u,202108,17.49865912189969
A3TeVhjjS2u,202109,16.680244261346353
A3TeVhjjS2u,202110,14.253134499316811
A3TeVhjjS2u,202111,10.607512287044122
A3TeVhjjS2u,202112,6.297605210376878
A3TeVhjjS2u,202201,3.269318278208309
A3TeVhjjS2u,202202,3.998703244645252
A3TeVhjjS2u,202203,11.264994862617488
A3TeVhjjS2u,202204,15.090175423092257
A3TeVhjjS2u,202205,15.143883588878776
A3TeVhjjS2u,202206,17.386905365606165
A3TeVhjjS2u,202207,18.098847660012368
A3TeVhjjS2u,202208,18.04414959982742
A3TeVhjjS2u,202209,16.696320488963057
A3TeVhjjS2u,202210,13.118226648849738
A3TeVhjjS2u,202211,10.456678255679018
A3TeVhjjS2u,202212,8.296557711280457
A3TeVhjjS2u,202301,6.263066025273488
A3TeVhjjS2u,202302,8.765096322293001
A3TeVhjjS2u,202303,9.039215769421691
A3TeVhjjS2u,202304,12.13931481696052
A3TeVhjjS2u,202305,14.25916761004007
A3TeVhjjS2u,202306,17.863938089109475
A3TeVhjjS2u,202307,18.19748289534408
A3TeVhjjS2u,202308,18.11910653085616
A3TeVhjjS2u,202309,17.664693283065656
A3TeVhjjS2u,202310,13.130426438383926
A3TeVhjjS2u,202311,10.006937998827
A3TeVhjjS2u,202312,7.632214467012027
A3TeVhjjS2u,202401,5.599325872202949
A3TeVhjjS2u,202402,5.976526315294828
A3TeVhjjS2u,202403,9.99556552331219
A3TeVhjjS2u,202404,14.940619484852691
A3TeVhjjS2u,202405,16.858463749443256
A3TeVhjjS2u,202406,18.661797505491688
A3TeVhjjS2u,202407,18.843946615645784
A3TeVhjjS2u,202408,18.194762223728837
A3TeVhjjS2u,202409,17.700537439401547
A3TeVhjjS2u,202410,14.643704549309035
A3TeVhjjS2u,202411,11.139775468748368
A3TeVhjjS2u,202412,7.737078803482445
B7X957nA1lM,201601,7.29376333773172
B7X957nA1lM,201602,11.324386153644332
B7X957nA1lM,201603,14.565489026394152
B7X957nA1lM,201604,18.9324598360029
B7X957nA1lM,201605,17.624768195431287
B7X957nA1lM,201606,19.35912683036245
B7X957nA1lM,201607,19.51345493969713
B7X957nA1lM,201608,20.19132515019014
B7X957nA1lM,201609,18.59487726272904
B7X957nA1lM,201610,16.570970197135704
B7X957nA1lM,201611,13.305024074759348
B7X957nA1lM,201612,11.542238852274938
B7X957nA1lM,201701,8.85175164658174
B7X957nA1lM,201702,11.609593279629086
B7X957nA1lM,201703,12.19480556977211
B7X957nA1lM,201704,16.657502930131862
B7X957nA1lM,201705,17.660205020167616
B7X957nA1lM,201706,19.52631018121537
B7X957nA1lM,201707,19.73865376026968
B7X957nA1lM,201708,19.70975693043018
B7X957nA1lM,201709,19.129718177776297
B7X957nA1lM,201710,16.6830307440107
B7X957nA1lM,201711,12.815855584596797
B7X957nA1lM,201712,11.588082300261483
B7X957nA1lM,201801,8.131903868554073
B7X957nA1lM,201802,10.953345839453778
B7X957nA1lM,201803,13.92434896268463
B7X957nA1lM,201804,15.712070959707688
B7X957nA1lM,201805,17.41474722889572
B7X957nA1lM,201806,19.689958532527903
B7X957nA1lM,201807,19.95625660206025
B7X957nA1lM,201808,19.7425705879149
B7X957nA1lM,201809,18.981117721477307
B7X957nA1lM,201810,14.717656900780804
B7X957nA1lM,201811,12.476708997654384
B7X957nA1lM,201812,8.736117814068194
B7X957nA1lM,201901,7.519582201582213
B7X957nA1lM,201902,9.538900834656024
B7X957nA1lM,201903,12.655104840583448
B7X957nA1lM,201904,15.656970575360091
B7X957nA1lM,201905,18.815869599077807
B7X957nA1lM,201906,19.961220509840302
B7X957nA1lM,201907,19.74100457984235
B7X957nA1lM,201908,20.323325219283035
B7X957nA1lM,201909,18.729731711465494
B7X957nA1lM,201910,15.998333410722047
B7X957nA1lM,201911,13.766829921173311
B7X957nA1lM,201912,8.615668169726426
B7X957nA1lM,202001,7.53069417488378
B7X957nA1lM,202002,9.001213646831706
B7X957nA1lM,202003,12.66197667353014
B7X957nA1lM,202004,15.397306025636686
B7X957nA1lM,202005,17.236189845343397
B7X957nA1lM,202006,19.291819913365853
B7X957nA1lM,202007,19.641782321769803
B7X957nA1lM,202008,20.233039113541636
B7X957nA1lM,202009,19.179566440197064
B7X957nA1lM,202010,17.990062599466853
B7X957nA1lM,202011,13.152793242021032
B7X957nA1lM,202012,9.935783509713032
B7X957nA1lM,202101,9.505653653971631
B7X957nA1lM,202102,10.803473336588986
B7X957nA1lM,202103,14.665803034688947
B7X957nA1lM,202104,17.57180116560755
B7X957nA1lM,202105,17.411285774270908
B7X957nA1lM,202106,19.49453370291317
B7X957nA1lM,202107,19.81848539405685
B7X957nA1lM,202108,19.486117653813658
B7X957nA1lM,202109,19.29193283062754
B7X957nA1lM,202110,17.30740780256161
B7X957nA1lM,202111,12.373217056624576
B7X957nA1lM,202112,9.473527280818445
B7X957nA1lM,202201,7.059671222992242
B7X957nA1lM,202202,7.514416802104515
B7X957nA1lM,202203,15.78708921238174
B7X957nA1lM,202204,17.78307004512005
B7X957nA1lM,202205,18.03721699890927
B7X957nA1lM,202206,19.290017404078743
B7X957nA1lM,202207,20.124660656038174
B7X957nA1lM,202208,20.14808287721729
B7X957nA1lM,202209,18.96896014161765
B7X957nA1lM,202210,16.660681637524437
B7X957nA1lM,202211,12.997218074494256
B7X957nA1lM,202212,10.260412713345533
B7X957nA1lM,202301,9.53654260274715
B7X957nA1lM,202302,11.205074176114724
B7X957nA1lM,202303,13.12303217037758
B7X957nA1lM,202304,17.03424355839658
B7X957nA1lM,202305,17.737572828074466
B7X957nA1lM,202306,20.590180235713387
B7X957nA1lM,202307,20.36536450758555
B7X957nA1lM,202308,20.19922832591342
B7X957nA1lM,202309,20.064209068891152
B7X957nA1lM,202310,16.499892367031116
B7X957nA1lM,202311,13.448445188308206
B7X957nA1lM,202312,10.83152206714893
B7X957nA1lM,202401,7.884127021790123
B7X957nA1lM,202402,10.045764609718551
B7X957nA1lM,202403,13.987539332197922
B7X957nA1lM,202404,19.19263138263297
B7X957nA1lM,202405,19.416649139564512
B7X957nA1lM,202406,20.387643096436985
B7X957nA1lM,202407,20.93303150974958
B7X957nA1lM,202408,20.47821397948937
B7X957nA1lM,202409,20.385249877237456
B7X957nA1lM,202410,17.120673809359115
B7X957nA1lM,202411,13.46396608575087
B7X957nA1lM,202412,10.23654146307162
BITtrV4c0xf,201601,3.555634182187448
BITtrV4c0xf,201602,7.086830542676353
BITtrV4c0xf,201603,10.11465386064804
BITtrV4c0xf,201604,14.617794195907344
BITtrV4c0xf,201605,14.806574361600449
BITtrV4c0xf,201606,16.918377761813947
BITtrV4c0xf,201607,17.375059674827423
BITtrV4c0xf,201608,17.337822576509176
BITtrV4c0xf,201609,16.14368496077449
BITtrV4c0xf,201610,13.24705416088086
BITtrV4c0xf,201611,10.06693924481712
BITtrV4c0xf,201612,8.756280627904212
BITtrV4c0xf,201701,3.3487101262246397
BITtrV4c0xf,201702,7.73759719694093
BITtrV4c0xf,201703,8.32676411971956
BITtrV4c0xf,201704,13.202895480288976
BITtrV4c0xf,201705,14.558828667030363
BITtrV4c0xf,201706,16.870111789286707
BITtrV4c0xf,201707,17.375337010748726
BITtrV4c0xf,201708,17.305745244139114
BITtrV4c0xf,201709,16.375158325637564
BITtrV4c0xf,201710,13.415807697166931
BITtrV4c0xf,201711,9.16865088988079
BITtrV4c0xf,201712,8.090093288350683
BITtrV4c0xf,201801,6.3259411228033535
BITtrV4c0xf,201802,7.347748652503073
BITtrV4c0xf,201803,9.891203431041149
BITtrV4c0xf,201804,12.029534129727288
BITtrV4c0xf,201805,14.891766816162066
BITtrV4c0xf,201806,17.318602325266166
BITtrV4c0xf,201807,17.735184863199038
BITtrV4c0xf,201808,17.250320179330885
BITtrV4c0xf,201809,15.76141731429002
BITtrV4c0xf,201810,11.137295608453
BITtrV4c0xf,201811,9.288457546163183
BITtrV4c0xf,201812,4.866340700701973
BITtrV4c0xf,201901,2.4877924159005453
BITtrV4c0xf,201902,4.19394894200138
BITtrV4c0xf,201903,7.479096393738071
BITtrV4c0xf,201904,12.039240377225449
BITtrV4c0xf,201905,15.373399611955271
BITtrV4c0xf,201906,17.625084836887925
BITtrV4c0xf,201907,17.515719740281266
BITtrV4c0xf,201908,17.570690654214566
BITtrV4c0xf,201909,16.297726941743644
BITtrV4c0xf,201910,12.7587687030264
BITtrV4c0xf,201911,10.688424877887636
BITtrV4c0xf,201912,4.389914042159751
BITtrV4c0xf,202001,2.5436422615874736
BITtrV4c0xf,202002,4.766007277002763
BITtrV4c0xf,202003,7.321664156360733
BITtrV4c0xf,202004,10.851889054749735
BITtrV4c0xf,202005,14.02124082910744
BITtrV4c0xf,202006,16.396692259812326
BITtrV4c0xf,202007,17.42272039619226
BITtrV4c0xf,202008,17.682262919839566
BITtrV4c0xf,202009,16.764591142415025
BITtrV4c0xf,202010,13.817921332723468
BITtrV4c0xf,202011,8.227221177845298
BITtrV4c0xf,202012,7.027081715116453
BITtrV4c0xf,202101,6.985236887588851
BITtrV4c0xf,202102,6.376790760990359
BITtrV4c0xf,202103,9.964457987068272
BITtrV4c0xf,202104,11.882552505162716
BITtrV4c0xf,202105,13.907868876466836
BITtrV4c0xf,202106,16.47411616307609
BITtrV4c0xf,202107,17.41125887792003
BITtrV4c0xf,202108,17.07724972333265
BITtrV4c0xf,202109,16.28219778731748
BITtrV4c0xf,202110,13.775920729514548
BITtrV4c0xf,202111,9.762618848300257
BITtrV4c0xf,202112,3.85142559562025
BITtrV4c0xf,202201,2.356743389880412
BITtrV4c0xf,202202,2.9469914340111862
BITtrV4c0xf,202203,10.21658512178559
BITtrV4c0xf,202204,14.50307428436288
BITtrV4c0xf,202205,14.67767325453368
BITtrV4c0xf,202206,17.173664613408466
BITtrV4c0xf,202207,17.636385054072488
BITtrV4c0xf,202208,17.500662035687256
BITtrV4c0xf,202209,16.041969957868865
BITtrV4c0xf,202210,12.031573367040307
BITtrV4c0xf,202211,9.346930585935704
BITtrV4c0xf,202212,7.39037023324348
BITtrV4c0xf,202301,5.174806514880601
BITtrV4c0xf,202302,7.921664011894365
BITtrV4c0xf,202303,8.194864299293869
BITtrV4c0xf,202304,11.167901466455415
BITtrV4c0xf,202305,13.451040538559733
BITtrV4c0xf,202306,17.259010888427596
BITtrV4c0xf,202307,17.88491459984987
BITtrV4c0xf,202308,17.393902919193955
BITtrV4c0xf,202309,16.938965523548703
BITtrV4c0xf,202310,12.52967167137261
BITtrV4c0xf,202311,9.41048803274923
BITtrV4c0xf,202312,6.293952750353215
BITtrV4c0xf,202401,4.985813958788784
BITtrV4c0xf,202402,4.309707471265861
BITtrV4c0xf,202403,9.152168464857583
BITtrV4c0xf,202404,13.61964437717648
BITtrV4c0xf,202405,16.11481354661443
BITtrV4c0xf,202406,18.646409695891528
BITtrV4c0xf,202407,18.536250462211108
BITtrV4c0xf,202408,17.723054975947488
BITtrV4c0xf,202409,17.05784938436032
BITtrV4c0xf,202410,13.885777932752546
BITtrV4c0xf,202411,10.13228936555548
BITtrV4c0xf,202412,6.377358141462612
BdLcDbLQd88,201601,-7.62174956740632
BdLcDbLQd88,201602,-3.177525969930041
BdLcDbLQd88,201603,-1.6602777204886778
BdLcDbLQd88,201604,1.958211564421101
BdLcDbLQd88,201605,3.4581150066162234
BdLcDbLQd88,201606,6.81909553609217
BdLcDbLQd88,201607,7.329063348033104
BdLcDbLQd88,201608,7.555630157432052
BdLcDbLQd88,201609,6.156526088323869
BdLcDbLQd88,201610,2.9757055215703287
BdLcDbLQd88,201611,-0.0715913641980168
BdLcDbLQd88,201612,-1.1817183713786297
BdLcDbLQd88,201701,-6.252975972968485
BdLcDbLQd88,201702,-3.784048155748498
BdLcDbLQd88,201703,-3.757811691014296
BdLcDbLQd88,201704,0.9563189859977592
BdLcDbLQd88,201705,3.270098643046304
BdLcDbLQd88,201706,6.60999933333775
BdLcDbLQd88,201707,7.509622980416045
BdLcDbLQd88,201708,7.542317290315978
BdLcDbLQd88,201709,6.483779678318241
BdLcDbLQd88,201710,2.8602697801354697
BdLcDbLQd88,201711,-1.4274580658208145
BdLcDbLQd88,201712,-0.9299056149998134
BdLcDbLQd88,201801,-3.368337426542683
BdLcDbLQd88,201802,-3.796123894468142
BdLcDbLQd88,201803,-2.967989595419818
BdLcDbLQd88,201804,0.1416032666880562
BdLcDbLQd88,201805,3.256807885654399
BdLcDbLQd88,201806,6.798492011064938
BdLcDbLQd88,201807,7.901428666838898
BdLcDbLQd88,201808,7.620109474074067
BdLcDbLQd88,201809,5.9971869773146524
BdLcDbLQd88,201810,0.5529904750312582
BdLcDbLQd88,201811,-1.7115172804213377
BdLcDbLQd88,201812,-5.45510835680715
BdLcDbLQd88,201901,-8.542460351987971
BdLcDbLQd88,201902,-6.3009685407648375
BdLcDbLQd88,201903,-3.7382631232045513
BdLcDbLQd88,201904,0.173686691811586
BdLcDbLQd88,201905,3.868362679680017
BdLcDbLQd88,201906,6.743552023424552
BdLcDbLQd88,201907,7.615731593152338
BdLcDbLQd88,201908,8.053881676855315
BdLcDbLQd88,201909,6.344096921273388
BdLcDbLQd88,201910,2.7047737208168106
BdLcDbLQd88,201911,0.6155869018743384
BdLcDbLQd88,201912,-5.40711285028918
BdLcDbLQd88,202001,-7.004587657883729
BdLcDbLQd88,202002,-5.3887166440897465
BdLcDbLQd88,202003,-2.849663542636765
BdLcDbLQd88,202004,-0.5227931984966637
BdLcDbLQd88,202005,3.1718340103263816
BdLcDbLQd88,202006,7.029103571455863
BdLcDbLQd88,202007,8.09780819652416
BdLcDbLQd88,202008,8.645672215554656
BdLcDbLQd88,202009,7.161370348896533
BdLcDbLQd88,202010,4.601838680009682
BdLcDbLQd88,202011,-0.7325385469747208
BdLcDbLQd88,202012,-2.4278359621039862
BdLcDbLQd88,202101,-2.1484793109280163
BdLcDbLQd88,202102,-3.56962560295008
BdLcDbLQd88,202103,-0.9216505380113332
BdLcDbLQd88,202104,0.4544583660412545
BdLcDbLQd88,202105,4.012498419164434
BdLcDbLQd88,202106,7.365783955247452
BdLcDbLQd88,202107,8.309328790194414
BdLcDbLQd88,202108,7.941058093869894
BdLcDbLQd88,202109,6.881500986533856
BdLcDbLQd88,202110,4.109714353200731
BdLcDbLQd88,202111,0.0392849755512018
BdLcDbLQd88,202112,-4.188659620245096
BdLcDbLQd88,202201,-7.617723456650591
BdLcDbLQd88,202202,-7.367464087812756
BdLcDbLQd88,202203,0.3131803168538302
BdLcDbLQd88,202204,3.3120935772408773
BdLcDbLQd88,202205,4.425146166015401
BdLcDbLQd88,202206,7.208380793969969
BdLcDbLQd88,202207,8.385676963802334
BdLcDbLQd88,202208,8.319426347347967
BdLcDbLQd88,202209,6.751665744931442
BdLcDbLQd88,202210,2.465616393169291
BdLcDbLQd88,202211,-0.2121450837324716
BdLcDbLQd88,202212,-1.811295425971453
BdLcDbLQd88,202301,-3.85360546122612
BdLcDbLQd88,202302,-2.6750922010353912
BdLcDbLQd88,202303,-2.65005237097067
BdLcDbLQd88,202304,0.8698692167491715
BdLcDbLQd88,202305,2.710153689801016
BdLcDbLQd88,202306,7.010401806783709
BdLcDbLQd88,202307,8.517311470914898
BdLcDbLQd88,202308,8.625287414193213
BdLcDbLQd88,202309,7.206518584501122
BdLcDbLQd88,202310,2.6772589990597946
BdLcDbLQd88,202311,-0.654463278281065
BdLcDbLQd88,202312,-2.799246663232718
BdLcDbLQd88,202401,-6.200883347563344
BdLcDbLQd88,202402,-5.038882788064681
BdLcDbLQd88,202403,-1.602228333498825
BdLcDbLQd88,202404,2.3115574359309217
BdLcDbLQd88,202405,4.591618267327993
BdLcDbLQd88,202406,7.843349707470248
BdLcDbLQd88,202407,9.272181612015718
BdLcDbLQd88,202408,8.289772977462613
BdLcDbLQd88,202409,7.406296067561218
BdLcDbLQd88,202410,3.834001553954217
BdLcDbLQd88,202411,-0.1383870836989689
BdLcDbLQd88,202412,-2.2407989830065853
BywOwm8jUhf,201601,-9.572808169668788
BywOwm8jUhf,201602,-7.920133685277682
BywOwm8jUhf,201603,-4.376742237951143
BywOwm8jUhf,201604,0.8675102174814532
BywOwm8jUhf,201605,4.875877487367866
BywOwm8jUhf,201606,9.410904166817918
BywOwm8jUhf,201607,10.489634736509108
BywOwm8jUhf,201608,10.0648521971695
BywOwm8jUhf,201609,8.129608743276584
BywOwm8jUhf,201610,3.81600111102932
BywOwm8jUhf,201611,0.3713802298379893
BywOwm8jUhf,201612,-0.338135333005485
BywOwm8jUhf,201701,-11.229140424119322
BywOwm8jUhf,201702,-7.515367068888003
BywOwm8jUhf,201703,-5.812892012590695
BywOwm8jUhf,201704,0.3024427213373705
BywOwm8jUhf,201705,3.711857470907258
BywOwm8jUhf,201706,8.335829618184636
BywOwm8jUhf,201707,10.3954599902978
BywOwm8jUhf,201708,10.315540379603698
BywOwm8jUhf,201709,7.988069631548917
BywOwm8jUhf,201710,3.850800374297714
BywOwm8jUhf,201711,-3.4095502612529707
BywOwm8jUhf,201712,-7.837411615968921
BywOwm8jUhf,201801,-8.175165921228388
BywOwm8jUhf,201802,-8.17027481510245
BywOwm8jUhf,201803,-5.322803137520282
BywOwm8jUhf,201804,0.1293005627173171
BywOwm8jUhf,201805,3.731142073167783
BywOwm8jUhf,201806,9.275286036466612
BywOwm8jUhf,201807,10.82094374334224
BywOwm8jUhf,201808,10.43425514945888
BywOwm8jUhf,201809,7.07051160645605
BywOwm8jUhf,201810,0.4842346736571544
BywOwm8jUhf,201811,-3.641586114093298
BywOwm8jUhf,201812,-8.18672298411676
BywOwm8jUhf,201901,-11.2933984946818
BywOwm8jUhf,201902,-9.482658772501876
BywOwm8jUhf,201903,-6.964401051006952
BywOwm8jUhf,201904,0.0199711782500246
BywOwm8jUhf,201905,2.6956797603828577
BywOwm8jUhf,201906,7.277627994369655
BywOwm8jUhf,201907,9.989939450233866
BywOwm8jUhf,201908,10.360537275831067
BywOwm8jUhf,201909,8.604212195272611
BywOwm8jUhf,201910,2.610546403046984
BywOwm8jUhf,201911,-3.6337511819325
BywOwm8jUhf,201912,-12.190579681494238
BywOwm8jUhf,202001,-11.409212897335031
BywOwm8jUhf,202002,-10.006966169540052
BywOwm8jUhf,202003,-6.689077292885494
BywOwm8jUhf,202004,-1.678809178797901
BywOwm8jUhf,202005,2.916957474098671
BywOwm8jUhf,202006,8.096038869968302
BywOwm8jUhf,202007,10.438245848182303
BywOwm8jUhf,202008,10.720542720734006
BywOwm8jUhf,202009,8.920540191459605
BywOwm8jUhf,202010,4.3847440027200575
BywOwm8jUhf,202011,-3.733530366521768
BywOwm8jUhf,202012,-9.491790820882905
BywOwm8jUhf,202101,-8.795620758046038
BywOwm8jUhf,202102,-7.415990098094688
BywOwm8jUhf,202103,-4.291263648318489
BywOwm8jUhf,202104,-2.554834936095102
BywOwm8jUhf,202105,2.9193740436103965
BywOwm8jUhf,202106,7.316370551968221
BywOwm8jUhf,202107,10.56222106896388
BywOwm8jUhf,202108,10.194599842747186
BywOwm8jUhf,202109,8.769263144610767
BywOwm8jUhf,202110,2.747137278975429
BywOwm8jUhf,202111,-2.945157858605771
BywOwm8jUhf,202112,-10.723009845867589
BywOwm8jUhf,202201,-11.760110553553842
BywOwm8jUhf,202202,-11.208706751110064
BywOwm8jUhf,202203,-2.8545202170127264
BywOwm8jUhf,202204,2.7901224909647206
BywOwm8jUhf,202205,5.780403508853151
BywOwm8jUhf,202206,9.038843285982564
BywOwm8jUhf,202207,10.960336839391012
BywOwm8jUhf,202208,10.34285570482437
BywOwm8jUhf,202209,7.670690185742594
BywOwm8jUhf,202210,-0.2165480391201935
BywOwm8jUhf,202211,-4.39296872912849
BywOwm8jUhf,202212,-6.5161330855058335
BywOwm8jUhf,202301,-9.697123279706425
BywOwm8jUhf,202302,-7.769208910910044
BywOwm8jUhf,202303,-4.747120290699868
BywOwm8jUhf,202304,-2.0952798005442306
BywOwm8jUhf,202305,1.3068610839399086
BywOwm8jUhf,202306,6.992154523687127
BywOwm8jUhf,202307,10.498445616718133
BywOwm8jUhf,202308,10.59790781637084
BywOwm8jUhf,202309,8.572738123522381
BywOwm8jUhf,202310,2.1919869090559643
BywOwm8jUhf,202311,-2.56671758922619
BywOwm8jUhf,202312,-8.47042978133385
BywOwm8jUhf,202401,-8.854281786235235
BywOwm8jUhf,202402,-10.148564217209026
BywOwm8jUhf,202403,-5.283550393057271
BywOwm8jUhf,202404,0.1719168386824063
BywOwm8jUhf,202405,5.745787458033513
BywOwm8jUhf,202406,9.838339145362603
BywOwm8jUhf,202407,11.184568632351308
BywOwm8jUhf,202408,10.594441450804046
BywOwm8jUhf,202409,8.972306473289148
BywOwm8jUhf,202410,4.501323242873557
BywOwm8jUhf,202411,0.5385023677088945
BywOwm8jUhf,202412,-6.383758290642745
CNFRaFUfLjo,201601,15.933954919642384
CNFRaFUfLjo,201602,19.40319061592272
CNFRaFUfLjo,201603,23.775527176791574
CNFRaFUfLjo,201604,26.9934421810232
CNFRaFUfLjo,201605,26.16491492720151
CNFRaFUfLjo,201606,27.26873870973249
CNFRaFUfLjo,201607,26.531722566622715
CNFRaFUfLjo,201608,28.042350423419823
CNFRaFUfLjo,201609,26.259121061999675
CNFRaFUfLjo,201610,24.731210672734253
CNFRaFUfLjo,201611,21.061581730303534
CNFRaFUfLjo,201612,18.212440653738472
CNFRaFUfLjo,201701,16.757863686498624
CNFRaFUfLjo,201702,19.43179426505528
CNFRaFUfLjo,201703,21.452789339083573
CNFRaFUfLjo,201704,24.85938119531066
CNFRaFUfLjo,201705,26.578537309695413
CNFRaFUfLjo,201706,27.461450164837093
CNFRaFUfLjo,201707,26.953230039645437
CNFRaFUfLjo,201708,27.17083425673837
CNFRaFUfLjo,201709,27.06007729144049
CNFRaFUfLjo,201710,24.85967882292576
CNFRaFUfLjo,201711,20.83345150684641
CNFRaFUfLjo,201712,18.515957787565835
CNFRaFUfLjo,201801,15.828540714055745
CNFRaFUfLjo,201802,19.269142643256263
CNFRaFUfLjo,201803,23.455246886772883
CNFRaFUfLjo,201804,25.05107533674626
CNFRaFUfLjo,201805,25.616432460389877
CNFRaFUfLjo,201806,27.402131792277583
CNFRaFUfLjo,201807,27.349992223811743
CNFRaFUfLjo,201808,27.393686136937376
CNFRaFUfLjo,201809,26.80164892479695
CNFRaFUfLjo,201810,23.61937354859551
CNFRaFUfLjo,201811,20.851372263727747
CNFRaFUfLjo,201812,17.06715227149858
CNFRaFUfLjo,201901,16.509577857531276
CNFRaFUfLjo,201902,18.546213566695883
CNFRaFUfLjo,201903,22.813095636256715
CNFRaFUfLjo,201904,25.838218310283875
CNFRaFUfLjo,201905,26.504271343846145
CNFRaFUfLjo,201906,27.69247755215058
CNFRaFUfLjo,201907,27.13316517733139
CNFRaFUfLjo,201908,27.975577489013748
CNFRaFUfLjo,201909,26.077467289817264
CNFRaFUfLjo,201910,24.15068828526091
CNFRaFUfLjo,201911,22.52386795680806
CNFRaFUfLjo,201912,16.547560309016664
CNFRaFUfLjo,202001,15.748548958683743
CNFRaFUfLjo,202002,18.075376156160107
CNFRaFUfLjo,202003,22.574565636265167
CNFRaFUfLjo,202004,25.154794239986288
CNFRaFUfLjo,202005,25.70683507500028
CNFRaFUfLjo,202006,26.701477251880902
CNFRaFUfLjo,202007,26.67781989053333
CNFRaFUfLjo,202008,27.66108152727089
CNFRaFUfLjo,202009,26.402127575510903
CNFRaFUfLjo,202010,25.465080077081087
CNFRaFUfLjo,202011,20.388753130998595
CNFRaFUfLjo,202012,16.896339614318173
CNFRaFUfLjo,202101,16.34970191526185
CNFRaFUfLjo,202102,18.745879779205257
CNFRaFUfLjo,202103,23.54325575152744
CNFRaFUfLjo,202104,26.75494219238742
CNFRaFUfLjo,202105,25.800633497898943
CNFRaFUfLjo,202106,26.84834674229357
CNFRaFUfLjo,202107,27.258415876237127
CNFRaFUfLjo,202108,26.708327619253453
CNFRaFUfLjo,202109,27.19035278704232
CNFRaFUfLjo,202110,24.942437413049365
CNFRaFUfLjo,202111,19.298856253664457
CNFRaFUfLjo,202112,17.03460896092053
CNFRaFUfLjo,202201,15.650950902646931
CNFRaFUfLjo,202202,16.190265698877763
CNFRaFUfLjo,202203,24.394995155991296
CNFRaFUfLjo,202204,25.231297917370025
CNFRaFUfLjo,202205,26.135165254630223
CNFRaFUfLjo,202206,26.232661248888192
CNFRaFUfLjo,202207,27.907889266289494
CNFRaFUfLjo,202208,27.81580456757758
CNFRaFUfLjo,202209,26.633702987932704
CNFRaFUfLjo,202210,24.256367596739796
CNFRaFUfLjo,202211,20.53952602068644
CNFRaFUfLjo,202212,17.761946630450602
CNFRaFUfLjo,202301,16.03116830055092
CNFRaFUfLjo,202302,19.76162082989196
CNFRaFUfLjo,202303,22.65393866397526
CNFRaFUfLjo,202304,26.46311331237345
CNFRaFUfLjo,202305,27.640780942577347
CNFRaFUfLjo,202306,28.52378986281675
CNFRaFUfLjo,202307,27.95218115346671
CNFRaFUfLjo,202308,27.69671011400346
CNFRaFUfLjo,202309,27.860470979910744
CNFRaFUfLjo,202310,24.72195218947513
CNFRaFUfLjo,202311,22.05791262737616
CNFRaFUfLjo,202312,18.47267755369929
CNFRaFUfLjo,202401,16.027738776434898
CNFRaFUfLjo,202402,18.036913863781734
CNFRaFUfLjo,202403,22.49310206808111
CNFRaFUfLjo,202404,28.08780543970341
CNFRaFUfLjo,202405,28.881689688864157
CNFRaFUfLjo,202406,27.423766840140136
CNFRaFUfLjo,202407,27.909470075888017
CNFRaFUfLjo,202408,27.708136135558597
CNFRaFUfLjo,202409,28.051372932923343
CNFRaFUfLjo,202410,25.166307620286474
CNFRaFUfLjo,202411,21.695303051450807
CNFRaFUfLjo,202412,17.629571104531326
D51gR5DC5vt,201601,-2.7011418439394825
D51gR5DC5vt,201602,1.160943137816369
D51gR5DC5vt,201603,3.441354012085874
D51gR5DC5vt,201604,8.225934437255718
D51gR5DC5vt,201605,9.924162058747282
D51gR5DC5vt,201606,13.256883654159594
D51gR5DC5vt,201607,13.86019268028587
D51gR5DC5vt,201608,13.549972997944108
D51gR5DC5vt,201609,12.494760292178102
D51gR5DC5vt,201610,8.999917127335094
D51gR5DC5vt,201611,6.0916944793956604
D51gR5DC5vt,201612,4.83350603919267
D51gR5DC5vt,201701,-4.471918838767657
D51gR5DC5vt,201702,0.8862191893788087
D51gR5DC5vt,201703,1.728411432979094
D51gR5DC5vt,201704,7.4986404281475645
D51gR5DC5vt,201705,9.275819093340964
D51gR5DC5vt,201706,12.71851155116333
D51gR5DC5vt,201707,13.75007496782688
D51gR5DC5vt,201708,13.79162991671766
D51gR5DC5vt,201709,12.34222422321281
D51gR5DC5vt,201710,9.017688034848934
D51gR5DC5vt,201711,4.145937906966029
D51gR5DC5vt,201712,2.200991771963129
D51gR5DC5vt,201801,1.2880618036549905
D51gR5DC5vt,201802,0.4400012338682182
D51gR5DC5vt,201803,2.8664460497115787
D51gR5DC5vt,201804,6.758004800351072
D51gR5DC5vt,201805,10.309306984371377
D51gR5DC5vt,201806,13.382176892915862
D51gR5DC5vt,201807,14.221665158701285
D51gR5DC5vt,201808,13.65983795431461
D51gR5DC5vt,201809,11.830047896933907
D51gR5DC5vt,201810,6.514093559189242
D51gR5DC5vt,201811,4.980863133918901
D51gR5DC5vt,201812,-1.5238470241038804
D51gR5DC5vt,201901,-4.804891580210633
D51gR5DC5vt,201902,-2.680680352272046
D51gR5DC5vt,201903,0.8320844982303961
D51gR5DC5vt,201904,5.953362886693375
D51gR5DC5vt,201905,9.524842607322686
D51gR5DC5vt,201906,12.892540072752611
D51gR5DC5vt,201907,13.762745747033744
D51gR5DC5vt,201908,13.811022744755435
D51gR5DC5vt,201909,12.346271551509057
D51gR5DC5vt,201910,7.971890623554872
D51gR5DC5vt,201911,5.242702997481108
D51gR5DC5vt,201912,-3.606546427337107
D51gR5DC5vt,202001,-5.193425420486166
D51gR5DC5vt,202002,-2.7691982168505334
D51gR5DC5vt,202003,0.6139736650766047
D51gR5DC5vt,202004,4.1787901819417055
D51gR5DC5vt,202005,8.865987333476168
D51gR5DC5vt,202006,12.13177431876469
D51gR5DC5vt,202007,13.889847948496314
D51gR5DC5vt,202008,14.20717858345529
D51gR5DC5vt,202009,12.92501569212964
D51gR5DC5vt,202010,9.841309203274426
D51gR5DC5vt,202011,2.5448909447238464
D51gR5DC5vt,202012,1.462195573357686
D51gR5DC5vt,202101,1.1327852972405852
D51gR5DC5vt,202102,0.4815261424525432
D51gR5DC5vt,202103,3.661138506462936
D51gR5DC5vt,202104,4.774238483888217
D51gR5DC5vt,202105,8.93340084023387
D51gR5DC5vt,202106,12.12947880432675
D51gR5DC5vt,202107,13.909811100927538
D51gR5DC5vt,202108,13.614502457003464
D51gR5DC5vt,202109,12.399811474580554
D51gR5DC5vt,202110,9.0195668948054
D51gR5DC5vt,202111,5.031732932285879
D51gR5DC5vt,202112,-2.5666339434855896
D51gR5DC5vt,202201,-5.4661080095392
D51gR5DC5vt,202202,-4.423692089472867
D51gR5DC5vt,202203,4.399420065981438
D51gR5DC5vt,202204,9.231378217415484
D51gR5DC5vt,202205,10.179384846018204
D51gR5DC5vt,202206,13.323499757618476
D51gR5DC5vt,202207,14.043498659434247
D51gR5DC5vt,202208,13.83198530470326
D51gR5DC5vt,202209,11.769713644940724
D51gR5DC5vt,202210,6.574788011757141
D51gR5DC5vt,202211,4.157772586457539
D51gR5DC5vt,202212,2.580989947908391
D51gR5DC5vt,202301,-1.2149028479685509
D51gR5DC5vt,202302,1.4610085992300257
D51gR5DC5vt,202303,1.7135225703432462
D51gR5DC5vt,202304,4.342796773813738
D51gR5DC5vt,202305,7.262683144908948
D51gR5DC5vt,202306,11.945910138317831
D51gR5DC5vt,202307,13.926209832637632
D51gR5DC5vt,202308,13.698510207184
D51gR5DC5vt,202309,12.623902450004412
D51gR5DC5vt,202310,6.862073123935207
D51gR5DC5vt,202311,3.9016872944716
D51gR5DC5vt,202312,0.2721345543657716
D51gR5DC5vt,202401,-0.8205427892637627
D51gR5DC5vt,202402,-2.414679487625626
D51gR5DC5vt,202403,2.0695666739640743
D51gR5DC5vt,202404,6.47875997652215
D51gR5DC5vt,202405,10.541996582666306
D51gR5DC5vt,202406,14.07362936347248
D51gR5DC5vt,202407,14.64924960858272
D51gR5DC5vt,202408,13.857094981111588
D51gR5DC5vt,202409,12.74107096014297
D51gR5DC5vt,202410,8.887712108945484
D51gR5DC5vt,202411,5.599409068500768
D51gR5DC5vt,202412,1.4526081901276209
DLyaDAF00hm,201601,16.685490574755484
DLyaDAF00hm,201602,21.15921871966778
DLyaDAF00hm,201603,26.29106976298456
DLyaDAF00hm,201604,31.51103253607011
DLyaDAF00hm,201605,28.340280157790712
DLyaDAF00hm,201606,28.78732381274109
DLyaDAF00hm,201607,27.559211020717747
DLyaDAF00hm,201608,28.91346482894048
DLyaDAF00hm,201609,26.7984821488474
DLyaDAF00hm,201610,25.628463123169315
DLyaDAF00hm,201611,21.739004396350776
DLyaDAF00hm,201612,18.286647564680877
DLyaDAF00hm,201701,16.63511653905008
DLyaDAF00hm,201702,20.210066184825457
DLyaDAF00hm,201703,22.905160190428656
DLyaDAF00hm,201704,28.293912552445924
DLyaDAF00hm,201705,29.852964363494078
DLyaDAF00hm,201706,29.3794667369161
DLyaDAF00hm,201707,27.853352971689723
DLyaDAF00hm,201708,27.843414750038995
DLyaDAF00hm,201709,27.93559301826813
DLyaDAF00hm,201710,25.90223077199144
DLyaDAF00hm,201711,21.71313098350523
DLyaDAF00hm,201712,18.87480685124212
DLyaDAF00hm,201801,15.502344434562696
DLyaDAF00hm,201802,19.973672274778934
DLyaDAF00hm,201803,25.79635948941225
DLyaDAF00hm,201804,28.293337977209436
DLyaDAF00hm,201805,28.98826120971084
DLyaDAF00hm,201806,29.98171060585599
DLyaDAF00hm,201807,28.57949617670027
DLyaDAF00hm,201808,28.2261252379962
DLyaDAF00hm,201809,27.816239460707287
DLyaDAF00hm,201810,25.27042198215263
DLyaDAF00hm,201811,22.743766316604333
DLyaDAF00hm,201812,17.886199475732262
DLyaDAF00hm,201901,16.863965001195915
DLyaDAF00hm,201902,19.151214454386068
DLyaDAF00hm,201903,24.074982401891585
DLyaDAF00hm,201904,27.823645469485303
DLyaDAF00hm,201905,31.252265229335052
DLyaDAF00hm,201906,31.512427525541582
DLyaDAF00hm,201907,28.547167722994093
DLyaDAF00hm,201908,28.94095267978172
DLyaDAF00hm,201909,26.897822906524816
DLyaDAF00hm,201910,25.07313978585517
DLyaDAF00hm,201911,22.93452954386489
DLyaDAF00hm,201912,15.987012827267485
DLyaDAF00hm,202001,15.412349224330164
DLyaDAF00hm,202002,18.084652594176735
DLyaDAF00hm,202003,23.51148370495013
DLyaDAF00hm,202004,27.679811115262744
DLyaDAF00hm,202005,28.26207735350787
DLyaDAF00hm,202006,28.05137320301485
DLyaDAF00hm,202007,27.614673577937232
DLyaDAF00hm,202008,28.706541468210663
DLyaDAF00hm,202009,27.40830923240635
DLyaDAF00hm,202010,26.380305191699907
DLyaDAF00hm,202011,21.168392981613195
DLyaDAF00hm,202012,17.247383477166817
DLyaDAF00hm,202101,16.30672597658884
DLyaDAF00hm,202102,19.94900046112009
DLyaDAF00hm,202103,25.81722583861352
DLyaDAF00hm,202104,29.285841472874942
DLyaDAF00hm,202105,27.19782571123936
DLyaDAF00hm,202106,28.00054514005144
DLyaDAF00hm,202107,28.23340236543086
DLyaDAF00hm,202108,27.40590859545142
DLyaDAF00hm,202109,27.87478240861843
DLyaDAF00hm,202110,25.536145615955757
DLyaDAF00hm,202111,20.03156566345143
DLyaDAF00hm,202112,17.151501179612957
DLyaDAF00hm,202201,15.250829626381734
DLyaDAF00hm,202202,16.81530303309592
DLyaDAF00hm,202203,26.09566184079357
DLyaDAF00hm,202204,29.818632545105068
DLyaDAF00hm,202205,29.27887313049361
DLyaDAF00hm,202206,28.983852460120303
DLyaDAF00hm,202207,29.198367788160013
DLyaDAF00hm,202208,28.655730037661847
DLyaDAF00hm,202209,27.248093299840004
DLyaDAF00hm,202210,24.79954816734099
DLyaDAF00hm,202211,21.299260676903284
DLyaDAF00hm,202212,17.972573248114045
DLyaDAF00hm,202301,15.595418410190836
DLyaDAF00hm,202302,20.13682140403336
DLyaDAF00hm,202303,24.157124125518056
DLyaDAF00hm,202304,29.01245951536765
DLyaDAF00hm,202305,30.164603936204397
DLyaDAF00hm,202306,32.02503308386303
DLyaDAF00hm,202307,29.08553700924193
DLyaDAF00hm,202308,28.49597132390448
DLyaDAF00hm,202309,28.552917060118727
DLyaDAF00hm,202310,25.52063182473701
DLyaDAF00hm,202311,22.591323930865126
DLyaDAF00hm,202312,18.576587006029914
DLyaDAF00hm,202401,15.804454261899632
DLyaDAF00hm,202402,18.536747072165543
DLyaDAF00hm,202403,23.836607736779666
DLyaDAF00hm,202404,30.825514651121267
DLyaDAF00hm,202405,30.45129731367464
DLyaDAF00hm,202406,30.538824905725573
DLyaDAF00hm,202407,29.081330084922065
DLyaDAF00hm,202408,28.50830814283808
DLyaDAF00hm,202409,28.59400136353474
DLyaDAF00hm,202410,26.226146692865115
DLyaDAF00hm,202411,22.5258752385182
DLyaDAF00hm,202412,17.50217290756781
EXKX4gJ9D6Y,201601,16.297548243136024
EXKX4gJ9D6Y,201602,20.65299047028856
EXKX4gJ9D6Y,201603,25.60431727700059
EXKX4gJ9D6Y,201604,30.848449604312325
EXKX4gJ9D6Y,201605,28.11523225881861
EXKX4gJ9D6Y,201606,28.627118396387843
EXKX4gJ9D6Y,201607,27.300273472639848
EXKX4gJ9D6Y,201608,28.64363185863701
EXKX4gJ9D6Y,201609,26.56989846463058
EXKX4gJ9D6Y,201610,25.378864360005352
EXKX4gJ9D6Y,201611,21.61944112535953
EXKX4gJ9D6Y,201612,18.150904933152443
EXKX4gJ9D6Y,201701,16.415184841253485
EXKX4gJ9D6Y,201702,19.924271845405443
EXKX4gJ9D6Y,201703,22.52828645807707
EXKX4gJ9D6Y,201704,27.99723408460581
EXKX4gJ9D6Y,201705,29.553658993111632
EXKX4gJ9D6Y,201706,29.16596287821005
EXKX4gJ9D6Y,201707,27.61407552001088
EXKX4gJ9D6Y,201708,27.548725928249358
EXKX4gJ9D6Y,201709,27.645956280944173
EXKX4gJ9D6Y,201710,25.72611543111552
EXKX4gJ9D6Y,201711,21.550926675057816
EXKX4gJ9D6Y,201712,18.602128459479665
EXKX4gJ9D6Y,201801,15.23265521711772
EXKX4gJ9D6Y,201802,19.612451618046848
EXKX4gJ9D6Y,201803,25.367085259237925
EXKX4gJ9D6Y,201804,28.20524476099887
EXKX4gJ9D6Y,201805,28.911016010311847
EXKX4gJ9D6Y,201806,29.707546435010315
EXKX4gJ9D6Y,201807,28.282783512057765
EXKX4gJ9D6Y,201808,27.928445906998675
EXKX4gJ9D6Y,201809,27.518190764376374
EXKX4gJ9D6Y,201810,24.748016995100823
EXKX4gJ9D6Y,201811,22.071304743339063
EXKX4gJ9D6Y,201812,17.331305775149175
EXKX4gJ9D6Y,201901,16.358998897470983
EXKX4gJ9D6Y,201902,18.57135100791528
EXKX4gJ9D6Y,201903,23.31113161656111
EXKX4gJ9D6Y,201904,27.408520691455813
EXKX4gJ9D6Y,201905,31.02868624433116
EXKX4gJ9D6Y,201906,31.529410399983774
EXKX4gJ9D6Y,201907,28.29714008179724
EXKX4gJ9D6Y,201908,28.72153646906865
EXKX4gJ9D6Y,201909,26.66193157184655
EXKX4gJ9D6Y,201910,24.767803121287717
EXKX4gJ9D6Y,201911,22.619526241794897
EXKX4gJ9D6Y,201912,15.70280907026252
EXKX4gJ9D6Y,202001,15.10957589233128
EXKX4gJ9D6Y,202002,17.80644732260189
EXKX4gJ9D6Y,202003,23.134447018273487
EXKX4gJ9D6Y,202004,27.201271812832736
EXKX4gJ9D6Y,202005,28.29428362769101
EXKX4gJ9D6Y,202006,27.84268971651656
EXKX4gJ9D6Y,202007,27.369948876758684
EXKX4gJ9D6Y,202008,28.473063601114944
EXKX4gJ9D6Y,202009,27.219570236640106
EXKX4gJ9D6Y,202010,26.058411100584458
EXKX4gJ9D6Y,202011,20.83248669188233
EXKX4gJ9D6Y,202012,16.933925710969852
EXKX4gJ9D6Y,202101,16.085833509261402
EXKX4gJ9D6Y,202102,19.51148451228538
EXKX4gJ9D6Y,202103,25.186434737916485
EXKX4gJ9D6Y,202104,28.86940984377826
EXKX4gJ9D6Y,202105,26.872703685779584
EXKX4gJ9D6Y,202106,27.735322078702385
EXKX4gJ9D6Y,202107,27.951222724354043
EXKX4gJ9D6Y,202108,27.138046055698556
EXKX4gJ9D6Y,202109,27.592809015171884
EXKX4gJ9D6Y,202110,25.26685301945166
EXKX4gJ9D6Y,202111,19.72116499730554
EXKX4gJ9D6Y,202112,16.84360758929225
EXKX4gJ9D6Y,202201,15.037733656489603
EXKX4gJ9D6Y,202202,16.444243061206404
EXKX4gJ9D6Y,202203,25.728102001190404
EXKX4gJ9D6Y,202204,29.4901558911131
EXKX4gJ9D6Y,202205,29.3905897830532
EXKX4gJ9D6Y,202206,28.967680684653622
EXKX4gJ9D6Y,202207,28.90734388633523
EXKX4gJ9D6Y,202208,28.40764115935739
EXKX4gJ9D6Y,202209,26.998060015198995
EXKX4gJ9D6Y,202210,24.524537921585992
EXKX4gJ9D6Y,202211,20.972679366938635
EXKX4gJ9D6Y,202212,17.726655070397705
EXKX4gJ9D6Y,202301,15.397838928174048
EXKX4gJ9D6Y,202302,19.72441515933952
EXKX4gJ9D6Y,202303,23.73066680926909
EXKX4gJ9D6Y,202304,28.26456720511773
EXKX4gJ9D6Y,202305,29.67467981377396
EXKX4gJ9D6Y,202306,31.846419306105105
EXKX4gJ9D6Y,202307,28.85844332611181
EXKX4gJ9D6Y,202308,28.260656389341047
EXKX4gJ9D6Y,202309,28.39498683683165
EXKX4gJ9D6Y,202310,25.200837236838836
EXKX4gJ9D6Y,202311,22.19543974524937
EXKX4gJ9D6Y,202312,18.294291372169795
EXKX4gJ9D6Y,202401,15.537143480025376
EXKX4gJ9D6Y,202402,18.06225523097432
EXKX4gJ9D6Y,202403,23.29924042712648
EXKX4gJ9D6Y,202404,30.12296978711464
EXKX4gJ9D6Y,202405,30.361293478454428
EXKX4gJ9D6Y,202406,30.503702160094
EXKX4gJ9D6Y,202407,28.83020997543538
EXKX4gJ9D6Y,202408,28.252294543667567
EXKX4gJ9D6Y,202409,28.355379855328323
EXKX4gJ9D6Y,202410,25.895360074497717
EXKX4gJ9D6Y,202411,22.149845359031325
EXKX4gJ9D6Y,202412,17.2168136403173
F5xI4hl77mT,201601,15.674713572426905
F5xI4hl77mT,201602,19.71129371072018
F5xI4hl77mT,201603,24.865724037117328
F5xI4hl77mT,201604,31.17526394216401
F5xI4hl77mT,201605,29.460561337359028
F5xI4hl77mT,201606,29.40170780989612
F5xI4hl77mT,201607,27.44058898488615
F5xI4hl77mT,201608,28.62022733677869
F5xI4hl77mT,201609,26.74942227384464
F5xI4hl77mT,201610,25.20989546701407
F5xI4hl77mT,201611,21.01687323783024
F5xI4hl77mT,201612,17.41076793110713
F5xI4hl77mT,201701,15.848106760095982
F5xI4hl77mT,201702,19.444913433328374
F5xI4hl77mT,201703,22.59957412958663
F5xI4hl77mT,201704,28.53950237286105
F5xI4hl77mT,201705,29.436141751072757
F5xI4hl77mT,201706,29.44411499256591
F5xI4hl77mT,201707,27.86755853267017
F5xI4hl77mT,201708,27.58693506502537
F5xI4hl77mT,201709,27.694754166833
F5xI4hl77mT,201710,25.53472873540301
F5xI4hl77mT,201711,21.21589809188229
F5xI4hl77mT,201712,17.93168127823789
F5xI4hl77mT,201801,14.100577646374658
F5xI4hl77mT,201802,19.043929177081136
F5xI4hl77mT,201803,24.60651862466821
F5xI4hl77mT,201804,28.03395576899998
F5xI4hl77mT,201805,29.33870272743575
F5xI4hl77mT,201806,30.874306387853707
F5xI4hl77mT,201807,28.344507830670587
F5xI4hl77mT,201808,27.898454155794607
F5xI4hl77mT,201809,27.48875269957008
F5xI4hl77mT,201810,24.37834023205345
F5xI4hl77mT,201811,21.37451070314161
F5xI4hl77mT,201812,16.777391684198935
F5xI4hl77mT,201901,15.62958748178528
F5xI4hl77mT,201902,17.517362274542563
F5xI4hl77mT,201903,22.204438256486394
F5xI4hl77mT,201904,27.560250757492536
F5xI4hl77mT,201905,31.24094841209648
F5xI4hl77mT,201906,31.469545032236297
F5xI4hl77mT,201907,28.402956641438585
F5xI4hl77mT,201908,28.683983895418404
F5xI4hl77mT,201909,26.66897307339795
F5xI4hl77mT,201910,24.624960551248577
F5xI4hl77mT,201911,22.27222628442307
F5xI4hl77mT,201912,15.40327049784862
F5xI4hl77mT,202001,14.399083410085586
F5xI4hl77mT,202002,16.94240989533749
F5xI4hl77mT,202003,21.867903366439656
F5xI4hl77mT,202004,26.542249370041684
F5xI4hl77mT,202005,28.991105217735846
F5xI4hl77mT,202006,27.71091234247672
F5xI4hl77mT,202007,27.433752541805788
F5xI4hl77mT,202008,28.420997695705303
F5xI4hl77mT,202009,27.23047035135789
F5xI4hl77mT,202010,26.03713220813376
F5xI4hl77mT,202011,20.700352369991048
F5xI4hl77mT,202012,16.72801913434193
F5xI4hl77mT,202101,15.49054087050872
F5xI4hl77mT,202102,18.98251242710217
F5xI4hl77mT,202103,24.466545032019575
F5xI4hl77mT,202104,28.121228983165157
F5xI4hl77mT,202105,26.783774291692104
F5xI4hl77mT,202106,27.765842016470707
F5xI4hl77mT,202107,28.019374616557545
F5xI4hl77mT,202108,27.13440124134
F5xI4hl77mT,202109,27.347024667802355
F5xI4hl77mT,202110,25.271697808661006
F5xI4hl77mT,202111,19.9413839933396
F5xI4hl77mT,202112,16.46029788945982
F5xI4hl77mT,202201,14.328358815489173
F5xI4hl77mT,202202,15.857906411355176
F5xI4hl77mT,202203,24.76730584507258
F5xI4hl77mT,202204,29.074648283621578
F5xI4hl77mT,202205,29.300181551942043
F5xI4hl77mT,202206,30.138349926929585
F5xI4hl77mT,202207,28.961863510277293
F5xI4hl77mT,202208,28.568255037579885
F5xI4hl77mT,202209,26.96298609635676
F5xI4hl77mT,202210,24.19835543391237
F5xI4hl77mT,202211,20.803026832298706
F5xI4hl77mT,202212,17.204856308454236
F5xI4hl77mT,202301,15.008537843721674
F5xI4hl77mT,202302,18.99132548100279
F5xI4hl77mT,202303,23.45636511056495
F5xI4hl77mT,202304,28.34832207998342
F5xI4hl77mT,202305,29.78971323935985
F5xI4hl77mT,202306,32.45591329380324
F5xI4hl77mT,202307,28.915384144589517
F5xI4hl77mT,202308,28.35493285322361
F5xI4hl77mT,202309,28.53786879694464
F5xI4hl77mT,202310,25.038696162794466
F5xI4hl77mT,202311,21.971949781889677
F5xI4hl77mT,202312,17.837223095413165
F5xI4hl77mT,202401,14.715847175027529
F5xI4hl77mT,202402,17.48561562111913
F5xI4hl77mT,202403,23.16620633968249
F5xI4hl77mT,202404,30.45955426851549
F5xI4hl77mT,202405,31.13403084726524
F5xI4hl77mT,202406,31.81348964175461
F5xI4hl77mT,202407,28.851544807776435
F5xI4hl77mT,202408,28.206996023961192
F5xI4hl77mT,202409,28.020007829428856
F5xI4hl77mT,202410,25.73399962391761
F5xI4hl77mT,202411,21.843426373145927
F5xI4hl77mT,202412,16.335210509562344
Fh294RrB7an,201601,15.97390142105001
Fh294RrB7an,201602,20.35721660076168
Fh294RrB7an,201603,25.10095656861477
Fh294RrB7an,201604,30.764176199182952
Fh294RrB7an,201605,28.05937828529761
Fh294RrB7an,201606,28.42818717330918
Fh294RrB7an,201607,26.91272292356916
Fh294RrB7an,201608,28.25945190083173
Fh294RrB7an,201609,26.202337131803414
Fh294RrB7an,201610,25.00656240745404
Fh294RrB7an,201611,21.140274444784797
Fh294RrB7an,201612,17.56514204844265
Fh294RrB7an,201701,16.09950451798625
Fh294RrB7an,201702,19.69910330698444
Fh294RrB7an,201703,22.268315886211337
Fh294RrB7an,201704,27.41489152799021
Fh294RrB7an,201705,28.558935020529265
Fh294RrB7an,201706,28.57011260677216
Fh294RrB7an,201707,27.182845699449768
Fh294RrB7an,201708,27.15137121544092
Fh294RrB7an,201709,27.2823930192834
Fh294RrB7an,201710,25.471066567033148
Fh294RrB7an,201711,21.2295118762764
Fh294RrB7an,201712,18.133416487406453
Fh294RrB7an,201801,14.73562481664386
Fh294RrB7an,201802,19.325970880934268
Fh294RrB7an,201803,24.822517763035563
Fh294RrB7an,201804,27.95171130432696
Fh294RrB7an,201805,28.426558787235077
Fh294RrB7an,201806,29.39579762461444
Fh294RrB7an,201807,27.86408643937669
Fh294RrB7an,201808,27.52615064067294
Fh294RrB7an,201809,27.05075486329495
Fh294RrB7an,201810,24.019190576421444
Fh294RrB7an,201811,21.25524538332132
Fh294RrB7an,201812,16.64438200643019
Fh294RrB7an,201901,15.917397382341257
Fh294RrB7an,201902,17.938382951639195
Fh294RrB7an,201903,22.6810811710754
Fh294RrB7an,201904,27.025845911164573
Fh294RrB7an,201905,30.826498841524657
Fh294RrB7an,201906,31.20953923890704
Fh294RrB7an,201907,27.80255804091949
Fh294RrB7an,201908,28.33191093843247
Fh294RrB7an,201909,26.201406331947236
Fh294RrB7an,201910,24.318428621786836
Fh294RrB7an,201911,22.02037839277649
Fh294RrB7an,201912,15.18225304634864
Fh294RrB7an,202001,14.521758400269942
Fh294RrB7an,202002,17.191731418393196
Fh294RrB7an,202003,22.271277579494857
Fh294RrB7an,202004,26.376698446917317
Fh294RrB7an,202005,27.884616113404427
Fh294RrB7an,202006,27.17666140254935
Fh294RrB7an,202007,26.82217256708519
Fh294RrB7an,202008,27.969831373266704
Fh294RrB7an,202009,26.81403587593248
Fh294RrB7an,202010,25.673856360691325
Fh294RrB7an,202011,20.43400287823986
Fh294RrB7an,202012,16.485873780181773
Fh294RrB7an,202101,15.594627193932432
Fh294RrB7an,202102,19.020984454537956
Fh294RrB7an,202103,24.628071101871768
Fh294RrB7an,202104,28.460323063726527
Fh294RrB7an,202105,26.14627218021158
Fh294RrB7an,202106,27.18726400163656
Fh294RrB7an,202107,27.410778783452347
Fh294RrB7an,202108,26.621119281813904
Fh294RrB7an,202109,27.04186995485288
Fh294RrB7an,202110,24.912902185675406
Fh294RrB7an,202111,19.4925720420965
Fh294RrB7an,202112,16.35966267220587
Fh294RrB7an,202201,14.446561900511083
Fh294RrB7an,202202,16.06906203574949
Fh294RrB7an,202203,25.155761124464117
Fh294RrB7an,202204,29.227115479169548
Fh294RrB7an,202205,28.74248153005141
Fh294RrB7an,202206,28.72344719980675
Fh294RrB7an,202207,28.436902795306104
Fh294RrB7an,202208,28.02201932368514
Fh294RrB7an,202209,26.495849456497155
Fh294RrB7an,202210,23.97887922503486
Fh294RrB7an,202211,20.455251371665604
Fh294RrB7an,202212,17.086535605712502
Fh294RrB7an,202301,15.13364670705395
Fh294RrB7an,202302,19.33279873204612
Fh294RrB7an,202303,23.40015837334921
Fh294RrB7an,202304,27.947387614085123
Fh294RrB7an,202305,29.431227732929436
Fh294RrB7an,202306,31.76313890000563
Fh294RrB7an,202307,28.45624659158302
Fh294RrB7an,202308,27.813148548324836
Fh294RrB7an,202309,28.093405195426836
Fh294RrB7an,202310,24.75204053674044
Fh294RrB7an,202311,21.73994905374657
Fh294RrB7an,202312,17.792882380142437
Fh294RrB7an,202401,14.968175050814567
Fh294RrB7an,202402,17.62936841551339
Fh294RrB7an,202403,23.067412796117925
Fh294RrB7an,202404,30.195642771122728
Fh294RrB7an,202405,30.29978316405377
Fh294RrB7an,202406,30.468653307799972
Fh294RrB7an,202407,28.354418528042338
Fh294RrB7an,202408,27.76639443272444
Fh294RrB7an,202409,27.72460855604908
Fh294RrB7an,202410,25.57974279186053
Fh294RrB7an,202411,21.40706921369512
Fh294RrB7an,202412,16.363861457304914
GnpIwWbdxdl,201601,9.325402229765526
GnpIwWbdxdl,201602,12.753714973361587
GnpIwWbdxdl,201603,16.623411671051453
GnpIwWbdxdl,201604,21.95232435129372
GnpIwWbdxdl,201605,21.41971815267464
GnpIwWbdxdl,201606,22.025098704467485
GnpIwWbdxdl,201607,21.52524039267097
GnpIwWbdxdl,201608,22.010942058093285
GnpIwWbdxdl,201609,20.458552513687017
GnpIwWbdxdl,201610,18.33280553447028
GnpIwWbdxdl,201611,14.689082565451503
GnpIwWbdxdl,201612,12.597867272448132
GnpIwWbdxdl,201701,9.019561678351025
GnpIwWbdxdl,201702,13.111702083254828
GnpIwWbdxdl,201703,14.812056965887784
GnpIwWbdxdl,201704,20.030051895003734
GnpIwWbdxdl,201705,21.48329714629332
GnpIwWbdxdl,201706,22.1629198435315
GnpIwWbdxdl,201707,21.59540271697116
GnpIwWbdxdl,201708,21.551062018590503
GnpIwWbdxdl,201709,20.744164754044498
GnpIwWbdxdl,201710,18.6661730085997
GnpIwWbdxdl,201711,14.55327407307293
GnpIwWbdxdl,201712,12.335110557641
GnpIwWbdxdl,201801,10.309029127631604
GnpIwWbdxdl,201802,13.061773653958424
GnpIwWbdxdl,201803,16.563820073467262
GnpIwWbdxdl,201804,19.082501733165717
GnpIwWbdxdl,201805,21.8746154506998
GnpIwWbdxdl,201806,22.60287778651097
GnpIwWbdxdl,201807,22.04358707918658
GnpIwWbdxdl,201808,21.31834984563117
GnpIwWbdxdl,201809,20.40483701903101
GnpIwWbdxdl,201810,17.14864033893536
GnpIwWbdxdl,201811,14.226157313574872
GnpIwWbdxdl,201812,9.928813392066353
GnpIwWbdxdl,201901,8.355788619083688
GnpIwWbdxdl,201902,9.982102954346434
GnpIwWbdxdl,201903,13.77454462233056
GnpIwWbdxdl,201904,18.649637580910703
GnpIwWbdxdl,201905,22.76174412221852
GnpIwWbdxdl,201906,23.520801267831384
GnpIwWbdxdl,201907,21.698422722664645
GnpIwWbdxdl,201908,22.088466611497115
GnpIwWbdxdl,201909,20.522914974111583
GnpIwWbdxdl,201910,17.533592567708293
GnpIwWbdxdl,201911,15.643499024135323
GnpIwWbdxdl,201912,8.91383328659931
GnpIwWbdxdl,202001,7.900486929339332
GnpIwWbdxdl,202002,10.316868389850288
GnpIwWbdxdl,202003,13.319516409804818
GnpIwWbdxdl,202004,17.628968934188475
GnpIwWbdxdl,202005,20.29908456592472
GnpIwWbdxdl,202006,21.19788406726754
GnpIwWbdxdl,202007,21.44985073179034
GnpIwWbdxdl,202008,21.772912050143123
GnpIwWbdxdl,202009,21.187869655136424
GnpIwWbdxdl,202010,19.020036554158462
GnpIwWbdxdl,202011,14.179478596974937
GnpIwWbdxdl,202012,11.664830149332431
GnpIwWbdxdl,202101,10.804983055213384
GnpIwWbdxdl,202102,12.3311464461295
GnpIwWbdxdl,202103,16.48619850260152
GnpIwWbdxdl,202104,19.088124492722567
GnpIwWbdxdl,202105,19.828412078379845
GnpIwWbdxdl,202106,21.315019202466512
GnpIwWbdxdl,202107,21.71380507110294
GnpIwWbdxdl,202108,21.114310526693423
GnpIwWbdxdl,202109,20.871604981561408
GnpIwWbdxdl,202110,18.767969866590395
GnpIwWbdxdl,202111,13.994292735578236
GnpIwWbdxdl,202112,9.850751062101816
GnpIwWbdxdl,202201,7.657460160599514
GnpIwWbdxdl,202202,9.044504031402523
GnpIwWbdxdl,202203,17.120414376115285
GnpIwWbdxdl,202204,21.814123436464723
GnpIwWbdxdl,202205,20.926591980239888
GnpIwWbdxdl,202206,23.128750421105646
GnpIwWbdxdl,202207,21.886353032052146
GnpIwWbdxdl,202208,21.82442250508712
GnpIwWbdxdl,202209,20.38613406313212
GnpIwWbdxdl,202210,17.061270972964298
GnpIwWbdxdl,202211,14.183361829245651
GnpIwWbdxdl,202212,11.749424994218916
GnpIwWbdxdl,202301,10.014903310240753
GnpIwWbdxdl,202302,13.484523988705568
GnpIwWbdxdl,202303,15.057317013082482
GnpIwWbdxdl,202304,18.25383471128656
GnpIwWbdxdl,202305,20.507956315852333
GnpIwWbdxdl,202306,23.60531367931076
GnpIwWbdxdl,202307,22.14885763652739
GnpIwWbdxdl,202308,21.51497478462672
GnpIwWbdxdl,202309,21.62168986982641
GnpIwWbdxdl,202310,17.844703649870464
GnpIwWbdxdl,202311,14.471895950556242
GnpIwWbdxdl,202312,11.620640252130851
GnpIwWbdxdl,202401,9.367229868869678
GnpIwWbdxdl,202402,10.276606882811988
GnpIwWbdxdl,202403,15.395047856490246
GnpIwWbdxdl,202404,20.56755656810756
GnpIwWbdxdl,202405,23.025382052944423
GnpIwWbdxdl,202406,24.98002906558397
GnpIwWbdxdl,202407,22.6591272773318
GnpIwWbdxdl,202408,21.76483553334485
GnpIwWbdxdl,202409,21.612931762255904
GnpIwWbdxdl,202410,18.742679349332523
GnpIwWbdxdl,202411,14.706699661254468
GnpIwWbdxdl,202412,10.768895288877728
HL5fSUsp2vJ,201601,8.740600812309252
HL5fSUsp2vJ,201602,11.800398181341771
HL5fSUsp2vJ,201603,15.464026748585775
HL5fSUsp2vJ,201604,20.73793455916055
HL5fSUsp2vJ,201605,19.969203104253545
HL5fSUsp2vJ,201606,21.11505742790571
HL5fSUsp2vJ,201607,21.013459473753045
HL5fSUsp2vJ,201608,21.38485997567047
HL5fSUsp2vJ,201609,20.118527415434706
HL5fSUsp2vJ,201610,17.544385783537752
HL5fSUsp2vJ,201611,14.088604731770136
HL5fSUsp2vJ,201612,11.93470899352648
HL5fSUsp2vJ,201701,8.749150441434411
HL5fSUsp2vJ,201702,12.55410216193286
HL5fSUsp2vJ,201703,13.923091665800646
HL5fSUsp2vJ,201704,18.93404930868078
HL5fSUsp2vJ,201705,20.11448163717278
HL5fSUsp2vJ,201706,21.318030368505127
HL5fSUsp2vJ,201707,21.192448846640897
HL5fSUsp2vJ,201708,21.017485991814
HL5fSUsp2vJ,201709,20.407254545664653
HL5fSUsp2vJ,201710,17.799035279046745
HL5fSUsp2vJ,201711,13.289113729248095
HL5fSUsp2vJ,201712,11.50701919603492
HL5fSUsp2vJ,201801,9.379610405326307
HL5fSUsp2vJ,201802,12.338279399121635
HL5fSUsp2vJ,201803,15.490229672730964
HL5fSUsp2vJ,201804,17.54642560554555
HL5fSUsp2vJ,201805,20.0658020656572
HL5fSUsp2vJ,201806,21.790676059743728
HL5fSUsp2vJ,201807,21.49057626229639
HL5fSUsp2vJ,201808,20.920704991896194
HL5fSUsp2vJ,201809,20.08055442892681
HL5fSUsp2vJ,201810,15.90879692671346
HL5fSUsp2vJ,201811,13.376716137470517
HL5fSUsp2vJ,201812,9.322480101299854
HL5fSUsp2vJ,201901,7.843566829173922
HL5fSUsp2vJ,201902,9.6287766486111
HL5fSUsp2vJ,201903,13.337371908327013
HL5fSUsp2vJ,201904,17.650144702238407
HL5fSUsp2vJ,201905,21.69685040278761
HL5fSUsp2vJ,201906,22.614707387573134
HL5fSUsp2vJ,201907,21.320232285482422
HL5fSUsp2vJ,201908,21.56398182927288
HL5fSUsp2vJ,201909,20.10207758789172
HL5fSUsp2vJ,201910,17.01173332733052
HL5fSUsp2vJ,201911,14.69286186355746
HL5fSUsp2vJ,201912,9.174967386188516
HL5fSUsp2vJ,202001,7.895388997163467
HL5fSUsp2vJ,202002,9.946679691773422
HL5fSUsp2vJ,202003,12.908130978814144
HL5fSUsp2vJ,202004,16.652298459285316
HL5fSUsp2vJ,202005,19.448030005394006
HL5fSUsp2vJ,202006,20.56811992846326
HL5fSUsp2vJ,202007,21.27315870618324
HL5fSUsp2vJ,202008,21.6452203178494
HL5fSUsp2vJ,202009,20.927055608431655
HL5fSUsp2vJ,202010,18.319690590310177
HL5fSUsp2vJ,202011,13.275077515744629
HL5fSUsp2vJ,202012,10.433930264555237
HL5fSUsp2vJ,202101,10.136007136416495
HL5fSUsp2vJ,202102,11.347557819118643
HL5fSUsp2vJ,202103,15.671211997717004
HL5fSUsp2vJ,202104,18.50041522884285
HL5fSUsp2vJ,202105,18.923494028168648
HL5fSUsp2vJ,202106,20.8129619904803
HL5fSUsp2vJ,202107,21.352410627725863
HL5fSUsp2vJ,202108,20.890486905686057
HL5fSUsp2vJ,202109,20.366752911148502
HL5fSUsp2vJ,202110,18.21214742031842
HL5fSUsp2vJ,202111,13.65696776106254
HL5fSUsp2vJ,202112,9.606088747376962
HL5fSUsp2vJ,202201,7.688676568278459
HL5fSUsp2vJ,202202,8.790858358634999
HL5fSUsp2vJ,202203,16.118548217024543
HL5fSUsp2vJ,202204,20.62215138191145
HL5fSUsp2vJ,202205,19.79593862011035
HL5fSUsp2vJ,202206,21.922140545749794
HL5fSUsp2vJ,202207,21.649470127315105
HL5fSUsp2vJ,202208,21.63035391499024
HL5fSUsp2vJ,202209,20.17532698113522
HL5fSUsp2vJ,202210,16.4677342647093
HL5fSUsp2vJ,202211,13.530490300093875
HL5fSUsp2vJ,202212,10.732991274585864
HL5fSUsp2vJ,202301,9.28577732465253
HL5fSUsp2vJ,202302,12.32810755736226
HL5fSUsp2vJ,202303,14.058554862137356
HL5fSUsp2vJ,202304,17.40547776628635
HL5fSUsp2vJ,202305,19.37168147613658
HL5fSUsp2vJ,202306,22.78668174947636
HL5fSUsp2vJ,202307,21.798319947039317
HL5fSUsp2vJ,202308,21.306542068679907
HL5fSUsp2vJ,202309,21.10864240632473
HL5fSUsp2vJ,202310,17.085521907763987
HL5fSUsp2vJ,202311,13.832343284664129
HL5fSUsp2vJ,202312,11.021923398300313
HL5fSUsp2vJ,202401,8.924940398512136
HL5fSUsp2vJ,202402,9.972686795438792
HL5fSUsp2vJ,202403,14.767012719895227
HL5fSUsp2vJ,202404,20.309517053826116
HL5fSUsp2vJ,202405,21.795118266374857
HL5fSUsp2vJ,202406,23.85505414224273
HL5fSUsp2vJ,202407,22.334103846254624
HL5fSUsp2vJ,202408,21.59865673368284
HL5fSUsp2vJ,202409,21.19923972740131
HL5fSUsp2vJ,202410,18.38048953070665
HL5fSUsp2vJ,202411,14.254766406925052
HL5fSUsp2vJ,202412,10.177024919901482
HfIRB3HRHvk,201601,
HfIRB3HRHvk,201602,
HfIRB3HRHvk,201603,
HfIRB3HRHvk,201604,
HfIRB3HRHvk,201605,
HfIRB3HRHvk,201606,
HfIRB3HRHvk,201607,
HfIRB3HRHvk,201608,
HfIRB3HRHvk,201609,
HfIRB3HRHvk,201610,
HfIRB3HRHvk,201611,
HfIRB3HRHvk,201612,
HfIRB3HRHvk,201701,
HfIRB3HRHvk,201702,
HfIRB3HRHvk,201703,
HfIRB3HRHvk,201704,
HfIRB3HRHvk,201705,
HfIRB3HRHvk,201706,
HfIRB3HRHvk,201707,
HfIRB3HRHvk,201708,
HfIRB3HRHvk,201709,
HfIRB3HRHvk,201710,
HfIRB3HRHvk,201711,
HfIRB3HRHvk,201712,
HfIRB3HRHvk,201801,
HfIRB3HRHvk,201802,
HfIRB3HRHvk,201803,
HfIRB3HRHvk,201804,
HfIRB3HRHvk,201805,
HfIRB3HRHvk,201806,
HfIRB3HRHvk,201807,
HfIRB3HRHvk,201808,
HfIRB3HRHvk,201809,
HfIRB3HRHvk,201810,
HfIRB3HRHvk,201811,
HfIRB3HRHvk,201812,
HfIRB3HRHvk,201901,
HfIRB3HRHvk,201902,
HfIRB3HRHvk,201903,
HfIRB3HRHvk,201904,
HfIRB3HRHvk,201905,
HfIRB3HRHvk,201906,
HfIRB3HRHvk,201907,
HfIRB3HRHvk,201908,
HfIRB3HRHvk,201909,
HfIRB3HRHvk,201910,
HfIRB3HRHvk,201911,
HfIRB3HRHvk,201912,
HfIRB3HRHvk,202001,
HfIRB3HRHvk,202002,
HfIRB3HRHvk,202003,
HfIRB3HRHvk,202004,
HfIRB3HRHvk,202005,
HfIRB3HRHvk,202006,
HfIRB3HRHvk,202007,
HfIRB3HRHvk,202008,
HfIRB3HRHvk,202009,
HfIRB3HRHvk,202010,
HfIRB3HRHvk,202011,
HfIRB3HRHvk,202012,
HfIRB3HRHvk,202101,
HfIRB3HRHvk,202102,
HfIRB3HRHvk,202103,
HfIRB3HRHvk,202104,
HfIRB3HRHvk,202105,
HfIRB3HRHvk,202106,
HfIRB3HRHvk,202107,
HfIRB3HRHvk,202108,
HfIRB3HRHvk,202109,
HfIRB3HRHvk,202110,
HfIRB3HRHvk,202111,
HfIRB3HRHvk,202112,
HfIRB3HRHvk,202201,
HfIRB3HRHvk,202202,
HfIRB3HRHvk,202203,
HfIRB3HRHvk,202204,
HfIRB3HRHvk,202205,
HfIRB3HRHvk,202206,
HfIRB3HRHvk,202207,
HfIRB3HRHvk,202208,
HfIRB3HRHvk,202209,
HfIRB3HRHvk,202210,
HfIRB3HRHvk,202211,
HfIRB3HRHvk,202212,
HfIRB3HRHvk,202301,
HfIRB3HRHvk,202302,
HfIRB3HRHvk,202303,
HfIRB3HRHvk,202304,
HfIRB3HRHvk,202305,
HfIRB3HRHvk,202306,
HfIRB3HRHvk,202307,
HfIRB3HRHvk,202308,
HfIRB3HRHvk,202309,
HfIRB3HRHvk,202310,
HfIRB3HRHvk,202311,
HfIRB3HRHvk,202312,
HfIRB3HRHvk,202401,
HfIRB3HRHvk,202402,
HfIRB3HRHvk,202403,
HfIRB3HRHvk,202404,
HfIRB3HRHvk,202405,
HfIRB3HRHvk,202406,
HfIRB3HRHvk,202407,
HfIRB3HRHvk,202408,
HfIRB3HRHvk,202409,
HfIRB3HRHvk,202410,
HfIRB3HRHvk,202411,
HfIRB3HRHvk,202412,
HkwA8YQgJK6,201601,9.318325647108368
HkwA8YQgJK6,201602,12.783821399542928
HkwA8YQgJK6,201603,16.331963449695078
HkwA8YQgJK6,201604,21.61580550133042
HkwA8YQgJK6,201605,20.816559805534823
HkwA8YQgJK6,201606,21.628485079379438
HkwA8YQgJK6,201607,21.2985359873222
HkwA8YQgJK6,201608,21.79670075350117
HkwA8YQgJK6,201609,20.46560790603322
HkwA8YQgJK6,201610,18.25349396582584
HkwA8YQgJK6,201611,14.93131157160751
HkwA8YQgJK6,201612,12.483299580099196
HkwA8YQgJK6,201701,9.374446320498008
HkwA8YQgJK6,201702,13.299997338027955
HkwA8YQgJK6,201703,14.79758400644796
HkwA8YQgJK6,201704,19.61743770020331
HkwA8YQgJK6,201705,20.83783776206431
HkwA8YQgJK6,201706,21.7458000495872
HkwA8YQgJK6,201707,21.417107865372337
HkwA8YQgJK6,201708,21.34729562218121
HkwA8YQgJK6,201709,20.703369153604555
HkwA8YQgJK6,201710,18.72747965227037
HkwA8YQgJK6,201711,14.357445600431692
HkwA8YQgJK6,201712,12.296514252409334
HkwA8YQgJK6,201801,10.147506697997915
HkwA8YQgJK6,201802,13.094013511265796
HkwA8YQgJK6,201803,16.290575413599772
HkwA8YQgJK6,201804,18.519572603293685
HkwA8YQgJK6,201805,21.301042299188683
HkwA8YQgJK6,201806,22.19431783838628
HkwA8YQgJK6,201807,21.82258060356652
HkwA8YQgJK6,201808,21.076202486335344
HkwA8YQgJK6,201809,20.34225103083251
HkwA8YQgJK6,201810,17.112696829712423
HkwA8YQgJK6,201811,14.246733115570605
HkwA8YQgJK6,201812,9.883164437000795
HkwA8YQgJK6,201901,8.515020708994035
HkwA8YQgJK6,201902,9.791311750634126
HkwA8YQgJK6,201903,13.821882964119917
HkwA8YQgJK6,201904,18.65497627241819
HkwA8YQgJK6,201905,22.23829087523586
HkwA8YQgJK6,201906,23.1699904275204
HkwA8YQgJK6,201907,21.51621662736676
HkwA8YQgJK6,201908,21.828464475875094
HkwA8YQgJK6,201909,20.374084469077573
HkwA8YQgJK6,201910,17.610425155057086
HkwA8YQgJK6,201911,15.598014470526522
HkwA8YQgJK6,201912,9.320952667708513
HkwA8YQgJK6,202001,8.026484183617539
HkwA8YQgJK6,202002,10.695109724416442
HkwA8YQgJK6,202003,13.421872005569965
HkwA8YQgJK6,202004,17.430739445809234
HkwA8YQgJK6,202005,20.092563792962284
HkwA8YQgJK6,202006,21.182984588113893
HkwA8YQgJK6,202007,21.45060535707526
HkwA8YQgJK6,202008,21.731720374657403
HkwA8YQgJK6,202009,21.30922852425153
HkwA8YQgJK6,202010,19.25460443725709
HkwA8YQgJK6,202011,14.297894838742971
HkwA8YQgJK6,202012,11.438541664362068
HkwA8YQgJK6,202101,10.642634190136484
HkwA8YQgJK6,202102,12.449102728423112
HkwA8YQgJK6,202103,16.49174077910888
HkwA8YQgJK6,202104,18.918846218015705
HkwA8YQgJK6,202105,19.501235882725247
HkwA8YQgJK6,202106,21.23686034567781
HkwA8YQgJK6,202107,21.71693677812719
HkwA8YQgJK6,202108,21.107329007357244
HkwA8YQgJK6,202109,20.81364082225771
HkwA8YQgJK6,202110,18.826695639336865
HkwA8YQgJK6,202111,14.107895649200406
HkwA8YQgJK6,202112,10.067772019343558
HkwA8YQgJK6,202201,7.995035324278668
HkwA8YQgJK6,202202,9.158849936140928
HkwA8YQgJK6,202203,17.403721740873518
HkwA8YQgJK6,202204,21.922386942996194
HkwA8YQgJK6,202205,20.46781428370222
HkwA8YQgJK6,202206,22.920140055696983
HkwA8YQgJK6,202207,21.8236017141396
HkwA8YQgJK6,202208,21.856513397065584
HkwA8YQgJK6,202209,20.231159032657203
HkwA8YQgJK6,202210,16.844909618558823
HkwA8YQgJK6,202211,14.094957385745886
HkwA8YQgJK6,202212,11.63134228248703
HkwA8YQgJK6,202301,9.93835027908356
HkwA8YQgJK6,202302,13.352188544872195
HkwA8YQgJK6,202303,14.682307544574522
HkwA8YQgJK6,202304,17.740112335866534
HkwA8YQgJK6,202305,19.806890162989006
HkwA8YQgJK6,202306,22.955776230985627
HkwA8YQgJK6,202307,21.92879758042727
HkwA8YQgJK6,202308,21.455513031562653
HkwA8YQgJK6,202309,21.401478995825563
HkwA8YQgJK6,202310,17.71311750584521
HkwA8YQgJK6,202311,14.489788328795491
HkwA8YQgJK6,202312,11.447443824921324
HkwA8YQgJK6,202401,9.156918913801814
HkwA8YQgJK6,202402,10.184076493087048
HkwA8YQgJK6,202403,15.211588762934742
HkwA8YQgJK6,202404,20.171315119576413
HkwA8YQgJK6,202405,22.526938013347923
HkwA8YQgJK6,202406,24.5948168522392
HkwA8YQgJK6,202407,22.477566734947647
HkwA8YQgJK6,202408,21.6605063967723
HkwA8YQgJK6,202409,21.39139546816049
HkwA8YQgJK6,202410,18.808019901990825
HkwA8YQgJK6,202411,14.81828332881634
HkwA8YQgJK6,202412,10.681422477648931
ICSVN3EZGcy,201601,9.067138671875
ICSVN3EZGcy,201602,11.946075439453123
ICSVN3EZGcy,201603,14.823333740234377
ICSVN3EZGcy,201604,19.236480712890625
ICSVN3EZGcy,201605,19.11489868164062
ICSVN3EZGcy,201606,20.868560791015625
ICSVN3EZGcy,201607,20.637847900390625
ICSVN3EZGcy,201608,21.667877197265625
ICSVN3EZGcy,201609,19.97378540039062
ICSVN3EZGcy,201610,17.958892822265625
ICSVN3EZGcy,201611,14.197906494140623
ICSVN3EZGcy,201612,12.914703369140623
ICSVN3EZGcy,201701,8.881622314453125
ICSVN3EZGcy,201702,12.478668212890629
ICSVN3EZGcy,201703,13.428985595703123
ICSVN3EZGcy,201704,17.423248291015625
ICSVN3EZGcy,201705,18.904205322265625
ICSVN3EZGcy,201706,21.162017822265625
ICSVN3EZGcy,201707,21.181060791015625
ICSVN3EZGcy,201708,20.81069946289062
ICSVN3EZGcy,201709,20.55874633789062
ICSVN3EZGcy,201710,18.250640869140625
ICSVN3EZGcy,201711,14.278961181640629
ICSVN3EZGcy,201712,12.575469970703123
ICSVN3EZGcy,201801,9.729400634765623
ICSVN3EZGcy,201802,12.97052001953125
ICSVN3EZGcy,201803,14.760955810546877
ICSVN3EZGcy,201804,17.104400634765625
ICSVN3EZGcy,201805,18.804595947265625
ICSVN3EZGcy,201806,21.029449462890625
ICSVN3EZGcy,201807,21.196197509765625
ICSVN3EZGcy,201808,20.98770141601562
ICSVN3EZGcy,201809,20.114898681640625
ICSVN3EZGcy,201810,16.212310791015625
ICSVN3EZGcy,201811,14.100006103515623
ICSVN3EZGcy,201812,10.248077392578123
ICSVN3EZGcy,201901,8.288299560546875
ICSVN3EZGcy,201902,10.258117675781248
ICSVN3EZGcy,201903,13.233612060546871
ICSVN3EZGcy,201904,16.358306884765625
ICSVN3EZGcy,201905,19.95791625976562
ICSVN3EZGcy,201906,21.186431884765625
ICSVN3EZGcy,201907,21.176910400390625
ICSVN3EZGcy,201908,21.72305297851563
ICSVN3EZGcy,201909,20.019439697265625
ICSVN3EZGcy,201910,17.489166259765625
ICSVN3EZGcy,201911,15.329986572265623
ICSVN3EZGcy,201912,9.767669677734377
ICSVN3EZGcy,202001,8.0208740234375
ICSVN3EZGcy,202002,9.923004150390623
ICSVN3EZGcy,202003,12.7197265625
ICSVN3EZGcy,202004,15.556549072265623
ICSVN3EZGcy,202005,18.325592041015625
ICSVN3EZGcy,202006,20.328277587890625
ICSVN3EZGcy,202007,20.69326782226563
ICSVN3EZGcy,202008,21.423492431640625
ICSVN3EZGcy,202009,20.477447509765625
ICSVN3EZGcy,202010,18.592193603515625
ICSVN3EZGcy,202011,13.567779541015623
ICSVN3EZGcy,202012,11.03680419921875
ICSVN3EZGcy,202101,10.402282714843752
ICSVN3EZGcy,202102,11.414642333984377
ICSVN3EZGcy,202103,14.649566650390623
ICSVN3EZGcy,202104,17.133941650390625
ICSVN3EZGcy,202105,18.249420166015625
ICSVN3EZGcy,202106,20.455474853515625
ICSVN3EZGcy,202107,20.939605712890625
ICSVN3EZGcy,202108,20.57046508789062
ICSVN3EZGcy,202109,20.367095947265625
ICSVN3EZGcy,202110,18.176177978515625
ICSVN3EZGcy,202111,14.099517822265623
ICSVN3EZGcy,202112,10.862823486328123
ICSVN3EZGcy,202201,7.787139892578125
ICSVN3EZGcy,202202,8.606781005859375
ICSVN3EZGcy,202203,15.283599853515623
ICSVN3EZGcy,202204,18.54360961914062
ICSVN3EZGcy,202205,18.925445556640625
ICSVN3EZGcy,202206,20.607086181640625
ICSVN3EZGcy,202207,21.435211181640625
ICSVN3EZGcy,202208,21.324859619140625
ICSVN3EZGcy,202209,20.194244384765625
ICSVN3EZGcy,202210,17.282379150390625
ICSVN3EZGcy,202211,14.534332275390623
ICSVN3EZGcy,202212,12.002685546875
ICSVN3EZGcy,202301,10.393402099609377
ICSVN3EZGcy,202302,12.480072021484377
ICSVN3EZGcy,202303,13.562591552734377
ICSVN3EZGcy,202304,17.093170166015625
ICSVN3EZGcy,202305,18.703521728515625
ICSVN3EZGcy,202306,21.70205688476563
ICSVN3EZGcy,202307,21.550933837890625
ICSVN3EZGcy,202308,21.35098266601563
ICSVN3EZGcy,202309,21.456451416015625
ICSVN3EZGcy,202310,17.376129150390625
ICSVN3EZGcy,202311,14.178863525390629
ICSVN3EZGcy,202312,11.640472412109377
ICSVN3EZGcy,202401,9.26788330078125
ICSVN3EZGcy,202402,10.408966064453123
ICSVN3EZGcy,202403,14.293365478515623
ICSVN3EZGcy,202404,19.66397094726562
ICSVN3EZGcy,202405,21.127105712890625
ICSVN3EZGcy,202406,21.822906494140625
ICSVN3EZGcy,202407,22.099761962890625
ICSVN3EZGcy,202408,21.478912353515625
ICSVN3EZGcy,202409,21.366363525390625
ICSVN3EZGcy,202410,18.32119750976562
ICSVN3EZGcy,202411,14.756256103515623
ICSVN3EZGcy,202412,11.438812255859377
IOHIfpVUJGp,201601,-3.0668024686039623
IOHIfpVUJGp,201602,-0.1899148492054066
IOHIfpVUJGp,201603,1.907833494893309
IOHIfpVUJGp,201604,6.195321868870205
IOHIfpVUJGp,201605,7.237305001233365
IOHIfpVUJGp,201606,10.542624979865792
IOHIfpVUJGp,201607,11.249594604504182
IOHIfpVUJGp,201608,11.366051498922427
IOHIfpVUJGp,201609,9.862191304659374
IOHIfpVUJGp,201610,6.473136974049452
IOHIfpVUJGp,201611,3.509434270654617
IOHIfpVUJGp,201612,2.7598662403908474
IOHIfpVUJGp,201701,-2.801897068840733
IOHIfpVUJGp,201702,0.3482699076651077
IOHIfpVUJGp,201703,0.1560041153170273
IOHIfpVUJGp,201704,4.80486953389268
IOHIfpVUJGp,201705,7.119876386931933
IOHIfpVUJGp,201706,10.242242596980583
IOHIfpVUJGp,201707,11.24616836208547
IOHIfpVUJGp,201708,11.156190053952024
IOHIfpVUJGp,201709,10.17124667028333
IOHIfpVUJGp,201710,6.690935799696163
IOHIfpVUJGp,201711,2.009122057456717
IOHIfpVUJGp,201712,2.456670393839148
IOHIfpVUJGp,201801,-0.1574731356536854
IOHIfpVUJGp,201802,-0.082941082776986
IOHIfpVUJGp,201803,1.290181998451111
IOHIfpVUJGp,201804,4.025092532311512
IOHIfpVUJGp,201805,6.928026269520396
IOHIfpVUJGp,201806,10.45881729388065
IOHIfpVUJGp,201807,11.526147346086434
IOHIfpVUJGp,201808,11.257295046199872
IOHIfpVUJGp,201809,9.886911695599702
IOHIfpVUJGp,201810,4.549194755896404
IOHIfpVUJGp,201811,2.3597454948086503
IOHIfpVUJGp,201812,-1.7197364555929249
IOHIfpVUJGp,201901,-5.105495876394413
IOHIfpVUJGp,201902,-3.020176058160468
IOHIfpVUJGp,201903,-0.2655118562868963
IOHIfpVUJGp,201904,3.865849998791209
IOHIfpVUJGp,201905,7.56919971039064
IOHIfpVUJGp,201906,10.353516195243044
IOHIfpVUJGp,201907,11.137597488743722
IOHIfpVUJGp,201908,11.625877364923362
IOHIfpVUJGp,201909,9.80639675924184
IOHIfpVUJGp,201910,6.147982406410697
IOHIfpVUJGp,201911,4.229569237851838
IOHIfpVUJGp,201912,-2.0167019254662746
IOHIfpVUJGp,202001,-4.430158353655661
IOHIfpVUJGp,202002,-2.475757890581385
IOHIfpVUJGp,202003,-0.594207165913534
IOHIfpVUJGp,202004,2.7155035446070315
IOHIfpVUJGp,202005,6.471215710562803
IOHIfpVUJGp,202006,10.226730586567651
IOHIfpVUJGp,202007,11.030362550610509
IOHIfpVUJGp,202008,11.701703228419271
IOHIfpVUJGp,202009,10.522896036250566
IOHIfpVUJGp,202010,7.983244606650088
IOHIfpVUJGp,202011,2.3795262277690394
IOHIfpVUJGp,202012,0.5606458513741698
IOHIfpVUJGp,202101,0.1776676777835647
IOHIfpVUJGp,202102,-1.4861431507591711
IOHIfpVUJGp,202103,1.6995004470928818
IOHIfpVUJGp,202104,3.480185065773166
IOHIfpVUJGp,202105,7.05162187151954
IOHIfpVUJGp,202106,10.456462572455944
IOHIfpVUJGp,202107,11.143263247776575
IOHIfpVUJGp,202108,11.056167647264406
IOHIfpVUJGp,202109,9.92720677716982
IOHIfpVUJGp,202110,7.448742523003167
IOHIfpVUJGp,202111,3.109717339587366
IOHIfpVUJGp,202112,-1.1187193573247722
IOHIfpVUJGp,202201,-4.519415148339208
IOHIfpVUJGp,202202,-4.2236922861353
IOHIfpVUJGp,202203,2.627832620331027
IOHIfpVUJGp,202204,6.414048147967414
IOHIfpVUJGp,202205,7.738394033289767
IOHIfpVUJGp,202206,10.335445667640276
IOHIfpVUJGp,202207,11.54449545303444
IOHIfpVUJGp,202208,11.598318890018078
IOHIfpVUJGp,202209,9.98825345111056
IOHIfpVUJGp,202210,5.823819126042151
IOHIfpVUJGp,202211,3.247564956918932
IOHIfpVUJGp,202212,1.4228054133044223
IOHIfpVUJGp,202301,-0.5730540594380394
IOHIfpVUJGp,202302,0.1382554260758459
IOHIfpVUJGp,202303,0.568660196261839
IOHIfpVUJGp,202304,3.617531800109991
IOHIfpVUJGp,202305,6.069350275595607
IOHIfpVUJGp,202306,10.548443728830636
IOHIfpVUJGp,202307,11.714879638658116
IOHIfpVUJGp,202308,11.638317111590991
IOHIfpVUJGp,202309,10.734975645659212
IOHIfpVUJGp,202310,5.719609988487903
IOHIfpVUJGp,202311,2.730367011446043
IOHIfpVUJGp,202312,0.6876110223523848
IOHIfpVUJGp,202401,-3.371451706197398
IOHIfpVUJGp,202402,-2.7771464172227023
IOHIfpVUJGp,202403,0.7099192255092517
IOHIfpVUJGp,202404,5.53674283855591
IOHIfpVUJGp,202405,8.300069921078467
IOHIfpVUJGp,202406,11.263238560091654
IOHIfpVUJGp,202407,12.395729451426886
IOHIfpVUJGp,202408,11.605884236071123
IOHIfpVUJGp,202409,10.932438592378489
IOHIfpVUJGp,202410,6.929195854456997
IOHIfpVUJGp,202411,3.0882819697107737
IOHIfpVUJGp,202412,1.050839709242353
Iqy9A4jXY9l,201601,10.77888248067534
Iqy9A4jXY9l,201602,14.150112449045055
Iqy9A4jXY9l,201603,17.183879700741038
Iqy9A4jXY9l,201604,21.513447598008906
Iqy9A4jXY9l,201605,20.93178548884776
Iqy9A4jXY9l,201606,22.541441480525123
Iqy9A4jXY9l,201607,22.17924891556203
Iqy9A4jXY9l,201608,23.3651795771673
Iqy9A4jXY9l,201609,21.551535680720352
Iqy9A4jXY9l,201610,19.94452919359321
Iqy9A4jXY9l,201611,16.1336807871604
Iqy9A4jXY9l,201612,14.151336246594736
Iqy9A4jXY9l,201701,11.157947469488624
Iqy9A4jXY9l,201702,14.492038378045471
Iqy9A4jXY9l,201703,15.449425949431363
Iqy9A4jXY9l,201704,19.35873279250532
Iqy9A4jXY9l,201705,20.79610041118427
Iqy9A4jXY9l,201706,22.775534844643506
Iqy9A4jXY9l,201707,22.771897517371496
Iqy9A4jXY9l,201708,22.37632678330762
Iqy9A4jXY9l,201709,22.315819137467383
Iqy9A4jXY9l,201710,20.18745311103078
Iqy9A4jXY9l,201711,16.365582615119493
Iqy9A4jXY9l,201712,14.117821395601355
Iqy9A4jXY9l,201801,10.932999619593147
Iqy9A4jXY9l,201802,14.75515955995962
Iqy9A4jXY9l,201803,17.300441511132522
Iqy9A4jXY9l,201804,19.185407478073756
Iqy9A4jXY9l,201805,20.47965347909266
Iqy9A4jXY9l,201806,22.66444577500705
Iqy9A4jXY9l,201807,22.8487483367396
Iqy9A4jXY9l,201808,22.7082321079182
Iqy9A4jXY9l,201809,21.94795087693448
Iqy9A4jXY9l,201810,18.317526867620177
Iqy9A4jXY9l,201811,16.038552838349695
Iqy9A4jXY9l,201812,12.164366929416884
Iqy9A4jXY9l,201901,10.783795997444264
Iqy9A4jXY9l,201902,12.498493053542674
Iqy9A4jXY9l,201903,15.533399778656667
Iqy9A4jXY9l,201904,18.419566388648395
Iqy9A4jXY9l,201905,22.044598716381905
Iqy9A4jXY9l,201906,22.90132728221869
Iqy9A4jXY9l,201907,22.69233427188929
Iqy9A4jXY9l,201908,23.46410601223663
Iqy9A4jXY9l,201909,21.721814099853564
Iqy9A4jXY9l,201910,19.443927055903156
Iqy9A4jXY9l,201911,17.281992725003942
Iqy9A4jXY9l,201912,11.6905630803975
Iqy9A4jXY9l,202001,10.058055386936372
Iqy9A4jXY9l,202002,12.08364967518882
Iqy9A4jXY9l,202003,15.14765424580778
Iqy9A4jXY9l,202004,17.70514174111252
Iqy9A4jXY9l,202005,20.21922743460556
Iqy9A4jXY9l,202006,22.035725466096665
Iqy9A4jXY9l,202007,22.28818438979044
Iqy9A4jXY9l,202008,23.227622176744426
Iqy9A4jXY9l,202009,22.090540344417924
Iqy9A4jXY9l,202010,20.819662664613144
Iqy9A4jXY9l,202011,16.04507428447828
Iqy9A4jXY9l,202012,12.739123027163682
Iqy9A4jXY9l,202101,12.041700238739637
Iqy9A4jXY9l,202102,13.7057989617458
Iqy9A4jXY9l,202103,17.241401767410462
Iqy9A4jXY9l,202104,20.076829027659493
Iqy9A4jXY9l,202105,20.247750760144328
Iqy9A4jXY9l,202106,22.18089707550926
Iqy9A4jXY9l,202107,22.62985316000326
Iqy9A4jXY9l,202108,22.139798187899576
Iqy9A4jXY9l,202109,22.22320722218696
Iqy9A4jXY9l,202110,20.349513004086447
Iqy9A4jXY9l,202111,15.942304041291887
Iqy9A4jXY9l,202112,12.70311183347214
Iqy9A4jXY9l,202201,10.10268842562894
Iqy9A4jXY9l,202202,10.972538799555885
Iqy9A4jXY9l,202203,17.666594038368657
Iqy9A4jXY9l,202204,20.572466426723725
Iqy9A4jXY9l,202205,20.819861401118043
Iqy9A4jXY9l,202206,22.289920979870463
Iqy9A4jXY9l,202207,23.33955425559928
Iqy9A4jXY9l,202208,23.171581146803756
Iqy9A4jXY9l,202209,21.91104895603044
Iqy9A4jXY9l,202210,19.4054878433666
Iqy9A4jXY9l,202211,16.589831532685377
Iqy9A4jXY9l,202212,13.647162743536478
Iqy9A4jXY9l,202301,12.141831822150056
Iqy9A4jXY9l,202302,14.320131929282368
Iqy9A4jXY9l,202303,16.164549647615
Iqy9A4jXY9l,202304,19.77269543762742
Iqy9A4jXY9l,202305,20.94584187691895
Iqy9A4jXY9l,202306,23.70252218618841
Iqy9A4jXY9l,202307,23.376733172618117
Iqy9A4jXY9l,202308,23.08495534064033
Iqy9A4jXY9l,202309,23.42973820424925
Iqy9A4jXY9l,202310,19.71295686600491
Iqy9A4jXY9l,202311,16.57194799713798
Iqy9A4jXY9l,202312,13.694229185335072
Iqy9A4jXY9l,202401,11.345104453246044
Iqy9A4jXY9l,202402,13.059532199345824
Iqy9A4jXY9l,202403,16.733770931966205
Iqy9A4jXY9l,202404,22.448037079594165
Iqy9A4jXY9l,202405,23.1418530181286
Iqy9A4jXY9l,202406,23.527417783420407
Iqy9A4jXY9l,202407,23.808741321001808
Iqy9A4jXY9l,202408,23.24570900630189
Iqy9A4jXY9l,202409,23.17380428423063
Iqy9A4jXY9l,202410,20.29154916200484
Iqy9A4jXY9l,202411,16.66995623376602
Iqy9A4jXY9l,202412,13.130776760733806
JBTkOU5m0Bu,201601,-5.6817687819701055
JBTkOU5m0Bu,201602,-3.62666467292394
JBTkOU5m0Bu,201603,-0.3202601527117749
JBTkOU5m0Bu,201604,4.710767782827816
JBTkOU5m0Bu,201605,7.381453629083907
JBTkOU5m0Bu,201606,11.097293210903407
JBTkOU5m0Bu,201607,11.880513875231406
JBTkOU5m0Bu,201608,11.53339822081269
JBTkOU5m0Bu,201609,9.899620762241511
JBTkOU5m0Bu,201610,6.132668734738801
JBTkOU5m0Bu,201611,2.441318502573845
JBTkOU5m0Bu,201612,1.961362801574687
JBTkOU5m0Bu,201701,-7.885316807392296
JBTkOU5m0Bu,201702,-3.5545895286779308
JBTkOU5m0Bu,201703,-1.9056079137452155
JBTkOU5m0Bu,201704,3.5900452263312244
JBTkOU5m0Bu,201705,6.750521093563845
JBTkOU5m0Bu,201706,10.08320568773958
JBTkOU5m0Bu,201707,11.855892302328312
JBTkOU5m0Bu,201708,11.737040734648456
JBTkOU5m0Bu,201709,9.901684282625927
JBTkOU5m0Bu,201710,6.129786939443179
JBTkOU5m0Bu,201711,-0.0418424599243475
JBTkOU5m0Bu,201712,-3.4451038400270524
JBTkOU5m0Bu,201801,-3.896069425916519
JBTkOU5m0Bu,201802,-3.671460896749319
JBTkOU5m0Bu,201803,-1.260962365258847
JBTkOU5m0Bu,201804,3.361934980934359
JBTkOU5m0Bu,201805,7.055840812945805
JBTkOU5m0Bu,201806,10.906309983098536
JBTkOU5m0Bu,201807,12.186890167646853
JBTkOU5m0Bu,201808,11.732250673213166
JBTkOU5m0Bu,201809,9.123306136773452
JBTkOU5m0Bu,201810,3.2938454341269003
JBTkOU5m0Bu,201811,0.2285989094206027
JBTkOU5m0Bu,201812,-4.24134902122073
JBTkOU5m0Bu,201901,-7.227010967847846
JBTkOU5m0Bu,201902,-6.472382845045429
JBTkOU5m0Bu,201903,-3.348701306055263
JBTkOU5m0Bu,201904,2.958251716404202
JBTkOU5m0Bu,201905,6.312436438577717
JBTkOU5m0Bu,201906,9.692065812386312
JBTkOU5m0Bu,201907,11.62507104558371
JBTkOU5m0Bu,201908,11.844103387206172
JBTkOU5m0Bu,201909,10.188086841922836
JBTkOU5m0Bu,201910,5.0590259065987935
JBTkOU5m0Bu,201911,0.0291780129417176
JBTkOU5m0Bu,201912,-8.428331203190382
JBTkOU5m0Bu,202001,-8.192667014651255
JBTkOU5m0Bu,202002,-6.279883973717984
JBTkOU5m0Bu,202003,-2.9410447719258954
JBTkOU5m0Bu,202004,1.8136253831903917
JBTkOU5m0Bu,202005,6.220151625255329
JBTkOU5m0Bu,202006,10.120957117067132
JBTkOU5m0Bu,202007,11.909121955051342
JBTkOU5m0Bu,202008,12.24347463032312
JBTkOU5m0Bu,202009,10.744334435898496
JBTkOU5m0Bu,202010,6.7943779471322
JBTkOU5m0Bu,202011,-0.683071907324967
JBTkOU5m0Bu,202012,-4.523285474653598
JBTkOU5m0Bu,202101,-4.215195082492087
JBTkOU5m0Bu,202102,-3.0519510783925763
JBTkOU5m0Bu,202103,0.0897912738166836
JBTkOU5m0Bu,202104,1.360099697259679
JBTkOU5m0Bu,202105,6.155550396711586
JBTkOU5m0Bu,202106,9.664655503749918
JBTkOU5m0Bu,202107,12.154040142405934
JBTkOU5m0Bu,202108,11.720407529716478
JBTkOU5m0Bu,202109,10.52327995390218
JBTkOU5m0Bu,202110,5.9075900119910445
JBTkOU5m0Bu,202111,0.6640340345770206
JBTkOU5m0Bu,202112,-6.168983006107081
JBTkOU5m0Bu,202201,-8.250748149396681
JBTkOU5m0Bu,202202,-7.498443928153273
JBTkOU5m0Bu,202203,1.2028104387012186
JBTkOU5m0Bu,202204,6.197083739433755
JBTkOU5m0Bu,202205,7.981518973791202
JBTkOU5m0Bu,202206,10.983062832730656
JBTkOU5m0Bu,202207,12.322390761356887
JBTkOU5m0Bu,202208,11.90473238334971
JBTkOU5m0Bu,202209,9.53001328574316
JBTkOU5m0Bu,202210,3.195743091258767
JBTkOU5m0Bu,202211,-0.4314635997793761
JBTkOU5m0Bu,202212,-2.880444905934
JBTkOU5m0Bu,202301,-5.215459466360488
JBTkOU5m0Bu,202302,-3.183565684929848
JBTkOU5m0Bu,202303,-1.0336600816915933
JBTkOU5m0Bu,202304,1.6401765241060409
JBTkOU5m0Bu,202305,4.839469791751666
JBTkOU5m0Bu,202306,9.733799098109934
JBTkOU5m0Bu,202307,12.16343240803858
JBTkOU5m0Bu,202308,12.104225106271244
JBTkOU5m0Bu,202309,10.569312520502754
JBTkOU5m0Bu,202310,4.572804507549694
JBTkOU5m0Bu,202311,0.1645242124232029
JBTkOU5m0Bu,202312,-3.858973770734377
JBTkOU5m0Bu,202401,-4.650978627188596
JBTkOU5m0Bu,202402,-6.554628179714411
JBTkOU5m0Bu,202403,-1.2452323585710037
JBTkOU5m0Bu,202404,3.514351971054998
JBTkOU5m0Bu,202405,8.221855056927033
JBTkOU5m0Bu,202406,11.978106736925849
JBTkOU5m0Bu,202407,12.832317701114192
JBTkOU5m0Bu,202408,12.060848266885309
JBTkOU5m0Bu,202409,10.996813399789174
JBTkOU5m0Bu,202410,6.800986352614143
JBTkOU5m0Bu,202411,3.153632574493912
JBTkOU5m0Bu,202412,-2.4142718126514167
JH8RPnwv8kB,201601,
JH8RPnwv8kB,201602,
JH8RPnwv8kB,201603,
JH8RPnwv8kB,201604,
JH8RPnwv8kB,201605,
JH8RPnwv8kB,201606,
JH8RPnwv8kB,201607,
JH8RPnwv8kB,201608,
JH8RPnwv8kB,201609,
JH8RPnwv8kB,201610,
JH8RPnwv8kB,201611,
JH8RPnwv8kB,201612,
JH8RPnwv8kB,201701,
JH8RPnwv8kB,201702,
JH8RPnwv8kB,201703,
JH8RPnwv8kB,201704,
JH8RPnwv8kB,201705,
JH8RPnwv8kB,201706,
JH8RPnwv8kB,201707,
JH8RPnwv8kB,201708,
JH8RPnwv8kB,201709,
JH8RPnwv8kB,201710,
JH8RPnwv8kB,201711,
JH8RPnwv8kB,201712,
JH8RPnwv8kB,201801,
JH8RPnwv8kB,201802,
JH8RPnwv8kB,201803,
JH8RPnwv8kB,201804,
JH8RPnwv8kB,201805,
JH8RPnwv8kB,201806,
JH8RPnwv8kB,201807,
JH8RPnwv8kB,201808,
JH8RPnwv8kB,201809,
JH8RPnwv8kB,201810,
JH8RPnwv8kB,201811,
JH8RPnwv8kB,201812,
JH8RPnwv8kB,201901,
JH8RPnwv8kB,201902,
JH8RPnwv8kB,201903,
JH8RPnwv8kB,201904,
JH8RPnwv8kB,201905,
JH8RPnwv8kB,201906,
JH8RPnwv8kB,201907,
JH8RPnwv8kB,201908,
JH8RPnwv8kB,201909,
JH8RPnwv8kB,201910,
JH8RPnwv8kB,201911,
JH8RPnwv8kB,201912,
JH8RPnwv8kB,202001,
JH8RPnwv8kB,202002,
JH8RPnwv8kB,202003,
JH8RPnwv8kB,202004,
JH8RPnwv8kB,202005,
JH8RPnwv8kB,202006,
JH8RPnwv8kB,202007,
JH8RPnwv8kB,202008,
JH8RPnwv8kB,202009,
JH8RPnwv8kB,202010,
JH8RPnwv8kB,202011,
JH8RPnwv8kB,202012,
JH8RPnwv8kB,202101,
JH8RPnwv8kB,202102,
JH8RPnwv8kB,202103,
JH8RPnwv8kB,202104,
JH8RPnwv8kB,202105,
JH8RPnwv8kB,202106,
JH8RPnwv8kB,202107,
JH8RPnwv8kB,202108,
JH8RPnwv8kB,202109,
JH8RPnwv8kB,202110,
JH8RPnwv8kB,202111,
JH8RPnwv8kB,202112,
JH8RPnwv8kB,202201,
JH8RPnwv8kB,202202,
JH8RPnwv8kB,202203,
JH8RPnwv8kB,202204,
JH8RPnwv8kB,202205,
JH8RPnwv8kB,202206,
JH8RPnwv8kB,202207,
JH8RPnwv8kB,202208,
JH8RPnwv8kB,202209,
JH8RPnwv8kB,202210,
JH8RPnwv8kB,202211,
JH8RPnwv8kB,202212,
JH8RPnwv8kB,202301,
JH8RPnwv8kB,202302,
JH8RPnwv8kB,202303,
JH8RPnwv8kB,202304,
JH8RPnwv8kB,202305,
JH8RPnwv8kB,202306,
JH8RPnwv8kB,202307,
JH8RPnwv8kB,202308,
JH8RPnwv8kB,202309,
JH8RPnwv8kB,202310,
JH8RPnwv8kB,202311,
JH8RPnwv8kB,202312,
JH8RPnwv8kB,202401,
JH8RPnwv8kB,202402,
JH8RPnwv8kB,202403,
JH8RPnwv8kB,202404,
JH8RPnwv8kB,202405,
JH8RPnwv8kB,202406,
JH8RPnwv8kB,202407,
JH8RPnwv8kB,202408,
JH8RPnwv8kB,202409,
JH8RPnwv8kB,202410,
JH8RPnwv8kB,202411,
JH8RPnwv8kB,202412,
LnJ8MTOmgGa,201601,9.31841326482354
LnJ8MTOmgGa,201602,13.184476603360384
LnJ8MTOmgGa,201603,16.90577505129297
LnJ8MTOmgGa,201604,21.263826744875413
LnJ8MTOmgGa,201605,19.767766575586712
LnJ8MTOmgGa,201606,21.34612394957005
LnJ8MTOmgGa,201607,21.390573754878037
LnJ8MTOmgGa,201608,22.19640150580316
LnJ8MTOmgGa,201609,20.62728375449458
LnJ8MTOmgGa,201610,18.82418435296304
LnJ8MTOmgGa,201611,15.22589405095276
LnJ8MTOmgGa,201612,13.172810444567345
LnJ8MTOmgGa,201701,10.677079285074354
LnJ8MTOmgGa,201702,13.54948566377525
LnJ8MTOmgGa,201703,14.474491352097788
LnJ8MTOmgGa,201704,18.629041497293645
LnJ8MTOmgGa,201705,19.70396720965322
LnJ8MTOmgGa,201706,21.613020945272996
LnJ8MTOmgGa,201707,21.676951414716257
LnJ8MTOmgGa,201708,21.62592214906765
LnJ8MTOmgGa,201709,21.082598196307117
LnJ8MTOmgGa,201710,18.833130762507743
LnJ8MTOmgGa,201711,14.798809112645293
LnJ8MTOmgGa,201712,12.945580487291483
LnJ8MTOmgGa,201801,9.672526694702904
LnJ8MTOmgGa,201802,12.855608553874672
LnJ8MTOmgGa,201803,16.101583841367777
LnJ8MTOmgGa,201804,18.03192574793057
LnJ8MTOmgGa,201805,19.598069958670024
LnJ8MTOmgGa,201806,21.713271740415983
LnJ8MTOmgGa,201807,21.840922910604423
LnJ8MTOmgGa,201808,21.72382886560421
LnJ8MTOmgGa,201809,20.90732662048237
LnJ8MTOmgGa,201810,16.953866412698805
LnJ8MTOmgGa,201811,14.311215785432776
LnJ8MTOmgGa,201812,10.79680491219801
LnJ8MTOmgGa,201901,9.603022697337956
LnJ8MTOmgGa,201902,11.809188505408828
LnJ8MTOmgGa,201903,14.987033104829775
LnJ8MTOmgGa,201904,17.810245993795487
LnJ8MTOmgGa,201905,20.74968093820737
LnJ8MTOmgGa,201906,21.992735787430917
LnJ8MTOmgGa,201907,21.61030660878214
LnJ8MTOmgGa,201908,22.366417174880603
LnJ8MTOmgGa,201909,20.74485617605977
LnJ8MTOmgGa,201910,18.00446790905628
LnJ8MTOmgGa,201911,15.49302613444018
LnJ8MTOmgGa,201912,10.453530336681329
LnJ8MTOmgGa,202001,9.52540007459828
LnJ8MTOmgGa,202002,11.227528882841971
LnJ8MTOmgGa,202003,14.682911768856105
LnJ8MTOmgGa,202004,17.72707168982502
LnJ8MTOmgGa,202005,19.282974936428857
LnJ8MTOmgGa,202006,21.220525634126712
LnJ8MTOmgGa,202007,21.349924437774376
LnJ8MTOmgGa,202008,22.09677342671029
LnJ8MTOmgGa,202009,20.94174693051011
LnJ8MTOmgGa,202010,20.02235409766392
LnJ8MTOmgGa,202011,14.982912229861205
LnJ8MTOmgGa,202012,11.411443274954571
LnJ8MTOmgGa,202101,10.826493611539297
LnJ8MTOmgGa,202102,12.968302516707178
LnJ8MTOmgGa,202103,16.786304191373446
LnJ8MTOmgGa,202104,19.80917752776128
LnJ8MTOmgGa,202105,19.485690344165413
LnJ8MTOmgGa,202106,21.34224890794621
LnJ8MTOmgGa,202107,21.71580656358857
LnJ8MTOmgGa,202108,21.34529943495549
LnJ8MTOmgGa,202109,21.373599729888795
LnJ8MTOmgGa,202110,19.295204928700525
LnJ8MTOmgGa,202111,13.97593232645186
LnJ8MTOmgGa,202112,11.29888367853986
LnJ8MTOmgGa,202201,9.063003793678217
LnJ8MTOmgGa,202202,9.490277525063018
LnJ8MTOmgGa,202203,17.971681393494258
LnJ8MTOmgGa,202204,19.713500015718743
LnJ8MTOmgGa,202205,20.21995429035926
LnJ8MTOmgGa,202206,21.059098440164213
LnJ8MTOmgGa,202207,22.089172363438028
LnJ8MTOmgGa,202208,22.029005597461428
LnJ8MTOmgGa,202209,20.84506098135381
LnJ8MTOmgGa,202210,18.65782202836021
LnJ8MTOmgGa,202211,14.752012811151149
LnJ8MTOmgGa,202212,11.726201220008694
LnJ8MTOmgGa,202301,10.962529703273985
LnJ8MTOmgGa,202302,13.189764079881884
LnJ8MTOmgGa,202303,15.286844111706513
LnJ8MTOmgGa,202304,19.41526982902584
LnJ8MTOmgGa,202305,20.008832732210056
LnJ8MTOmgGa,202306,22.518197719024432
LnJ8MTOmgGa,202307,22.27440493697233
LnJ8MTOmgGa,202308,21.965840689241663
LnJ8MTOmgGa,202309,22.01802390342939
LnJ8MTOmgGa,202310,18.497310933715937
LnJ8MTOmgGa,202311,15.38564757712482
LnJ8MTOmgGa,202312,12.454824910310842
LnJ8MTOmgGa,202401,9.761549519440612
LnJ8MTOmgGa,202402,11.873513245071717
LnJ8MTOmgGa,202403,15.99585384478211
LnJ8MTOmgGa,202404,21.626478237880427
LnJ8MTOmgGa,202405,21.59856560806204
LnJ8MTOmgGa,202406,21.990326026198243
LnJ8MTOmgGa,202407,22.715391775688232
LnJ8MTOmgGa,202408,22.287915216318904
LnJ8MTOmgGa,202409,22.302363020036577
LnJ8MTOmgGa,202410,18.940812500693443
LnJ8MTOmgGa,202411,15.323519760032012
LnJ8MTOmgGa,202412,11.529288533817828
N7ioObCpMP3,201601,10.02114000098958
N7ioObCpMP3,201602,13.3221560855178
N7ioObCpMP3,201603,17.23923138165793
N7ioObCpMP3,201604,22.747308162457287
N7ioObCpMP3,201605,21.227665402650143
N7ioObCpMP3,201606,22.113650371623905
N7ioObCpMP3,201607,21.66534689738241
N7ioObCpMP3,201608,22.31169317495345
N7ioObCpMP3,201609,20.956458771408407
N7ioObCpMP3,201610,18.67375046760297
N7ioObCpMP3,201611,15.171322066421926
N7ioObCpMP3,201612,12.994032485462377
N7ioObCpMP3,201701,10.320701447012672
N7ioObCpMP3,201702,13.807305202787038
N7ioObCpMP3,201703,15.473175040917978
N7ioObCpMP3,201704,20.70916995168433
N7ioObCpMP3,201705,21.436068140013777
N7ioObCpMP3,201706,22.317847380139263
N7ioObCpMP3,201707,22.06310990757593
N7ioObCpMP3,201708,21.78594247509388
N7ioObCpMP3,201709,21.433635753311734
N7ioObCpMP3,201710,19.15989394098767
N7ioObCpMP3,201711,14.861514589795574
N7ioObCpMP3,201712,12.74944412785744
N7ioObCpMP3,201801,10.099033861286438
N7ioObCpMP3,201802,13.456871513492072
N7ioObCpMP3,201803,17.199850927796547
N7ioObCpMP3,201804,19.37816682441796
N7ioObCpMP3,201805,21.143429960750243
N7ioObCpMP3,201806,22.88228016401229
N7ioObCpMP3,201807,22.27848093069276
N7ioObCpMP3,201808,21.81263108973404
N7ioObCpMP3,201809,21.11333866855625
N7ioObCpMP3,201810,17.23748049508466
N7ioObCpMP3,201811,14.96075734667325
N7ioObCpMP3,201812,10.94675393802024
N7ioObCpMP3,201901,9.487307083747345
N7ioObCpMP3,201902,11.173150102481705
N7ioObCpMP3,201903,14.956640810129874
N7ioObCpMP3,201904,19.251981000094457
N7ioObCpMP3,201905,23.226007653909264
N7ioObCpMP3,201906,23.55651584024648
N7ioObCpMP3,201907,22.15713609594555
N7ioObCpMP3,201908,22.522645626872915
N7ioObCpMP3,201909,20.915739157011544
N7ioObCpMP3,201910,18.05262187781428
N7ioObCpMP3,201911,15.86988937873884
N7ioObCpMP3,201912,10.282750406413587
N7ioObCpMP3,202001,8.91048559905186
N7ioObCpMP3,202002,11.205110329679863
N7ioObCpMP3,202003,14.48526652613842
N7ioObCpMP3,202004,18.21775580740596
N7ioObCpMP3,202005,20.7052666692092
N7ioObCpMP3,202006,21.44232554401834
N7ioObCpMP3,202007,21.916935680728884
N7ioObCpMP3,202008,22.45587281100081
N7ioObCpMP3,202009,21.71197295207906
N7ioObCpMP3,202010,19.821594476108647
N7ioObCpMP3,202011,14.616554752840852
N7ioObCpMP3,202012,11.670007257036689
N7ioObCpMP3,202101,11.035793583171968
N7ioObCpMP3,202102,12.872669719608242
N7ioObCpMP3,202103,17.243956484943542
N7ioObCpMP3,202104,20.357096648415336
N7ioObCpMP3,202105,19.94971052054908
N7ioObCpMP3,202106,21.75901973118852
N7ioObCpMP3,202107,22.13601965968025
N7ioObCpMP3,202108,21.645180358591706
N7ioObCpMP3,202109,21.29072059982201
N7ioObCpMP3,202110,19.115950717707783
N7ioObCpMP3,202111,14.729410352136696
N7ioObCpMP3,202112,11.09743671100708
N7ioObCpMP3,202201,8.995101939977921
N7ioObCpMP3,202202,9.895534640058692
N7ioObCpMP3,202203,18.04971304856905
N7ioObCpMP3,202204,22.16085608222955
N7ioObCpMP3,202205,20.85295415248937
N7ioObCpMP3,202206,22.659925653508523
N7ioObCpMP3,202207,22.64542922601752
N7ioObCpMP3,202208,22.480301949059733
N7ioObCpMP3,202209,21.04937855119817
N7ioObCpMP3,202210,17.88426509353093
N7ioObCpMP3,202211,14.832804829584289
N7ioObCpMP3,202212,11.975211099048222
N7ioObCpMP3,202301,10.792812026930646
N7ioObCpMP3,202302,13.699008490900995
N7ioObCpMP3,202303,15.610053943730128
N7ioObCpMP3,202304,19.485725288837774
N7ioObCpMP3,202305,21.23356035149558
N7ioObCpMP3,202306,24.26849623900989
N7ioObCpMP3,202307,22.67080102999345
N7ioObCpMP3,202308,22.296884485344886
N7ioObCpMP3,202309,22.12759302752982
N7ioObCpMP3,202310,18.387330917341064
N7ioObCpMP3,202311,15.27442769214301
N7ioObCpMP3,202312,12.392051035024998
N7ioObCpMP3,202401,10.073568890626758
N7ioObCpMP3,202402,11.561676176568614
N7ioObCpMP3,202403,16.237029692086875
N7ioObCpMP3,202404,22.263887683701768
N7ioObCpMP3,202405,23.259393314859363
N7ioObCpMP3,202406,24.54817489651882
N7ioObCpMP3,202407,23.04172469038828
N7ioObCpMP3,202408,22.330030379956675
N7ioObCpMP3,202409,22.197126755420832
N7ioObCpMP3,202410,19.41029036567155
N7ioObCpMP3,202411,15.702247712091149
N7ioObCpMP3,202412,11.44301757024956
NSLL7YIXBJH,201601,8.402844721628394
NSLL7YIXBJH,201602,11.2677102475034
NSLL7YIXBJH,201603,14.48203332193022
NSLL7YIXBJH,201604,19.51461104672553
NSLL7YIXBJH,201605,19.950824304778376
NSLL7YIXBJH,201606,21.0181519879288
NSLL7YIXBJH,201607,20.428172409454813
NSLL7YIXBJH,201608,20.70151160147191
NSLL7YIXBJH,201609,19.577062828596564
NSLL7YIXBJH,201610,17.108319787068623
NSLL7YIXBJH,201611,13.905658555113533
NSLL7YIXBJH,201612,12.072297675287924
NSLL7YIXBJH,201701,7.402735711192456
NSLL7YIXBJH,201702,11.702745635286911
NSLL7YIXBJH,201703,12.907463133280045
NSLL7YIXBJH,201704,17.922350259031795
NSLL7YIXBJH,201705,19.69932817968865
NSLL7YIXBJH,201706,20.85486049399554
NSLL7YIXBJH,201707,20.343578629186947
NSLL7YIXBJH,201708,20.366300758859698
NSLL7YIXBJH,201709,19.690451335985795
NSLL7YIXBJH,201710,17.111969177445967
NSLL7YIXBJH,201711,12.61046085423142
NSLL7YIXBJH,201712,10.769720499129534
NSLL7YIXBJH,201801,9.329447167986686
NSLL7YIXBJH,201802,11.377650240235337
NSLL7YIXBJH,201803,14.336980741636156
NSLL7YIXBJH,201804,17.130929261649882
NSLL7YIXBJH,201805,20.382570792082
NSLL7YIXBJH,201806,21.237273121224888
NSLL7YIXBJH,201807,20.84699827579579
NSLL7YIXBJH,201808,20.041806155834745
NSLL7YIXBJH,201809,19.170750092279224
NSLL7YIXBJH,201810,15.397034623525588
NSLL7YIXBJH,201811,12.907644301996948
NSLL7YIXBJH,201812,8.496348465059848
NSLL7YIXBJH,201901,6.996233154224049
NSLL7YIXBJH,201902,7.983275666979772
NSLL7YIXBJH,201903,11.856772807334131
NSLL7YIXBJH,201904,17.113722512885474
NSLL7YIXBJH,201905,20.40591416592694
NSLL7YIXBJH,201906,22.131030060425065
NSLL7YIXBJH,201907,20.577146631278225
NSLL7YIXBJH,201908,20.83038106631254
NSLL7YIXBJH,201909,19.40989883772137
NSLL7YIXBJH,201910,16.117504027741397
NSLL7YIXBJH,201911,13.891069608309628
NSLL7YIXBJH,201912,7.669880305925775
NSLL7YIXBJH,202001,6.1485379476298
NSLL7YIXBJH,202002,8.764282785488623
NSLL7YIXBJH,202003,11.426378327660547
NSLL7YIXBJH,202004,15.582368223922012
NSLL7YIXBJH,202005,18.822769634478128
NSLL7YIXBJH,202006,20.07269714959221
NSLL7YIXBJH,202007,20.45663118619585
NSLL7YIXBJH,202008,20.62222730572261
NSLL7YIXBJH,202009,20.155125623217945
NSLL7YIXBJH,202010,17.69299571780191
NSLL7YIXBJH,202011,12.352868351873278
NSLL7YIXBJH,202012,9.677799220723664
NSLL7YIXBJH,202101,9.256092636543716
NSLL7YIXBJH,202102,10.735940339876812
NSLL7YIXBJH,202103,14.540389464526756
NSLL7YIXBJH,202104,16.542563697974597
NSLL7YIXBJH,202105,18.268142650748764
NSLL7YIXBJH,202106,20.034096104132324
NSLL7YIXBJH,202107,20.6373734549286
NSLL7YIXBJH,202108,20.159808229903074
NSLL7YIXBJH,202109,19.582252857470436
NSLL7YIXBJH,202110,17.20800866075624
NSLL7YIXBJH,202111,12.936737501408269
NSLL7YIXBJH,202112,8.525047428921066
NSLL7YIXBJH,202201,6.3954607101228245
NSLL7YIXBJH,202202,7.155842241446822
NSLL7YIXBJH,202203,15.230253788567644
NSLL7YIXBJH,202204,20.17224260124536
NSLL7YIXBJH,202205,19.38580601986374
NSLL7YIXBJH,202206,21.876284740442063
NSLL7YIXBJH,202207,20.70544161192598
NSLL7YIXBJH,202208,20.64542669253528
NSLL7YIXBJH,202209,19.21778331616038
NSLL7YIXBJH,202210,15.453136703017746
NSLL7YIXBJH,202211,12.935951656498856
NSLL7YIXBJH,202212,10.170640831033896
NSLL7YIXBJH,202301,8.70806445043487
NSLL7YIXBJH,202302,11.672379521641057
NSLL7YIXBJH,202303,12.689488647759912
NSLL7YIXBJH,202304,15.623107143115176
NSLL7YIXBJH,202305,17.920223603617163
NSLL7YIXBJH,202306,21.27511362881818
NSLL7YIXBJH,202307,20.78696880723756
NSLL7YIXBJH,202308,20.546097538359824
NSLL7YIXBJH,202309,20.24560839665163
NSLL7YIXBJH,202310,16.099595133093157
NSLL7YIXBJH,202311,12.779610807008115
NSLL7YIXBJH,202312,10.210019864730551
NSLL7YIXBJH,202401,8.398575246619956
NSLL7YIXBJH,202402,8.421683253698326
NSLL7YIXBJH,202403,13.277459969534512
NSLL7YIXBJH,202404,18.144381198114218
NSLL7YIXBJH,202405,21.381426715025317
NSLL7YIXBJH,202406,23.71629494254514
NSLL7YIXBJH,202407,21.47465236628233
NSLL7YIXBJH,202408,20.806153929264458
NSLL7YIXBJH,202409,20.42376106896711
NSLL7YIXBJH,202410,17.52199049407227
NSLL7YIXBJH,202411,13.784053802860097
NSLL7YIXBJH,202412,9.557365572739412
O5p5idrXdiw,201601,15.96271063031948
O5p5idrXdiw,201602,19.473107388243537
O5p5idrXdiw,201603,24.148334266916446
O5p5idrXdiw,201604,27.72549265416221
O5p5idrXdiw,201605,26.320753744152228
O5p5idrXdiw,201606,27.297340799019324
O5p5idrXdiw,201607,26.536015798530524
O5p5idrXdiw,201608,28.092145636339914
O5p5idrXdiw,201609,26.17596715617396
O5p5idrXdiw,201610,24.879486069653897
O5p5idrXdiw,201611,21.244738622280934
O5p5idrXdiw,201612,18.05143777398941
O5p5idrXdiw,201701,16.521459457526344
O5p5idrXdiw,201702,19.459980097973474
O5p5idrXdiw,201703,21.58458329600437
O5p5idrXdiw,201704,25.19109194325572
O5p5idrXdiw,201705,26.839013214242463
O5p5idrXdiw,201706,27.63114359991941
O5p5idrXdiw,201707,26.96993858625626
O5p5idrXdiw,201708,27.12034533397889
O5p5idrXdiw,201709,27.069368654494
O5p5idrXdiw,201710,25.01037345450386
O5p5idrXdiw,201711,21.088844139671995
O5p5idrXdiw,201712,18.501010662287904
O5p5idrXdiw,201801,15.688482695387334
O5p5idrXdiw,201802,19.390735268833517
O5p5idrXdiw,201803,23.814335047348827
O5p5idrXdiw,201804,25.170242525424182
O5p5idrXdiw,201805,25.81681650663945
O5p5idrXdiw,201806,27.493911534632996
O5p5idrXdiw,201807,27.42774541787586
O5p5idrXdiw,201808,27.382033937640585
O5p5idrXdiw,201809,26.83253798746429
O5p5idrXdiw,201810,23.778095356348548
O5p5idrXdiw,201811,21.058051007310173
O5p5idrXdiw,201812,17.161729388930183
O5p5idrXdiw,201901,16.44952360136647
O5p5idrXdiw,201902,18.36431260161124
O5p5idrXdiw,201903,22.6810438531997
O5p5idrXdiw,201904,25.89044113754769
O5p5idrXdiw,201905,26.98094545083067
O5p5idrXdiw,201906,27.91697719299124
O5p5idrXdiw,201907,27.186756602484564
O5p5idrXdiw,201908,28.0156278768926
O5p5idrXdiw,201909,26.06918510948652
O5p5idrXdiw,201910,24.2277875446612
O5p5idrXdiw,201911,22.69699011108153
O5p5idrXdiw,201912,16.330498764094912
O5p5idrXdiw,202001,15.644732112389525
O5p5idrXdiw,202002,18.27813545441253
O5p5idrXdiw,202003,22.861240002487943
O5p5idrXdiw,202004,25.258826241630253
O5p5idrXdiw,202005,25.90625695525805
O5p5idrXdiw,202006,26.897570383907425
O5p5idrXdiw,202007,26.742991730259305
O5p5idrXdiw,202008,27.806177292236544
O5p5idrXdiw,202009,26.48010275905165
O5p5idrXdiw,202010,25.684628985846004
O5p5idrXdiw,202011,20.544674063110588
O5p5idrXdiw,202012,17.020940874243276
O5p5idrXdiw,202101,16.376380099985393
O5p5idrXdiw,202102,18.904263223996463
O5p5idrXdiw,202103,23.797717685295503
O5p5idrXdiw,202104,27.02937841247015
O5p5idrXdiw,202105,25.897126249232716
O5p5idrXdiw,202106,26.96163821315664
O5p5idrXdiw,202107,27.4211919626368
O5p5idrXdiw,202108,26.770826561564164
O5p5idrXdiw,202109,27.24089795558748
O5p5idrXdiw,202110,25.106658654292307
O5p5idrXdiw,202111,19.51828020547871
O5p5idrXdiw,202112,16.941701757123454
O5p5idrXdiw,202201,15.47545072858222
O5p5idrXdiw,202202,16.40510565515227
O5p5idrXdiw,202203,24.896876637709653
O5p5idrXdiw,202204,26.01115552193852
O5p5idrXdiw,202205,26.56293272684325
O5p5idrXdiw,202206,26.448361520357103
O5p5idrXdiw,202207,28.018878331997445
O5p5idrXdiw,202208,27.91231900075184
O5p5idrXdiw,202209,26.588607147594537
O5p5idrXdiw,202210,24.3471670426211
O5p5idrXdiw,202211,20.777624315959443
O5p5idrXdiw,202212,17.7999171405631
O5p5idrXdiw,202301,15.902884085606589
O5p5idrXdiw,202302,19.788875117002963
O5p5idrXdiw,202303,22.80299965647254
O5p5idrXdiw,202304,26.525799582432075
O5p5idrXdiw,202305,27.998421373493443
O5p5idrXdiw,202306,28.8314633786751
O5p5idrXdiw,202307,28.09214232223259
O5p5idrXdiw,202308,27.773401850882514
O5p5idrXdiw,202309,27.898430038181417
O5p5idrXdiw,202310,24.83085174832548
O5p5idrXdiw,202311,22.025387564009574
O5p5idrXdiw,202312,18.37802619214724
O5p5idrXdiw,202401,15.933850346085936
O5p5idrXdiw,202402,18.003126544493853
O5p5idrXdiw,202403,22.732162533053188
O5p5idrXdiw,202404,28.34109671077633
O5p5idrXdiw,202405,29.06696173063668
O5p5idrXdiw,202406,27.684751763703247
O5p5idrXdiw,202407,27.99351379230293
O5p5idrXdiw,202408,27.766977877234748
O5p5idrXdiw,202409,27.998656253407795
O5p5idrXdiw,202410,25.266815022608657
O5p5idrXdiw,202411,21.84759888536001
O5p5idrXdiw,202412,17.526759478555846
P53hVYydxdc,201601,3.236277763243657
P53hVYydxdc,201602,6.498271736993181
P53hVYydxdc,201603,9.83941624928804
P53hVYydxdc,201604,14.896894814946789
P53hVYydxdc,201605,15.175525292639572
P53hVYydxdc,201606,17.2831814680048
P53hVYydxdc,201607,17.642691274477315
P53hVYydxdc,201608,17.769802405011728
P53hVYydxdc,201609,16.46646272699029
P53hVYydxdc,201610,13.36240393218396
P53hVYydxdc,201611,9.752761946732226
P53hVYydxdc,201612,8.229336099836932
P53hVYydxdc,201701,2.947114510931549
P53hVYydxdc,201702,7.098370677658981
P53hVYydxdc,201703,8.264991671101086
P53hVYydxdc,201704,13.507377683789365
P53hVYydxdc,201705,15.052508707199086
P53hVYydxdc,201706,17.23946950499081
P53hVYydxdc,201707,17.68818581967369
P53hVYydxdc,201708,17.616655515778408
P53hVYydxdc,201709,16.639577782203855
P53hVYydxdc,201710,13.761889325610609
P53hVYydxdc,201711,9.07586213053236
P53hVYydxdc,201712,7.567754751338844
P53hVYydxdc,201801,5.325470948970161
P53hVYydxdc,201802,7.024292321005986
P53hVYydxdc,201803,9.527815812676808
P53hVYydxdc,201804,12.42863855481165
P53hVYydxdc,201805,15.273024881720168
P53hVYydxdc,201806,17.69869107416946
P53hVYydxdc,201807,18.06304357244519
P53hVYydxdc,201808,17.529197497799064
P53hVYydxdc,201809,16.150853755822414
P53hVYydxdc,201810,11.380639982711076
P53hVYydxdc,201811,8.930732384383758
P53hVYydxdc,201812,4.415246418931764
P53hVYydxdc,201901,2.36123231803673
P53hVYydxdc,201902,4.056851663386836
P53hVYydxdc,201903,7.602441613140074
P53hVYydxdc,201904,12.210184973729037
P53hVYydxdc,201905,15.86182696558208
P53hVYydxdc,201906,17.899684960325853
P53hVYydxdc,201907,17.774614336590695
P53hVYydxdc,201908,17.909509279386356
P53hVYydxdc,201909,16.490348719761766
P53hVYydxdc,201910,12.768976054015296
P53hVYydxdc,201911,10.290770179737692
P53hVYydxdc,201912,3.8982577073084497
P53hVYydxdc,202001,2.132812762346753
P53hVYydxdc,202002,4.1763834691203465
P53hVYydxdc,202003,7.449243704058404
P53hVYydxdc,202004,10.91723055899666
P53hVYydxdc,202005,14.458909626721107
P53hVYydxdc,202006,16.609367429984395
P53hVYydxdc,202007,17.623851543918235
P53hVYydxdc,202008,17.958964368097103
P53hVYydxdc,202009,16.980479627739445
P53hVYydxdc,202010,14.14278788046347
P53hVYydxdc,202011,8.30388209864533
P53hVYydxdc,202012,6.273108212432402
P53hVYydxdc,202101,6.110895605493799
P53hVYydxdc,202102,6.1789582551437
P53hVYydxdc,202103,9.986601365145876
P53hVYydxdc,202104,12.093748515971352
P53hVYydxdc,202105,14.2714006938377
P53hVYydxdc,202106,16.71044059335565
P53hVYydxdc,202107,17.666139956603438
P53hVYydxdc,202108,17.273273048484324
P53hVYydxdc,202109,16.625916359971352
P53hVYydxdc,202110,13.91206396175678
P53hVYydxdc,202111,9.263191501988166
P53hVYydxdc,202112,4.384028010202379
P53hVYydxdc,202201,2.03167956343425
P53hVYydxdc,202202,2.8434942712549827
P53hVYydxdc,202203,10.43768229983074
P53hVYydxdc,202204,15.025978216206497
P53hVYydxdc,202205,15.159887470471796
P53hVYydxdc,202206,17.65134984449253
P53hVYydxdc,202207,17.90803138526064
P53hVYydxdc,202208,17.791891450913695
P53hVYydxdc,202209,16.261179435259148
P53hVYydxdc,202210,11.997661003330323
P53hVYydxdc,202211,9.068853048344716
P53hVYydxdc,202212,6.685600967515949
P53hVYydxdc,202301,4.6388505059596055
P53hVYydxdc,202302,7.378334907923549
P53hVYydxdc,202303,8.310933597487073
P53hVYydxdc,202304,11.50009892705686
P53hVYydxdc,202305,13.893326212798671
P53hVYydxdc,202306,17.67497058781907
P53hVYydxdc,202307,18.088678074900344
P53hVYydxdc,202308,17.563315260762568
P53hVYydxdc,202309,17.212088642730723
P53hVYydxdc,202310,12.5306136632776
P53hVYydxdc,202311,9.2101179319685
P53hVYydxdc,202312,6.203668366740766
P53hVYydxdc,202401,4.71752403051044
P53hVYydxdc,202402,4.2544942726734245
P53hVYydxdc,202403,9.059503547160704
P53hVYydxdc,202404,13.845125631619464
P53hVYydxdc,202405,16.542110400894728
P53hVYydxdc,202406,19.0246697719607
P53hVYydxdc,202407,18.688697970776065
P53hVYydxdc,202408,17.88407322368396
P53hVYydxdc,202409,17.326125232710154
P53hVYydxdc,202410,13.847727670008148
P53hVYydxdc,202411,9.800611955869062
P53hVYydxdc,202412,5.954150115206308
PUPCyKcUwlS,201601,16.73399855605195
PUPCyKcUwlS,201602,20.58695466763022
PUPCyKcUwlS,201603,25.77167037301937
PUPCyKcUwlS,201604,30.19027144412225
PUPCyKcUwlS,201605,27.389701167773502
PUPCyKcUwlS,201606,27.90411156882605
PUPCyKcUwlS,201607,27.122415203999687
PUPCyKcUwlS,201608,28.62411985984698
PUPCyKcUwlS,201609,26.54311397731628
PUPCyKcUwlS,201610,25.417775908041733
PUPCyKcUwlS,201611,21.726167841162447
PUPCyKcUwlS,201612,18.365191365868625
PUPCyKcUwlS,201701,16.760176526961345
PUPCyKcUwlS,201702,20.039062136780835
PUPCyKcUwlS,201703,22.25349154401555
PUPCyKcUwlS,201704,26.54045585838334
PUPCyKcUwlS,201705,28.168642109373376
PUPCyKcUwlS,201706,28.564097201469828
PUPCyKcUwlS,201707,27.43512747143447
PUPCyKcUwlS,201708,27.576328745960137
PUPCyKcUwlS,201709,27.59451786019177
PUPCyKcUwlS,201710,25.54914502164507
PUPCyKcUwlS,201711,21.46288416586404
PUPCyKcUwlS,201712,18.82752843928633
PUPCyKcUwlS,201801,15.803835568339029
PUPCyKcUwlS,201802,20.000826487966776
PUPCyKcUwlS,201803,24.957745432556003
PUPCyKcUwlS,201804,26.695437528502197
PUPCyKcUwlS,201805,27.25603193320258
PUPCyKcUwlS,201806,28.50519577572178
PUPCyKcUwlS,201807,28.0491333883245
PUPCyKcUwlS,201808,27.887504306108685
PUPCyKcUwlS,201809,27.53384862905768
PUPCyKcUwlS,201810,24.721400040386207
PUPCyKcUwlS,201811,22.092362719064617
PUPCyKcUwlS,201812,17.683717396261134
PUPCyKcUwlS,201901,16.757148880030552
PUPCyKcUwlS,201902,18.91172728553067
PUPCyKcUwlS,201903,23.50622834423965
PUPCyKcUwlS,201904,26.857801123586743
PUPCyKcUwlS,201905,29.48096466468797
PUPCyKcUwlS,201906,29.43176242072959
PUPCyKcUwlS,201907,27.86442956523168
PUPCyKcUwlS,201908,28.543357873542146
PUPCyKcUwlS,201909,26.572336290829487
PUPCyKcUwlS,201910,24.942945123531462
PUPCyKcUwlS,201911,23.259791757832687
PUPCyKcUwlS,201912,16.46657149263538
PUPCyKcUwlS,202001,15.942748371022486
PUPCyKcUwlS,202002,18.61443203565148
PUPCyKcUwlS,202003,23.675762020422923
PUPCyKcUwlS,202004,26.746008063351557
PUPCyKcUwlS,202005,27.31378370542205
PUPCyKcUwlS,202006,27.66126003212552
PUPCyKcUwlS,202007,27.309681512740173
PUPCyKcUwlS,202008,28.32388657497729
PUPCyKcUwlS,202009,27.072368245287745
PUPCyKcUwlS,202010,26.163780784641563
PUPCyKcUwlS,202011,21.05772775894676
PUPCyKcUwlS,202012,17.43354767778455
PUPCyKcUwlS,202101,16.545258492383375
PUPCyKcUwlS,202102,19.47408527567081
PUPCyKcUwlS,202103,24.97231982075625
PUPCyKcUwlS,202104,28.363681691905683
PUPCyKcUwlS,202105,26.69553536498968
PUPCyKcUwlS,202106,27.630283405249752
PUPCyKcUwlS,202107,28.001330886498085
PUPCyKcUwlS,202108,27.26694695588814
PUPCyKcUwlS,202109,27.770022750479093
PUPCyKcUwlS,202110,25.70730007963325
PUPCyKcUwlS,202111,20.225649941442075
PUPCyKcUwlS,202112,17.344596141623178
PUPCyKcUwlS,202201,15.524487430812
PUPCyKcUwlS,202202,17.08452164133574
PUPCyKcUwlS,202203,25.7219300265943
PUPCyKcUwlS,202204,28.22917758730054
PUPCyKcUwlS,202205,28.01771213888232
PUPCyKcUwlS,202206,27.36819450866769
PUPCyKcUwlS,202207,28.70476354835279
PUPCyKcUwlS,202208,28.43892434829531
PUPCyKcUwlS,202209,27.0801607732307
PUPCyKcUwlS,202210,24.906266523726156
PUPCyKcUwlS,202211,21.45628991365259
PUPCyKcUwlS,202212,18.26989530679407
PUPCyKcUwlS,202301,15.946894857506036
PUPCyKcUwlS,202302,20.36113603196216
PUPCyKcUwlS,202303,23.65737359578684
PUPCyKcUwlS,202304,28.071974171706263
PUPCyKcUwlS,202305,29.12950075281812
PUPCyKcUwlS,202306,30.28854661438141
PUPCyKcUwlS,202307,28.66362488077886
PUPCyKcUwlS,202308,28.2775428809012
PUPCyKcUwlS,202309,28.38025518247751
PUPCyKcUwlS,202310,25.398269418725576
PUPCyKcUwlS,202311,22.666322179658632
PUPCyKcUwlS,202312,18.605966000999388
PUPCyKcUwlS,202401,16.02045227350379
PUPCyKcUwlS,202402,18.444758318784096
PUPCyKcUwlS,202403,23.35845377374587
PUPCyKcUwlS,202404,29.95801393841823
PUPCyKcUwlS,202405,29.897314905343027
PUPCyKcUwlS,202406,28.90526668531295
PUPCyKcUwlS,202407,28.62884875182147
PUPCyKcUwlS,202408,28.321655481315915
PUPCyKcUwlS,202409,28.45929110398552
PUPCyKcUwlS,202410,26.002472847061323
PUPCyKcUwlS,202411,22.452287212678744
PUPCyKcUwlS,202412,17.756045134530385
PdRpVxkVd9a,201601,14.638323230930345
PdRpVxkVd9a,201602,18.80776923065676
PdRpVxkVd9a,201603,23.72344862435865
PdRpVxkVd9a,201604,29.65265022477769
PdRpVxkVd9a,201605,29.425961325297425
PdRpVxkVd9a,201606,29.781670500543296
PdRpVxkVd9a,201607,26.952143320879973
PdRpVxkVd9a,201608,27.8393957132166
PdRpVxkVd9a,201609,26.4796230604617
PdRpVxkVd9a,201610,24.356886129493336
PdRpVxkVd9a,201611,20.072590295331963
PdRpVxkVd9a,201612,16.52979220449093
PdRpVxkVd9a,201701,14.862414302499534
PdRpVxkVd9a,201702,18.310443592108754
PdRpVxkVd9a,201703,21.868342192612385
PdRpVxkVd9a,201704,27.857682650838893
PdRpVxkVd9a,201705,30.19921298030261
PdRpVxkVd9a,201706,30.215869442108904
PdRpVxkVd9a,201707,27.396940967076127
PdRpVxkVd9a,201708,27.20543745275408
PdRpVxkVd9a,201709,27.298753725673222
PdRpVxkVd9a,201710,25.023174867643277
PdRpVxkVd9a,201711,19.791977943460783
PdRpVxkVd9a,201712,16.52028347046141
PdRpVxkVd9a,201801,13.279964052288678
PdRpVxkVd9a,201802,18.23923534887372
PdRpVxkVd9a,201803,23.62082563174889
PdRpVxkVd9a,201804,27.19174835055901
PdRpVxkVd9a,201805,29.943510959549208
PdRpVxkVd9a,201806,31.28479157023833
PdRpVxkVd9a,201807,28.02725312579952
PdRpVxkVd9a,201808,27.07600984153172
PdRpVxkVd9a,201809,26.82460909988791
PdRpVxkVd9a,201810,23.327775610391765
PdRpVxkVd9a,201811,19.76532311965217
PdRpVxkVd9a,201812,15.024268472394994
PdRpVxkVd9a,201901,14.433198274225408
PdRpVxkVd9a,201902,16.51044618587114
PdRpVxkVd9a,201903,21.42140464863507
PdRpVxkVd9a,201904,27.65128798215564
PdRpVxkVd9a,201905,30.95970330324732
PdRpVxkVd9a,201906,31.309981719075708
PdRpVxkVd9a,201907,27.72547189045547
PdRpVxkVd9a,201908,27.93119167350896
PdRpVxkVd9a,201909,26.246062925253867
PdRpVxkVd9a,201910,23.824083132796957
PdRpVxkVd9a,201911,20.619144521400543
PdRpVxkVd9a,201912,14.212439392814106
PdRpVxkVd9a,202001,13.559023043784585
PdRpVxkVd9a,202002,16.089135337634282
PdRpVxkVd9a,202003,20.79918551523604
PdRpVxkVd9a,202004,26.093292877967816
PdRpVxkVd9a,202005,28.303978015089328
PdRpVxkVd9a,202006,27.25986094014885
PdRpVxkVd9a,202007,27.092825830803367
PdRpVxkVd9a,202008,27.827822573770103
PdRpVxkVd9a,202009,27.121688110450304
PdRpVxkVd9a,202010,24.61998598542198
PdRpVxkVd9a,202011,18.95480030408524
PdRpVxkVd9a,202012,14.837540190417853
PdRpVxkVd9a,202101,14.55677040530453
PdRpVxkVd9a,202102,18.233497094371906
PdRpVxkVd9a,202103,23.49394406052018
PdRpVxkVd9a,202104,27.193114626308656
PdRpVxkVd9a,202105,26.78631344510952
PdRpVxkVd9a,202106,27.400877989665265
PdRpVxkVd9a,202107,27.481199468441915
PdRpVxkVd9a,202108,26.8779727757795
PdRpVxkVd9a,202109,26.6869900201736
PdRpVxkVd9a,202110,24.54109870910424
PdRpVxkVd9a,202111,18.97112776931293
PdRpVxkVd9a,202112,15.12012158390674
PdRpVxkVd9a,202201,13.340088803557569
PdRpVxkVd9a,202202,15.137977651929273
PdRpVxkVd9a,202203,24.072401233219047
PdRpVxkVd9a,202204,29.12855521025334
PdRpVxkVd9a,202205,29.18611507207255
PdRpVxkVd9a,202206,30.83589688111796
PdRpVxkVd9a,202207,28.424382238553424
PdRpVxkVd9a,202208,28.18756013025525
PdRpVxkVd9a,202209,26.77147647425105
PdRpVxkVd9a,202210,23.12025914229956
PdRpVxkVd9a,202211,19.338901084004213
PdRpVxkVd9a,202212,15.484429150308834
PdRpVxkVd9a,202301,13.963686742322404
PdRpVxkVd9a,202302,18.094462556094378
PdRpVxkVd9a,202303,22.070196195262195
PdRpVxkVd9a,202304,26.32913613360804
PdRpVxkVd9a,202305,28.284808126506924
PdRpVxkVd9a,202306,31.60620226782361
PdRpVxkVd9a,202307,28.3479399571767
PdRpVxkVd9a,202308,27.65731076041555
PdRpVxkVd9a,202309,27.5911315610049
PdRpVxkVd9a,202310,23.96925127696623
PdRpVxkVd9a,202311,20.46889202276033
PdRpVxkVd9a,202312,16.172773649250775
PdRpVxkVd9a,202401,13.525499201303022
PdRpVxkVd9a,202402,16.475636211158665
PdRpVxkVd9a,202403,21.82066080480026
PdRpVxkVd9a,202404,28.62284806832519
PdRpVxkVd9a,202405,31.09349242899864
PdRpVxkVd9a,202406,31.988844434467424
PdRpVxkVd9a,202407,28.266692927121497
PdRpVxkVd9a,202408,27.4779651338326
PdRpVxkVd9a,202409,27.097824278293928
PdRpVxkVd9a,202410,24.96540057865518
PdRpVxkVd9a,202411,20.3240315586398
PdRpVxkVd9a,202412,14.9765696823674
QfZ2pVPRFmz,201601,6.6111911781712696
QfZ2pVPRFmz,201602,11.051017428823922
QfZ2pVPRFmz,201603,14.50494309440417
QfZ2pVPRFmz,201604,18.34516892435625
QfZ2pVPRFmz,201605,18.548331046320868
QfZ2pVPRFmz,201606,20.16234019512977
QfZ2pVPRFmz,201607,20.17266743018291
QfZ2pVPRFmz,201608,20.75737550435681
QfZ2pVPRFmz,201609,19.043672603221687
QfZ2pVPRFmz,201610,16.706706107763715
QfZ2pVPRFmz,201611,12.8902994056347
QfZ2pVPRFmz,201612,10.950910475761887
QfZ2pVPRFmz,201701,7.905827398319659
QfZ2pVPRFmz,201702,10.930561792304513
QfZ2pVPRFmz,201703,12.0374817395314
QfZ2pVPRFmz,201704,16.529482433476204
QfZ2pVPRFmz,201705,18.549123203430717
QfZ2pVPRFmz,201706,20.293987704334903
QfZ2pVPRFmz,201707,20.360550230418887
QfZ2pVPRFmz,201708,20.14633521256808
QfZ2pVPRFmz,201709,19.51468412850396
QfZ2pVPRFmz,201710,16.910715062900216
QfZ2pVPRFmz,201711,12.512841425788343
QfZ2pVPRFmz,201712,10.807948260165466
QfZ2pVPRFmz,201801,7.955329198054728
QfZ2pVPRFmz,201802,10.888116910480118
QfZ2pVPRFmz,201803,13.691476695790936
QfZ2pVPRFmz,201804,16.485149323258184
QfZ2pVPRFmz,201805,18.09519796475664
QfZ2pVPRFmz,201806,20.37754665311562
QfZ2pVPRFmz,201807,20.552897666899817
QfZ2pVPRFmz,201808,20.4225443712345
QfZ2pVPRFmz,201809,18.96589769816544
QfZ2pVPRFmz,201810,14.878476007932983
QfZ2pVPRFmz,201811,12.593532399473716
QfZ2pVPRFmz,201812,7.829317975106832
QfZ2pVPRFmz,201901,6.747673188593557
QfZ2pVPRFmz,201902,9.017847884719863
QfZ2pVPRFmz,201903,12.854996920142874
QfZ2pVPRFmz,201904,15.862473206586024
QfZ2pVPRFmz,201905,19.85000164033767
QfZ2pVPRFmz,201906,20.850587401006237
QfZ2pVPRFmz,201907,20.42186641049732
QfZ2pVPRFmz,201908,20.896469838956538
QfZ2pVPRFmz,201909,19.288140103402007
QfZ2pVPRFmz,201910,15.80480883884679
QfZ2pVPRFmz,201911,13.528312482313574
QfZ2pVPRFmz,201912,7.967988598181432
QfZ2pVPRFmz,202001,6.4057972012811
QfZ2pVPRFmz,202002,8.451834063994077
QfZ2pVPRFmz,202003,12.20547508013428
QfZ2pVPRFmz,202004,14.930815298274153
QfZ2pVPRFmz,202005,17.4978162533989
QfZ2pVPRFmz,202006,19.63612527726569
QfZ2pVPRFmz,202007,20.0518411162014
QfZ2pVPRFmz,202008,20.601682236189955
QfZ2pVPRFmz,202009,19.600160442300822
QfZ2pVPRFmz,202010,17.6813249479883
QfZ2pVPRFmz,202011,12.601170261334063
QfZ2pVPRFmz,202012,9.579087539073518
QfZ2pVPRFmz,202101,9.250724103944782
QfZ2pVPRFmz,202102,9.785037498653791
QfZ2pVPRFmz,202103,13.962317982085953
QfZ2pVPRFmz,202104,16.93854990092226
QfZ2pVPRFmz,202105,17.7756157798544
QfZ2pVPRFmz,202106,19.758979720433853
QfZ2pVPRFmz,202107,20.272948463807804
QfZ2pVPRFmz,202108,19.841654313768974
QfZ2pVPRFmz,202109,19.552591122064182
QfZ2pVPRFmz,202110,17.071319369406176
QfZ2pVPRFmz,202111,12.276248604882836
QfZ2pVPRFmz,202112,9.020455402053251
QfZ2pVPRFmz,202201,6.39964471573417
QfZ2pVPRFmz,202202,7.215495678309426
QfZ2pVPRFmz,202203,14.641100190808528
QfZ2pVPRFmz,202204,17.627995406634014
QfZ2pVPRFmz,202205,18.41022138091076
QfZ2pVPRFmz,202206,19.821704130328413
QfZ2pVPRFmz,202207,20.6676695659776
QfZ2pVPRFmz,202208,20.53972778446721
QfZ2pVPRFmz,202209,19.349155890441263
QfZ2pVPRFmz,202210,16.29251471972225
QfZ2pVPRFmz,202211,12.912607998884296
QfZ2pVPRFmz,202212,10.346158718322762
QfZ2pVPRFmz,202301,8.426234458858861
QfZ2pVPRFmz,202302,10.849179785096233
QfZ2pVPRFmz,202303,12.902279840721798
QfZ2pVPRFmz,202304,16.72224621937393
QfZ2pVPRFmz,202305,18.399285193658297
QfZ2pVPRFmz,202306,21.470508661945484
QfZ2pVPRFmz,202307,21.118219292111934
QfZ2pVPRFmz,202308,20.512183245690657
QfZ2pVPRFmz,202309,20.53351340957258
QfZ2pVPRFmz,202310,16.159900613231432
QfZ2pVPRFmz,202311,13.129056283573492
QfZ2pVPRFmz,202312,10.149888303923
QfZ2pVPRFmz,202401,7.615214242267679
QfZ2pVPRFmz,202402,9.548108918160024
QfZ2pVPRFmz,202403,13.521107792219675
QfZ2pVPRFmz,202404,18.64530144963124
QfZ2pVPRFmz,202405,20.347570066561776
QfZ2pVPRFmz,202406,21.300455247590808
QfZ2pVPRFmz,202407,21.49781750418532
QfZ2pVPRFmz,202408,20.86787594138985
QfZ2pVPRFmz,202409,20.490694234857347
QfZ2pVPRFmz,202410,17.05673073118943
QfZ2pVPRFmz,202411,12.968021440167988
QfZ2pVPRFmz,202412,9.576980131181609
QzI3Btz60Ne,201601,9.849805682360042
QzI3Btz60Ne,201602,14.024511075098058
QzI3Btz60Ne,201603,17.828229380912386
QzI3Btz60Ne,201604,21.646606556736486
QzI3Btz60Ne,201605,21.088654481658065
QzI3Btz60Ne,201606,22.209514335914463
QzI3Btz60Ne,201607,22.020099025419263
QzI3Btz60Ne,201608,22.782136907099765
QzI3Btz60Ne,201609,21.035317354114603
QzI3Btz60Ne,201610,19.21347250522744
QzI3Btz60Ne,201611,15.541808374481
QzI3Btz60Ne,201612,13.451259504263335
QzI3Btz60Ne,201701,11.356331048994551
QzI3Btz60Ne,201702,14.19191602510312
QzI3Btz60Ne,201703,15.226042065361758
QzI3Btz60Ne,201704,19.51140779321612
QzI3Btz60Ne,201705,21.02293951861948
QzI3Btz60Ne,201706,22.43353196012635
QzI3Btz60Ne,201707,22.253086491496177
QzI3Btz60Ne,201708,22.05623625491866
QzI3Btz60Ne,201709,21.699106914649512
QzI3Btz60Ne,201710,19.46616726397345
QzI3Btz60Ne,201711,15.494653445524069
QzI3Btz60Ne,201712,13.839831326636356
QzI3Btz60Ne,201801,10.43632530613705
QzI3Btz60Ne,201802,14.13349016318009
QzI3Btz60Ne,201803,17.439333665385043
QzI3Btz60Ne,201804,19.20043301535887
QzI3Btz60Ne,201805,20.54700729085128
QzI3Btz60Ne,201806,22.41120085799586
QzI3Btz60Ne,201807,22.41016525076033
QzI3Btz60Ne,201808,22.303879770313586
QzI3Btz60Ne,201809,21.24237303379042
QzI3Btz60Ne,201810,17.925774368372032
QzI3Btz60Ne,201811,15.36189296297778
QzI3Btz60Ne,201812,11.237691642494545
QzI3Btz60Ne,201901,10.344475408219784
QzI3Btz60Ne,201902,12.361743855406315
QzI3Btz60Ne,201903,16.049078053598542
QzI3Btz60Ne,201904,18.700542501949396
QzI3Btz60Ne,201905,22.4576966600536
QzI3Btz60Ne,201906,22.964577208400165
QzI3Btz60Ne,201907,22.282149030326643
QzI3Btz60Ne,201908,22.807804437446336
QzI3Btz60Ne,201909,21.29798188510566
QzI3Btz60Ne,201910,18.45816860310069
QzI3Btz60Ne,201911,16.50840770524943
QzI3Btz60Ne,201912,11.19878506996736
QzI3Btz60Ne,202001,9.781549762894487
QzI3Btz60Ne,202002,11.564104907699498
QzI3Btz60Ne,202003,15.454032396794975
QzI3Btz60Ne,202004,18.04455820175465
QzI3Btz60Ne,202005,19.94896361236486
QzI3Btz60Ne,202006,21.71837010838591
QzI3Btz60Ne,202007,21.97199973770677
QzI3Btz60Ne,202008,22.535936753734276
QzI3Btz60Ne,202009,21.7177014434881
QzI3Btz60Ne,202010,20.301894091704263
QzI3Btz60Ne,202011,15.79498480892286
QzI3Btz60Ne,202012,12.415178078766932
QzI3Btz60Ne,202101,11.842071932624954
QzI3Btz60Ne,202102,13.04479507543551
QzI3Btz60Ne,202103,17.363137730843683
QzI3Btz60Ne,202104,20.621093973919844
QzI3Btz60Ne,202105,20.132094782306677
QzI3Btz60Ne,202106,21.871621319427
QzI3Btz60Ne,202107,22.164754394383184
QzI3Btz60Ne,202108,21.79701226317482
QzI3Btz60Ne,202109,21.680709960974784
QzI3Btz60Ne,202110,19.56819893503128
QzI3Btz60Ne,202111,14.646182624963812
QzI3Btz60Ne,202112,12.016915731399806
QzI3Btz60Ne,202201,9.653847997183714
QzI3Btz60Ne,202202,10.354260052609527
QzI3Btz60Ne,202203,18.22268235466353
QzI3Btz60Ne,202204,20.641144484502288
QzI3Btz60Ne,202205,20.856514772534545
QzI3Btz60Ne,202206,21.84138085144691
QzI3Btz60Ne,202207,22.535598463731105
QzI3Btz60Ne,202208,22.458566529411463
QzI3Btz60Ne,202209,21.54700735737057
QzI3Btz60Ne,202210,18.99981260095451
QzI3Btz60Ne,202211,15.624778174038708
QzI3Btz60Ne,202212,12.870618417160571
QzI3Btz60Ne,202301,11.878233712460927
QzI3Btz60Ne,202302,14.121383887344606
QzI3Btz60Ne,202303,16.24066418799088
QzI3Btz60Ne,202304,20.042818802624318
QzI3Btz60Ne,202305,21.08096116970253
QzI3Btz60Ne,202306,23.727203525864567
QzI3Btz60Ne,202307,22.966390486016
QzI3Btz60Ne,202308,22.406202665343177
QzI3Btz60Ne,202309,22.694317872877395
QzI3Btz60Ne,202310,18.86402845219451
QzI3Btz60Ne,202311,16.112101011980315
QzI3Btz60Ne,202312,13.167901369358937
QzI3Btz60Ne,202401,10.68380240503381
QzI3Btz60Ne,202402,12.860892583455568
QzI3Btz60Ne,202403,16.61471806266973
QzI3Btz60Ne,202404,22.20455690513112
QzI3Btz60Ne,202405,23.08059191850728
QzI3Btz60Ne,202406,23.331175270435125
QzI3Btz60Ne,202407,23.362640667503573
QzI3Btz60Ne,202408,22.81211297678071
QzI3Btz60Ne,202409,22.67875015097817
QzI3Btz60Ne,202410,19.655184766009263
QzI3Btz60Ne,202411,15.638663221993635
QzI3Btz60Ne,202412,12.463779831194408
RSAZqrdfXy5,201601,13.141555524130164
RSAZqrdfXy5,201602,16.970842255608858
RSAZqrdfXy5,201603,21.81998082436594
RSAZqrdfXy5,201604,27.186646205231707
RSAZqrdfXy5,201605,27.06871067070916
RSAZqrdfXy5,201606,27.329013898971198
RSAZqrdfXy5,201607,25.687711556913868
RSAZqrdfXy5,201608,26.517010239557795
RSAZqrdfXy5,201609,25.32929745971955
RSAZqrdfXy5,201610,23.13981185410894
RSAZqrdfXy5,201611,18.715024925348036
RSAZqrdfXy5,201612,15.363145584237978
RSAZqrdfXy5,201701,13.294552713047228
RSAZqrdfXy5,201702,17.031863473120538
RSAZqrdfXy5,201703,19.971375978339008
RSAZqrdfXy5,201704,25.635086124321884
RSAZqrdfXy5,201705,27.598687561870527
RSAZqrdfXy5,201706,27.96455243993084
RSAZqrdfXy5,201707,25.99146053258009
RSAZqrdfXy5,201708,25.921987515376436
RSAZqrdfXy5,201709,25.89668044362564
RSAZqrdfXy5,201710,23.421637064496576
RSAZqrdfXy5,201711,18.244084217054034
RSAZqrdfXy5,201712,15.12985282878855
RSAZqrdfXy5,201801,12.250263643215009
RSAZqrdfXy5,201802,16.747866369464372
RSAZqrdfXy5,201803,21.446508850169806
RSAZqrdfXy5,201804,24.54003875816917
RSAZqrdfXy5,201805,27.167314702265053
RSAZqrdfXy5,201806,28.654475737089037
RSAZqrdfXy5,201807,26.574587100878336
RSAZqrdfXy5,201808,25.638338003376333
RSAZqrdfXy5,201809,25.255983285360838
RSAZqrdfXy5,201810,21.66153585757085
RSAZqrdfXy5,201811,18.35998834366239
RSAZqrdfXy5,201812,13.527092736483302
RSAZqrdfXy5,201901,12.831585062059762
RSAZqrdfXy5,201902,14.721115509445786
RSAZqrdfXy5,201903,19.086567391228023
RSAZqrdfXy5,201904,24.86042161862814
RSAZqrdfXy5,201905,28.67148717112484
RSAZqrdfXy5,201906,29.28585689563658
RSAZqrdfXy5,201907,26.38203714984432
RSAZqrdfXy5,201908,26.583979969147236
RSAZqrdfXy5,201909,25.07816532789702
RSAZqrdfXy5,201910,22.443100865800275
RSAZqrdfXy5,201911,19.352286293444724
RSAZqrdfXy5,201912,12.760607353078022
RSAZqrdfXy5,202001,12.382179806377076
RSAZqrdfXy5,202002,14.891571764218858
RSAZqrdfXy5,202003,18.73860337596305
RSAZqrdfXy5,202004,23.729541806260222
RSAZqrdfXy5,202005,26.083034352675654
RSAZqrdfXy5,202006,26.68083396327139
RSAZqrdfXy5,202007,26.095777563869945
RSAZqrdfXy5,202008,26.567890372909428
RSAZqrdfXy5,202009,26.28092880238122
RSAZqrdfXy5,202010,23.702592198354814
RSAZqrdfXy5,202011,18.129031997215808
RSAZqrdfXy5,202012,13.992932042585595
RSAZqrdfXy5,202101,13.590628011831734
RSAZqrdfXy5,202102,16.974755768951088
RSAZqrdfXy5,202103,21.77645327552494
RSAZqrdfXy5,202104,25.127122243067955
RSAZqrdfXy5,202105,25.203328932143684
RSAZqrdfXy5,202106,26.364619919589604
RSAZqrdfXy5,202107,26.51601022816997
RSAZqrdfXy5,202108,25.830734198075547
RSAZqrdfXy5,202109,25.671016565991252
RSAZqrdfXy5,202110,23.44935205520182
RSAZqrdfXy5,202111,17.94020504616478
RSAZqrdfXy5,202112,13.880609898393097
RSAZqrdfXy5,202201,12.095346955234897
RSAZqrdfXy5,202202,13.61262172932809
RSAZqrdfXy5,202203,22.183038226039187
RSAZqrdfXy5,202204,27.15093758739557
RSAZqrdfXy5,202205,26.93803939316837
RSAZqrdfXy5,202206,28.940575971075177
RSAZqrdfXy5,202207,27.013388223614285
RSAZqrdfXy5,202208,26.81560209697991
RSAZqrdfXy5,202209,25.35059102472286
RSAZqrdfXy5,202210,21.73176443323677
RSAZqrdfXy5,202211,18.48252291822908
RSAZqrdfXy5,202212,14.668688535018356
RSAZqrdfXy5,202301,12.990614897002208
RSAZqrdfXy5,202302,17.036758766559757
RSAZqrdfXy5,202303,20.384665623730307
RSAZqrdfXy5,202304,24.1058996548913
RSAZqrdfXy5,202305,26.250840533925626
RSAZqrdfXy5,202306,29.64052249698161
RSAZqrdfXy5,202307,26.98045656510969
RSAZqrdfXy5,202308,26.4566385017548
RSAZqrdfXy5,202309,26.546073147133217
RSAZqrdfXy5,202310,22.98126350123149
RSAZqrdfXy5,202311,19.218522676428247
RSAZqrdfXy5,202312,15.049766847331124
RSAZqrdfXy5,202401,12.436048155311909
RSAZqrdfXy5,202402,15.066444347551242
RSAZqrdfXy5,202403,20.21508813262255
RSAZqrdfXy5,202404,26.764239193094998
RSAZqrdfXy5,202405,29.176540020728325
RSAZqrdfXy5,202406,30.5156110075749
RSAZqrdfXy5,202407,27.262273346109254
RSAZqrdfXy5,202408,26.37711371341406
RSAZqrdfXy5,202409,26.069532042824918
RSAZqrdfXy5,202410,23.869173113943035
RSAZqrdfXy5,202411,19.24402109300374
RSAZqrdfXy5,202412,14.001074175683772
RZxElQxEbZN,201601,-12.951788672117052
RZxElQxEbZN,201602,-11.952521838973546
RZxElQxEbZN,201603,-9.639659184992585
RZxElQxEbZN,201604,-4.148144296205929
RZxElQxEbZN,201605,0.267648850199605
RZxElQxEbZN,201606,5.896662516009903
RZxElQxEbZN,201607,6.549898861133109
RZxElQxEbZN,201608,6.065773968487124
RZxElQxEbZN,201609,4.500488746212009
RZxElQxEbZN,201610,0.355197083263386
RZxElQxEbZN,201611,-2.830480941207942
RZxElQxEbZN,201612,-3.492013399944187
RZxElQxEbZN,201701,-14.990921265216423
RZxElQxEbZN,201702,-11.443034211489657
RZxElQxEbZN,201703,-10.710026814260404
RZxElQxEbZN,201704,-4.874640136467033
RZxElQxEbZN,201705,-0.2288614487447534
RZxElQxEbZN,201706,5.000403011954249
RZxElQxEbZN,201707,6.630519784250774
RZxElQxEbZN,201708,6.785631308715437
RZxElQxEbZN,201709,4.576581809758956
RZxElQxEbZN,201710,0.4942072257596883
RZxElQxEbZN,201711,-5.370637655664168
RZxElQxEbZN,201712,-11.29931237325627
RZxElQxEbZN,201801,-10.103380956805896
RZxElQxEbZN,201802,-12.458665271370869
RZxElQxEbZN,201803,-10.43178920513161
RZxElQxEbZN,201804,-4.20816957323076
RZxElQxEbZN,201805,0.6937071060253007
RZxElQxEbZN,201806,5.9295213296913705
RZxElQxEbZN,201807,7.297168788176527
RZxElQxEbZN,201808,6.764388415785092
RZxElQxEbZN,201809,3.977249040457642
RZxElQxEbZN,201810,-3.0604579079575083
RZxElQxEbZN,201811,-4.7042455108266905
RZxElQxEbZN,201812,-10.950702017406504
RZxElQxEbZN,201901,-16.1081900719049
RZxElQxEbZN,201902,-14.368822485718477
RZxElQxEbZN,201903,-12.217277132823282
RZxElQxEbZN,201904,-4.587562937699802
RZxElQxEbZN,201905,-1.6318596911183398
RZxElQxEbZN,201906,4.205596819751917
RZxElQxEbZN,201907,6.528186433498387
RZxElQxEbZN,201908,6.460739270970977
RZxElQxEbZN,201909,4.434929220896467
RZxElQxEbZN,201910,-1.3838684273311388
RZxElQxEbZN,201911,-5.54075105971609
RZxElQxEbZN,201912,-14.730978508276872
RZxElQxEbZN,202001,-16.55095524288351
RZxElQxEbZN,202002,-13.872026173131298
RZxElQxEbZN,202003,-11.414672982999392
RZxElQxEbZN,202004,-6.742374780451777
RZxElQxEbZN,202005,-1.6109389521401698
RZxElQxEbZN,202006,3.5403291057836768
RZxElQxEbZN,202007,6.887626480200414
RZxElQxEbZN,202008,7.1965014195556165
RZxElQxEbZN,202009,4.547822700189989
RZxElQxEbZN,202010,0.788628966826027
RZxElQxEbZN,202011,-8.564537304338145
RZxElQxEbZN,202012,-10.259197696361774
RZxElQxEbZN,202101,-9.258512975360553
RZxElQxEbZN,202102,-11.243359290068376
RZxElQxEbZN,202103,-7.082998553073815
RZxElQxEbZN,202104,-6.685476351164037
RZxElQxEbZN,202105,-1.1748512085555274
RZxElQxEbZN,202106,3.8880272867119294
RZxElQxEbZN,202107,7.09523256596948
RZxElQxEbZN,202108,6.672916190786185
RZxElQxEbZN,202109,4.4546979794677
RZxElQxEbZN,202110,-0.5756271892042717
RZxElQxEbZN,202111,-5.0091513707243225
RZxElQxEbZN,202112,-15.117794728720732
RZxElQxEbZN,202201,-16.788869478835792
RZxElQxEbZN,202202,-15.966760242660568
RZxElQxEbZN,202203,-6.7151988760812005
RZxElQxEbZN,202204,-1.2024824298913284
RZxElQxEbZN,202205,1.845828611403486
RZxElQxEbZN,202206,6.040276745531668
RZxElQxEbZN,202207,7.276641474146489
RZxElQxEbZN,202208,6.868535501372209
RZxElQxEbZN,202209,4.455029299823001
RZxElQxEbZN,202210,-3.8182807745898297
RZxElQxEbZN,202211,-6.550120529445359
RZxElQxEbZN,202212,-8.136611787444457
RZxElQxEbZN,202301,-12.77217124824668
RZxElQxEbZN,202302,-10.753201423706082
RZxElQxEbZN,202303,-8.554415404496348
RZxElQxEbZN,202304,-7.34072080008458
RZxElQxEbZN,202305,-3.9263796840746745
RZxElQxEbZN,202306,3.3040692174126933
RZxElQxEbZN,202307,7.21940018522854
RZxElQxEbZN,202308,7.153665542540147
RZxElQxEbZN,202309,5.061059906465802
RZxElQxEbZN,202310,-2.5310493531839127
RZxElQxEbZN,202311,-5.302424866255024
RZxElQxEbZN,202312,-11.884141622391894
RZxElQxEbZN,202401,-12.826460693433823
RZxElQxEbZN,202402,-14.405833015333716
RZxElQxEbZN,202403,-10.05968715881186
RZxElQxEbZN,202404,-5.007191749134894
RZxElQxEbZN,202405,1.3215315595843025
RZxElQxEbZN,202406,6.272844563260953
RZxElQxEbZN,202407,7.899164978108277
RZxElQxEbZN,202408,6.9616373326886745
RZxElQxEbZN,202409,5.043051686127012
RZxElQxEbZN,202410,-0.5660589377105376
RZxElQxEbZN,202411,-2.821105193468306
RZxElQxEbZN,202412,-8.339737109862183
S8J6p6tGXNb,201601,6.785455928653958
S8J6p6tGXNb,201602,11.001243993472285
S8J6p6tGXNb,201603,13.330758705557104
S8J6p6tGXNb,201604,17.15796466687015
S8J6p6tGXNb,201605,17.607524221705518
S8J6p6tGXNb,201606,19.490989260522586
S8J6p6tGXNb,201607,19.54050591560752
S8J6p6tGXNb,201608,20.334266780317016
S8J6p6tGXNb,201609,18.862798753517364
S8J6p6tGXNb,201610,16.66634543345029
S8J6p6tGXNb,201611,12.838970850959218
S8J6p6tGXNb,201612,10.630910368311136
S8J6p6tGXNb,201701,8.59209283563583
S8J6p6tGXNb,201702,10.738007239520192
S8J6p6tGXNb,201703,11.796748078153032
S8J6p6tGXNb,201704,16.000903239773024
S8J6p6tGXNb,201705,17.355825771360134
S8J6p6tGXNb,201706,19.710242464981214
S8J6p6tGXNb,201707,19.959735749179384
S8J6p6tGXNb,201708,19.878426825942668
S8J6p6tGXNb,201709,19.3335251411661
S8J6p6tGXNb,201710,16.505942848235787
S8J6p6tGXNb,201711,12.49720074995116
S8J6p6tGXNb,201712,11.265293103493407
S8J6p6tGXNb,201801,8.036400733526293
S8J6p6tGXNb,201802,10.442702706945443
S8J6p6tGXNb,201803,12.624837939152924
S8J6p6tGXNb,201804,15.086337974232302
S8J6p6tGXNb,201805,17.238621592479905
S8J6p6tGXNb,201806,19.7095008258303
S8J6p6tGXNb,201807,20.09399465837755
S8J6p6tGXNb,201808,20.011487855746672
S8J6p6tGXNb,201809,18.87210506584881
S8J6p6tGXNb,201810,14.52040683794528
S8J6p6tGXNb,201811,11.684529030779776
S8J6p6tGXNb,201812,8.731007095589227
S8J6p6tGXNb,201901,8.061342064265293
S8J6p6tGXNb,201902,9.662947397112692
S8J6p6tGXNb,201903,11.953932478966513
S8J6p6tGXNb,201904,14.862721840612528
S8J6p6tGXNb,201905,17.77086966195704
S8J6p6tGXNb,201906,19.930948223488617
S8J6p6tGXNb,201907,19.919415238032823
S8J6p6tGXNb,201908,20.494892877015182
S8J6p6tGXNb,201909,18.945573837257783
S8J6p6tGXNb,201910,15.98858077311514
S8J6p6tGXNb,201911,13.806011866584218
S8J6p6tGXNb,201912,8.299415216044256
S8J6p6tGXNb,202001,7.213719016486929
S8J6p6tGXNb,202002,8.441103709856648
S8J6p6tGXNb,202003,11.47710807495056
S8J6p6tGXNb,202004,14.016052248224243
S8J6p6tGXNb,202005,16.470567914849024
S8J6p6tGXNb,202006,19.08937134862908
S8J6p6tGXNb,202007,19.40940810591523
S8J6p6tGXNb,202008,20.047874026147586
S8J6p6tGXNb,202009,18.84205909009358
S8J6p6tGXNb,202010,17.405110575521284
S8J6p6tGXNb,202011,12.432516651863182
S8J6p6tGXNb,202012,9.371191500851587
S8J6p6tGXNb,202101,8.889963554984643
S8J6p6tGXNb,202102,9.702291578002226
S8J6p6tGXNb,202103,12.712662261981864
S8J6p6tGXNb,202104,15.3660053982127
S8J6p6tGXNb,202105,16.95492009111819
S8J6p6tGXNb,202106,19.098414646865795
S8J6p6tGXNb,202107,19.66359097646488
S8J6p6tGXNb,202108,19.286615466651945
S8J6p6tGXNb,202109,18.980755983413925
S8J6p6tGXNb,202110,16.75469932137995
S8J6p6tGXNb,202111,11.653620274533043
S8J6p6tGXNb,202112,8.925760648557215
S8J6p6tGXNb,202201,6.71345003864846
S8J6p6tGXNb,202202,6.784027333982847
S8J6p6tGXNb,202203,14.131812651413703
S8J6p6tGXNb,202204,16.342906947376466
S8J6p6tGXNb,202205,17.532311352489486
S8J6p6tGXNb,202206,18.86427281454328
S8J6p6tGXNb,202207,19.911164493423502
S8J6p6tGXNb,202208,19.8496379834982
S8J6p6tGXNb,202209,18.825437337370158
S8J6p6tGXNb,202210,16.160690257546328
S8J6p6tGXNb,202211,12.534739591202468
S8J6p6tGXNb,202212,9.7559948983591
S8J6p6tGXNb,202301,8.761966894152707
S8J6p6tGXNb,202302,10.372180095241776
S8J6p6tGXNb,202303,11.987929086565815
S8J6p6tGXNb,202304,15.55951410757115
S8J6p6tGXNb,202305,17.010630239997763
S8J6p6tGXNb,202306,19.75322701602564
S8J6p6tGXNb,202307,20.28271931176366
S8J6p6tGXNb,202308,20.067122949665222
S8J6p6tGXNb,202309,19.789812118507783
S8J6p6tGXNb,202310,16.061100194933957
S8J6p6tGXNb,202311,13.138286818291318
S8J6p6tGXNb,202312,10.139940912360675
S8J6p6tGXNb,202401,7.379722765135558
S8J6p6tGXNb,202402,9.098911655337703
S8J6p6tGXNb,202403,12.920856716861874
S8J6p6tGXNb,202404,17.606933131394538
S8J6p6tGXNb,202405,18.76917165052956
S8J6p6tGXNb,202406,19.999025272006257
S8J6p6tGXNb,202407,20.787577983779123
S8J6p6tGXNb,202408,20.32396942119485
S8J6p6tGXNb,202409,20.12647765120377
S8J6p6tGXNb,202410,16.55790398199602
S8J6p6tGXNb,202411,12.572118125147808
S8J6p6tGXNb,202412,9.72336326790336
SJQ2e9HUvaG,201601,1.6207958630144883
SJQ2e9HUvaG,201602,5.337058973595925
SJQ2e9HUvaG,201603,8.193879825821694
SJQ2e9HUvaG,201604,12.970039238174216
SJQ2e9HUvaG,201605,13.505371077723218
SJQ2e9HUvaG,201606,15.497194022810495
SJQ2e9HUvaG,201607,15.862551740521663
SJQ2e9HUvaG,201608,15.758995965262589
SJQ2e9HUvaG,201609,14.56615389249344
SJQ2e9HUvaG,201610,11.533277064301952
SJQ2e9HUvaG,201611,8.550818434537888
SJQ2e9HUvaG,201612,7.0769225347333125
SJQ2e9HUvaG,201701,0.8933319939179336
SJQ2e9HUvaG,201702,5.538862073478152
SJQ2e9HUvaG,201703,6.321962945572411
SJQ2e9HUvaG,201704,11.920631882644864
SJQ2e9HUvaG,201705,13.16666015871285
SJQ2e9HUvaG,201706,15.169520778826548
SJQ2e9HUvaG,201707,15.779256689609536
SJQ2e9HUvaG,201708,15.812203393164804
SJQ2e9HUvaG,201709,14.554858933968656
SJQ2e9HUvaG,201710,11.638256969165322
SJQ2e9HUvaG,201711,7.404679781796086
SJQ2e9HUvaG,201712,6.305303482334127
SJQ2e9HUvaG,201801,4.516194043125662
SJQ2e9HUvaG,201802,5.0350175137854265
SJQ2e9HUvaG,201803,7.943400904453644
SJQ2e9HUvaG,201804,10.764841763898682
SJQ2e9HUvaG,201805,13.867030302625126
SJQ2e9HUvaG,201806,15.684460981578734
SJQ2e9HUvaG,201807,16.260294595477074
SJQ2e9HUvaG,201808,15.641839942415858
SJQ2e9HUvaG,201809,14.15568762021397
SJQ2e9HUvaG,201810,9.564772890669186
SJQ2e9HUvaG,201811,7.602506976191985
SJQ2e9HUvaG,201812,2.81130759999131
SJQ2e9HUvaG,201901,0.1263068646707376
SJQ2e9HUvaG,201902,1.5095503209289045
SJQ2e9HUvaG,201903,5.3067117599513365
SJQ2e9HUvaG,201904,10.40060273713074
SJQ2e9HUvaG,201905,13.956108535001118
SJQ2e9HUvaG,201906,15.958572499439752
SJQ2e9HUvaG,201907,15.842962805588192
SJQ2e9HUvaG,201908,16.009344600674577
SJQ2e9HUvaG,201909,14.46657966114141
SJQ2e9HUvaG,201910,10.666608206311665
SJQ2e9HUvaG,201911,8.611714184244653
SJQ2e9HUvaG,201912,1.7039375224097666
SJQ2e9HUvaG,202001,-0.0702693941204485
SJQ2e9HUvaG,202002,2.5094450662683507
SJQ2e9HUvaG,202003,5.4680886573782
SJQ2e9HUvaG,202004,9.530874898923708
SJQ2e9HUvaG,202005,13.01263835802861
SJQ2e9HUvaG,202006,15.073797270358952
SJQ2e9HUvaG,202007,16.203259213100843
SJQ2e9HUvaG,202008,16.46659690220952
SJQ2e9HUvaG,202009,15.420325196380956
SJQ2e9HUvaG,202010,12.646721685862849
SJQ2e9HUvaG,202011,7.033107154769193
SJQ2e9HUvaG,202012,5.479536062906163
SJQ2e9HUvaG,202101,5.053875564853029
SJQ2e9HUvaG,202102,5.041444260793317
SJQ2e9HUvaG,202103,8.45962854717724
SJQ2e9HUvaG,202104,10.45583347438114
SJQ2e9HUvaG,202105,12.726859936789944
SJQ2e9HUvaG,202106,15.160300717746926
SJQ2e9HUvaG,202107,16.257455195786
SJQ2e9HUvaG,202108,15.85592329036788
SJQ2e9HUvaG,202109,14.961438843044435
SJQ2e9HUvaG,202110,12.336784160716364
SJQ2e9HUvaG,202111,8.140428764797425
SJQ2e9HUvaG,202112,3.0260131938956825
SJQ2e9HUvaG,202201,-0.0844461449194395
SJQ2e9HUvaG,202202,1.0861930563651645
SJQ2e9HUvaG,202203,9.479947023416388
SJQ2e9HUvaG,202204,13.782973706222338
SJQ2e9HUvaG,202205,13.637908187479738
SJQ2e9HUvaG,202206,16.236235183140042
SJQ2e9HUvaG,202207,16.36279943807802
SJQ2e9HUvaG,202208,16.196959575927323
SJQ2e9HUvaG,202209,14.369108311158666
SJQ2e9HUvaG,202210,10.330818448555194
SJQ2e9HUvaG,202211,7.879015024997475
SJQ2e9HUvaG,202212,5.828110560674235
SJQ2e9HUvaG,202301,3.020252405328344
SJQ2e9HUvaG,202302,6.209059041427738
SJQ2e9HUvaG,202303,6.513006232664449
SJQ2e9HUvaG,202304,9.61199632305124
SJQ2e9HUvaG,202305,12.131669037633586
SJQ2e9HUvaG,202306,15.713138031704563
SJQ2e9HUvaG,202307,16.356737275625537
SJQ2e9HUvaG,202308,16.012610439647833
SJQ2e9HUvaG,202309,15.359178963164412
SJQ2e9HUvaG,202310,10.733311017750932
SJQ2e9HUvaG,202311,7.490428118683023
SJQ2e9HUvaG,202312,5.340920519143878
SJQ2e9HUvaG,202401,3.224881064394843
SJQ2e9HUvaG,202402,2.5957663095486465
SJQ2e9HUvaG,202403,7.141542406643307
SJQ2e9HUvaG,202404,11.785996405038096
SJQ2e9HUvaG,202405,14.812254622028146
SJQ2e9HUvaG,202406,17.39434039013646
SJQ2e9HUvaG,202407,17.015813754411234
SJQ2e9HUvaG,202408,16.18206713225202
SJQ2e9HUvaG,202409,15.520966266743326
SJQ2e9HUvaG,202410,12.121460367187254
SJQ2e9HUvaG,202411,8.319655055684281
SJQ2e9HUvaG,202412,4.597752559537057
U8Rk7sYzFmK,201601,0.5070476722718255
U8Rk7sYzFmK,201602,3.721934185942908
U8Rk7sYzFmK,201603,6.4911867651103305
U8Rk7sYzFmK,201604,10.322727121258303
U8Rk7sYzFmK,201605,11.528116103045152
U8Rk7sYzFmK,201606,14.360462329424536
U8Rk7sYzFmK,201607,14.831141810575534
U8Rk7sYzFmK,201608,15.1776861070182
U8Rk7sYzFmK,201609,13.64645755339432
U8Rk7sYzFmK,201610,10.581864377550158
U8Rk7sYzFmK,201611,6.869388604235473
U8Rk7sYzFmK,201612,6.042670409105891
U8Rk7sYzFmK,201701,1.3232655470183132
U8Rk7sYzFmK,201702,4.309551267903958
U8Rk7sYzFmK,201703,4.633898137542368
U8Rk7sYzFmK,201704,9.16228322153864
U8Rk7sYzFmK,201705,11.29898111239008
U8Rk7sYzFmK,201706,14.200495848410858
U8Rk7sYzFmK,201707,14.89185677068444
U8Rk7sYzFmK,201708,14.832092050591395
U8Rk7sYzFmK,201709,14.046178359715858
U8Rk7sYzFmK,201710,10.76853089504073
U8Rk7sYzFmK,201711,5.774612155141092
U8Rk7sYzFmK,201712,6.076730576063057
U8Rk7sYzFmK,201801,3.3801144961840874
U8Rk7sYzFmK,201802,4.172105860139292
U8Rk7sYzFmK,201803,5.625196566387442
U8Rk7sYzFmK,201804,8.405689724132484
U8Rk7sYzFmK,201805,11.203532572832128
U8Rk7sYzFmK,201806,14.280752112810037
U8Rk7sYzFmK,201807,15.15223403910606
U8Rk7sYzFmK,201808,14.991989938600138
U8Rk7sYzFmK,201809,13.72037788230592
U8Rk7sYzFmK,201810,8.6024883302097
U8Rk7sYzFmK,201811,6.283511072052912
U8Rk7sYzFmK,201812,2.442719851513337
U8Rk7sYzFmK,201901,-0.5010833181564915
U8Rk7sYzFmK,201902,1.8610817780478517
U8Rk7sYzFmK,201903,4.21801246826236
U8Rk7sYzFmK,201904,8.554953339741498
U8Rk7sYzFmK,201905,11.900088264159336
U8Rk7sYzFmK,201906,14.325761973563027
U8Rk7sYzFmK,201907,14.83494059285742
U8Rk7sYzFmK,201908,15.245134774216526
U8Rk7sYzFmK,201909,13.59446893562751
U8Rk7sYzFmK,201910,10.217512930157357
U8Rk7sYzFmK,201911,7.913499350418603
U8Rk7sYzFmK,201912,2.2920510170346238
U8Rk7sYzFmK,202001,0.1121435856736209
U8Rk7sYzFmK,202002,2.215878088507608
U8Rk7sYzFmK,202003,4.303262524300132
U8Rk7sYzFmK,202004,7.549578563270138
U8Rk7sYzFmK,202005,10.798827952228743
U8Rk7sYzFmK,202006,14.058189244283904
U8Rk7sYzFmK,202007,14.809048619299004
U8Rk7sYzFmK,202008,15.29275292186284
U8Rk7sYzFmK,202009,14.299962794979743
U8Rk7sYzFmK,202010,11.951276286677334
U8Rk7sYzFmK,202011,6.278106765148619
U8Rk7sYzFmK,202012,4.257826551700737
U8Rk7sYzFmK,202101,3.83006948235627
U8Rk7sYzFmK,202102,2.705984820043993
U8Rk7sYzFmK,202103,6.046260135052554
U8Rk7sYzFmK,202104,8.310784964590207
U8Rk7sYzFmK,202105,11.349609874665624
U8Rk7sYzFmK,202106,14.22260515435494
U8Rk7sYzFmK,202107,14.860974726307
U8Rk7sYzFmK,202108,14.675439875286166
U8Rk7sYzFmK,202109,13.832454608583111
U8Rk7sYzFmK,202110,11.569254180028016
U8Rk7sYzFmK,202111,6.985859955249252
U8Rk7sYzFmK,202112,2.64969705218664
U8Rk7sYzFmK,202201,0.004067318652273
U8Rk7sYzFmK,202202,0.3776516146669175
U8Rk7sYzFmK,202203,7.031085645825873
U8Rk7sYzFmK,202204,10.433601774521126
U8Rk7sYzFmK,202205,11.989916346777315
U8Rk7sYzFmK,202206,14.11184475187413
U8Rk7sYzFmK,202207,15.13212217886736
U8Rk7sYzFmK,202208,15.176631160460603
U8Rk7sYzFmK,202209,13.972406835517226
U8Rk7sYzFmK,202210,10.23364731251585
U8Rk7sYzFmK,202211,7.416865570810887
U8Rk7sYzFmK,202212,5.294272800692368
U8Rk7sYzFmK,202301,3.139759843638063
U8Rk7sYzFmK,202302,4.281079488998745
U8Rk7sYzFmK,202303,5.377951868687934
U8Rk7sYzFmK,202304,8.732749351007142
U8Rk7sYzFmK,202305,10.830629923376213
U8Rk7sYzFmK,202306,14.730087157502048
U8Rk7sYzFmK,202307,15.48897596002292
U8Rk7sYzFmK,202308,15.37186024757336
U8Rk7sYzFmK,202309,14.850507258054018
U8Rk7sYzFmK,202310,9.956438268545629
U8Rk7sYzFmK,202311,6.80923694064303
U8Rk7sYzFmK,202312,4.781005114507741
U8Rk7sYzFmK,202401,1.191916361692935
U8Rk7sYzFmK,202402,1.838237750413117
U8Rk7sYzFmK,202403,5.530645207281598
U8Rk7sYzFmK,202404,10.36800002051419
U8Rk7sYzFmK,202405,12.874714173471736
U8Rk7sYzFmK,202406,15.2074300863775
U8Rk7sYzFmK,202407,16.191651113807062
U8Rk7sYzFmK,202408,15.463009355937675
U8Rk7sYzFmK,202409,14.961319110810647
U8Rk7sYzFmK,202410,11.25104120852462
U8Rk7sYzFmK,202411,7.309021853815407
U8Rk7sYzFmK,202412,4.829687353051991
VoOb1wMwKp0,201601,11.973157006940626
VoOb1wMwKp0,201602,15.26331081858292
VoOb1wMwKp0,201603,18.876848541178607
VoOb1wMwKp0,201604,22.01916406943299
VoOb1wMwKp0,201605,21.964900721358752
VoOb1wMwKp0,201606,23.452632259103087
VoOb1wMwKp0,201607,23.06247653455776
VoOb1wMwKp0,201608,24.341611234829852
VoOb1wMwKp0,201609,22.62799786386086
VoOb1wMwKp0,201610,20.926951438468368
VoOb1wMwKp0,201611,17.51602137292388
VoOb1wMwKp0,201612,14.895750380541267
VoOb1wMwKp0,201701,13.15235820561876
VoOb1wMwKp0,201702,15.619495433547822
VoOb1wMwKp0,201703,16.93349691429844
VoOb1wMwKp0,201704,20.393516362269363
VoOb1wMwKp0,201705,22.261109318144523
VoOb1wMwKp0,201706,23.69512872471265
VoOb1wMwKp0,201707,23.560912275068382
VoOb1wMwKp0,201708,23.596388462299064
VoOb1wMwKp0,201709,23.33906064092517
VoOb1wMwKp0,201710,21.04781170851406
VoOb1wMwKp0,201711,17.30385975031929
VoOb1wMwKp0,201712,15.23275072514999
VoOb1wMwKp0,201801,12.432037011417403
VoOb1wMwKp0,201802,15.168826521979428
VoOb1wMwKp0,201803,18.42553494923435
VoOb1wMwKp0,201804,20.1806001236948
VoOb1wMwKp0,201805,21.490992862801203
VoOb1wMwKp0,201806,23.651285969597065
VoOb1wMwKp0,201807,23.80029685618373
VoOb1wMwKp0,201808,23.81233925344369
VoOb1wMwKp0,201809,23.05059282316249
VoOb1wMwKp0,201810,19.544261455662586
VoOb1wMwKp0,201811,16.90852620222778
VoOb1wMwKp0,201812,13.458511444690568
VoOb1wMwKp0,201901,12.706798367910048
VoOb1wMwKp0,201902,14.498455408305189
VoOb1wMwKp0,201903,17.842664242049107
VoOb1wMwKp0,201904,20.79795661999221
VoOb1wMwKp0,201905,22.2623653501504
VoOb1wMwKp0,201906,23.952054512796447
VoOb1wMwKp0,201907,23.61709532652188
VoOb1wMwKp0,201908,24.393324150093097
VoOb1wMwKp0,201909,22.593094534203324
VoOb1wMwKp0,201910,20.310601945752143
VoOb1wMwKp0,201911,18.607910975737305
VoOb1wMwKp0,201912,12.927782143744864
VoOb1wMwKp0,202001,12.073921086045278
VoOb1wMwKp0,202002,14.10165685639639
VoOb1wMwKp0,202003,17.985872777444012
VoOb1wMwKp0,202004,20.288460066309323
VoOb1wMwKp0,202005,21.710966438141504
VoOb1wMwKp0,202006,23.26215242833965
VoOb1wMwKp0,202007,23.379234231454387
VoOb1wMwKp0,202008,24.2127393682154
VoOb1wMwKp0,202009,23.09023010615616
VoOb1wMwKp0,202010,21.884024588877608
VoOb1wMwKp0,202011,17.003119277543913
VoOb1wMwKp0,202012,13.733706953236604
VoOb1wMwKp0,202101,12.97987871328342
VoOb1wMwKp0,202102,14.843364716201796
VoOb1wMwKp0,202103,18.89232942829914
VoOb1wMwKp0,202104,21.583561314869325
VoOb1wMwKp0,202105,21.826714918218677
VoOb1wMwKp0,202106,23.352346806816666
VoOb1wMwKp0,202107,23.839069704503352
VoOb1wMwKp0,202108,23.361748622931824
VoOb1wMwKp0,202109,23.545689090404736
VoOb1wMwKp0,202110,21.401610990267827
VoOb1wMwKp0,202111,15.975733381679351
VoOb1wMwKp0,202112,13.583351100262488
VoOb1wMwKp0,202201,12.09992241467418
VoOb1wMwKp0,202202,12.185411107629156
VoOb1wMwKp0,202203,20.121169892822984
VoOb1wMwKp0,202204,21.12079197025408
VoOb1wMwKp0,202205,22.38423090202972
VoOb1wMwKp0,202206,22.98399556872328
VoOb1wMwKp0,202207,24.33220559221984
VoOb1wMwKp0,202208,24.289237791765576
VoOb1wMwKp0,202209,23.04831402843383
VoOb1wMwKp0,202210,20.7157011249671
VoOb1wMwKp0,202211,17.05128970916023
VoOb1wMwKp0,202212,14.266107187807524
VoOb1wMwKp0,202301,12.930363956460376
VoOb1wMwKp0,202302,15.703937015682682
VoOb1wMwKp0,202303,18.00970506251871
VoOb1wMwKp0,202304,21.380044604696323
VoOb1wMwKp0,202305,22.848566674866284
VoOb1wMwKp0,202306,24.545738303966655
VoOb1wMwKp0,202307,24.37152435105825
VoOb1wMwKp0,202308,24.161454537657736
VoOb1wMwKp0,202309,24.16375648932805
VoOb1wMwKp0,202310,20.802578091782404
VoOb1wMwKp0,202311,18.003268097933564
VoOb1wMwKp0,202312,14.935796671207177
VoOb1wMwKp0,202401,12.436209768103213
VoOb1wMwKp0,202402,14.027148242390291
VoOb1wMwKp0,202403,18.27040511772163
VoOb1wMwKp0,202404,22.894620249990272
VoOb1wMwKp0,202405,24.267988786107463
VoOb1wMwKp0,202406,24.08480839828988
VoOb1wMwKp0,202407,24.56991914723713
VoOb1wMwKp0,202408,24.197862715196976
VoOb1wMwKp0,202409,24.40180564429981
VoOb1wMwKp0,202410,21.303481257110597
VoOb1wMwKp0,202411,17.760280571065113
VoOb1wMwKp0,202412,14.095824078192852
Wep3D4POB3H,201601,-6.411284185628509
Wep3D4POB3H,201602,-3.2379252227992263
Wep3D4POB3H,201603,-0.9885285684583568
Wep3D4POB3H,201604,3.510793657133749
Wep3D4POB3H,201605,4.851253544567686
Wep3D4POB3H,201606,8.419971665085416
Wep3D4POB3H,201607,8.883418812086257
Wep3D4POB3H,201608,8.95379060739291
Wep3D4POB3H,201609,7.617422141137028
Wep3D4POB3H,201610,4.313694989737415
Wep3D4POB3H,201611,0.9253868207544724
Wep3D4POB3H,201612,0.1376007874623226
Wep3D4POB3H,201701,-5.962876734541629
Wep3D4POB3H,201702,-2.856883641654362
Wep3D4POB3H,201703,-3.0016605317867997
Wep3D4POB3H,201704,2.2732430697179096
Wep3D4POB3H,201705,4.771861147026452
Wep3D4POB3H,201706,8.194511397891052
Wep3D4POB3H,201707,8.89895781504707
Wep3D4POB3H,201708,8.882404569408001
Wep3D4POB3H,201709,7.915786477435628
Wep3D4POB3H,201710,4.393296000516345
Wep3D4POB3H,201711,-0.5411610631595877
Wep3D4POB3H,201712,-0.6196771814059368
Wep3D4POB3H,201801,-3.1311914967516867
Wep3D4POB3H,201802,-3.503071242228023
Wep3D4POB3H,201803,-1.5191956133146274
Wep3D4POB3H,201804,1.6001932984287366
Wep3D4POB3H,201805,4.54535027477091
Wep3D4POB3H,201806,8.371401706284137
Wep3D4POB3H,201807,9.263545542077416
Wep3D4POB3H,201808,8.838581133530207
Wep3D4POB3H,201809,7.478780971978216
Wep3D4POB3H,201810,1.7586276535720322
Wep3D4POB3H,201811,-0.4017012455725717
Wep3D4POB3H,201812,-4.74451866356076
Wep3D4POB3H,201901,-8.437197311581658
Wep3D4POB3H,201902,-6.84847933377787
Wep3D4POB3H,201903,-4.113278222504521
Wep3D4POB3H,201904,1.4961866093070149
Wep3D4POB3H,201905,4.821348380753978
Wep3D4POB3H,201906,8.232789057232669
Wep3D4POB3H,201907,8.930250238817973
Wep3D4POB3H,201908,9.352118874389513
Wep3D4POB3H,201909,7.556106384636829
Wep3D4POB3H,201910,3.674008686723466
Wep3D4POB3H,201911,1.0605876974130364
Wep3D4POB3H,201912,-5.838449640485809
Wep3D4POB3H,202001,-8.666721073780426
Wep3D4POB3H,202002,-6.049379691604521
Wep3D4POB3H,202003,-3.4810762326797886
Wep3D4POB3H,202004,0.5463608615627172
Wep3D4POB3H,202005,4.109988144675171
Wep3D4POB3H,202006,8.230571379865198
Wep3D4POB3H,202007,9.081962204637342
Wep3D4POB3H,202008,9.679353248007017
Wep3D4POB3H,202009,8.351032514364583
Wep3D4POB3H,202010,5.760010057301913
Wep3D4POB3H,202011,-0.2975626999202319
Wep3D4POB3H,202012,-2.5362554216151305
Wep3D4POB3H,202101,-2.451470423034943
Wep3D4POB3H,202102,-3.1834642930733725
Wep3D4POB3H,202103,-0.0164110761228838
Wep3D4POB3H,202104,1.2767742634274744
Wep3D4POB3H,202105,4.841594126496115
Wep3D4POB3H,202106,8.476449402210616
Wep3D4POB3H,202107,9.269130059538057
Wep3D4POB3H,202108,9.051140139738765
Wep3D4POB3H,202109,7.868326756528743
Wep3D4POB3H,202110,5.087083345058807
Wep3D4POB3H,202111,0.4700532042542822
Wep3D4POB3H,202112,-4.027612604856352
Wep3D4POB3H,202201,-8.369434981640785
Wep3D4POB3H,202202,-8.49711899417088
Wep3D4POB3H,202203,1.2628387067842644
Wep3D4POB3H,202204,4.300693270357319
Wep3D4POB3H,202205,5.743028979780657
Wep3D4POB3H,202206,8.368624561423758
Wep3D4POB3H,202207,9.392113031498695
Wep3D4POB3H,202208,9.41767604942258
Wep3D4POB3H,202209,7.824603834057874
Wep3D4POB3H,202210,3.681000673557236
Wep3D4POB3H,202211,0.3484178489396349
Wep3D4POB3H,202212,-1.890567181609358
Wep3D4POB3H,202301,-3.542570975495595
Wep3D4POB3H,202302,-1.9886922221071788
Wep3D4POB3H,202303,-1.9682971988568727
Wep3D4POB3H,202304,1.1548506462248065
Wep3D4POB3H,202305,3.49833527064793
Wep3D4POB3H,202306,8.34423777763237
Wep3D4POB3H,202307,9.638820486472335
Wep3D4POB3H,202308,9.554399269990885
Wep3D4POB3H,202309,8.423971759182935
Wep3D4POB3H,202310,3.748120234834034
Wep3D4POB3H,202311,0.335791091272341
Wep3D4POB3H,202312,-2.427571944867569
Wep3D4POB3H,202401,-5.789418466194343
Wep3D4POB3H,202402,-4.560986401230017
Wep3D4POB3H,202403,-1.4802108931668274
Wep3D4POB3H,202404,3.631009675988576
Wep3D4POB3H,202405,6.23658958720009
Wep3D4POB3H,202406,9.462034628472212
Wep3D4POB3H,202407,10.384884120316626
Wep3D4POB3H,202408,9.550590988847782
Wep3D4POB3H,202409,8.832213914679816
Wep3D4POB3H,202410,4.4882505376914015
Wep3D4POB3H,202411,0.7069940494249506
Wep3D4POB3H,202412,-2.2934068763526145
WfE2smSUNDt,201601,9.104502281126017
WfE2smSUNDt,201602,12.532542250653924
WfE2smSUNDt,201603,15.627478297120222
WfE2smSUNDt,201604,20.58485598309222
WfE2smSUNDt,201605,19.45066403217745
WfE2smSUNDt,201606,20.95852945452031
WfE2smSUNDt,201607,20.72642145797101
WfE2smSUNDt,201608,21.599725953920174
WfE2smSUNDt,201609,20.02741200096153
WfE2smSUNDt,201610,17.990559881376637
WfE2smSUNDt,201611,14.360024699277067
WfE2smSUNDt,201612,12.6488812594553
WfE2smSUNDt,201701,9.547894026301362
WfE2smSUNDt,201702,12.958423318466714
WfE2smSUNDt,201703,14.036380321917102
WfE2smSUNDt,201704,18.49163760796732
WfE2smSUNDt,201705,19.387153911904207
WfE2smSUNDt,201706,21.213411042025925
WfE2smSUNDt,201707,21.191647184861317
WfE2smSUNDt,201708,20.88052450771964
WfE2smSUNDt,201709,20.60139589190212
WfE2smSUNDt,201710,18.52493870238448
WfE2smSUNDt,201711,14.355074618189974
WfE2smSUNDt,201712,12.39536406309498
WfE2smSUNDt,201801,9.556235732289194
WfE2smSUNDt,201802,12.88477260351609
WfE2smSUNDt,201803,15.60677042460436
WfE2smSUNDt,201804,17.626046787132996
WfE2smSUNDt,201805,19.25851896583472
WfE2smSUNDt,201806,21.32043103635785
WfE2smSUNDt,201807,21.28011965384785
WfE2smSUNDt,201808,20.94576263587046
WfE2smSUNDt,201809,20.168715693979284
WfE2smSUNDt,201810,16.439515805890395
WfE2smSUNDt,201811,14.286285553181685
WfE2smSUNDt,201812,10.420541998599788
WfE2smSUNDt,201901,8.622086166562687
WfE2smSUNDt,201902,10.286139528370484
WfE2smSUNDt,201903,13.733801445771622
WfE2smSUNDt,201904,17.23919360289639
WfE2smSUNDt,201905,20.89991484820277
WfE2smSUNDt,201906,21.63345729885976
WfE2smSUNDt,201907,21.198317843379076
WfE2smSUNDt,201908,21.71831931994361
WfE2smSUNDt,201909,20.03212081926999
WfE2smSUNDt,201910,17.3997318554194
WfE2smSUNDt,201911,15.312223291454352
WfE2smSUNDt,201912,9.698779709104327
WfE2smSUNDt,202001,8.23698259834766
WfE2smSUNDt,202002,10.318407311686682
WfE2smSUNDt,202003,13.348663044365264
WfE2smSUNDt,202004,16.407217361287223
WfE2smSUNDt,202005,19.009417603271537
WfE2smSUNDt,202006,20.46409287973798
WfE2smSUNDt,202007,20.92646046945741
WfE2smSUNDt,202008,21.553514396050232
WfE2smSUNDt,202009,20.69167806573752
WfE2smSUNDt,202010,19.09838569229142
WfE2smSUNDt,202011,14.103557122902895
WfE2smSUNDt,202012,11.156324658060427
WfE2smSUNDt,202101,10.460999589215344
WfE2smSUNDt,202102,11.951326892727147
WfE2smSUNDt,202103,15.699413876403852
WfE2smSUNDt,202104,18.475349917128145
WfE2smSUNDt,202105,18.697310784065444
WfE2smSUNDt,202106,20.686693627706028
WfE2smSUNDt,202107,21.17302247297346
WfE2smSUNDt,202108,20.75040307992821
WfE2smSUNDt,202109,20.45466301461877
WfE2smSUNDt,202110,18.37097559706222
WfE2smSUNDt,202111,14.126539786498231
WfE2smSUNDt,202112,10.844798989336336
WfE2smSUNDt,202201,8.122053869750994
WfE2smSUNDt,202202,8.971301717880682
WfE2smSUNDt,202203,16.463803661990873
WfE2smSUNDt,202204,19.981136342870126
WfE2smSUNDt,202205,19.2801408483683
WfE2smSUNDt,202206,21.02468441951882
WfE2smSUNDt,202207,21.64450930486531
WfE2smSUNDt,202208,21.53358527560525
WfE2smSUNDt,202209,20.199450139288565
WfE2smSUNDt,202210,17.283296306235158
WfE2smSUNDt,202211,14.507561679200418
WfE2smSUNDt,202212,11.762747968538784
WfE2smSUNDt,202301,10.396039298141224
WfE2smSUNDt,202302,12.819179043597732
WfE2smSUNDt,202303,14.227832857398436
WfE2smSUNDt,202304,17.85246168129799
WfE2smSUNDt,202305,19.28025339106008
WfE2smSUNDt,202306,22.32837567342941
WfE2smSUNDt,202307,21.64076180763568
WfE2smSUNDt,202308,21.392106853256667
WfE2smSUNDt,202309,21.44204362390937
WfE2smSUNDt,202310,17.563250707573633
WfE2smSUNDt,202311,14.511932114260969
WfE2smSUNDt,202312,11.752802026702694
WfE2smSUNDt,202401,9.560918757091272
WfE2smSUNDt,202402,11.034915715443647
WfE2smSUNDt,202403,15.043511328861786
WfE2smSUNDt,202404,20.92414341930679
WfE2smSUNDt,202405,21.626137676372306
WfE2smSUNDt,202406,22.47276066200208
WfE2smSUNDt,202407,22.16039594625044
WfE2smSUNDt,202408,21.488137308784577
WfE2smSUNDt,202409,21.36109852850602
WfE2smSUNDt,202410,18.471744357672467
WfE2smSUNDt,202411,14.91272093622988
WfE2smSUNDt,202412,11.355436769044385
Yacp1fLlWut,201601,-13.575654236801682
Yacp1fLlWut,201602,-10.782075230036856
Yacp1fLlWut,201603,-8.873991972144092
Yacp1fLlWut,201604,-4.830142426089887
Yacp1fLlWut,201605,-1.8725192911238864
Yacp1fLlWut,201606,3.0966820649796465
Yacp1fLlWut,201607,4.411177880153799
Yacp1fLlWut,201608,4.323998353878886
Yacp1fLlWut,201609,2.3027052960711143
Yacp1fLlWut,201610,-2.0115950082804
Yacp1fLlWut,201611,-4.544209791867329
Yacp1fLlWut,201612,-4.960410944988744
Yacp1fLlWut,201701,-15.305848325032356
Yacp1fLlWut,201702,-11.72420182786792
Yacp1fLlWut,201703,-10.936601152548194
Yacp1fLlWut,201704,-4.6267891298929325
Yacp1fLlWut,201705,-1.5857142252316427
Yacp1fLlWut,201706,2.617504412094056
Yacp1fLlWut,201707,4.616978045144754
Yacp1fLlWut,201708,4.89549170967483
Yacp1fLlWut,201709,3.056073952925741
Yacp1fLlWut,201710,-1.3621430238314811
Yacp1fLlWut,201711,-7.234564270555032
Yacp1fLlWut,201712,-9.65840706767288
Yacp1fLlWut,201801,-10.472647750841563
Yacp1fLlWut,201802,-12.315557570174269
Yacp1fLlWut,201803,-10.505704238474165
Yacp1fLlWut,201804,-5.661473249942457
Yacp1fLlWut,201805,-2.138664330278008
Yacp1fLlWut,201806,3.165830290229514
Yacp1fLlWut,201807,5.357313925252848
Yacp1fLlWut,201808,4.699407813820448
Yacp1fLlWut,201809,2.13732405391392
Yacp1fLlWut,201810,-5.159092262609468
Yacp1fLlWut,201811,-6.247095147963182
Yacp1fLlWut,201812,-12.527546495277535
Yacp1fLlWut,201901,-16.541706064281133
Yacp1fLlWut,201902,-15.008801031851366
Yacp1fLlWut,201903,-12.5827319132573
Yacp1fLlWut,201904,-6.326247635856944
Yacp1fLlWut,201905,-3.176964483389135
Yacp1fLlWut,201906,2.4130739633753207
Yacp1fLlWut,201907,4.148771253490535
Yacp1fLlWut,201908,4.5352172629484295
Yacp1fLlWut,201909,1.95760514920558
Yacp1fLlWut,201910,-3.4481795010562366
Yacp1fLlWut,201911,-6.841387063414475
Yacp1fLlWut,201912,-14.27375852882678
Yacp1fLlWut,202001,-17.58517787057201
Yacp1fLlWut,202002,-14.292427568016643
Yacp1fLlWut,202003,-12.552759085457646
Yacp1fLlWut,202004,-8.104485451161315
Yacp1fLlWut,202005,-3.6959787646969495
Yacp1fLlWut,202006,1.540702718171983
Yacp1fLlWut,202007,4.072752197303794
Yacp1fLlWut,202008,4.754238381242826
Yacp1fLlWut,202009,3.056290451318801
Yacp1fLlWut,202010,-0.7944405966551144
Yacp1fLlWut,202011,-8.985620937811477
Yacp1fLlWut,202012,-11.57656043070894
Yacp1fLlWut,202101,-10.778138131256815
Yacp1fLlWut,202102,-11.71164949095808
Yacp1fLlWut,202103,-8.718246182539204
Yacp1fLlWut,202104,-8.291799141255145
Yacp1fLlWut,202105,-2.7014129213380005
Yacp1fLlWut,202106,2.001575068296968
Yacp1fLlWut,202107,3.9244130764131633
Yacp1fLlWut,202108,3.856340464543841
Yacp1fLlWut,202109,2.086344511951285
Yacp1fLlWut,202110,-2.054206763666715
Yacp1fLlWut,202111,-7.256425298411029
Yacp1fLlWut,202112,-14.70055917965421
Yacp1fLlWut,202201,-17.078601507201473
Yacp1fLlWut,202202,-16.711818234296228
Yacp1fLlWut,202203,-7.457845913373005
Yacp1fLlWut,202204,-3.148014242475357
Yacp1fLlWut,202205,-0.8467678228070877
Yacp1fLlWut,202206,3.739957262658635
Yacp1fLlWut,202207,5.141394312562611
Yacp1fLlWut,202208,4.744034258575481
Yacp1fLlWut,202209,2.0119654259503625
Yacp1fLlWut,202210,-4.904779931798659
Yacp1fLlWut,202211,-7.968757702007298
Yacp1fLlWut,202212,-9.0365924168005
Yacp1fLlWut,202301,-13.158698551728335
Yacp1fLlWut,202302,-10.512973792519436
Yacp1fLlWut,202303,-10.549102945390958
Yacp1fLlWut,202304,-8.81688867247291
Yacp1fLlWut,202305,-4.955582020895761
Yacp1fLlWut,202306,1.3418093177164436
Yacp1fLlWut,202307,4.749081475602177
Yacp1fLlWut,202308,5.03446987062646
Yacp1fLlWut,202309,2.9924365930373567
Yacp1fLlWut,202310,-4.512624232086074
Yacp1fLlWut,202311,-8.94518277268049
Yacp1fLlWut,202312,-12.595893460493652
Yacp1fLlWut,202401,-14.356422293111592
Yacp1fLlWut,202402,-14.11734566891342
Yacp1fLlWut,202403,-10.828510627092582
Yacp1fLlWut,202404,-6.272593545269566
Yacp1fLlWut,202405,-1.4442362650075724
Yacp1fLlWut,202406,3.604192026157908
Yacp1fLlWut,202407,5.16594685748903
Yacp1fLlWut,202408,4.738828328054573
Yacp1fLlWut,202409,2.726611719033597
Yacp1fLlWut,202410,-2.430285119393378
Yacp1fLlWut,202411,-5.471817487448678
Yacp1fLlWut,202412,-10.92409018447781
YmFSl06J6cs,201601,16.375484449161743
YmFSl06J6cs,201602,20.70036360870846
YmFSl06J6cs,201603,25.81949404550884
YmFSl06J6cs,201604,30.849985976048
YmFSl06J6cs,201605,28.01119591417844
YmFSl06J6cs,201606,28.40318096421036
YmFSl06J6cs,201607,27.2544862439028
YmFSl06J6cs,201608,28.55899100090465
YmFSl06J6cs,201609,26.4687570849283
YmFSl06J6cs,201610,25.163572279498663
YmFSl06J6cs,201611,21.234708360584545
YmFSl06J6cs,201612,17.93935834001671
YmFSl06J6cs,201701,16.327989109500276
YmFSl06J6cs,201702,19.81553793649305
YmFSl06J6cs,201703,22.429541776062205
YmFSl06J6cs,201704,27.699969744154856
YmFSl06J6cs,201705,29.28170309821456
YmFSl06J6cs,201706,29.13189750261353
YmFSl06J6cs,201707,27.59591063869877
YmFSl06J6cs,201708,27.527958749672933
YmFSl06J6cs,201709,27.530963888471938
YmFSl06J6cs,201710,25.44353401532977
YmFSl06J6cs,201711,21.29494611408784
YmFSl06J6cs,201712,18.58277068426208
YmFSl06J6cs,201801,15.283902048928445
YmFSl06J6cs,201802,19.619283132448945
YmFSl06J6cs,201803,25.23324702144441
YmFSl06J6cs,201804,27.660742382436748
YmFSl06J6cs,201805,28.53959714033422
YmFSl06J6cs,201806,29.473280372077763
YmFSl06J6cs,201807,28.225782492040484
YmFSl06J6cs,201808,27.90398829029652
YmFSl06J6cs,201809,27.465379366683333
YmFSl06J6cs,201810,24.883559715237897
YmFSl06J6cs,201811,22.34496468598693
YmFSl06J6cs,201812,17.67483308309655
YmFSl06J6cs,201901,16.59341636408289
YmFSl06J6cs,201902,18.785956935750416
YmFSl06J6cs,201903,23.70900908364287
YmFSl06J6cs,201904,27.34993801013397
YmFSl06J6cs,201905,30.76798514946008
YmFSl06J6cs,201906,30.89357630781555
YmFSl06J6cs,201907,28.19340121894161
YmFSl06J6cs,201908,28.593023871604625
YmFSl06J6cs,201909,26.607522115944697
YmFSl06J6cs,201910,24.63823367643878
YmFSl06J6cs,201911,22.49809164579544
YmFSl06J6cs,201912,15.697271554811634
YmFSl06J6cs,202001,15.200926427553377
YmFSl06J6cs,202002,17.808131089676134
YmFSl06J6cs,202003,23.299580139884327
YmFSl06J6cs,202004,27.27012147469999
YmFSl06J6cs,202005,27.98441213314346
YmFSl06J6cs,202006,27.772544727132704
YmFSl06J6cs,202007,27.291110914927465
YmFSl06J6cs,202008,28.351027922357083
YmFSl06J6cs,202009,27.00401411059264
YmFSl06J6cs,202010,25.91541710535628
YmFSl06J6cs,202011,20.764635266667725
YmFSl06J6cs,202012,16.965570570278643
YmFSl06J6cs,202101,16.104368614430143
YmFSl06J6cs,202102,19.472688671589264
YmFSl06J6cs,202103,25.247437741725204
YmFSl06J6cs,202104,28.800425847637605
YmFSl06J6cs,202105,26.831093086680028
YmFSl06J6cs,202106,27.717157372400727
YmFSl06J6cs,202107,27.89899995381345
YmFSl06J6cs,202108,27.11164530478736
YmFSl06J6cs,202109,27.51634338818897
YmFSl06J6cs,202110,25.16648708728637
YmFSl06J6cs,202111,19.61588209154837
YmFSl06J6cs,202112,16.793750961276665
YmFSl06J6cs,202201,14.969654330302047
YmFSl06J6cs,202202,16.585873089477012
YmFSl06J6cs,202203,25.710407424997776
YmFSl06J6cs,202204,29.199855874414645
YmFSl06J6cs,202205,29.032014562418336
YmFSl06J6cs,202206,28.49277151241943
YmFSl06J6cs,202207,28.86179673541625
YmFSl06J6cs,202208,28.34183789232173
YmFSl06J6cs,202209,26.98248375162102
YmFSl06J6cs,202210,24.48026700268279
YmFSl06J6cs,202211,21.06337447963692
YmFSl06J6cs,202212,17.8460079052713
YmFSl06J6cs,202301,15.410535220679453
YmFSl06J6cs,202302,19.912907984379263
YmFSl06J6cs,202303,23.873668046675554
YmFSl06J6cs,202304,28.56116116472728
YmFSl06J6cs,202305,29.859129784659856
YmFSl06J6cs,202306,31.569505105301022
YmFSl06J6cs,202307,28.78680565136593
YmFSl06J6cs,202308,28.162672967532597
YmFSl06J6cs,202309,28.226696423575568
YmFSl06J6cs,202310,25.08248997276187
YmFSl06J6cs,202311,22.15968489727416
YmFSl06J6cs,202312,18.25202233201148
YmFSl06J6cs,202401,15.62733249334171
YmFSl06J6cs,202402,18.30347367542875
YmFSl06J6cs,202403,23.418245322574013
YmFSl06J6cs,202404,30.3541292666051
YmFSl06J6cs,202405,30.25601469543448
YmFSl06J6cs,202406,30.09963037324767
YmFSl06J6cs,202407,28.77882728595407
YmFSl06J6cs,202408,28.24780009571429
YmFSl06J6cs,202409,28.306319563492416
YmFSl06J6cs,202410,25.77252784778816
YmFSl06J6cs,202411,22.039893036985177
YmFSl06J6cs,202412,17.266180695451684
YnUoe8z0OJY,201601,-6.657977605562695
YnUoe8z0OJY,201602,-2.1602193177474303
YnUoe8z0OJY,201603,-0.0173393718139652
YnUoe8z0OJY,201604,4.132230578213989
YnUoe8z0OJY,201605,6.610083979031248
YnUoe8z0OJY,201606,10.41550733290774
YnUoe8z0OJY,201607,11.451444695806746
YnUoe8z0OJY,201608,11.54407051013609
YnUoe8z0OJY,201609,9.59825479856081
YnUoe8z0OJY,201610,6.138100129222182
YnUoe8z0OJY,201611,2.126325758949001
YnUoe8z0OJY,201612,1.1663969868315058
YnUoe8z0OJY,201701,-6.233022142064115
YnUoe8z0OJY,201702,-2.831188818759307
YnUoe8z0OJY,201703,-1.6846954243210357
YnUoe8z0OJY,201704,3.776943796738711
YnUoe8z0OJY,201705,6.710250044754922
YnUoe8z0OJY,201706,10.172528770592734
YnUoe8z0OJY,201707,11.608464083046687
YnUoe8z0OJY,201708,11.519911645524472
YnUoe8z0OJY,201709,10.178380784132642
YnUoe8z0OJY,201710,6.218015696684389
YnUoe8z0OJY,201711,0.715694208957899
YnUoe8z0OJY,201712,-0.7847453428643681
YnUoe8z0OJY,201801,-2.8397473221723244
YnUoe8z0OJY,201802,-2.8673094932033005
YnUoe8z0OJY,201803,-1.143829900514868
YnUoe8z0OJY,201804,3.0178980557873274
YnUoe8z0OJY,201805,6.072783601183393
YnUoe8z0OJY,201806,10.299716163214834
YnUoe8z0OJY,201807,11.835821425396157
YnUoe8z0OJY,201808,11.790980205953232
YnUoe8z0OJY,201809,9.114140244333347
YnUoe8z0OJY,201810,3.0657570598996693
YnUoe8z0OJY,201811,0.5507819859614532
YnUoe8z0OJY,201812,-5.378930220409135
YnUoe8z0OJY,201901,-7.380128108298961
YnUoe8z0OJY,201902,-5.147694802077643
YnUoe8z0OJY,201903,-1.6934346903084367
YnUoe8z0OJY,201904,2.780746507051016
YnUoe8z0OJY,201905,6.887429794101779
YnUoe8z0OJY,201906,10.066085841844776
YnUoe8z0OJY,201907,11.10470449201394
YnUoe8z0OJY,201908,11.75378340772038
YnUoe8z0OJY,201909,9.554973145331475
YnUoe8z0OJY,201910,4.883668899375434
YnUoe8z0OJY,201911,1.7354110179664175
YnUoe8z0OJY,201912,-5.57422786762358
YnUoe8z0OJY,202001,-7.415832548303922
YnUoe8z0OJY,202002,-5.220361034656593
YnUoe8z0OJY,202003,-2.2230743669799717
YnUoe8z0OJY,202004,1.5471462945856118
YnUoe8z0OJY,202005,5.4303609685514544
YnUoe8z0OJY,202006,9.17207697353893
YnUoe8z0OJY,202007,11.258517328562048
YnUoe8z0OJY,202008,11.967820950159805
YnUoe8z0OJY,202009,10.314743020777591
YnUoe8z0OJY,202010,7.312956000236584
YnUoe8z0OJY,202011,0.0149787946334335
YnUoe8z0OJY,202012,-3.080558720954973
YnUoe8z0OJY,202101,-2.551868717994389
YnUoe8z0OJY,202102,-3.601315713967355
YnUoe8z0OJY,202103,0.3254542574594263
YnUoe8z0OJY,202104,1.7515833438609625
YnUoe8z0OJY,202105,6.170337529225613
YnUoe8z0OJY,202106,9.733457613108744
YnUoe8z0OJY,202107,11.451435558556485
YnUoe8z0OJY,202108,11.31420122797074
YnUoe8z0OJY,202109,9.863747077418031
YnUoe8z0OJY,202110,5.821240203538181
YnUoe8z0OJY,202111,0.1860140500326276
YnUoe8z0OJY,202112,-5.085741128634353
YnUoe8z0OJY,202201,-7.41988073152315
YnUoe8z0OJY,202202,-6.590675802007375
YnUoe8z0OJY,202203,1.0749472874982748
YnUoe8z0OJY,202204,5.491658830524642
YnUoe8z0OJY,202205,7.333520038708543
YnUoe8z0OJY,202206,10.600485452326836
YnUoe8z0OJY,202207,12.00534705695658
YnUoe8z0OJY,202208,11.778091888767316
YnUoe8z0OJY,202209,9.881672435893211
YnUoe8z0OJY,202210,4.1294432150368925
YnUoe8z0OJY,202211,0.8644502268378189
YnUoe8z0OJY,202212,-0.8362352171553235
YnUoe8z0OJY,202301,-4.320991007262173
YnUoe8z0OJY,202302,-2.5934932058581954
YnUoe8z0OJY,202303,-0.9957637586022012
YnUoe8z0OJY,202304,2.083126099810332
YnUoe8z0OJY,202305,5.091661136344508
YnUoe8z0OJY,202306,9.877573581367145
YnUoe8z0OJY,202307,11.993874840149182
YnUoe8z0OJY,202308,11.89400026726286
YnUoe8z0OJY,202309,10.70224359694698
YnUoe8z0OJY,202310,4.607670861256132
YnUoe8z0OJY,202311,0.5506419611263754
YnUoe8z0OJY,202312,-3.503777918611502
YnUoe8z0OJY,202401,-5.9218963517937695
YnUoe8z0OJY,202402,-4.404542691520378
YnUoe8z0OJY,202403,-0.7261440093043682
YnUoe8z0OJY,202404,3.8114097629502095
YnUoe8z0OJY,202405,7.760770096646358
YnUoe8z0OJY,202406,11.18452438708776
YnUoe8z0OJY,202407,12.588680268650348
YnUoe8z0OJY,202408,11.927067610617035
YnUoe8z0OJY,202409,10.489176135010808
YnUoe8z0OJY,202410,5.736041491594976
YnUoe8z0OJY,202411,1.7957493315187438
YnUoe8z0OJY,202412,-2.563093013157737
ZIo35uAAfZo,201601,-0.4087544315578322
ZIo35uAAfZo,201602,3.1213674563755816
ZIo35uAAfZo,201603,5.365390509125961
ZIo35uAAfZo,201604,9.179590363981465
ZIo35uAAfZo,201605,10.671504012023508
ZIo35uAAfZo,201606,13.87624882483456
ZIo35uAAfZo,201607,14.501048104760734
ZIo35uAAfZo,201608,14.768352644218211
ZIo35uAAfZo,201609,13.169863721608031
ZIo35uAAfZo,201610,10.040750591661078
ZIo35uAAfZo,201611,6.611927641515089
ZIo35uAAfZo,201612,5.714425005358338
ZIo35uAAfZo,201701,-0.9213017697626557
ZIo35uAAfZo,201702,3.032201265575172
ZIo35uAAfZo,201703,3.676568835475402
ZIo35uAAfZo,201704,8.479275072593405
ZIo35uAAfZo,201705,10.742514405463044
ZIo35uAAfZo,201706,13.921353764905284
ZIo35uAAfZo,201707,14.682123506343698
ZIo35uAAfZo,201708,14.52220162281727
ZIo35uAAfZo,201709,13.532566353619073
ZIo35uAAfZo,201710,10.131650768052996
ZIo35uAAfZo,201711,5.443532022283635
ZIo35uAAfZo,201712,4.103314709481662
ZIo35uAAfZo,201801,2.27058762618107
ZIo35uAAfZo,201802,2.730280479543737
ZIo35uAAfZo,201803,4.3684577468671
ZIo35uAAfZo,201804,8.097161717696647
ZIo35uAAfZo,201805,10.318218963209176
ZIo35uAAfZo,201806,13.873031991160367
ZIo35uAAfZo,201807,14.90861918421329
ZIo35uAAfZo,201808,14.671058396578823
ZIo35uAAfZo,201809,12.658670547025723
ZIo35uAAfZo,201810,7.242008552395736
ZIo35uAAfZo,201811,5.95936127884757
ZIo35uAAfZo,201812,0.7726900560021879
ZIo35uAAfZo,201901,-0.9546406326907728
ZIo35uAAfZo,201902,0.8787980110921906
ZIo35uAAfZo,201903,3.732310261383255
ZIo35uAAfZo,201904,7.81447079458636
ZIo35uAAfZo,201905,10.946552475900786
ZIo35uAAfZo,201906,13.989082620729077
ZIo35uAAfZo,201907,14.69347415902503
ZIo35uAAfZo,201908,15.031827534796278
ZIo35uAAfZo,201909,13.078845866633106
ZIo35uAAfZo,201910,9.174537167106257
ZIo35uAAfZo,201911,6.427641111339866
ZIo35uAAfZo,201912,0.6386469406854273
ZIo35uAAfZo,202001,-0.936526257797236
ZIo35uAAfZo,202002,1.294972533047385
ZIo35uAAfZo,202003,4.090760857804994
ZIo35uAAfZo,202004,7.420491744204044
ZIo35uAAfZo,202005,10.194724581225296
ZIo35uAAfZo,202006,13.401700933412616
ZIo35uAAfZo,202007,14.79673774624671
ZIo35uAAfZo,202008,15.26170197686039
ZIo35uAAfZo,202009,14.149100458283746
ZIo35uAAfZo,202010,11.343461480776986
ZIo35uAAfZo,202011,5.427816101241118
ZIo35uAAfZo,202012,2.7641895289749336
ZIo35uAAfZo,202101,3.217339280970513
ZIo35uAAfZo,202102,2.408383122459784
ZIo35uAAfZo,202103,5.761324312499162
ZIo35uAAfZo,202104,7.155928847160626
ZIo35uAAfZo,202105,10.59470741614498
ZIo35uAAfZo,202106,13.892023278933316
ZIo35uAAfZo,202107,14.928268441136089
ZIo35uAAfZo,202108,14.616078473466327
ZIo35uAAfZo,202109,13.811259113877798
ZIo35uAAfZo,202110,10.751835935859951
ZIo35uAAfZo,202111,6.202744283959208
ZIo35uAAfZo,202112,1.3157354333394489
ZIo35uAAfZo,202201,-0.7153592775115818
ZIo35uAAfZo,202202,-0.3142965771842506
ZIo35uAAfZo,202203,7.006516517031876
ZIo35uAAfZo,202204,10.151192313557472
ZIo35uAAfZo,202205,11.506328177882413
ZIo35uAAfZo,202206,14.233863271877494
ZIo35uAAfZo,202207,15.292691744840456
ZIo35uAAfZo,202208,15.143834191101996
ZIo35uAAfZo,202209,13.773033870808392
ZIo35uAAfZo,202210,9.58327797718676
ZIo35uAAfZo,202211,6.514639147019043
ZIo35uAAfZo,202212,4.621293456845123
ZIo35uAAfZo,202301,1.5915577282080189
ZIo35uAAfZo,202302,3.7754214764044174
ZIo35uAAfZo,202303,4.777408617659449
ZIo35uAAfZo,202304,7.805935397842536
ZIo35uAAfZo,202305,10.34499309184858
ZIo35uAAfZo,202306,14.261050024962666
ZIo35uAAfZo,202307,15.53580481791554
ZIo35uAAfZo,202308,15.303867564749009
ZIo35uAAfZo,202309,14.67260121638245
ZIo35uAAfZo,202310,9.43331902676996
ZIo35uAAfZo,202311,5.703703240121011
ZIo35uAAfZo,202312,2.749930015394267
ZIo35uAAfZo,202401,0.4087264098829294
ZIo35uAAfZo,202402,1.6863503722500663
ZIo35uAAfZo,202403,5.218230337719412
ZIo35uAAfZo,202404,9.715891972861426
ZIo35uAAfZo,202405,12.604971329913466
ZIo35uAAfZo,202406,15.180382931564711
ZIo35uAAfZo,202407,16.098362536430248
ZIo35uAAfZo,202408,15.417893585680012
ZIo35uAAfZo,202409,14.609630904065485
ZIo35uAAfZo,202410,10.787333285282648
ZIo35uAAfZo,202411,6.924363357710418
ZIo35uAAfZo,202412,3.501591644514211
ZULmwVN4Zfv,201601,6.457436562984822
ZULmwVN4Zfv,201602,10.196074812184252
ZULmwVN4Zfv,201603,13.0554663624477
ZULmwVN4Zfv,201604,16.907381495688966
ZULmwVN4Zfv,201605,16.770577444193954
ZULmwVN4Zfv,201606,18.60812769059377
ZULmwVN4Zfv,201607,18.69660511672687
ZULmwVN4Zfv,201608,19.48887767785268
ZULmwVN4Zfv,201609,17.931258604488022
ZULmwVN4Zfv,201610,15.744888931824931
ZULmwVN4Zfv,201611,12.517040592226373
ZULmwVN4Zfv,201612,10.328216237606156
ZULmwVN4Zfv,201701,8.205379029893603
ZULmwVN4Zfv,201702,10.537327063467446
ZULmwVN4Zfv,201703,11.306887614166175
ZULmwVN4Zfv,201704,15.306124303059017
ZULmwVN4Zfv,201705,16.731588912971233
ZULmwVN4Zfv,201706,18.82806383291768
ZULmwVN4Zfv,201707,19.1003678673834
ZULmwVN4Zfv,201708,19.07138341702716
ZULmwVN4Zfv,201709,18.51239052054832
ZULmwVN4Zfv,201710,15.781115153388278
ZULmwVN4Zfv,201711,11.98289905702918
ZULmwVN4Zfv,201712,10.783040566782972
ZULmwVN4Zfv,201801,7.543380603035441
ZULmwVN4Zfv,201802,10.03363565968364
ZULmwVN4Zfv,201803,12.38878566570041
ZULmwVN4Zfv,201804,14.28108507901604
ZULmwVN4Zfv,201805,16.414359981767117
ZULmwVN4Zfv,201806,18.87087039827047
ZULmwVN4Zfv,201807,19.28540077524984
ZULmwVN4Zfv,201808,19.16687733803032
ZULmwVN4Zfv,201809,18.131771547993225
ZULmwVN4Zfv,201810,14.071361450245272
ZULmwVN4Zfv,201811,11.639104521816693
ZULmwVN4Zfv,201812,8.379267382640526
ZULmwVN4Zfv,201901,7.219225142548758
ZULmwVN4Zfv,201902,9.061909507728783
ZULmwVN4Zfv,201903,11.59513400847279
ZULmwVN4Zfv,201904,14.487853178389614
ZULmwVN4Zfv,201905,17.134786455795656
ZULmwVN4Zfv,201906,19.063596677356607
ZULmwVN4Zfv,201907,19.10020612556709
ZULmwVN4Zfv,201908,19.615376712364743
ZULmwVN4Zfv,201909,17.941137873601182
ZULmwVN4Zfv,201910,15.132357035143515
ZULmwVN4Zfv,201911,13.311193407670094
ZULmwVN4Zfv,201912,8.062659384846746
ZULmwVN4Zfv,202001,7.158848576632655
ZULmwVN4Zfv,202002,8.561852883956599
ZULmwVN4Zfv,202003,11.83615122437085
ZULmwVN4Zfv,202004,14.085471424149151
ZULmwVN4Zfv,202005,16.36251142017029
ZULmwVN4Zfv,202006,18.753336841527727
ZULmwVN4Zfv,202007,19.13177058135247
ZULmwVN4Zfv,202008,19.703972670954496
ZULmwVN4Zfv,202009,18.597109153226015
ZULmwVN4Zfv,202010,16.9975611609187
ZULmwVN4Zfv,202011,12.54006729063735
ZULmwVN4Zfv,202012,9.403258801787151
ZULmwVN4Zfv,202101,8.73951632031466
ZULmwVN4Zfv,202102,9.861235164675564
ZULmwVN4Zfv,202103,12.999950238793746
ZULmwVN4Zfv,202104,15.660051333472127
ZULmwVN4Zfv,202105,16.740492692916195
ZULmwVN4Zfv,202106,18.796937544249637
ZULmwVN4Zfv,202107,19.34960265889831
ZULmwVN4Zfv,202108,19.01379798634166
ZULmwVN4Zfv,202109,18.65588106724156
ZULmwVN4Zfv,202110,16.45465213414243
ZULmwVN4Zfv,202111,11.52640224463248
ZULmwVN4Zfv,202112,8.848492672428359
ZULmwVN4Zfv,202201,6.767839835838252
ZULmwVN4Zfv,202202,6.477749065717452
ZULmwVN4Zfv,202203,14.397414671160773
ZULmwVN4Zfv,202204,16.279364453490917
ZULmwVN4Zfv,202205,17.24655933591234
ZULmwVN4Zfv,202206,18.61806631134304
ZULmwVN4Zfv,202207,19.656820650027093
ZULmwVN4Zfv,202208,19.58346322264756
ZULmwVN4Zfv,202209,18.37291143311405
ZULmwVN4Zfv,202210,15.80492953210946
ZULmwVN4Zfv,202211,12.45908220363425
ZULmwVN4Zfv,202212,9.573399300026406
ZULmwVN4Zfv,202301,8.744614125133708
ZULmwVN4Zfv,202302,10.356289652687796
ZULmwVN4Zfv,202303,12.08151893387426
ZULmwVN4Zfv,202304,15.46502955488668
ZULmwVN4Zfv,202305,16.804468727528413
ZULmwVN4Zfv,202306,19.392415206826115
ZULmwVN4Zfv,202307,19.802060033573465
ZULmwVN4Zfv,202308,19.66497411690565
ZULmwVN4Zfv,202309,19.233496368539612
ZULmwVN4Zfv,202310,15.698648836500706
ZULmwVN4Zfv,202311,12.924375269003008
ZULmwVN4Zfv,202312,10.241174472193062
ZULmwVN4Zfv,202401,7.298553416523953
ZULmwVN4Zfv,202402,8.839384166161864
ZULmwVN4Zfv,202403,12.86807632846774
ZULmwVN4Zfv,202404,17.433555048896615
ZULmwVN4Zfv,202405,18.32329610245924
ZULmwVN4Zfv,202406,19.596053261845025
ZULmwVN4Zfv,202407,20.301089555931323
ZULmwVN4Zfv,202408,19.82742777870012
ZULmwVN4Zfv,202409,19.51182276709252
ZULmwVN4Zfv,202410,16.32197084898271
ZULmwVN4Zfv,202411,12.402636465844358
ZULmwVN4Zfv,202412,9.697048209248631
ZVmULoI6vcV,201601,9.367025892088993
ZVmULoI6vcV,201602,13.017063754203194
ZVmULoI6vcV,201603,16.451622669353146
ZVmULoI6vcV,201604,20.53350217007308
ZVmULoI6vcV,201605,19.84306547622884
ZVmULoI6vcV,201606,21.31444061981971
ZVmULoI6vcV,201607,21.00498628850737
ZVmULoI6vcV,201608,21.821202410485835
ZVmULoI6vcV,201609,20.20596587123569
ZVmULoI6vcV,201610,18.42984796527412
ZVmULoI6vcV,201611,15.033787378427254
ZVmULoI6vcV,201612,12.8589616271356
ZVmULoI6vcV,201701,10.390002253685664
ZVmULoI6vcV,201702,13.41786458279556
ZVmULoI6vcV,201703,14.279160770507133
ZVmULoI6vcV,201704,18.560602890745304
ZVmULoI6vcV,201705,19.74374899964072
ZVmULoI6vcV,201706,21.529790955793487
ZVmULoI6vcV,201707,21.21321766247631
ZVmULoI6vcV,201708,21.18299661119578
ZVmULoI6vcV,201709,21.046095140472342
ZVmULoI6vcV,201710,18.706090556640675
ZVmULoI6vcV,201711,14.607959697632896
ZVmULoI6vcV,201712,13.036652126596463
ZVmULoI6vcV,201801,9.620563003073013
ZVmULoI6vcV,201802,13.021564396922823
ZVmULoI6vcV,201803,15.817863785107123
ZVmULoI6vcV,201804,17.702260765388736
ZVmULoI6vcV,201805,19.481288334261205
ZVmULoI6vcV,201806,21.485599513058855
ZVmULoI6vcV,201807,21.457439567537374
ZVmULoI6vcV,201808,21.316028789090076
ZVmULoI6vcV,201809,20.746491919559432
ZVmULoI6vcV,201810,17.143051673018828
ZVmULoI6vcV,201811,14.601025571762436
ZVmULoI6vcV,201812,10.84522133396979
ZVmULoI6vcV,201901,9.459396703354605
ZVmULoI6vcV,201902,11.427916068454898
ZVmULoI6vcV,201903,14.46467446553075
ZVmULoI6vcV,201904,17.600663035113925
ZVmULoI6vcV,201905,20.93894533317761
ZVmULoI6vcV,201906,21.899252786817662
ZVmULoI6vcV,201907,21.243382141357625
ZVmULoI6vcV,201908,21.923622528655503
ZVmULoI6vcV,201909,20.316779412537432
ZVmULoI6vcV,201910,18.098822762647675
ZVmULoI6vcV,201911,15.917165382475307
ZVmULoI6vcV,201912,10.56770065104548
ZVmULoI6vcV,202001,9.050942081623296
ZVmULoI6vcV,202002,10.981512990391307
ZVmULoI6vcV,202003,14.196343610858378
ZVmULoI6vcV,202004,16.858033779814146
ZVmULoI6vcV,202005,18.97276943217512
ZVmULoI6vcV,202006,20.818613491137327
ZVmULoI6vcV,202007,21.001982375048115
ZVmULoI6vcV,202008,21.71027219928604
ZVmULoI6vcV,202009,20.856542845932545
ZVmULoI6vcV,202010,19.663935962696403
ZVmULoI6vcV,202011,14.893115293405776
ZVmULoI6vcV,202012,11.587162136212685
ZVmULoI6vcV,202101,10.908639695418056
ZVmULoI6vcV,202102,12.105066277527904
ZVmULoI6vcV,202103,16.34016299082799
ZVmULoI6vcV,202104,19.14173856669932
ZVmULoI6vcV,202105,19.04978706290976
ZVmULoI6vcV,202106,20.99376105084244
ZVmULoI6vcV,202107,21.2053641545971
ZVmULoI6vcV,202108,20.81570746098561
ZVmULoI6vcV,202109,20.811683570669977
ZVmULoI6vcV,202110,18.95541964159392
ZVmULoI6vcV,202111,13.992709450575612
ZVmULoI6vcV,202112,10.977765125840188
ZVmULoI6vcV,202201,9.044750438162552
ZVmULoI6vcV,202202,9.504917800934836
ZVmULoI6vcV,202203,17.028033509876327
ZVmULoI6vcV,202204,19.59249156293227
ZVmULoI6vcV,202205,19.95572411239149
ZVmULoI6vcV,202206,20.954510416757127
ZVmULoI6vcV,202207,21.62016497068379
ZVmULoI6vcV,202208,21.621213701224512
ZVmULoI6vcV,202209,20.48779364888353
ZVmULoI6vcV,202210,18.062370251066582
ZVmULoI6vcV,202211,14.811005327991332
ZVmULoI6vcV,202212,12.164394259629145
ZVmULoI6vcV,202301,10.790171693032269
ZVmULoI6vcV,202302,13.086158971504537
ZVmULoI6vcV,202303,14.932668013920171
ZVmULoI6vcV,202304,18.5903130196044
ZVmULoI6vcV,202305,19.58389096762205
ZVmULoI6vcV,202306,22.27312301885421
ZVmULoI6vcV,202307,21.7644373772672
ZVmULoI6vcV,202308,21.479089918234607
ZVmULoI6vcV,202309,21.59538005378636
ZVmULoI6vcV,202310,18.04870825538186
ZVmULoI6vcV,202311,15.225221890856616
ZVmULoI6vcV,202312,12.180691885569242
ZVmULoI6vcV,202401,9.755685412841965
ZVmULoI6vcV,202402,11.467445397047184
ZVmULoI6vcV,202403,15.25942507607798
ZVmULoI6vcV,202404,20.660220702922437
ZVmULoI6vcV,202405,21.33291423823465
ZVmULoI6vcV,202406,22.12985070169668
ZVmULoI6vcV,202407,22.212232712590534
ZVmULoI6vcV,202408,21.71633822413589
ZVmULoI6vcV,202409,21.742977352046893
ZVmULoI6vcV,202410,18.91606245128681
ZVmULoI6vcV,202411,15.048930467782665
ZVmULoI6vcV,202412,11.596104854093744
bWmwn3sMsG0,201601,11.989607572871703
bWmwn3sMsG0,201602,15.79725883529052
bWmwn3sMsG0,201603,19.784017842950217
bWmwn3sMsG0,201604,24.88991349805885
bWmwn3sMsG0,201605,23.33917121638969
bWmwn3sMsG0,201606,24.30018085474053
bWmwn3sMsG0,201607,23.64304292638834
bWmwn3sMsG0,201608,24.69563018836157
bWmwn3sMsG0,201609,22.946939141057094
bWmwn3sMsG0,201610,21.307817074652103
bWmwn3sMsG0,201611,17.33776952759528
bWmwn3sMsG0,201612,14.631388228829156
bWmwn3sMsG0,201701,12.7317505789741
bWmwn3sMsG0,201702,16.014775965498156
bWmwn3sMsG0,201703,17.831916148940376
bWmwn3sMsG0,201704,22.30281321066782
bWmwn3sMsG0,201705,23.174569738414664
bWmwn3sMsG0,201706,24.53021527384193
bWmwn3sMsG0,201707,24.08669425888005
bWmwn3sMsG0,201708,23.793082769844787
bWmwn3sMsG0,201709,23.77747383465352
bWmwn3sMsG0,201710,21.62610187109296
bWmwn3sMsG0,201711,17.524363042809433
bWmwn3sMsG0,201712,15.01568469900712
bWmwn3sMsG0,201801,11.58785413000146
bWmwn3sMsG0,201802,15.740081515021764
bWmwn3sMsG0,201803,19.71924210507153
bWmwn3sMsG0,201804,21.83408488378921
bWmwn3sMsG0,201805,22.9355133732738
bWmwn3sMsG0,201806,24.824620247748467
bWmwn3sMsG0,201807,24.3513389295804
bWmwn3sMsG0,201808,24.08580601730694
bWmwn3sMsG0,201809,23.45900518118272
bWmwn3sMsG0,201810,19.880997512317983
bWmwn3sMsG0,201811,17.33128137398642
bWmwn3sMsG0,201812,13.36949912886777
bWmwn3sMsG0,201901,12.18747426681941
bWmwn3sMsG0,201902,14.02251421286265
bWmwn3sMsG0,201903,17.749885014550788
bWmwn3sMsG0,201904,21.32415873897927
bWmwn3sMsG0,201905,25.058052859487123
bWmwn3sMsG0,201906,25.395590631383723
bWmwn3sMsG0,201907,24.27401739215876
bWmwn3sMsG0,201908,24.82734647859913
bWmwn3sMsG0,201909,23.075649689341518
bWmwn3sMsG0,201910,20.730284687975725
bWmwn3sMsG0,201911,18.51570635191197
bWmwn3sMsG0,201912,12.57517052069942
bWmwn3sMsG0,202001,11.33593151494768
bWmwn3sMsG0,202002,13.382801210305338
bWmwn3sMsG0,202003,17.203103333187507
bWmwn3sMsG0,202004,20.42970748257113
bWmwn3sMsG0,202005,22.73576264071989
bWmwn3sMsG0,202006,23.57180774599512
bWmwn3sMsG0,202007,23.693463547143217
bWmwn3sMsG0,202008,24.57130488889769
bWmwn3sMsG0,202009,23.46050858167618
bWmwn3sMsG0,202010,22.283236276137703
bWmwn3sMsG0,202011,17.29018919715916
bWmwn3sMsG0,202012,13.694535616542382
bWmwn3sMsG0,202101,12.811142466699051
bWmwn3sMsG0,202102,15.059094274820923
bWmwn3sMsG0,202103,19.62352177690087
bWmwn3sMsG0,202104,22.999359579565542
bWmwn3sMsG0,202105,22.09491593232105
bWmwn3sMsG0,202106,23.77176496952536
bWmwn3sMsG0,202107,24.10923531020329
bWmwn3sMsG0,202108,23.442305983488453
bWmwn3sMsG0,202109,23.46840798411583
bWmwn3sMsG0,202110,21.611419345470683
bWmwn3sMsG0,202111,16.89363264524538
bWmwn3sMsG0,202112,13.41706950647593
bWmwn3sMsG0,202201,11.256537503878064
bWmwn3sMsG0,202202,12.331887085040272
bWmwn3sMsG0,202203,20.08673885006144
bWmwn3sMsG0,202204,23.377599944897145
bWmwn3sMsG0,202205,23.04664758099913
bWmwn3sMsG0,202206,24.378850521283585
bWmwn3sMsG0,202207,24.78900644665908
bWmwn3sMsG0,202208,24.603437658676715
bWmwn3sMsG0,202209,23.120266305282687
bWmwn3sMsG0,202210,20.448434462093925
bWmwn3sMsG0,202211,17.362257939019262
bWmwn3sMsG0,202212,14.34409935561441
bWmwn3sMsG0,202301,12.651806383107989
bWmwn3sMsG0,202302,15.460924507106649
bWmwn3sMsG0,202303,18.339894372113218
bWmwn3sMsG0,202304,22.50324182158664
bWmwn3sMsG0,202305,23.604332472662527
bWmwn3sMsG0,202306,26.34799155729108
bWmwn3sMsG0,202307,24.739388369648346
bWmwn3sMsG0,202308,24.38534511770258
bWmwn3sMsG0,202309,24.591528920805715
bWmwn3sMsG0,202310,20.91620159091722
bWmwn3sMsG0,202311,17.778460483303405
bWmwn3sMsG0,202312,14.512921417620506
bWmwn3sMsG0,202401,12.093461378003305
bWmwn3sMsG0,202402,14.142886919773105
bWmwn3sMsG0,202403,18.707639378004448
bWmwn3sMsG0,202404,24.981192082848928
bWmwn3sMsG0,202405,25.19284980026605
bWmwn3sMsG0,202406,25.750148741860528
bWmwn3sMsG0,202407,25.02744822667513
bWmwn3sMsG0,202408,24.407543308089025
bWmwn3sMsG0,202409,24.35916912422638
bWmwn3sMsG0,202410,21.55246481564229
bWmwn3sMsG0,202411,17.80449199233451
bWmwn3sMsG0,202412,13.671888770748351
bX87SmYR3TJ,201601,16.536983548794154
bX87SmYR3TJ,201602,20.666142974322508
bX87SmYR3TJ,201603,25.864106850809407
bX87SmYR3TJ,201604,30.65107147565984
bX87SmYR3TJ,201605,27.88626542726088
bX87SmYR3TJ,201606,28.22365942116981
bX87SmYR3TJ,201607,27.184719713030617
bX87SmYR3TJ,201608,28.54227686046953
bX87SmYR3TJ,201609,26.45415082370548
bX87SmYR3TJ,201610,25.150288406800836
bX87SmYR3TJ,201611,21.337872288138776
bX87SmYR3TJ,201612,17.96516731100327
bX87SmYR3TJ,201701,16.468481965677388
bX87SmYR3TJ,201702,19.88001207085443
bX87SmYR3TJ,201703,22.36886150027136
bX87SmYR3TJ,201704,27.329316984579066
bX87SmYR3TJ,201705,28.882227349556707
bX87SmYR3TJ,201706,28.990997564475997
bX87SmYR3TJ,201707,27.543713481465
bX87SmYR3TJ,201708,27.50162172655444
bX87SmYR3TJ,201709,27.481231988308146
bX87SmYR3TJ,201710,25.360613766380805
bX87SmYR3TJ,201711,21.237425615479435
bX87SmYR3TJ,201712,18.619860484099192
bX87SmYR3TJ,201801,15.476336282876533
bX87SmYR3TJ,201802,19.755041602950307
bX87SmYR3TJ,201803,25.0938887566058
bX87SmYR3TJ,201804,27.194081036953413
bX87SmYR3TJ,201805,28.191285141912196
bX87SmYR3TJ,201806,29.1076895987988
bX87SmYR3TJ,201807,28.1287024558646
bX87SmYR3TJ,201808,27.878422685498208
bX87SmYR3TJ,201809,27.45484545164767
bX87SmYR3TJ,201810,24.709556927030363
bX87SmYR3TJ,201811,22.170145582833243
bX87SmYR3TJ,201812,17.719419347859205
bX87SmYR3TJ,201901,16.63551986946423
bX87SmYR3TJ,201902,18.822229069175133
bX87SmYR3TJ,201903,23.678150954440746
bX87SmYR3TJ,201904,27.202139497053786
bX87SmYR3TJ,201905,30.357896039103
bX87SmYR3TJ,201906,30.237292059545585
bX87SmYR3TJ,201907,28.03466013144029
bX87SmYR3TJ,201908,28.54832535477476
bX87SmYR3TJ,201909,26.59544470270845
bX87SmYR3TJ,201910,24.69089631432823
bX87SmYR3TJ,201911,22.732745578850405
bX87SmYR3TJ,201912,15.93647765750721
bX87SmYR3TJ,202001,15.459094870376678
bX87SmYR3TJ,202002,18.131051940875217
bX87SmYR3TJ,202003,23.46049900627476
bX87SmYR3TJ,202004,27.099772125375157
bX87SmYR3TJ,202005,27.781049113104903
bX87SmYR3TJ,202006,27.733215294758335
bX87SmYR3TJ,202007,27.253205076495217
bX87SmYR3TJ,202008,28.29989001405406
bX87SmYR3TJ,202009,26.93186686362143
bX87SmYR3TJ,202010,25.855614056611675
bX87SmYR3TJ,202011,20.830239000621383
bX87SmYR3TJ,202012,17.149134697332094
bX87SmYR3TJ,202101,16.241251445061106
bX87SmYR3TJ,202102,19.40983411629231
bX87SmYR3TJ,202103,25.15178731736801
bX87SmYR3TJ,202104,28.665839606683523
bX87SmYR3TJ,202105,26.79466406401631
bX87SmYR3TJ,202106,27.716946365289
bX87SmYR3TJ,202107,27.900862951762612
bX87SmYR3TJ,202108,27.11952115223889
bX87SmYR3TJ,202109,27.574018724991685
bX87SmYR3TJ,202110,25.27051986698315
bX87SmYR3TJ,202111,19.74076452038112
bX87SmYR3TJ,202112,16.915418331887174
bX87SmYR3TJ,202201,15.08969842348038
bX87SmYR3TJ,202202,16.822996036641992
bX87SmYR3TJ,202203,25.72871295837068
bX87SmYR3TJ,202204,28.839418743234955
bX87SmYR3TJ,202205,28.780866251789217
bX87SmYR3TJ,202206,28.015677768178783
bX87SmYR3TJ,202207,28.812576203464733
bX87SmYR3TJ,202208,28.369744012700103
bX87SmYR3TJ,202209,27.030061560175664
bX87SmYR3TJ,202210,24.588301685289963
bX87SmYR3TJ,202211,21.293521873856736
bX87SmYR3TJ,202212,18.133038855356613
bX87SmYR3TJ,202301,15.635474558175115
bX87SmYR3TJ,202302,20.125875024945184
bX87SmYR3TJ,202303,23.837852859763835
bX87SmYR3TJ,202304,28.403861992995576
bX87SmYR3TJ,202305,29.63708155703036
bX87SmYR3TJ,202306,31.090013539837777
bX87SmYR3TJ,202307,28.72760068135625
bX87SmYR3TJ,202308,28.13928706916742
bX87SmYR3TJ,202309,28.248853100401533
bX87SmYR3TJ,202310,25.12117327455233
bX87SmYR3TJ,202311,22.290363872421985
bX87SmYR3TJ,202312,18.395534007233493
bX87SmYR3TJ,202401,15.74631191586601
bX87SmYR3TJ,202402,18.35178463972653
bX87SmYR3TJ,202403,23.401960510941507
bX87SmYR3TJ,202404,30.362830966314075
bX87SmYR3TJ,202405,30.288247182587945
bX87SmYR3TJ,202406,29.69398029453173
bX87SmYR3TJ,202407,28.712650585856156
bX87SmYR3TJ,202408,28.26941293344908
bX87SmYR3TJ,202409,28.32392098682324
bX87SmYR3TJ,202410,25.804011622083745
bX87SmYR3TJ,202411,22.143953809627902
bX87SmYR3TJ,202412,17.454562723767758
bjS2Lp3tLxv,201601,13.03805575561611
bjS2Lp3tLxv,201602,16.977884189229833
bjS2Lp3tLxv,201603,21.761430231325143
bjS2Lp3tLxv,201604,27.646000741543496
bjS2Lp3tLxv,201605,26.61024993015804
bjS2Lp3tLxv,201606,26.823600891975776
bjS2Lp3tLxv,201607,25.058933024545688
bjS2Lp3tLxv,201608,25.90452762584821
bjS2Lp3tLxv,201609,24.462856210736167
bjS2Lp3tLxv,201610,22.171478761219344
bjS2Lp3tLxv,201611,18.311442574546238
bjS2Lp3tLxv,201612,15.27982232241189
bjS2Lp3tLxv,201701,13.305408616323422
bjS2Lp3tLxv,201702,16.878830635047095
bjS2Lp3tLxv,201703,19.88166553316909
bjS2Lp3tLxv,201704,25.55395017219237
bjS2Lp3tLxv,201705,26.989341315472544
bjS2Lp3tLxv,201706,26.98002970336293
bjS2Lp3tLxv,201707,25.46107058168759
bjS2Lp3tLxv,201708,25.23525361774803
bjS2Lp3tLxv,201709,25.121913150546828
bjS2Lp3tLxv,201710,22.759689660742467
bjS2Lp3tLxv,201711,18.005194025959792
bjS2Lp3tLxv,201712,15.303596538038825
bjS2Lp3tLxv,201801,12.064780457501348
bjS2Lp3tLxv,201802,16.664483098074523
bjS2Lp3tLxv,201803,21.715994312511484
bjS2Lp3tLxv,201804,24.49233375289631
bjS2Lp3tLxv,201805,26.635545161980936
bjS2Lp3tLxv,201806,28.071536182719747
bjS2Lp3tLxv,201807,25.911404776781147
bjS2Lp3tLxv,201808,25.257670847370647
bjS2Lp3tLxv,201809,24.828531367702364
bjS2Lp3tLxv,201810,21.14991452953036
bjS2Lp3tLxv,201811,18.077923642987976
bjS2Lp3tLxv,201812,13.68466467500352
bjS2Lp3tLxv,201901,12.860967315991273
bjS2Lp3tLxv,201902,14.846910937684774
bjS2Lp3tLxv,201903,19.3355357841362
bjS2Lp3tLxv,201904,24.53694676715426
bjS2Lp3tLxv,201905,28.556985918185152
bjS2Lp3tLxv,201906,28.655447979077906
bjS2Lp3tLxv,201907,25.79580931883132
bjS2Lp3tLxv,201908,26.07077713985271
bjS2Lp3tLxv,201909,24.331412706052003
bjS2Lp3tLxv,201910,21.706780729694508
bjS2Lp3tLxv,201911,18.888449700352776
bjS2Lp3tLxv,201912,12.935105707807924
bjS2Lp3tLxv,202001,12.094289291367604
bjS2Lp3tLxv,202002,14.484702982962975
bjS2Lp3tLxv,202003,18.721773319590984
bjS2Lp3tLxv,202004,23.381817652990808
bjS2Lp3tLxv,202005,25.595983806121332
bjS2Lp3tLxv,202006,25.12444482942923
bjS2Lp3tLxv,202007,25.268952193446182
bjS2Lp3tLxv,202008,25.99070345396914
bjS2Lp3tLxv,202009,25.159104938903727
bjS2Lp3tLxv,202010,22.806601100056383
bjS2Lp3tLxv,202011,17.533735249970274
bjS2Lp3tLxv,202012,13.854240443965056
bjS2Lp3tLxv,202101,13.387888701680426
bjS2Lp3tLxv,202102,16.339899377358073
bjS2Lp3tLxv,202103,21.49922934927331
bjS2Lp3tLxv,202104,25.091430925352316
bjS2Lp3tLxv,202105,24.324622085366
bjS2Lp3tLxv,202106,25.39690437200849
bjS2Lp3tLxv,202107,25.598350865827708
bjS2Lp3tLxv,202108,24.9380435634279
bjS2Lp3tLxv,202109,24.77305427773208
bjS2Lp3tLxv,202110,22.59244064615248
bjS2Lp3tLxv,202111,17.479501614043674
bjS2Lp3tLxv,202112,13.85205936649878
bjS2Lp3tLxv,202201,11.983764459395712
bjS2Lp3tLxv,202202,13.485864034859468
bjS2Lp3tLxv,202203,22.117844054803637
bjS2Lp3tLxv,202204,26.775613073416142
bjS2Lp3tLxv,202205,26.139480089991164
bjS2Lp3tLxv,202206,27.929989593447843
bjS2Lp3tLxv,202207,26.368342130452348
bjS2Lp3tLxv,202208,26.106310734455835
bjS2Lp3tLxv,202209,24.59843221902415
bjS2Lp3tLxv,202210,21.23814027149964
bjS2Lp3tLxv,202211,17.749278665693357
bjS2Lp3tLxv,202212,14.34256586690794
bjS2Lp3tLxv,202301,12.982860951065808
bjS2Lp3tLxv,202302,16.572346883950093
bjS2Lp3tLxv,202303,20.10823229568062
bjS2Lp3tLxv,202304,24.383062397811397
bjS2Lp3tLxv,202305,26.111591651450475
bjS2Lp3tLxv,202306,29.178749705937264
bjS2Lp3tLxv,202307,26.42523115166979
bjS2Lp3tLxv,202308,25.78763139689776
bjS2Lp3tLxv,202309,25.66933171657578
bjS2Lp3tLxv,202310,21.90291473884521
bjS2Lp3tLxv,202311,18.615374886412955
bjS2Lp3tLxv,202312,15.030539267927828
bjS2Lp3tLxv,202401,12.418037411402594
bjS2Lp3tLxv,202402,14.806076094287272
bjS2Lp3tLxv,202403,20.17059308397529
bjS2Lp3tLxv,202404,26.86313844372001
bjS2Lp3tLxv,202405,28.29546794502251
bjS2Lp3tLxv,202406,29.470002003177644
bjS2Lp3tLxv,202407,26.437481830103035
bjS2Lp3tLxv,202408,25.64591541350026
bjS2Lp3tLxv,202409,25.40049182678401
bjS2Lp3tLxv,202410,22.958874058000752
bjS2Lp3tLxv,202411,18.66225865117784
bjS2Lp3tLxv,202412,13.784310460469882
cMWLZfK0O4z,201601,11.182322169878262
cMWLZfK0O4z,201602,14.792665176512315
cMWLZfK0O4z,201603,19.01522935034795
cMWLZfK0O4z,201604,24.438617366415027
cMWLZfK0O4z,201605,22.701516246700745
cMWLZfK0O4z,201606,23.50892971733595
cMWLZfK0O4z,201607,22.80607755978969
cMWLZfK0O4z,201608,23.60300960524149
cMWLZfK0O4z,201609,22.14397750110184
cMWLZfK0O4z,201610,20.20989370761218
cMWLZfK0O4z,201611,16.49495499701335
cMWLZfK0O4z,201612,13.968289765007306
cMWLZfK0O4z,201701,11.821880628301216
cMWLZfK0O4z,201702,15.17797645113291
cMWLZfK0O4z,201703,17.08282845674235
cMWLZfK0O4z,201704,22.04984185511098
cMWLZfK0O4z,201705,22.77303416266625
cMWLZfK0O4z,201706,23.705665996067246
cMWLZfK0O4z,201707,23.22775704048791
cMWLZfK0O4z,201708,22.94754186275986
cMWLZfK0O4z,201709,22.81436606643645
cMWLZfK0O4z,201710,20.769717873663847
cMWLZfK0O4z,201711,16.44760048637772
cMWLZfK0O4z,201712,14.076417891389008
cMWLZfK0O4z,201801,10.858642825022272
cMWLZfK0O4z,201802,14.831636016570286
cMWLZfK0O4z,201803,18.994285459873947
cMWLZfK0O4z,201804,21.043306443956496
cMWLZfK0O4z,201805,22.486766067463087
cMWLZfK0O4z,201806,24.311203313268923
cMWLZfK0O4z,201807,23.51318505909252
cMWLZfK0O4z,201808,23.0530103407007
cMWLZfK0O4z,201809,22.463597532743044
cMWLZfK0O4z,201810,18.9527578905274
cMWLZfK0O4z,201811,16.446965041022498
cMWLZfK0O4z,201812,12.397169420593311
cMWLZfK0O4z,201901,11.105573577891622
cMWLZfK0O4z,201902,12.952970118261447
cMWLZfK0O4z,201903,16.84495321214411
cMWLZfK0O4z,201904,20.69675547410628
cMWLZfK0O4z,201905,24.676954373181424
cMWLZfK0O4z,201906,24.944794730812685
cMWLZfK0O4z,201907,23.40435741277984
cMWLZfK0O4z,201908,23.777188767684624
cMWLZfK0O4z,201909,22.19073070132552
cMWLZfK0O4z,201910,19.540969963436204
cMWLZfK0O4z,201911,17.361275164756666
cMWLZfK0O4z,201912,11.657414246742444
cMWLZfK0O4z,202001,10.47927377557264
cMWLZfK0O4z,202002,12.5268724377055
cMWLZfK0O4z,202003,16.26671777117146
cMWLZfK0O4z,202004,19.82157694383208
cMWLZfK0O4z,202005,22.1660468217442
cMWLZfK0O4z,202006,22.77652898406756
cMWLZfK0O4z,202007,23.021065128473083
cMWLZfK0O4z,202008,23.69802912647988
cMWLZfK0O4z,202009,22.82908370207968
cMWLZfK0O4z,202010,21.40422049165501
cMWLZfK0O4z,202011,16.218662206638918
cMWLZfK0O4z,202012,12.90029278699807
cMWLZfK0O4z,202101,12.073928432543012
cMWLZfK0O4z,202102,14.314584274228949
cMWLZfK0O4z,202103,18.994422794809243
cMWLZfK0O4z,202104,22.30005100476138
cMWLZfK0O4z,202105,21.419553318730145
cMWLZfK0O4z,202106,23.054102149413897
cMWLZfK0O4z,202107,23.344297548244985
cMWLZfK0O4z,202108,22.734014454492016
cMWLZfK0O4z,202109,22.63393270677272
cMWLZfK0O4z,202110,20.573060217263546
cMWLZfK0O4z,202111,15.975972286665764
cMWLZfK0O4z,202112,12.523333090722844
cMWLZfK0O4z,202201,10.420720451362651
cMWLZfK0O4z,202202,11.412962925931566
cMWLZfK0O4z,202203,19.58538294264563
cMWLZfK0O4z,202204,23.342216008622625
cMWLZfK0O4z,202205,22.382016270022827
cMWLZfK0O4z,202206,23.94514787992456
cMWLZfK0O4z,202207,23.93815164278861
cMWLZfK0O4z,202208,23.70640676486908
cMWLZfK0O4z,202209,22.28141318859132
cMWLZfK0O4z,202210,19.36229989213084
cMWLZfK0O4z,202211,16.305906884138114
cMWLZfK0O4z,202212,13.31096356648552
cMWLZfK0O4z,202301,12.036236393751496
cMWLZfK0O4z,202302,14.896674614631053
cMWLZfK0O4z,202303,17.39148453051029
cMWLZfK0O4z,202304,21.531864433300377
cMWLZfK0O4z,202305,22.88002438060459
cMWLZfK0O4z,202306,25.75966512879997
cMWLZfK0O4z,202307,23.948288316232023
cMWLZfK0O4z,202308,23.506127517549142
cMWLZfK0O4z,202309,23.541136328889227
cMWLZfK0O4z,202310,19.90502128142497
cMWLZfK0O4z,202311,16.78506751341
cMWLZfK0O4z,202312,13.692848570403015
cMWLZfK0O4z,202401,11.316395294297104
cMWLZfK0O4z,202402,13.142689233630188
cMWLZfK0O4z,202403,17.86248171594225
cMWLZfK0O4z,202404,24.28482699817608
cMWLZfK0O4z,202405,24.73870639054938
cMWLZfK0O4z,202406,25.581560388516507
cMWLZfK0O4z,202407,24.20784205137956
cMWLZfK0O4z,202408,23.490177595065195
cMWLZfK0O4z,202409,23.49650327748218
cMWLZfK0O4z,202410,20.6723345522398
cMWLZfK0O4z,202411,17.033535258559365
cMWLZfK0O4z,202412,12.735147025738405
eW2b8SUYRWt,201601,10.83362743526652
eW2b8SUYRWt,201602,14.347253569292434
eW2b8SUYRWt,201603,17.656182103034297
eW2b8SUYRWt,201604,21.49673951857705
eW2b8SUYRWt,201605,21.08582001667037
eW2b8SUYRWt,201606,22.552695383297184
eW2b8SUYRWt,201607,22.27444301910144
eW2b8SUYRWt,201608,23.507593849678607
eW2b8SUYRWt,201609,21.747109379136766
eW2b8SUYRWt,201610,20.10846024614018
eW2b8SUYRWt,201611,16.45201752226629
eW2b8SUYRWt,201612,13.6105493455393
eW2b8SUYRWt,201701,11.88862952253312
eW2b8SUYRWt,201702,14.633477766502333
eW2b8SUYRWt,201703,15.83248208937171
eW2b8SUYRWt,201704,19.52498408360269
eW2b8SUYRWt,201705,21.11733351079158
eW2b8SUYRWt,201706,22.87544380124229
eW2b8SUYRWt,201707,22.777278472205325
eW2b8SUYRWt,201708,22.74645414902689
eW2b8SUYRWt,201709,22.40597091168632
eW2b8SUYRWt,201710,20.021675658730874
eW2b8SUYRWt,201711,16.256359859078596
eW2b8SUYRWt,201712,14.084802041920824
eW2b8SUYRWt,201801,11.08837761053606
eW2b8SUYRWt,201802,14.287783244756191
eW2b8SUYRWt,201803,17.095482472119198
eW2b8SUYRWt,201804,19.04210006901548
eW2b8SUYRWt,201805,20.66157401401892
eW2b8SUYRWt,201806,22.844117476051625
eW2b8SUYRWt,201807,22.961374513075707
eW2b8SUYRWt,201808,22.916283233921543
eW2b8SUYRWt,201809,22.044154938723544
eW2b8SUYRWt,201810,18.44006329738586
eW2b8SUYRWt,201811,15.670200893818556
eW2b8SUYRWt,201812,12.295139261498347
eW2b8SUYRWt,201901,11.522469760116882
eW2b8SUYRWt,201902,13.318545252364345
eW2b8SUYRWt,201903,16.30312649008068
eW2b8SUYRWt,201904,19.251457337585787
eW2b8SUYRWt,201905,21.291784947075627
eW2b8SUYRWt,201906,23.16125398149048
eW2b8SUYRWt,201907,22.729863707565755
eW2b8SUYRWt,201908,23.55463377653141
eW2b8SUYRWt,201909,21.80575822325324
eW2b8SUYRWt,201910,19.367297547951612
eW2b8SUYRWt,201911,17.466294443848284
eW2b8SUYRWt,201912,11.674767698356591
eW2b8SUYRWt,202001,10.73169309159505
eW2b8SUYRWt,202002,12.68036302096674
eW2b8SUYRWt,202003,16.325770962188916
eW2b8SUYRWt,202004,18.606263491593023
eW2b8SUYRWt,202005,20.52017016377201
eW2b8SUYRWt,202006,22.26959544729602
eW2b8SUYRWt,202007,22.28498930528787
eW2b8SUYRWt,202008,23.164277758957518
eW2b8SUYRWt,202009,21.958482521564587
eW2b8SUYRWt,202010,20.92668603539689
eW2b8SUYRWt,202011,15.879456484319254
eW2b8SUYRWt,202012,12.573493163482384
eW2b8SUYRWt,202101,11.953617372454934
eW2b8SUYRWt,202102,13.654397082326785
eW2b8SUYRWt,202103,17.359084646218378
eW2b8SUYRWt,202104,20.058611007846267
eW2b8SUYRWt,202105,20.63930530046712
eW2b8SUYRWt,202106,22.332015078091217
eW2b8SUYRWt,202107,22.81354003765064
eW2b8SUYRWt,202108,22.289455106710875
eW2b8SUYRWt,202109,22.365671821362938
eW2b8SUYRWt,202110,20.238568645704976
eW2b8SUYRWt,202111,14.89202933211484
eW2b8SUYRWt,202112,12.268922702372617
eW2b8SUYRWt,202201,10.572495143540744
eW2b8SUYRWt,202202,10.932496651712118
eW2b8SUYRWt,202203,18.562458697431968
eW2b8SUYRWt,202204,20.26681075543632
eW2b8SUYRWt,202205,21.35342081703533
eW2b8SUYRWt,202206,22.010006447904
eW2b8SUYRWt,202207,23.23003253400362
eW2b8SUYRWt,202208,23.15028960658506
eW2b8SUYRWt,202209,21.830546190327084
eW2b8SUYRWt,202210,19.437214123519738
eW2b8SUYRWt,202211,15.87764973261186
eW2b8SUYRWt,202212,12.963859743826497
eW2b8SUYRWt,202301,11.698653406114044
eW2b8SUYRWt,202302,14.329898017794283
eW2b8SUYRWt,202303,16.386724945150366
eW2b8SUYRWt,202304,19.933866413939207
eW2b8SUYRWt,202305,21.521821021019942
eW2b8SUYRWt,202306,23.568528927730995
eW2b8SUYRWt,202307,23.314509523125903
eW2b8SUYRWt,202308,22.9928332019386
eW2b8SUYRWt,202309,22.969693492389307
eW2b8SUYRWt,202310,19.462932435789213
eW2b8SUYRWt,202311,16.565777954484492
eW2b8SUYRWt,202312,13.363027706185145
eW2b8SUYRWt,202401,10.977070143041695
eW2b8SUYRWt,202402,12.712198675157214
eW2b8SUYRWt,202403,16.897711359361477
eW2b8SUYRWt,202404,21.629924834356743
eW2b8SUYRWt,202405,22.79823882533505
eW2b8SUYRWt,202406,23.09140485430093
eW2b8SUYRWt,202407,23.56906825908333
eW2b8SUYRWt,202408,23.17607861131123
eW2b8SUYRWt,202409,23.240611961086955
eW2b8SUYRWt,202410,20.05518242913525
eW2b8SUYRWt,202411,16.285449278438943
eW2b8SUYRWt,202412,12.750910187615675
ebbAyOhorzo,201601,15.194899675771438
ebbAyOhorzo,201602,19.30811392865578
ebbAyOhorzo,201603,24.42742404898778
ebbAyOhorzo,201604,30.398465504903843
ebbAyOhorzo,201605,28.193827099306382
ebbAyOhorzo,201606,28.309869530807912
ebbAyOhorzo,201607,26.811933641883428
ebbAyOhorzo,201608,28.042445240635477
ebbAyOhorzo,201609,26.121759612202563
ebbAyOhorzo,201610,24.61273413209929
ebbAyOhorzo,201611,20.45282518342148
ebbAyOhorzo,201612,16.862540039353146
ebbAyOhorzo,201701,15.483811090296973
ebbAyOhorzo,201702,19.028650066706994
ebbAyOhorzo,201703,21.904198416345903
ebbAyOhorzo,201704,27.283611033472887
ebbAyOhorzo,201705,28.05817724114541
ebbAyOhorzo,201706,28.417153665742568
ebbAyOhorzo,201707,27.21032084803517
ebbAyOhorzo,201708,26.96331479306604
ebbAyOhorzo,201709,27.085210842242
ebbAyOhorzo,201710,25.067952826323687
ebbAyOhorzo,201711,20.72341488908003
ebbAyOhorzo,201712,17.37080777374788
ebbAyOhorzo,201801,13.685317639290764
ebbAyOhorzo,201802,18.59919091593069
ebbAyOhorzo,201803,24.15504024018772
ebbAyOhorzo,201804,27.086756172737815
ebbAyOhorzo,201805,27.961668562878675
ebbAyOhorzo,201806,29.48134912678232
ebbAyOhorzo,201807,27.648675682850715
ebbAyOhorzo,201808,27.331736764443647
ebbAyOhorzo,201809,26.832482301751536
ebbAyOhorzo,201810,23.520308866390053
ebbAyOhorzo,201811,20.565613603114244
ebbAyOhorzo,201812,16.126579154680094
ebbAyOhorzo,201901,15.248456231544347
ebbAyOhorzo,201902,17.10480749959941
ebbAyOhorzo,201903,21.69056237871964
ebbAyOhorzo,201904,26.56582296007533
ebbAyOhorzo,201905,30.205735244413464
ebbAyOhorzo,201906,30.28648051947919
ebbAyOhorzo,201907,27.736645317230455
ebbAyOhorzo,201908,28.112252602795525
ebbAyOhorzo,201909,26.13852169334242
ebbAyOhorzo,201910,23.981169193834376
ebbAyOhorzo,201911,21.419811290363786
ebbAyOhorzo,201912,14.77815906280414
ebbAyOhorzo,202001,14.002897824272187
ebbAyOhorzo,202002,16.60019061169726
ebbAyOhorzo,202003,21.467982837778383
ebbAyOhorzo,202004,25.72065806698988
ebbAyOhorzo,202005,27.960737307374995
ebbAyOhorzo,202006,27.132063855385542
ebbAyOhorzo,202007,26.832181400203627
ebbAyOhorzo,202008,27.907178536851077
ebbAyOhorzo,202009,26.650098823170705
ebbAyOhorzo,202010,25.659641834349078
ebbAyOhorzo,202011,20.25326021556861
ebbAyOhorzo,202012,16.18588819129984
ebbAyOhorzo,202101,15.103331706651682
ebbAyOhorzo,202102,18.488200255450263
ebbAyOhorzo,202103,24.02258708484054
ebbAyOhorzo,202104,27.671249194239223
ebbAyOhorzo,202105,26.000337290479443
ebbAyOhorzo,202106,27.20791968281521
ebbAyOhorzo,202107,27.4294150622342
ebbAyOhorzo,202108,26.61297683789106
ebbAyOhorzo,202109,26.88548243138768
ebbAyOhorzo,202110,24.81291849989192
ebbAyOhorzo,202111,19.487288412608464
ebbAyOhorzo,202112,15.997250971587718
ebbAyOhorzo,202201,13.949789244550155
ebbAyOhorzo,202202,15.589988346344644
ebbAyOhorzo,202203,24.467781206194225
ebbAyOhorzo,202204,28.374242794298805
ebbAyOhorzo,202205,28.164142520458544
ebbAyOhorzo,202206,28.84370636702388
ebbAyOhorzo,202207,28.39800706963055
ebbAyOhorzo,202208,28.060018816219223
ebbAyOhorzo,202209,26.458198374251893
ebbAyOhorzo,202210,23.720141750184297
ebbAyOhorzo,202211,20.14387258334929
ebbAyOhorzo,202212,16.654873540304155
ebbAyOhorzo,202301,14.561591257023329
ebbAyOhorzo,202302,18.608721046122696
ebbAyOhorzo,202303,22.97864917202306
ebbAyOhorzo,202304,27.78960991621146
ebbAyOhorzo,202305,29.12465480082649
ebbAyOhorzo,202306,31.597048698021425
ebbAyOhorzo,202307,28.32397525845774
ebbAyOhorzo,202308,27.7849048987657
ebbAyOhorzo,202309,28.067345936241097
ebbAyOhorzo,202310,24.58357032521677
ebbAyOhorzo,202311,21.58072663426756
ebbAyOhorzo,202312,17.497847807932292
ebbAyOhorzo,202401,14.489100289950189
ebbAyOhorzo,202402,17.238105259067638
ebbAyOhorzo,202403,22.80381851489017
ebbAyOhorzo,202404,29.930527444160788
ebbAyOhorzo,202405,30.22826815282917
ebbAyOhorzo,202406,30.61307152429145
ebbAyOhorzo,202407,28.293908790466
ebbAyOhorzo,202408,27.74065422586977
ebbAyOhorzo,202409,27.542598663743757
ebbAyOhorzo,202410,25.178288835196312
ebbAyOhorzo,202411,21.09640161856939
ebbAyOhorzo,202412,15.819520595877396
elOK8Y2b3Qn,201601,8.525280685715163
elOK8Y2b3Qn,201602,12.2022183346094
elOK8Y2b3Qn,201603,15.617496722190332
elOK8Y2b3Qn,201604,19.5449246316177
elOK8Y2b3Qn,201605,19.037263597203
elOK8Y2b3Qn,201606,20.620326931623847
elOK8Y2b3Qn,201607,20.471793072444523
elOK8Y2b3Qn,201608,21.202141377795044
elOK8Y2b3Qn,201609,19.558563453153344
elOK8Y2b3Qn,201610,17.693219651325318
elOK8Y2b3Qn,201611,14.252462611312923
elOK8Y2b3Qn,201612,12.23469724569274
elOK8Y2b3Qn,201701,9.80291003209651
elOK8Y2b3Qn,201702,12.673703854672905
elOK8Y2b3Qn,201703,13.414443430647044
elOK8Y2b3Qn,201704,17.707957865709318
elOK8Y2b3Qn,201705,18.936786830302616
elOK8Y2b3Qn,201706,20.796318323514097
elOK8Y2b3Qn,201707,20.65603946034335
elOK8Y2b3Qn,201708,20.5726584304463
elOK8Y2b3Qn,201709,20.39465770259322
elOK8Y2b3Qn,201710,17.968790519135307
elOK8Y2b3Qn,201711,13.873092774931832
elOK8Y2b3Qn,201712,12.50576928864218
elOK8Y2b3Qn,201801,9.0450356927581
elOK8Y2b3Qn,201802,12.42680467545069
elOK8Y2b3Qn,201803,15.264119822349215
elOK8Y2b3Qn,201804,16.828378656123196
elOK8Y2b3Qn,201805,18.690413147344024
elOK8Y2b3Qn,201806,20.73685282573081
elOK8Y2b3Qn,201807,20.858131174423704
elOK8Y2b3Qn,201808,20.74058318880372
elOK8Y2b3Qn,201809,20.02377691299594
elOK8Y2b3Qn,201810,16.44049344377701
elOK8Y2b3Qn,201811,13.839509001911017
elOK8Y2b3Qn,201812,10.103933116665855
elOK8Y2b3Qn,201901,8.768488377588282
elOK8Y2b3Qn,201902,10.567222864529718
elOK8Y2b3Qn,201903,13.672455098862132
elOK8Y2b3Qn,201904,16.74120925859157
elOK8Y2b3Qn,201905,20.1025038176704
elOK8Y2b3Qn,201906,21.063871594358726
elOK8Y2b3Qn,201907,20.656642805446303
elOK8Y2b3Qn,201908,21.251747453683063
elOK8Y2b3Qn,201909,19.677602850634308
elOK8Y2b3Qn,201910,17.296057095229134
elOK8Y2b3Qn,201911,15.20494813800474
elOK8Y2b3Qn,201912,9.862912803550964
elOK8Y2b3Qn,202001,8.284505158120963
elOK8Y2b3Qn,202002,10.182173781268206
elOK8Y2b3Qn,202003,13.486704081266277
elOK8Y2b3Qn,202004,16.17061041992283
elOK8Y2b3Qn,202005,18.20932883292082
elOK8Y2b3Qn,202006,20.298924342641328
elOK8Y2b3Qn,202007,20.52357258471579
elOK8Y2b3Qn,202008,21.18754923090111
elOK8Y2b3Qn,202009,20.358401370702875
elOK8Y2b3Qn,202010,19.05142947012116
elOK8Y2b3Qn,202011,14.370615320119834
elOK8Y2b3Qn,202012,11.024180568327877
elOK8Y2b3Qn,202101,10.464164941306832
elOK8Y2b3Qn,202102,11.49833703934636
elOK8Y2b3Qn,202103,15.5757758710233
elOK8Y2b3Qn,202104,18.52820321656827
elOK8Y2b3Qn,202105,18.404899998921724
elOK8Y2b3Qn,202106,20.43366365575876
elOK8Y2b3Qn,202107,20.686772561155124
elOK8Y2b3Qn,202108,20.36855071846456
elOK8Y2b3Qn,202109,20.190842911575544
elOK8Y2b3Qn,202110,18.28647957647648
elOK8Y2b3Qn,202111,13.299389130521218
elOK8Y2b3Qn,202112,10.369479357603304
elOK8Y2b3Qn,202201,8.221419510526486
elOK8Y2b3Qn,202202,8.684598400232947
elOK8Y2b3Qn,202203,16.515445976437277
elOK8Y2b3Qn,202204,18.958902991758627
elOK8Y2b3Qn,202205,19.195883162557408
elOK8Y2b3Qn,202206,20.37657156675597
elOK8Y2b3Qn,202207,21.07245059461171
elOK8Y2b3Qn,202208,21.097284940892205
elOK8Y2b3Qn,202209,20.102076871951347
elOK8Y2b3Qn,202210,17.53451074190048
elOK8Y2b3Qn,202211,14.259403380828353
elOK8Y2b3Qn,202212,11.584632241501051
elOK8Y2b3Qn,202301,10.675374802103658
elOK8Y2b3Qn,202302,12.73041569297151
elOK8Y2b3Qn,202303,14.387692573181006
elOK8Y2b3Qn,202304,17.917539453629242
elOK8Y2b3Qn,202305,18.86436788377395
elOK8Y2b3Qn,202306,21.63049064547497
elOK8Y2b3Qn,202307,21.347165953969927
elOK8Y2b3Qn,202308,21.054868802770795
elOK8Y2b3Qn,202309,21.146218490007676
elOK8Y2b3Qn,202310,17.464217459030927
elOK8Y2b3Qn,202311,14.663164987838131
elOK8Y2b3Qn,202312,11.743469874077824
elOK8Y2b3Qn,202401,9.183675044499022
elOK8Y2b3Qn,202402,11.076556489786668
elOK8Y2b3Qn,202403,14.745863480756094
elOK8Y2b3Qn,202404,20.16376705179906
elOK8Y2b3Qn,202405,20.858134266463285
elOK8Y2b3Qn,202406,21.682325246853505
elOK8Y2b3Qn,202407,21.830704486063432
elOK8Y2b3Qn,202408,21.31727034597828
elOK8Y2b3Qn,202409,21.18071774622595
elOK8Y2b3Qn,202410,18.41600830906664
elOK8Y2b3Qn,202411,14.4021180928674
elOK8Y2b3Qn,202412,11.155073544296224
ewPc6zXy53n,201601,-15.85938552508684
ewPc6zXy53n,201602,-13.40689637321509
ewPc6zXy53n,201603,-10.836739154717565
ewPc6zXy53n,201604,-6.109602612498069
ewPc6zXy53n,201605,-0.898702016125448
ewPc6zXy53n,201606,4.877793466177784
ewPc6zXy53n,201607,6.312644711616621
ewPc6zXy53n,201608,5.576356790519843
ewPc6zXy53n,201609,3.7033763626150114
ewPc6zXy53n,201610,-1.755201259705213
ewPc6zXy53n,201611,-5.908077943405543
ewPc6zXy53n,201612,-6.983153256923886
ewPc6zXy53n,201701,-16.62460292622324
ewPc6zXy53n,201702,-13.751443641398549
ewPc6zXy53n,201703,-12.180722180573676
ewPc6zXy53n,201704,-6.631547374597679
ewPc6zXy53n,201705,-1.9435327361155528
ewPc6zXy53n,201706,3.199200326550608
ewPc6zXy53n,201707,6.220649377955983
ewPc6zXy53n,201708,6.180371093847438
ewPc6zXy53n,201709,3.322845519568874
ewPc6zXy53n,201710,-1.5045901592522692
ewPc6zXy53n,201711,-8.989850781078411
ewPc6zXy53n,201712,-13.176469608220128
ewPc6zXy53n,201801,-13.68426844696804
ewPc6zXy53n,201802,-14.049364103374204
ewPc6zXy53n,201803,-11.922836980657344
ewPc6zXy53n,201804,-6.165613411171797
ewPc6zXy53n,201805,-1.8436420677462857
ewPc6zXy53n,201806,4.434387169289495
ewPc6zXy53n,201807,6.684876308500702
ewPc6zXy53n,201808,6.29593064942153
ewPc6zXy53n,201809,2.3809775945863385
ewPc6zXy53n,201810,-5.2856652921602105
ewPc6zXy53n,201811,-9.327017100675276
ewPc6zXy53n,201812,-14.710430815487411
ewPc6zXy53n,201901,-17.27706801015611
ewPc6zXy53n,201902,-15.657133765590618
ewPc6zXy53n,201903,-13.027002219882704
ewPc6zXy53n,201904,-6.381261439640673
ewPc6zXy53n,201905,-3.610456710510765
ewPc6zXy53n,201906,1.856832149245488
ewPc6zXy53n,201907,5.466478574323425
ewPc6zXy53n,201908,5.901479750114117
ewPc6zXy53n,201909,4.1804613305368346
ewPc6zXy53n,201910,-3.02395355512985
ewPc6zXy53n,201911,-9.461773241769
ewPc6zXy53n,201912,-17.694848183735825
ewPc6zXy53n,202001,-17.165918599320218
ewPc6zXy53n,202002,-15.841957142006772
ewPc6zXy53n,202003,-13.05817332974059
ewPc6zXy53n,202004,-8.155083415188614
ewPc6zXy53n,202005,-3.065404705667038
ewPc6zXy53n,202006,2.9888149382593387
ewPc6zXy53n,202007,6.045779402380816
ewPc6zXy53n,202008,6.644150488093836
ewPc6zXy53n,202009,4.1845124299344985
ewPc6zXy53n,202010,-0.8439879535245048
ewPc6zXy53n,202011,-10.469628560639864
ewPc6zXy53n,202012,-15.02463360615326
ewPc6zXy53n,202101,-13.884112246611684
ewPc6zXy53n,202102,-13.832970025511528
ewPc6zXy53n,202103,-10.629889559138126
ewPc6zXy53n,202104,-9.777165190818517
ewPc6zXy53n,202105,-2.866195536534928
ewPc6zXy53n,202106,2.337299346432089
ewPc6zXy53n,202107,6.4185045197246025
ewPc6zXy53n,202108,6.137873822209056
ewPc6zXy53n,202109,4.303666074297556
ewPc6zXy53n,202110,-2.4338078652339634
ewPc6zXy53n,202111,-10.045642731657756
ewPc6zXy53n,202112,-16.421994597823335
ewPc6zXy53n,202201,-17.79006527973855
ewPc6zXy53n,202202,-16.991216363462527
ewPc6zXy53n,202203,-8.636526397781429
ewPc6zXy53n,202204,-3.5816114434517394
ewPc6zXy53n,202205,0.1646413912663855
ewPc6zXy53n,202206,4.078898516846484
ewPc6zXy53n,202207,6.886000289500978
ewPc6zXy53n,202208,6.224333638372413
ewPc6zXy53n,202209,2.737919072368669
ewPc6zXy53n,202210,-6.698736960638279
ewPc6zXy53n,202211,-10.022745717443428
ewPc6zXy53n,202212,-12.097300001942164
ewPc6zXy53n,202301,-15.117092505084656
ewPc6zXy53n,202302,-13.97592762769947
ewPc6zXy53n,202303,-10.863029031055108
ewPc6zXy53n,202304,-8.651539564186649
ewPc6zXy53n,202305,-5.2134895767107965
ewPc6zXy53n,202306,1.230754928689019
ewPc6zXy53n,202307,6.2919041494706205
ewPc6zXy53n,202308,6.578964206253966
ewPc6zXy53n,202309,3.858021333026937
ewPc6zXy53n,202310,-3.708920344027933
ewPc6zXy53n,202311,-8.672741409829152
ewPc6zXy53n,202312,-14.427642867419038
ewPc6zXy53n,202401,-15.054975516628677
ewPc6zXy53n,202402,-15.57350803108485
ewPc6zXy53n,202403,-11.29340569700532
ewPc6zXy53n,202404,-6.806270680783942
ewPc6zXy53n,202405,-0.4401603452519568
ewPc6zXy53n,202406,4.4856546189024575
ewPc6zXy53n,202407,7.170294150657845
ewPc6zXy53n,202408,6.434263591898567
ewPc6zXy53n,202409,4.426082427064686
ewPc6zXy53n,202410,-0.6251989877441625
ewPc6zXy53n,202411,-5.079961999720614
ewPc6zXy53n,202412,-12.416091332089731
gannbFbizVo,201601,2.6655774072851712
gannbFbizVo,201602,6.306659566803966
gannbFbizVo,201603,8.858756470076049
gannbFbizVo,201604,13.297247879282978
gannbFbizVo,201605,13.164688609490506
gannbFbizVo,201606,15.322559904223008
gannbFbizVo,201607,15.475656187948257
gannbFbizVo,201608,15.903627440450029
gannbFbizVo,201609,14.452418110852625
gannbFbizVo,201610,12.009043961323515
gannbFbizVo,201611,8.895830977232865
gannbFbizVo,201612,7.501647522075483
gannbFbizVo,201701,3.515945943338697
gannbFbizVo,201702,6.629313393301762
gannbFbizVo,201703,6.829675999817571
gannbFbizVo,201704,11.48204321842164
gannbFbizVo,201705,13.066927790331851
gannbFbizVo,201706,15.290367617080816
gannbFbizVo,201707,15.571859666456772
gannbFbizVo,201708,15.57032167706225
gannbFbizVo,201709,14.952049209058464
gannbFbizVo,201710,12.115062529018283
gannbFbizVo,201711,7.956751101651636
gannbFbizVo,201712,7.464339948598244
gannbFbizVo,201801,4.453529426268579
gannbFbizVo,201802,6.020977078962053
gannbFbizVo,201803,8.305869237508926
gannbFbizVo,201804,10.600102887184695
gannbFbizVo,201805,12.79223901688152
gannbFbizVo,201806,15.397672588514768
gannbFbizVo,201807,15.89098411697118
gannbFbizVo,201808,15.621626233051696
gannbFbizVo,201809,14.698548146493394
gannbFbizVo,201810,10.18099734437843
gannbFbizVo,201811,8.073540591492844
gannbFbizVo,201812,4.0723792320830245
gannbFbizVo,201901,1.7812132052703042
gannbFbizVo,201902,3.522270261133908
gannbFbizVo,201903,6.705053119621734
gannbFbizVo,201904,10.61655193216002
gannbFbizVo,201905,13.98697280509004
gannbFbizVo,201906,15.688401408231464
gannbFbizVo,201907,15.656474365123094
gannbFbizVo,201908,16.101512853090853
gannbFbizVo,201909,14.484513052283935
gannbFbizVo,201910,11.600418177023435
gannbFbizVo,201911,9.597012690727144
gannbFbizVo,201912,3.628413441598072
gannbFbizVo,202001,1.5799025376485538
gannbFbizVo,202002,3.641881185702165
gannbFbizVo,202003,6.692933583071239
gannbFbizVo,202004,9.636417458578418
gannbFbizVo,202005,12.377964531417923
gannbFbizVo,202006,15.008874495793306
gannbFbizVo,202007,15.549641455762606
gannbFbizVo,202008,16.099592139264473
gannbFbizVo,202009,15.060937095433792
gannbFbizVo,202010,13.364549324129491
gannbFbizVo,202011,8.276132182933987
gannbFbizVo,202012,5.794767024312351
gannbFbizVo,202101,5.502947195795003
gannbFbizVo,202102,5.345309872841901
gannbFbizVo,202103,8.971092358790386
gannbFbizVo,202104,11.196784999013945
gannbFbizVo,202105,12.66306656293966
gannbFbizVo,202106,15.19828791357856
gannbFbizVo,202107,15.663111072395786
gannbFbizVo,202108,15.359285310272886
gannbFbizVo,202109,14.783573850252072
gannbFbizVo,202110,12.736536829246072
gannbFbizVo,202111,8.37680813134977
gannbFbizVo,202112,4.59762491148002
gannbFbizVo,202201,1.591611056722937
gannbFbizVo,202202,1.95059587725387
gannbFbizVo,202203,9.98651909790281
gannbFbizVo,202204,12.697626859167697
gannbFbizVo,202205,13.312745073924576
gannbFbizVo,202206,15.110977157669293
gannbFbizVo,202207,15.93447287248206
gannbFbizVo,202208,15.952720234695
gannbFbizVo,202209,14.63976967557038
gannbFbizVo,202210,11.714141232497756
gannbFbizVo,202211,8.613873261947584
gannbFbizVo,202212,6.251894076672465
gannbFbizVo,202301,5.04132477301907
gannbFbizVo,202302,6.507600890582511
gannbFbizVo,202303,7.379627517222898
gannbFbizVo,202304,10.769926231041763
gannbFbizVo,202305,12.47042563315366
gannbFbizVo,202306,15.937227720643614
gannbFbizVo,202307,16.12555969072623
gannbFbizVo,202308,16.04564539128956
gannbFbizVo,202309,15.5221218720191
gannbFbizVo,202310,11.628351292614246
gannbFbizVo,202311,8.619776363214534
gannbFbizVo,202312,6.226362942056828
gannbFbizVo,202401,3.0587223242039827
gannbFbizVo,202402,4.578467889417714
gannbFbizVo,202403,8.061264716689656
gannbFbizVo,202404,12.8648221045992
gannbFbizVo,202405,14.295629362669494
gannbFbizVo,202406,16.209881595529172
gannbFbizVo,202407,16.80639077603582
gannbFbizVo,202408,16.11929288412026
gannbFbizVo,202409,15.774981033550096
gannbFbizVo,202410,12.514722500624805
gannbFbizVo,202411,8.854331276288555
gannbFbizVo,202412,6.065951324246191
grMJpaDdSrD,201601,13.69776950111144
grMJpaDdSrD,201602,17.424235605889706
grMJpaDdSrD,201603,21.977889876087637
grMJpaDdSrD,201604,26.343952669883897
grMJpaDdSrD,201605,24.405566470522107
grMJpaDdSrD,201606,25.209756227607247
grMJpaDdSrD,201607,24.668763072631272
grMJpaDdSrD,201608,25.922312845458983
grMJpaDdSrD,201609,24.052365878450985
grMJpaDdSrD,201610,22.464255752421405
grMJpaDdSrD,201611,18.753956191348927
grMJpaDdSrD,201612,15.824019947227113
grMJpaDdSrD,201701,14.209965183458907
grMJpaDdSrD,201702,17.3453215392241
grMJpaDdSrD,201703,18.87887306294326
grMJpaDdSrD,201704,23.22207609864117
grMJpaDdSrD,201705,24.72863302345002
grMJpaDdSrD,201706,25.77814621441879
grMJpaDdSrD,201707,25.07713038736736
grMJpaDdSrD,201708,25.031828356274808
grMJpaDdSrD,201709,24.7784870181418
grMJpaDdSrD,201710,22.581435680470047
grMJpaDdSrD,201711,18.58642316577171
grMJpaDdSrD,201712,16.18885248704278
grMJpaDdSrD,201801,13.198283994897093
grMJpaDdSrD,201802,17.048473155930413
grMJpaDdSrD,201803,21.127722150883148
grMJpaDdSrD,201804,23.05939014962157
grMJpaDdSrD,201805,24.298864222653936
grMJpaDdSrD,201806,25.774135012171023
grMJpaDdSrD,201807,25.398773164535367
grMJpaDdSrD,201808,25.263473024736538
grMJpaDdSrD,201809,24.739317632304328
grMJpaDdSrD,201810,21.440811502404227
grMJpaDdSrD,201811,18.688272119661686
grMJpaDdSrD,201812,14.820736759819178
grMJpaDdSrD,201901,13.846417298770673
grMJpaDdSrD,201902,16.11761351727297
grMJpaDdSrD,201903,20.011725070626664
grMJpaDdSrD,201904,23.004798780419588
grMJpaDdSrD,201905,25.899521385496875
grMJpaDdSrD,201906,26.283963390891017
grMJpaDdSrD,201907,25.16948442208161
grMJpaDdSrD,201908,25.93883430720708
grMJpaDdSrD,201909,24.181550576024726
grMJpaDdSrD,201910,21.932930935071028
grMJpaDdSrD,201911,19.944519220918888
grMJpaDdSrD,201912,13.754441587741818
grMJpaDdSrD,202001,13.30668439945733
grMJpaDdSrD,202002,15.535205715618073
grMJpaDdSrD,202003,20.05308454656715
grMJpaDdSrD,202004,22.941429966025755
grMJpaDdSrD,202005,24.05709437543516
grMJpaDdSrD,202006,24.965522766731716
grMJpaDdSrD,202007,24.71430237167529
grMJpaDdSrD,202008,25.656478530363376
grMJpaDdSrD,202009,24.43661091761856
grMJpaDdSrD,202010,23.34559084581316
grMJpaDdSrD,202011,18.29771707880404
grMJpaDdSrD,202012,14.818085394001988
grMJpaDdSrD,202101,14.167784486789683
grMJpaDdSrD,202102,16.660608827363735
grMJpaDdSrD,202103,21.428653672004877
grMJpaDdSrD,202104,24.685970460732086
grMJpaDdSrD,202105,23.71997601481852
grMJpaDdSrD,202106,25.00577793921045
grMJpaDdSrD,202107,25.28482274778464
grMJpaDdSrD,202108,24.716559331611307
grMJpaDdSrD,202109,24.977190709680887
grMJpaDdSrD,202110,22.85697106558017
grMJpaDdSrD,202111,17.443161706444474
grMJpaDdSrD,202112,14.57355072117447
grMJpaDdSrD,202201,12.905480873226654
grMJpaDdSrD,202202,14.065451960894707
grMJpaDdSrD,202203,22.39554449950517
grMJpaDdSrD,202204,24.52522841870257
grMJpaDdSrD,202205,25.09624426257775
grMJpaDdSrD,202206,24.84269723442632
grMJpaDdSrD,202207,25.87446607199046
grMJpaDdSrD,202208,25.707886144339472
grMJpaDdSrD,202209,24.485213793268688
grMJpaDdSrD,202210,22.207278509041807
grMJpaDdSrD,202211,18.76860933840937
grMJpaDdSrD,202212,15.821270901157394
grMJpaDdSrD,202301,13.977469252034778
grMJpaDdSrD,202302,17.530734802358335
grMJpaDdSrD,202303,20.32246171404329
grMJpaDdSrD,202304,24.585185374423027
grMJpaDdSrD,202305,25.67357082715588
grMJpaDdSrD,202306,27.2952165111778
grMJpaDdSrD,202307,25.977474272322848
grMJpaDdSrD,202308,25.58057135481243
grMJpaDdSrD,202309,25.73707745485438
grMJpaDdSrD,202310,22.36234508832344
grMJpaDdSrD,202311,19.43053369033576
grMJpaDdSrD,202312,15.996659125451885
grMJpaDdSrD,202401,13.502185428442488
grMJpaDdSrD,202402,15.699484445752992
grMJpaDdSrD,202403,20.2818164094131
grMJpaDdSrD,202404,26.28121077112409
grMJpaDdSrD,202405,26.673205066015356
grMJpaDdSrD,202406,26.087833034229487
grMJpaDdSrD,202407,26.091509942919785
grMJpaDdSrD,202408,25.789165143457414
grMJpaDdSrD,202409,25.92095248406292
grMJpaDdSrD,202410,23.02876350619009
grMJpaDdSrD,202411,19.278574125690444
grMJpaDdSrD,202412,15.190585109540558
hasbXH0dTqM,201601,8.68656113793756
hasbXH0dTqM,201602,12.436003417473692
hasbXH0dTqM,201603,15.63276931053642
hasbXH0dTqM,201604,19.673844111241326
hasbXH0dTqM,201605,19.229477791561617
hasbXH0dTqM,201606,20.94074577309584
hasbXH0dTqM,201607,20.91545802161781
hasbXH0dTqM,201608,21.85552966106504
hasbXH0dTqM,201609,20.213395761469112
hasbXH0dTqM,201610,18.31451647352557
hasbXH0dTqM,201611,14.525957517811715
hasbXH0dTqM,201612,12.197988770781429
hasbXH0dTqM,201701,9.703564603468998
hasbXH0dTqM,201702,12.523382228916358
hasbXH0dTqM,201703,13.524650653240396
hasbXH0dTqM,201704,17.519315743810772
hasbXH0dTqM,201705,19.08276998894978
hasbXH0dTqM,201706,21.242031108487463
hasbXH0dTqM,201707,21.29059232334367
hasbXH0dTqM,201708,21.28630200174601
hasbXH0dTqM,201709,20.735396809999365
hasbXH0dTqM,201710,18.23253724803375
hasbXH0dTqM,201711,14.101108480175224
hasbXH0dTqM,201712,12.172932309996082
hasbXH0dTqM,201801,9.251300922841782
hasbXH0dTqM,201802,12.142101787855594
hasbXH0dTqM,201803,14.723402289022689
hasbXH0dTqM,201804,17.03553697407955
hasbXH0dTqM,201805,18.85101880890763
hasbXH0dTqM,201806,21.271187271521917
hasbXH0dTqM,201807,21.50136395372244
hasbXH0dTqM,201808,21.3770358521868
hasbXH0dTqM,201809,20.500056610341947
hasbXH0dTqM,201810,16.32108987682251
hasbXH0dTqM,201811,13.470881946387856
hasbXH0dTqM,201812,10.101025273543016
hasbXH0dTqM,201901,9.017462518827305
hasbXH0dTqM,201902,10.896486548991255
hasbXH0dTqM,201903,13.88879438621966
hasbXH0dTqM,201904,17.01578820650902
hasbXH0dTqM,201905,19.55605282834935
hasbXH0dTqM,201906,21.56129396500373
hasbXH0dTqM,201907,21.2702232217294
hasbXH0dTqM,201908,22.008728815521483
hasbXH0dTqM,201909,20.315424480520768
hasbXH0dTqM,201910,17.587777625213647
hasbXH0dTqM,201911,15.168473695461556
hasbXH0dTqM,201912,9.670959453147027
hasbXH0dTqM,202001,9.01668292195969
hasbXH0dTqM,202002,10.729644769103254
hasbXH0dTqM,202003,13.879646054569578
hasbXH0dTqM,202004,16.762500846135783
hasbXH0dTqM,202005,18.794854224741528
hasbXH0dTqM,202006,20.86584309803268
hasbXH0dTqM,202007,21.00515152672532
hasbXH0dTqM,202008,21.789723988402528
hasbXH0dTqM,202009,20.599884992637232
hasbXH0dTqM,202010,19.52883761573656
hasbXH0dTqM,202011,14.259906723062764
hasbXH0dTqM,202012,10.932072619386089
hasbXH0dTqM,202101,10.451037018542166
hasbXH0dTqM,202102,11.904689528318272
hasbXH0dTqM,202103,15.402937484136917
hasbXH0dTqM,202104,18.25471016025096
hasbXH0dTqM,202105,18.99069914480873
hasbXH0dTqM,202106,20.935396896681063
hasbXH0dTqM,202107,21.42824716679403
hasbXH0dTqM,202108,21.041840634142297
hasbXH0dTqM,202109,21.015782984719905
hasbXH0dTqM,202110,18.81559688223137
hasbXH0dTqM,202111,13.41064669315583
hasbXH0dTqM,202112,10.6679319326139
hasbXH0dTqM,202201,8.584522219197991
hasbXH0dTqM,202202,8.975543514420357
hasbXH0dTqM,202203,16.733453941228408
hasbXH0dTqM,202204,18.65085162803647
hasbXH0dTqM,202205,19.73683114633651
hasbXH0dTqM,202206,20.70593029411732
hasbXH0dTqM,202207,21.797677799108563
hasbXH0dTqM,202208,21.74846256320505
hasbXH0dTqM,202209,20.509585539657067
hasbXH0dTqM,202210,18.125203343763715
hasbXH0dTqM,202211,14.11468142765719
hasbXH0dTqM,202212,11.24543854594828
hasbXH0dTqM,202301,10.264238056208418
hasbXH0dTqM,202302,12.483069056912486
hasbXH0dTqM,202303,14.285446424573532
hasbXH0dTqM,202304,18.07997857649447
hasbXH0dTqM,202305,19.40630167287495
hasbXH0dTqM,202306,21.91413243288212
hasbXH0dTqM,202307,21.940724765632545
hasbXH0dTqM,202308,21.715027969933185
hasbXH0dTqM,202309,21.654946732941923
hasbXH0dTqM,202310,17.958312695995414
hasbXH0dTqM,202311,14.892894485754208
hasbXH0dTqM,202312,11.702695469091177
hasbXH0dTqM,202401,9.20024286933625
hasbXH0dTqM,202402,11.01866662417503
hasbXH0dTqM,202403,15.024910446059952
hasbXH0dTqM,202404,20.134662263700346
hasbXH0dTqM,202405,20.989570371038987
hasbXH0dTqM,202406,21.68307758398525
hasbXH0dTqM,202407,22.393916862820063
hasbXH0dTqM,202408,21.957849419403352
hasbXH0dTqM,202409,21.950653323011363
hasbXH0dTqM,202410,18.555190291293098
hasbXH0dTqM,202411,14.735703209378704
hasbXH0dTqM,202412,10.964020627250417
i6gMyoP9ReK,201601,15.829606899034388
i6gMyoP9ReK,201602,19.221693255186928
i6gMyoP9ReK,201603,23.951223647912983
i6gMyoP9ReK,201604,28.10357062672735
i6gMyoP9ReK,201605,26.289681102180054
i6gMyoP9ReK,201606,27.031183576069083
i6gMyoP9ReK,201607,26.35146928261838
i6gMyoP9ReK,201608,27.8737870086602
i6gMyoP9ReK,201609,25.90143205973473
i6gMyoP9ReK,201610,24.654638581140503
i6gMyoP9ReK,201611,20.99795870578743
i6gMyoP9ReK,201612,17.64871025232751
i6gMyoP9ReK,201701,16.152898858579416
i6gMyoP9ReK,201702,19.23236067929089
i6gMyoP9ReK,201703,21.149847069427587
i6gMyoP9ReK,201704,25.035848269589465
i6gMyoP9ReK,201705,26.906573232120515
i6gMyoP9ReK,201706,27.61244164795449
i6gMyoP9ReK,201707,26.77362655138504
i6gMyoP9ReK,201708,26.839149104254403
i6gMyoP9ReK,201709,26.72666936545521
i6gMyoP9ReK,201710,24.655611031201342
i6gMyoP9ReK,201711,20.76851290305788
i6gMyoP9ReK,201712,18.13779205947309
i6gMyoP9ReK,201801,15.24822231998372
i6gMyoP9ReK,201802,19.14768834519795
i6gMyoP9ReK,201803,23.53566193508045
i6gMyoP9ReK,201804,25.25187675294911
i6gMyoP9ReK,201805,25.97143636746371
i6gMyoP9ReK,201806,27.415917159170544
i6gMyoP9ReK,201807,27.222702267584875
i6gMyoP9ReK,201808,27.127428546983097
i6gMyoP9ReK,201809,26.55677744797004
i6gMyoP9ReK,201810,23.57480317204137
i6gMyoP9ReK,201811,20.85453697653517
i6gMyoP9ReK,201812,16.93986875520692
i6gMyoP9ReK,201901,16.040306022784435
i6gMyoP9ReK,201902,18.131790130351597
i6gMyoP9ReK,201903,22.31800469538359
i6gMyoP9ReK,201904,25.45247072776469
i6gMyoP9ReK,201905,27.34578317241865
i6gMyoP9ReK,201906,27.932241931725223
i6gMyoP9ReK,201907,26.92773777106731
i6gMyoP9ReK,201908,27.79381246299708
i6gMyoP9ReK,201909,25.893860021930248
i6gMyoP9ReK,201910,23.99380549149231
i6gMyoP9ReK,201911,22.391181136077567
i6gMyoP9ReK,201912,15.7933663562833
i6gMyoP9ReK,202001,15.21714779296556
i6gMyoP9ReK,202002,17.893172461176395
i6gMyoP9ReK,202003,22.560721613632943
i6gMyoP9ReK,202004,25.03660451771792
i6gMyoP9ReK,202005,25.9303091181801
i6gMyoP9ReK,202006,26.67643068775373
i6gMyoP9ReK,202007,26.37129285025841
i6gMyoP9ReK,202008,27.431262165080685
i6gMyoP9ReK,202009,26.185600449640795
i6gMyoP9ReK,202010,25.336949110792105
i6gMyoP9ReK,202011,20.251782708462382
i6gMyoP9ReK,202012,16.7099349784626
i6gMyoP9ReK,202101,15.947014652480096
i6gMyoP9ReK,202102,18.58238905183055
i6gMyoP9ReK,202103,23.37798216907055
i6gMyoP9ReK,202104,26.70607911171373
i6gMyoP9ReK,202105,25.587676550109848
i6gMyoP9ReK,202106,26.63582348306094
i6gMyoP9ReK,202107,27.09287941690951
i6gMyoP9ReK,202108,26.424746696477246
i6gMyoP9ReK,202109,26.881658911148296
i6gMyoP9ReK,202110,24.81928721222348
i6gMyoP9ReK,202111,19.36805275105786
i6gMyoP9ReK,202112,16.58591312681896
i6gMyoP9ReK,202201,14.993591257872191
i6gMyoP9ReK,202202,16.17891326927058
i6gMyoP9ReK,202203,24.532753999618592
i6gMyoP9ReK,202204,26.176109003885383
i6gMyoP9ReK,202205,26.616451861824324
i6gMyoP9ReK,202206,26.219631277771857
i6gMyoP9ReK,202207,27.67296222653151
i6gMyoP9ReK,202208,27.54042986320429
i6gMyoP9ReK,202209,26.25415429649773
i6gMyoP9ReK,202210,24.084988739106542
i6gMyoP9ReK,202211,20.61985151828236
i6gMyoP9ReK,202212,17.601090385832215
i6gMyoP9ReK,202301,15.496897340729094
i6gMyoP9ReK,202302,19.477287812876195
i6gMyoP9ReK,202303,22.37006566914389
i6gMyoP9ReK,202304,26.444072591880023
i6gMyoP9ReK,202305,27.830449448606583
i6gMyoP9ReK,202306,28.87453221482409
i6gMyoP9ReK,202307,27.755943117569636
i6gMyoP9ReK,202308,27.4367044629171
i6gMyoP9ReK,202309,27.59078192381725
i6gMyoP9ReK,202310,24.44862704211395
i6gMyoP9ReK,202311,21.632972959141824
i6gMyoP9ReK,202312,17.92129371291139
i6gMyoP9ReK,202401,15.493065933505388
i6gMyoP9ReK,202402,17.648636471825036
i6gMyoP9ReK,202403,22.33847312098686
i6gMyoP9ReK,202404,27.969539595180247
i6gMyoP9ReK,202405,28.742847408971784
i6gMyoP9ReK,202406,27.607234474478982
i6gMyoP9ReK,202407,27.72370214905656
i6gMyoP9ReK,202408,27.47693063516237
i6gMyoP9ReK,202409,27.690174471190087
i6gMyoP9ReK,202410,24.99184631644525
i6gMyoP9ReK,202411,21.519330792604677
i6gMyoP9ReK,202412,17.11327363113821
iqLM1XBMxyu,201601,0.9476206442201672
iqLM1XBMxyu,201602,3.3569265767168326
iqLM1XBMxyu,201603,5.993482800877952
iqLM1XBMxyu,201604,9.763855004622611
iqLM1XBMxyu,201605,11.409898669268753
iqLM1XBMxyu,201606,14.486517399561045
iqLM1XBMxyu,201607,14.997525799678996
iqLM1XBMxyu,201608,15.404804003199985
iqLM1XBMxyu,201609,13.702778366994522
iqLM1XBMxyu,201610,10.699486521865332
iqLM1XBMxyu,201611,7.387678356109294
iqLM1XBMxyu,201612,6.457393160518265
iqLM1XBMxyu,201701,-0.2655838503057959
iqLM1XBMxyu,201702,3.4399846888653016
iqLM1XBMxyu,201703,4.159984333409406
iqLM1XBMxyu,201704,9.025395342142703
iqLM1XBMxyu,201705,11.386204298562667
iqLM1XBMxyu,201706,14.446046962616556
iqLM1XBMxyu,201707,15.270258020891712
iqLM1XBMxyu,201708,15.06068035930616
iqLM1XBMxyu,201709,14.174910689159828
iqLM1XBMxyu,201710,10.84656067773216
iqLM1XBMxyu,201711,6.346112472943234
iqLM1XBMxyu,201712,4.847836381379842
iqLM1XBMxyu,201801,2.584910374058414
iqLM1XBMxyu,201802,3.2610281303829733
iqLM1XBMxyu,201803,5.200515589198388
iqLM1XBMxyu,201804,8.58691356128107
iqLM1XBMxyu,201805,10.921663219959576
iqLM1XBMxyu,201806,14.588833381745774
iqLM1XBMxyu,201807,15.457575266442882
iqLM1XBMxyu,201808,15.19261765804493
iqLM1XBMxyu,201809,13.599457193004074
iqLM1XBMxyu,201810,8.10280740501833
iqLM1XBMxyu,201811,6.510847603757091
iqLM1XBMxyu,201812,1.885342256101348
iqLM1XBMxyu,201901,-0.678512523432757
iqLM1XBMxyu,201902,1.12649092597843
iqLM1XBMxyu,201903,3.633228447852353
iqLM1XBMxyu,201904,8.155388447845587
iqLM1XBMxyu,201905,11.08410567412842
iqLM1XBMxyu,201906,14.407225603333217
iqLM1XBMxyu,201907,15.28093422532049
iqLM1XBMxyu,201908,15.6273546957908
iqLM1XBMxyu,201909,13.626091533537698
iqLM1XBMxyu,201910,10.043345721903494
iqLM1XBMxyu,201911,7.442361460203772
iqLM1XBMxyu,201912,1.2675696602457376
iqLM1XBMxyu,202001,-1.073088303585443
iqLM1XBMxyu,202002,1.2977073988504206
iqLM1XBMxyu,202003,3.7482267482377543
iqLM1XBMxyu,202004,7.222458316751466
iqLM1XBMxyu,202005,10.11544233882444
iqLM1XBMxyu,202006,13.675347631197004
iqLM1XBMxyu,202007,14.965458239194602
iqLM1XBMxyu,202008,15.496608914880657
iqLM1XBMxyu,202009,14.298498610700973
iqLM1XBMxyu,202010,11.501568238171298
iqLM1XBMxyu,202011,5.602172930723992
iqLM1XBMxyu,202012,3.4459339139894207
iqLM1XBMxyu,202101,3.455246995686189
iqLM1XBMxyu,202102,2.887021511950485
iqLM1XBMxyu,202103,5.692488294357562
iqLM1XBMxyu,202104,7.426397043518135
iqLM1XBMxyu,202105,10.521186793508694
iqLM1XBMxyu,202106,14.082490306176448
iqLM1XBMxyu,202107,15.02288402473875
iqLM1XBMxyu,202108,14.778026542531103
iqLM1XBMxyu,202109,14.023504690468114
iqLM1XBMxyu,202110,11.26762115241512
iqLM1XBMxyu,202111,6.890991435906708
iqLM1XBMxyu,202112,1.804108705652917
iqLM1XBMxyu,202201,-0.9892786051905162
iqLM1XBMxyu,202202,-0.524133372020763
iqLM1XBMxyu,202203,6.95653143445516
iqLM1XBMxyu,202204,10.3036059866107
iqLM1XBMxyu,202205,11.755519512120996
iqLM1XBMxyu,202206,14.436913705399228
iqLM1XBMxyu,202207,15.496671318865133
iqLM1XBMxyu,202208,15.330663500008638
iqLM1XBMxyu,202209,13.837719392285862
iqLM1XBMxyu,202210,9.712873452682372
iqLM1XBMxyu,202211,6.819733516677625
iqLM1XBMxyu,202212,4.8119652565534405
iqLM1XBMxyu,202301,2.280894563852404
iqLM1XBMxyu,202302,4.5019530258078175
iqLM1XBMxyu,202303,4.530281276376641
iqLM1XBMxyu,202304,7.337508631235182
iqLM1XBMxyu,202305,9.950428742204084
iqLM1XBMxyu,202306,14.263455078454204
iqLM1XBMxyu,202307,15.552406788976093
iqLM1XBMxyu,202308,15.385330985781138
iqLM1XBMxyu,202309,14.773115998562282
iqLM1XBMxyu,202310,9.662860849951208
iqLM1XBMxyu,202311,6.068274588154271
iqLM1XBMxyu,202312,2.9303561796131143
iqLM1XBMxyu,202401,0.5048778596960576
iqLM1XBMxyu,202402,1.2685453127192354
iqLM1XBMxyu,202403,4.94904232381533
iqLM1XBMxyu,202404,9.533132319596254
iqLM1XBMxyu,202405,12.68387061559972
iqLM1XBMxyu,202406,15.150536123449758
iqLM1XBMxyu,202407,16.146787963052844
iqLM1XBMxyu,202408,15.506760634641587
iqLM1XBMxyu,202409,14.770344142432135
iqLM1XBMxyu,202410,11.163715161338796
iqLM1XBMxyu,202411,7.227528382015345
iqLM1XBMxyu,202412,3.379697916650183
j0gE31YxwHQ,201601,14.974505138289029
j0gE31YxwHQ,201602,19.12304085981286
j0gE31YxwHQ,201603,23.716371241712565
j0gE31YxwHQ,201604,28.654108726913325
j0gE31YxwHQ,201605,26.650423207773382
j0gE31YxwHQ,201606,27.073481598530897
j0gE31YxwHQ,201607,26.089627918534795
j0gE31YxwHQ,201608,27.345675800307244
j0gE31YxwHQ,201609,25.360490389925637
j0gE31YxwHQ,201610,24.074594598337686
j0gE31YxwHQ,201611,20.05516044692545
j0gE31YxwHQ,201612,16.719265604289717
j0gE31YxwHQ,201701,15.314094529779442
j0gE31YxwHQ,201702,18.920740754668994
j0gE31YxwHQ,201703,20.87522613035613
j0gE31YxwHQ,201704,25.455120562715287
j0gE31YxwHQ,201705,26.617951042897207
j0gE31YxwHQ,201706,27.331875614164947
j0gE31YxwHQ,201707,26.417672350622123
j0gE31YxwHQ,201708,26.177721357910038
j0gE31YxwHQ,201709,26.315464148176165
j0gE31YxwHQ,201710,24.574415387805544
j0gE31YxwHQ,201711,20.546457397577463
j0gE31YxwHQ,201712,17.453853163458685
j0gE31YxwHQ,201801,13.939596610785667
j0gE31YxwHQ,201802,18.575836646670837
j0gE31YxwHQ,201803,23.326504883569523
j0gE31YxwHQ,201804,25.7990531604684
j0gE31YxwHQ,201805,26.31730162190892
j0gE31YxwHQ,201806,27.853165115069142
j0gE31YxwHQ,201807,26.814631601976615
j0gE31YxwHQ,201808,26.63507837456056
j0gE31YxwHQ,201809,26.030414922270506
j0gE31YxwHQ,201810,22.808947011124825
j0gE31YxwHQ,201811,19.99093128903849
j0gE31YxwHQ,201812,15.849241376295693
j0gE31YxwHQ,201901,15.089490079144245
j0gE31YxwHQ,201902,16.931171818130604
j0gE31YxwHQ,201903,21.302349746710583
j0gE31YxwHQ,201904,25.048757864734668
j0gE31YxwHQ,201905,28.981889296930945
j0gE31YxwHQ,201906,29.04909044404132
j0gE31YxwHQ,201907,26.817134816593157
j0gE31YxwHQ,201908,27.42805462668419
j0gE31YxwHQ,201909,25.43720967495756
j0gE31YxwHQ,201910,23.348200726203583
j0gE31YxwHQ,201911,20.944975158348445
j0gE31YxwHQ,201912,14.614756661319358
j0gE31YxwHQ,202001,13.538380547831338
j0gE31YxwHQ,202002,16.25772592600495
j0gE31YxwHQ,202003,20.95507196686831
j0gE31YxwHQ,202004,24.25116853239074
j0gE31YxwHQ,202005,26.18365695446897
j0gE31YxwHQ,202006,26.162965600965403
j0gE31YxwHQ,202007,25.890218721730243
j0gE31YxwHQ,202008,27.063361327993903
j0gE31YxwHQ,202009,25.86727715916267
j0gE31YxwHQ,202010,25.003814242133807
j0gE31YxwHQ,202011,19.79826706109844
j0gE31YxwHQ,202012,15.8008555465584
j0gE31YxwHQ,202101,15.156711764881376
j0gE31YxwHQ,202102,17.953192666557257
j0gE31YxwHQ,202103,23.28003426005704
j0gE31YxwHQ,202104,26.692344082673475
j0gE31YxwHQ,202105,24.942500389101344
j0gE31YxwHQ,202106,26.2177363016254
j0gE31YxwHQ,202107,26.469311128099974
j0gE31YxwHQ,202108,25.759967948685865
j0gE31YxwHQ,202109,26.045912557129697
j0gE31YxwHQ,202110,24.23546406189717
j0gE31YxwHQ,202111,18.98394642431724
j0gE31YxwHQ,202112,15.561902593202452
j0gE31YxwHQ,202201,13.590825825349516
j0gE31YxwHQ,202202,15.114568017303254
j0gE31YxwHQ,202203,23.892254123581207
j0gE31YxwHQ,202204,27.096615765389704
j0gE31YxwHQ,202205,26.595915247229797
j0gE31YxwHQ,202206,27.18682577977308
j0gE31YxwHQ,202207,27.429810401331437
j0gE31YxwHQ,202208,27.22493222306495
j0gE31YxwHQ,202209,25.614842064331057
j0gE31YxwHQ,202210,23.23550208260265
j0gE31YxwHQ,202211,19.78681147994365
j0gE31YxwHQ,202212,16.518116111541822
j0gE31YxwHQ,202301,14.533510223267683
j0gE31YxwHQ,202302,18.50235796821276
j0gE31YxwHQ,202303,22.163512735915607
j0gE31YxwHQ,202304,26.313908584618
j0gE31YxwHQ,202305,27.47580627506836
j0gE31YxwHQ,202306,29.952386480388203
j0gE31YxwHQ,202307,27.492859932065667
j0gE31YxwHQ,202308,26.829896689797163
j0gE31YxwHQ,202309,27.331671046892563
j0gE31YxwHQ,202310,24.033011667885702
j0gE31YxwHQ,202311,21.199016845262747
j0gE31YxwHQ,202312,17.3410658398346
j0gE31YxwHQ,202401,14.557806723233105
j0gE31YxwHQ,202402,17.193402182728388
j0gE31YxwHQ,202403,22.180706958853342
j0gE31YxwHQ,202404,28.89604973463944
j0gE31YxwHQ,202405,28.903914107496067
j0gE31YxwHQ,202406,28.964488618973927
j0gE31YxwHQ,202407,27.42258841673645
j0gE31YxwHQ,202408,26.99570269322675
j0gE31YxwHQ,202409,26.875236293248907
j0gE31YxwHQ,202410,24.52186449812869
j0gE31YxwHQ,202411,20.299250004748504
j0gE31YxwHQ,202412,15.61859416488094
j4HVtKmVtwQ,201601,16.05261774708336
j4HVtKmVtwQ,201602,20.46928056064406
j4HVtKmVtwQ,201603,25.253578092946565
j4HVtKmVtwQ,201604,30.70808169337421
j4HVtKmVtwQ,201605,28.03715361751452
j4HVtKmVtwQ,201606,28.5859686691594
j4HVtKmVtwQ,201607,27.089669505375323
j4HVtKmVtwQ,201608,28.378168082868356
j4HVtKmVtwQ,201609,26.350603264573888
j4HVtKmVtwQ,201610,25.121594873421856
j4HVtKmVtwQ,201611,21.228906445637328
j4HVtKmVtwQ,201612,17.76062418652215
j4HVtKmVtwQ,201701,16.232191162964384
j4HVtKmVtwQ,201702,19.627866259927167
j4HVtKmVtwQ,201703,22.21187398192608
j4HVtKmVtwQ,201704,27.590581464468062
j4HVtKmVtwQ,201705,29.02490916473425
j4HVtKmVtwQ,201706,28.844802454508887
j4HVtKmVtwQ,201707,27.348580181813947
j4HVtKmVtwQ,201708,27.30402322083493
j4HVtKmVtwQ,201709,27.410985283425912
j4HVtKmVtwQ,201710,25.484641863365717
j4HVtKmVtwQ,201711,21.066888521952272
j4HVtKmVtwQ,201712,18.21388982799613
j4HVtKmVtwQ,201801,14.889736234557096
j4HVtKmVtwQ,201802,19.185451912153848
j4HVtKmVtwQ,201803,24.757304275270887
j4HVtKmVtwQ,201804,28.002539900089207
j4HVtKmVtwQ,201805,28.55683323819919
j4HVtKmVtwQ,201806,29.496442444768384
j4HVtKmVtwQ,201807,28.021399337439668
j4HVtKmVtwQ,201808,27.65570993272732
j4HVtKmVtwQ,201809,27.2065114245954
j4HVtKmVtwQ,201810,24.18091198711324
j4HVtKmVtwQ,201811,21.39000071857051
j4HVtKmVtwQ,201812,16.771634891410187
j4HVtKmVtwQ,201901,15.942228558555952
j4HVtKmVtwQ,201902,18.042622988715703
j4HVtKmVtwQ,201903,22.678328722996028
j4HVtKmVtwQ,201904,27.193504124415345
j4HVtKmVtwQ,201905,30.92027299102671
j4HVtKmVtwQ,201906,31.424492473635883
j4HVtKmVtwQ,201907,27.977932465944598
j4HVtKmVtwQ,201908,28.46030643364301
j4HVtKmVtwQ,201909,26.37769627009221
j4HVtKmVtwQ,201910,24.43155644559545
j4HVtKmVtwQ,201911,22.118044784806223
j4HVtKmVtwQ,201912,15.314685703841446
j4HVtKmVtwQ,202001,14.821478502290578
j4HVtKmVtwQ,202002,17.408023147530397
j4HVtKmVtwQ,202003,22.619577623697477
j4HVtKmVtwQ,202004,26.692905516418797
j4HVtKmVtwQ,202005,28.13530690498971
j4HVtKmVtwQ,202006,27.519572287770075
j4HVtKmVtwQ,202007,27.11138189127163
j4HVtKmVtwQ,202008,28.22551904119617
j4HVtKmVtwQ,202009,27.04164141202038
j4HVtKmVtwQ,202010,25.81445691819159
j4HVtKmVtwQ,202011,20.47840518439053
j4HVtKmVtwQ,202012,16.67241158505691
j4HVtKmVtwQ,202101,15.7671079516587
j4HVtKmVtwQ,202102,19.02848351567728
j4HVtKmVtwQ,202103,24.63764910135816
j4HVtKmVtwQ,202104,28.37277786734736
j4HVtKmVtwQ,202105,26.45384171967793
j4HVtKmVtwQ,202106,27.46124207622829
j4HVtKmVtwQ,202107,27.672579533499384
j4HVtKmVtwQ,202108,26.883916756145467
j4HVtKmVtwQ,202109,27.313163074187948
j4HVtKmVtwQ,202110,25.06282481965477
j4HVtKmVtwQ,202111,19.59654894828814
j4HVtKmVtwQ,202112,16.60205870474773
j4HVtKmVtwQ,202201,14.751850292864557
j4HVtKmVtwQ,202202,16.22063554394749
j4HVtKmVtwQ,202203,25.356882597236662
j4HVtKmVtwQ,202204,29.385162948865243
j4HVtKmVtwQ,202205,29.281388494976923
j4HVtKmVtwQ,202206,29.002794491030908
j4HVtKmVtwQ,202207,28.70957997663497
j4HVtKmVtwQ,202208,28.18474494827008
j4HVtKmVtwQ,202209,26.75604704497416
j4HVtKmVtwQ,202210,24.160822839814912
j4HVtKmVtwQ,202211,20.607103897839213
j4HVtKmVtwQ,202212,17.353389563596146
j4HVtKmVtwQ,202301,15.303445126231738
j4HVtKmVtwQ,202302,19.31049540578234
j4HVtKmVtwQ,202303,23.28486935051214
j4HVtKmVtwQ,202304,27.87341034649012
j4HVtKmVtwQ,202305,29.577751004154397
j4HVtKmVtwQ,202306,31.942800909567502
j4HVtKmVtwQ,202307,28.714691149040164
j4HVtKmVtwQ,202308,28.064222348646336
j4HVtKmVtwQ,202309,28.234635706760912
j4HVtKmVtwQ,202310,24.862437929897258
j4HVtKmVtwQ,202311,21.80793442498189
j4HVtKmVtwQ,202312,17.942927329295262
j4HVtKmVtwQ,202401,15.199734328440927
j4HVtKmVtwQ,202402,17.68468893631038
j4HVtKmVtwQ,202403,22.973689787982405
j4HVtKmVtwQ,202404,29.976980639630213
j4HVtKmVtwQ,202405,30.41956316820442
j4HVtKmVtwQ,202406,30.69349931429349
j4HVtKmVtwQ,202407,28.60339491878118
j4HVtKmVtwQ,202408,28.001889518244845
j4HVtKmVtwQ,202409,28.045590110852537
j4HVtKmVtwQ,202410,25.699510240518624
j4HVtKmVtwQ,202411,21.636281133397876
j4HVtKmVtwQ,202412,16.67023104781913
jJmNryYp6Mc,201601,-10.767349878827446
jJmNryYp6Mc,201602,-8.267555426357893
jJmNryYp6Mc,201603,-5.4642566190376325
jJmNryYp6Mc,201604,-0.9257758261801624
jJmNryYp6Mc,201605,3.124625164795352
jJmNryYp6Mc,201606,8.25703729705899
jJmNryYp6Mc,201607,9.190429806305582
jJmNryYp6Mc,201608,8.581916436966386
jJmNryYp6Mc,201609,7.08111109913546
jJmNryYp6Mc,201610,2.7475670063120803
jJmNryYp6Mc,201611,-0.543790074671711
jJmNryYp6Mc,201612,-1.6905626740699289
jJmNryYp6Mc,201701,-12.242493071206304
jJmNryYp6Mc,201702,-8.047343568508394
jJmNryYp6Mc,201703,-6.973973952950818
jJmNryYp6Mc,201704,-1.3189004989988489
jJmNryYp6Mc,201705,2.449312823996362
jJmNryYp6Mc,201706,7.15546264531349
jJmNryYp6Mc,201707,9.068620028225205
jJmNryYp6Mc,201708,9.11131858441412
jJmNryYp6Mc,201709,6.852728261259628
jJmNryYp6Mc,201710,2.7929101116333044
jJmNryYp6Mc,201711,-3.5151376336673588
jJmNryYp6Mc,201712,-7.872438885105761
jJmNryYp6Mc,201801,-7.916291273049228
jJmNryYp6Mc,201802,-8.944273999299408
jJmNryYp6Mc,201803,-6.169978727682375
jJmNryYp6Mc,201804,-0.8194800869738128
jJmNryYp6Mc,201805,2.9966149366888217
jJmNryYp6Mc,201806,8.096927754483605
jJmNryYp6Mc,201807,9.54828643098168
jJmNryYp6Mc,201808,9.138456719324616
jJmNryYp6Mc,201809,6.221853882831025
jJmNryYp6Mc,201810,-0.377885070233057
jJmNryYp6Mc,201811,-2.7319606307629165
jJmNryYp6Mc,201812,-9.189276933292827
jJmNryYp6Mc,201901,-12.748840557824463
jJmNryYp6Mc,201902,-11.123387928991267
jJmNryYp6Mc,201903,-8.33378261742689
jJmNryYp6Mc,201904,-1.2278137016818518
jJmNryYp6Mc,201905,1.6425524434614591
jJmNryYp6Mc,201906,6.437004444169447
jJmNryYp6Mc,201907,8.95796387673537
jJmNryYp6Mc,201908,8.973952568418659
jJmNryYp6Mc,201909,7.355146215568504
jJmNryYp6Mc,201910,1.198320535202638
jJmNryYp6Mc,201911,-3.4525018307487967
jJmNryYp6Mc,201912,-12.396458195125438
jJmNryYp6Mc,202001,-12.95511963005548
jJmNryYp6Mc,202002,-10.79199620464172
jJmNryYp6Mc,202003,-7.777114396619686
jJmNryYp6Mc,202004,-3.1063051806745072
jJmNryYp6Mc,202005,1.7580571460786152
jJmNryYp6Mc,202006,6.5701082678560505
jJmNryYp6Mc,202007,9.257989422941158
jJmNryYp6Mc,202008,9.690145325362153
jJmNryYp6Mc,202009,7.532454264059163
jJmNryYp6Mc,202010,3.4860121858992974
jJmNryYp6Mc,202011,-5.632305365332032
jJmNryYp6Mc,202012,-8.456622894838016
jJmNryYp6Mc,202101,-7.92365225595637
jJmNryYp6Mc,202102,-7.997734681862904
jJmNryYp6Mc,202103,-5.116686460368061
jJmNryYp6Mc,202104,-3.810320799919308
jJmNryYp6Mc,202105,2.088771793883322
jJmNryYp6Mc,202106,6.524267411530739
jJmNryYp6Mc,202107,9.551917518884563
jJmNryYp6Mc,202108,9.15131938388987
jJmNryYp6Mc,202109,7.495800103265992
jJmNryYp6Mc,202110,1.9710382455017683
jJmNryYp6Mc,202111,-3.327445714055344
jJmNryYp6Mc,202112,-11.304505358219568
jJmNryYp6Mc,202201,-13.249202259889763
jJmNryYp6Mc,202202,-12.411823757598803
jJmNryYp6Mc,202203,-3.1344782045163724
jJmNryYp6Mc,202204,1.7505557464916854
jJmNryYp6Mc,202205,4.4619338551286285
jJmNryYp6Mc,202206,8.000855195766226
jJmNryYp6Mc,202207,9.703430493796448
jJmNryYp6Mc,202208,9.24296482419896
jJmNryYp6Mc,202209,6.8433660363236
jJmNryYp6Mc,202210,-0.8586490260186842
jJmNryYp6Mc,202211,-3.553128601578232
jJmNryYp6Mc,202212,-5.4793181892734495
jJmNryYp6Mc,202301,-9.83321939487568
jJmNryYp6Mc,202302,-7.22102965189199
jJmNryYp6Mc,202303,-5.313748861991171
jJmNryYp6Mc,202304,-3.3200222427764245
jJmNryYp6Mc,202305,0.0031789307387898
jJmNryYp6Mc,202306,6.227852311294401
jJmNryYp6Mc,202307,9.69050576406129
jJmNryYp6Mc,202308,9.574752475791993
jJmNryYp6Mc,202309,7.7169477120253696
jJmNryYp6Mc,202310,0.585485659518867
jJmNryYp6Mc,202311,-2.432751759895952
jJmNryYp6Mc,202312,-7.934632458741862
jJmNryYp6Mc,202401,-9.333008697619317
jJmNryYp6Mc,202402,-10.183209804740326
jJmNryYp6Mc,202403,-5.86405597684859
jJmNryYp6Mc,202404,-1.491658258268401
jJmNryYp6Mc,202405,4.286799210361943
jJmNryYp6Mc,202406,8.786692301469675
jJmNryYp6Mc,202407,10.524398418449248
jJmNryYp6Mc,202408,9.522132815850728
jJmNryYp6Mc,202409,7.840044428689929
jJmNryYp6Mc,202410,2.9535455946084377
jJmNryYp6Mc,202411,-0.2358212174473347
jJmNryYp6Mc,202412,-6.416895804060697
kBRVmS9IKRE,201601,11.450475179220284
kBRVmS9IKRE,201602,14.89407433897632
kBRVmS9IKRE,201603,19.447373965429225
kBRVmS9IKRE,201604,24.908163328397965
kBRVmS9IKRE,201605,24.27211485817653
kBRVmS9IKRE,201606,24.619613258735622
kBRVmS9IKRE,201607,23.723439844419644
kBRVmS9IKRE,201608,24.34905281053909
kBRVmS9IKRE,201609,22.94830442438271
kBRVmS9IKRE,201610,20.855244874647607
kBRVmS9IKRE,201611,16.980557157356206
kBRVmS9IKRE,201612,14.10559737250922
kBRVmS9IKRE,201701,11.599543487425128
kBRVmS9IKRE,201702,15.23846008742513
kBRVmS9IKRE,201703,17.573016660131834
kBRVmS9IKRE,201704,23.09789039602321
kBRVmS9IKRE,201705,24.55514639616085
kBRVmS9IKRE,201706,25.04052182443697
kBRVmS9IKRE,201707,23.937347590901275
kBRVmS9IKRE,201708,23.792552901937903
kBRVmS9IKRE,201709,23.48017591238792
kBRVmS9IKRE,201710,21.23012022312619
kBRVmS9IKRE,201711,16.518850971976118
kBRVmS9IKRE,201712,13.883955771111737
kBRVmS9IKRE,201801,11.164855417215922
kBRVmS9IKRE,201802,15.159053994498189
kBRVmS9IKRE,201803,19.32582507899168
kBRVmS9IKRE,201804,21.959029962151416
kBRVmS9IKRE,201805,24.27989632503805
kBRVmS9IKRE,201806,25.60837228079317
kBRVmS9IKRE,201807,24.381056288142734
kBRVmS9IKRE,201808,23.642328197524087
kBRVmS9IKRE,201809,23.08701096393959
kBRVmS9IKRE,201810,19.47651107448684
kBRVmS9IKRE,201811,16.41434614178333
kBRVmS9IKRE,201812,11.99637904440752
kBRVmS9IKRE,201901,10.924387550991744
kBRVmS9IKRE,201902,12.800657369173134
kBRVmS9IKRE,201903,17.038531775988794
kBRVmS9IKRE,201904,21.912846848118814
kBRVmS9IKRE,201905,26.211414250985253
kBRVmS9IKRE,201906,26.53016512975954
kBRVmS9IKRE,201907,24.16470471590765
kBRVmS9IKRE,201908,24.49760863299123
kBRVmS9IKRE,201909,22.889600331736737
kBRVmS9IKRE,201910,20.10191346354418
kBRVmS9IKRE,201911,17.587392436905375
kBRVmS9IKRE,201912,11.486458967238704
kBRVmS9IKRE,202001,10.57672267829122
kBRVmS9IKRE,202002,12.897301965096874
kBRVmS9IKRE,202003,16.52872984729808
kBRVmS9IKRE,202004,20.94591043013062
kBRVmS9IKRE,202005,23.43645471352225
kBRVmS9IKRE,202006,23.892343108807097
kBRVmS9IKRE,202007,23.902497627214192
kBRVmS9IKRE,202008,24.4265295747962
kBRVmS9IKRE,202009,23.84019042218636
kBRVmS9IKRE,202010,21.61334673526684
kBRVmS9IKRE,202011,16.430513024617586
kBRVmS9IKRE,202012,12.684863247389574
kBRVmS9IKRE,202101,12.179904894163172
kBRVmS9IKRE,202102,14.710449100960693
kBRVmS9IKRE,202103,19.495334405488784
kBRVmS9IKRE,202104,22.705369490800717
kBRVmS9IKRE,202105,22.69908321946679
kBRVmS9IKRE,202106,23.990655524101943
kBRVmS9IKRE,202107,24.235083584507024
kBRVmS9IKRE,202108,23.580586762977607
kBRVmS9IKRE,202109,23.37662896553375
kBRVmS9IKRE,202110,21.319264693436427
kBRVmS9IKRE,202111,16.213503873660645
kBRVmS9IKRE,202112,12.249795765656394
kBRVmS9IKRE,202201,10.318721049903369
kBRVmS9IKRE,202202,11.819984900271477
kBRVmS9IKRE,202203,19.96233461956742
kBRVmS9IKRE,202204,24.80579176819425
kBRVmS9IKRE,202205,24.006012868152222
kBRVmS9IKRE,202206,26.04512856838656
kBRVmS9IKRE,202207,24.62522214972124
kBRVmS9IKRE,202208,24.53154158013001
kBRVmS9IKRE,202209,23.06403780518548
kBRVmS9IKRE,202210,19.64005396707937
kBRVmS9IKRE,202211,16.577430314320814
kBRVmS9IKRE,202212,13.190104214504377
kBRVmS9IKRE,202301,11.609501184422164
kBRVmS9IKRE,202302,15.254798614810008
kBRVmS9IKRE,202303,18.02705439760672
kBRVmS9IKRE,202304,21.71591269152796
kBRVmS9IKRE,202305,23.70130422555707
kBRVmS9IKRE,202306,26.977634691900857
kBRVmS9IKRE,202307,24.80937285113531
kBRVmS9IKRE,202308,24.138285022444933
kBRVmS9IKRE,202309,24.212329413234485
kBRVmS9IKRE,202310,20.530708108268996
kBRVmS9IKRE,202311,17.14569823475236
kBRVmS9IKRE,202312,13.583047996974692
kBRVmS9IKRE,202401,11.145732809984986
kBRVmS9IKRE,202402,13.062719217016232
kBRVmS9IKRE,202403,18.208394354867
kBRVmS9IKRE,202404,24.391175958180504
kBRVmS9IKRE,202405,26.264028432138407
kBRVmS9IKRE,202406,27.86005936935461
kBRVmS9IKRE,202407,25.07916710202194
kBRVmS9IKRE,202408,24.227526343711958
kBRVmS9IKRE,202409,24.000194660919146
kBRVmS9IKRE,202410,21.508323584034283
kBRVmS9IKRE,202411,17.175842683233746
kBRVmS9IKRE,202412,12.569087259083195
kfrKchZfqGr,201601,11.780416987202448
kfrKchZfqGr,201602,15.288264981412905
kfrKchZfqGr,201603,18.4657215865526
kfrKchZfqGr,201604,22.27364214231714
kfrKchZfqGr,201605,22.48370691920724
kfrKchZfqGr,201606,23.88978129538737
kfrKchZfqGr,201607,23.428532521227748
kfrKchZfqGr,201608,24.71083133493005
kfrKchZfqGr,201609,22.786266638709847
kfrKchZfqGr,201610,21.0841289499771
kfrKchZfqGr,201611,17.06595518354259
kfrKchZfqGr,201612,14.93508129972339
kfrKchZfqGr,201701,12.490067995575078
kfrKchZfqGr,201702,15.426672873479689
kfrKchZfqGr,201703,16.108632845196798
kfrKchZfqGr,201704,20.404765310164542
kfrKchZfqGr,201705,22.46969339008886
kfrKchZfqGr,201706,24.184237341288817
kfrKchZfqGr,201707,23.970650035912534
kfrKchZfqGr,201708,23.590921496934257
kfrKchZfqGr,201709,23.55894854522758
kfrKchZfqGr,201710,21.31194208402182
kfrKchZfqGr,201711,17.23973571550176
kfrKchZfqGr,201712,15.17216060774725
kfrKchZfqGr,201801,11.979117772414142
kfrKchZfqGr,201802,15.559166221850091
kfrKchZfqGr,201803,18.021958741427248
kfrKchZfqGr,201804,20.65251886035469
kfrKchZfqGr,201805,21.86837840196448
kfrKchZfqGr,201806,24.100823245567515
kfrKchZfqGr,201807,24.020865302990792
kfrKchZfqGr,201808,24.00896168653533
kfrKchZfqGr,201809,23.070703639745325
kfrKchZfqGr,201810,19.291485095825813
kfrKchZfqGr,201811,17.03419188879488
kfrKchZfqGr,201812,13.187121367742307
kfrKchZfqGr,201901,12.25908174157366
kfrKchZfqGr,201902,13.886196294909883
kfrKchZfqGr,201903,16.690207820360786
kfrKchZfqGr,201904,20.077481361027125
kfrKchZfqGr,201905,23.77832019564172
kfrKchZfqGr,201906,24.511840660152707
kfrKchZfqGr,201907,23.82112478508221
kfrKchZfqGr,201908,24.76982718455945
kfrKchZfqGr,201909,23.005533786018347
kfrKchZfqGr,201910,20.51889485623926
kfrKchZfqGr,201911,18.142679046671397
kfrKchZfqGr,201912,12.648789512618952
kfrKchZfqGr,202001,11.287986328183058
kfrKchZfqGr,202002,13.35088959282463
kfrKchZfqGr,202003,16.974886148362657
kfrKchZfqGr,202004,19.523393228062567
kfrKchZfqGr,202005,21.66322772002705
kfrKchZfqGr,202006,23.376986536842328
kfrKchZfqGr,202007,23.437737143419355
kfrKchZfqGr,202008,24.513904829002
kfrKchZfqGr,202009,23.34480548240935
kfrKchZfqGr,202010,22.11300009909116
kfrKchZfqGr,202011,17.294426988685547
kfrKchZfqGr,202012,13.758534205566392
kfrKchZfqGr,202101,13.176957610143951
kfrKchZfqGr,202102,14.703782675847869
kfrKchZfqGr,202103,18.390367637233734
kfrKchZfqGr,202104,21.120895476287064
kfrKchZfqGr,202105,21.67222899330801
kfrKchZfqGr,202106,23.4145767928053
kfrKchZfqGr,202107,23.85667453281991
kfrKchZfqGr,202108,23.28465519255832
kfrKchZfqGr,202109,23.569579041115706
kfrKchZfqGr,202110,21.68529134960464
kfrKchZfqGr,202111,16.77458795273438
kfrKchZfqGr,202112,13.647019932645431
kfrKchZfqGr,202201,11.432409239722787
kfrKchZfqGr,202202,12.18910709297078
kfrKchZfqGr,202203,19.14857144630268
kfrKchZfqGr,202204,21.72031891902464
kfrKchZfqGr,202205,22.46520018151081
kfrKchZfqGr,202206,23.58924417278481
kfrKchZfqGr,202207,24.68627145691766
kfrKchZfqGr,202208,24.49946988942235
kfrKchZfqGr,202209,23.26127843799006
kfrKchZfqGr,202210,20.81245622405821
kfrKchZfqGr,202211,17.768590736131866
kfrKchZfqGr,202212,14.694199077424766
kfrKchZfqGr,202301,13.26666143518164
kfrKchZfqGr,202302,15.369778079147604
kfrKchZfqGr,202303,17.75272183991739
kfrKchZfqGr,202304,21.25316052929051
kfrKchZfqGr,202305,22.68841014427421
kfrKchZfqGr,202306,25.29687685069139
kfrKchZfqGr,202307,24.85084465754569
kfrKchZfqGr,202308,24.253696355564998
kfrKchZfqGr,202309,24.843461991254443
kfrKchZfqGr,202310,20.94064746812089
kfrKchZfqGr,202311,17.873975532165815
kfrKchZfqGr,202312,14.82691061160185
kfrKchZfqGr,202401,12.519904696676832
kfrKchZfqGr,202402,14.5986150403399
kfrKchZfqGr,202403,18.101254243090835
kfrKchZfqGr,202404,23.54351582720613
kfrKchZfqGr,202405,24.558273208749743
kfrKchZfqGr,202406,25.09580219752424
kfrKchZfqGr,202407,25.05762767145393
kfrKchZfqGr,202408,24.662370808382665
kfrKchZfqGr,202409,24.64418281696061
kfrKchZfqGr,202410,21.66941802817428
kfrKchZfqGr,202411,17.63731595734741
kfrKchZfqGr,202412,14.201695865478843
l8tZrJ55yzg,201601,14.19327583340247
l8tZrJ55yzg,201602,17.976413837929393
l8tZrJ55yzg,201603,22.244482597263094
l8tZrJ55yzg,201604,27.09817342261549
l8tZrJ55yzg,201605,25.494345200750143
l8tZrJ55yzg,201606,26.3381942848264
l8tZrJ55yzg,201607,25.55961927045243
l8tZrJ55yzg,201608,26.8968081010524
l8tZrJ55yzg,201609,24.92756715571983
l8tZrJ55yzg,201610,23.52783002168369
l8tZrJ55yzg,201611,19.36878319404787
l8tZrJ55yzg,201612,16.15980161075483
l8tZrJ55yzg,201701,14.819398051403326
l8tZrJ55yzg,201702,18.02071320073791
l8tZrJ55yzg,201703,19.84270790009959
l8tZrJ55yzg,201704,24.26146520415446
l8tZrJ55yzg,201705,25.407855239296648
l8tZrJ55yzg,201706,26.602575264271128
l8tZrJ55yzg,201707,26.04325349665491
l8tZrJ55yzg,201708,25.702090072848893
l8tZrJ55yzg,201709,25.826281183834823
l8tZrJ55yzg,201710,23.814119068841933
l8tZrJ55yzg,201711,19.78864251639884
l8tZrJ55yzg,201712,16.865676290086064
l8tZrJ55yzg,201801,13.151672369069471
l8tZrJ55yzg,201802,17.76038166841888
l8tZrJ55yzg,201803,22.00523987359365
l8tZrJ55yzg,201804,24.10138945402685
l8tZrJ55yzg,201805,25.003580893359292
l8tZrJ55yzg,201806,26.892939533533355
l8tZrJ55yzg,201807,26.29652596872348
l8tZrJ55yzg,201808,26.148567602388983
l8tZrJ55yzg,201809,25.596557587288416
l8tZrJ55yzg,201810,22.105514418866893
l8tZrJ55yzg,201811,19.300839182752437
l8tZrJ55yzg,201812,15.397462639396768
l8tZrJ55yzg,201901,14.516269362364811
l8tZrJ55yzg,201902,16.19345313352256
l8tZrJ55yzg,201903,19.99103404157996
l8tZrJ55yzg,201904,23.6527058582226
l8tZrJ55yzg,201905,27.377041916181284
l8tZrJ55yzg,201906,27.496061691631542
l8tZrJ55yzg,201907,26.2064370706702
l8tZrJ55yzg,201908,26.95497549277316
l8tZrJ55yzg,201909,25.01505031789092
l8tZrJ55yzg,201910,22.98309993893931
l8tZrJ55yzg,201911,20.46380422274853
l8tZrJ55yzg,201912,14.226581055245152
l8tZrJ55yzg,202001,13.097862273528248
l8tZrJ55yzg,202002,15.642915437399749
l8tZrJ55yzg,202003,19.80483806684822
l8tZrJ55yzg,202004,22.768968518570503
l8tZrJ55yzg,202005,24.94612828964145
l8tZrJ55yzg,202006,25.607639013675737
l8tZrJ55yzg,202007,25.53018057691825
l8tZrJ55yzg,202008,26.70373952496563
l8tZrJ55yzg,202009,25.44253572374179
l8tZrJ55yzg,202010,24.594535590699365
l8tZrJ55yzg,202011,19.48056406204995
l8tZrJ55yzg,202012,15.324514739763922
l8tZrJ55yzg,202101,14.544621010364052
l8tZrJ55yzg,202102,17.236077811954143
l8tZrJ55yzg,202103,22.122782416484565
l8tZrJ55yzg,202104,25.371544259289763
l8tZrJ55yzg,202105,24.14544697152616
l8tZrJ55yzg,202106,25.76527968404404
l8tZrJ55yzg,202107,26.03941101669645
l8tZrJ55yzg,202108,25.3835815388344
l8tZrJ55yzg,202109,25.61940156329884
l8tZrJ55yzg,202110,23.913817401994187
l8tZrJ55yzg,202111,18.70741247802948
l8tZrJ55yzg,202112,15.288840076436417
l8tZrJ55yzg,202201,13.18280387030364
l8tZrJ55yzg,202202,14.582523526507584
l8tZrJ55yzg,202203,22.741901228294157
l8tZrJ55yzg,202204,25.587660795030903
l8tZrJ55yzg,202205,25.368165207565017
l8tZrJ55yzg,202206,26.306610108770453
l8tZrJ55yzg,202207,27.015139393614152
l8tZrJ55yzg,202208,26.83462343077148
l8tZrJ55yzg,202209,25.193071620428977
l8tZrJ55yzg,202210,22.77691160626411
l8tZrJ55yzg,202211,19.39407782027634
l8tZrJ55yzg,202212,15.95233673751186
l8tZrJ55yzg,202301,14.259669843619283
l8tZrJ55yzg,202302,17.498604792765477
l8tZrJ55yzg,202303,20.90256066395759
l8tZrJ55yzg,202304,24.88312250720022
l8tZrJ55yzg,202305,26.001317220493547
l8tZrJ55yzg,202306,28.53520665251264
l8tZrJ55yzg,202307,26.885272673150947
l8tZrJ55yzg,202308,26.378273684341323
l8tZrJ55yzg,202309,26.859102467773297
l8tZrJ55yzg,202310,23.43256948341365
l8tZrJ55yzg,202311,20.45538427984685
l8tZrJ55yzg,202312,16.658122005063138
l8tZrJ55yzg,202401,14.023337245051286
l8tZrJ55yzg,202402,16.499602187234956
l8tZrJ55yzg,202403,21.0887337494488
l8tZrJ55yzg,202404,27.472210251366796
l8tZrJ55yzg,202405,27.48227056011524
l8tZrJ55yzg,202406,27.71645732266553
l8tZrJ55yzg,202407,26.96968044763856
l8tZrJ55yzg,202408,26.57215587437015
l8tZrJ55yzg,202409,26.461951059268863
l8tZrJ55yzg,202410,23.90359745206846
l8tZrJ55yzg,202411,19.74558299517941
l8tZrJ55yzg,202412,15.245517753607004
mMGyx6JG7wj,201601,12.95525360836086
mMGyx6JG7wj,201602,16.92764055997083
mMGyx6JG7wj,201603,21.365723970826863
mMGyx6JG7wj,201604,25.86122277691684
mMGyx6JG7wj,201605,24.002890875210834
mMGyx6JG7wj,201606,24.781254292474387
mMGyx6JG7wj,201607,24.120925147668107
mMGyx6JG7wj,201608,25.182253537012063
mMGyx6JG7wj,201609,23.402174649662943
mMGyx6JG7wj,201610,21.9299183717064
mMGyx6JG7wj,201611,18.217933050707348
mMGyx6JG7wj,201612,15.46686733663575
mMGyx6JG7wj,201701,13.541658339723144
mMGyx6JG7wj,201702,16.767679257036004
mMGyx6JG7wj,201703,18.50341725180109
mMGyx6JG7wj,201704,23.13118884488768
mMGyx6JG7wj,201705,24.399600730011
mMGyx6JG7wj,201706,25.27951782998794
mMGyx6JG7wj,201707,24.453640287857848
mMGyx6JG7wj,201708,24.381024392207763
mMGyx6JG7wj,201709,24.189950206379606
mMGyx6JG7wj,201710,22.124461996316008
mMGyx6JG7wj,201711,18.14380028665184
mMGyx6JG7wj,201712,15.720014995441392
mMGyx6JG7wj,201801,12.35109523128977
mMGyx6JG7wj,201802,16.27267143415127
mMGyx6JG7wj,201803,20.732894798782286
mMGyx6JG7wj,201804,22.885564468090063
mMGyx6JG7wj,201805,23.9756736504397
mMGyx6JG7wj,201806,25.30477792685178
mMGyx6JG7wj,201807,24.808244440994265
mMGyx6JG7wj,201808,24.606440474758625
mMGyx6JG7wj,201809,24.0842792805135
mMGyx6JG7wj,201810,20.908492065547417
mMGyx6JG7wj,201811,18.217547661011142
mMGyx6JG7wj,201812,14.300706272981206
mMGyx6JG7wj,201901,13.295070840812384
mMGyx6JG7wj,201902,15.398596879076916
mMGyx6JG7wj,201903,19.40913399536636
mMGyx6JG7wj,201904,22.38830432621401
mMGyx6JG7wj,201905,25.846578330529173
mMGyx6JG7wj,201906,26.28993557205986
mMGyx6JG7wj,201907,24.6342386806747
mMGyx6JG7wj,201908,25.330302612908635
mMGyx6JG7wj,201909,23.602875319011407
mMGyx6JG7wj,201910,21.32715972788748
mMGyx6JG7wj,201911,19.072187829412883
mMGyx6JG7wj,201912,13.156986317591508
mMGyx6JG7wj,202001,12.363925432240269
mMGyx6JG7wj,202002,14.548699193732851
mMGyx6JG7wj,202003,19.047811068199504
mMGyx6JG7wj,202004,22.191545892531824
mMGyx6JG7wj,202005,23.578180539758097
mMGyx6JG7wj,202006,24.32558268755093
mMGyx6JG7wj,202007,24.1519600478812
mMGyx6JG7wj,202008,25.02928866230621
mMGyx6JG7wj,202009,23.88928232201019
mMGyx6JG7wj,202010,22.85092183059556
mMGyx6JG7wj,202011,17.78688779330488
mMGyx6JG7wj,202012,14.130452980141383
mMGyx6JG7wj,202101,13.4983888468601
mMGyx6JG7wj,202102,16.032593998995484
mMGyx6JG7wj,202103,20.975676798558645
mMGyx6JG7wj,202104,24.252012212579395
mMGyx6JG7wj,202105,22.91015068349625
mMGyx6JG7wj,202106,24.384483629451932
mMGyx6JG7wj,202107,24.531701916860925
mMGyx6JG7wj,202108,24.00845977165263
mMGyx6JG7wj,202109,24.1963052749512
mMGyx6JG7wj,202110,22.1565549481098
mMGyx6JG7wj,202111,16.838655852297578
mMGyx6JG7wj,202112,13.96913544158756
mMGyx6JG7wj,202201,12.263293836984472
mMGyx6JG7wj,202202,13.250769721708144
mMGyx6JG7wj,202203,21.798123728817703
mMGyx6JG7wj,202204,24.26776386733409
mMGyx6JG7wj,202205,24.53146986673639
mMGyx6JG7wj,202206,24.59839941220316
mMGyx6JG7wj,202207,25.147649158323414
mMGyx6JG7wj,202208,24.97438607937261
mMGyx6JG7wj,202209,23.728604038672987
mMGyx6JG7wj,202210,21.452333904474028
mMGyx6JG7wj,202211,17.856537177137596
mMGyx6JG7wj,202212,14.941443747710789
mMGyx6JG7wj,202301,13.09452179113443
mMGyx6JG7wj,202302,16.546435479923247
mMGyx6JG7wj,202303,19.68140380736037
mMGyx6JG7wj,202304,23.828922722791127
mMGyx6JG7wj,202305,24.915481240495428
mMGyx6JG7wj,202306,26.99099249373573
mMGyx6JG7wj,202307,25.309204706257
mMGyx6JG7wj,202308,24.83238088363144
mMGyx6JG7wj,202309,24.98470129464472
mMGyx6JG7wj,202310,21.706303338920232
mMGyx6JG7wj,202311,18.71800772322378
mMGyx6JG7wj,202312,15.274051971755089
mMGyx6JG7wj,202401,12.868148941897612
mMGyx6JG7wj,202402,15.063084761707024
mMGyx6JG7wj,202403,19.633796637789708
mMGyx6JG7wj,202404,25.496053901102915
mMGyx6JG7wj,202405,25.870374018331727
mMGyx6JG7wj,202406,25.836366611038496
mMGyx6JG7wj,202407,25.476867772192485
mMGyx6JG7wj,202408,25.022869043466297
mMGyx6JG7wj,202409,25.15686863630327
mMGyx6JG7wj,202410,22.219506346579116
mMGyx6JG7wj,202411,18.57540773983474
mMGyx6JG7wj,202412,14.367983418783876
q7VB2VrUr83,201601,-1.3350332728646486
q7VB2VrUr83,201602,1.0756684488383
q7VB2VrUr83,201603,3.032746420502394
q7VB2VrUr83,201604,7.615007241668038
q7VB2VrUr83,201605,9.318631321317458
q7VB2VrUr83,201606,12.43519309415058
q7VB2VrUr83,201607,12.993008962770098
q7VB2VrUr83,201608,13.03123415189354
q7VB2VrUr83,201609,11.646723985154008
q7VB2VrUr83,201610,8.493320438782112
q7VB2VrUr83,201611,5.184298322899012
q7VB2VrUr83,201612,4.544038909383779
q7VB2VrUr83,201701,-2.6500894817711496
q7VB2VrUr83,201702,1.4572805485746323
q7VB2VrUr83,201703,1.803196631070152
q7VB2VrUr83,201704,7.005638389962406
q7VB2VrUr83,201705,8.98520096525685
q7VB2VrUr83,201706,12.204270863306371
q7VB2VrUr83,201707,13.146051740984158
q7VB2VrUr83,201708,13.216328070995008
q7VB2VrUr83,201709,12.047283524184095
q7VB2VrUr83,201710,8.607145648314548
q7VB2VrUr83,201711,3.981327686870671
q7VB2VrUr83,201712,2.373270883417825
q7VB2VrUr83,201801,1.398930050841707
q7VB2VrUr83,201802,1.4209208979341292
q7VB2VrUr83,201803,2.557203909464653
q7VB2VrUr83,201804,5.975516322532925
q7VB2VrUr83,201805,9.14926733224138
q7VB2VrUr83,201806,12.577304457030076
q7VB2VrUr83,201807,13.630268531938144
q7VB2VrUr83,201808,13.23426900213196
q7VB2VrUr83,201809,11.621093734918816
q7VB2VrUr83,201810,5.742463498738291
q7VB2VrUr83,201811,4.419410777448418
q7VB2VrUr83,201812,-0.0526734694310399
q7VB2VrUr83,201901,-3.853888345225325
q7VB2VrUr83,201902,-2.0411660533082205
q7VB2VrUr83,201903,0.8514449219255527
q7VB2VrUr83,201904,5.919641614256142
q7VB2VrUr83,201905,8.968770767352806
q7VB2VrUr83,201906,12.041132363299084
q7VB2VrUr83,201907,13.422640609044198
q7VB2VrUr83,201908,13.570896957817954
q7VB2VrUr83,201909,11.56516759696616
q7VB2VrUr83,201910,7.791613521657265
q7VB2VrUr83,201911,5.0061227523041465
q7VB2VrUr83,201912,-1.8174644211719664
q7VB2VrUr83,202001,-3.703769135690652
q7VB2VrUr83,202002,-1.0357128721225282
q7VB2VrUr83,202003,0.9045894526732976
q7VB2VrUr83,202004,4.784841922327754
q7VB2VrUr83,202005,8.518906645236251
q7VB2VrUr83,202006,11.872772698151516
q7VB2VrUr83,202007,13.453078057218526
q7VB2VrUr83,202008,13.73789020584248
q7VB2VrUr83,202009,12.464998316804971
q7VB2VrUr83,202010,9.396195993070595
q7VB2VrUr83,202011,2.9265106887694183
q7VB2VrUr83,202012,1.457713576071322
q7VB2VrUr83,202101,1.6007138526387257
q7VB2VrUr83,202102,0.3788677429477194
q7VB2VrUr83,202103,3.561735038773388
q7VB2VrUr83,202104,4.92751392287868
q7VB2VrUr83,202105,8.67732255332562
q7VB2VrUr83,202106,12.02539580829328
q7VB2VrUr83,202107,13.50429461169304
q7VB2VrUr83,202108,13.195789881951267
q7VB2VrUr83,202109,11.896571837024892
q7VB2VrUr83,202110,8.977548033209773
q7VB2VrUr83,202111,5.494048353650899
q7VB2VrUr83,202112,-0.4011457657258622
q7VB2VrUr83,202201,-4.088961462491346
q7VB2VrUr83,202202,-2.9989918312178627
q7VB2VrUr83,202203,4.276844446200333
q7VB2VrUr83,202204,8.527440398116852
q7VB2VrUr83,202205,9.818928148217116
q7VB2VrUr83,202206,12.676710303905706
q7VB2VrUr83,202207,13.678156921193745
q7VB2VrUr83,202208,13.573313617794856
q7VB2VrUr83,202209,11.94958164708094
q7VB2VrUr83,202210,7.395344742152876
q7VB2VrUr83,202211,4.811405099754088
q7VB2VrUr83,202212,3.1872846842057
q7VB2VrUr83,202301,-0.0420441829040068
q7VB2VrUr83,202302,2.298974327380189
q7VB2VrUr83,202303,2.280758208043276
q7VB2VrUr83,202304,4.700082285047223
q7VB2VrUr83,202305,7.46992364179733
q7VB2VrUr83,202306,12.106362589458785
q7VB2VrUr83,202307,13.733242228581922
q7VB2VrUr83,202308,13.758094517459975
q7VB2VrUr83,202309,12.721508456682026
q7VB2VrUr83,202310,7.246082319605203
q7VB2VrUr83,202311,3.781689709272417
q7VB2VrUr83,202312,0.8848261083579008
q7VB2VrUr83,202401,-0.9128344456644344
q7VB2VrUr83,202402,-1.5813250226280644
q7VB2VrUr83,202403,2.692028450228101
q7VB2VrUr83,202404,7.21551837986324
q7VB2VrUr83,202405,10.413268468130838
q7VB2VrUr83,202406,13.296829182914712
q7VB2VrUr83,202407,14.424744936014054
q7VB2VrUr83,202408,13.74100057598432
q7VB2VrUr83,202409,12.764206366303462
q7VB2VrUr83,202410,9.068044364086624
q7VB2VrUr83,202411,5.677352885570473
q7VB2VrUr83,202412,1.9983227558598733
qoayxucpZqH,201601,-12.37832692506005
qoayxucpZqH,201602,-10.42352766233905
qoayxucpZqH,201603,-8.777918561607706
qoayxucpZqH,201604,-3.72852035876214
qoayxucpZqH,201605,0.4153637788453089
qoayxucpZqH,201606,5.309478634996384
qoayxucpZqH,201607,5.394086977855527
qoayxucpZqH,201608,4.905690135183907
qoayxucpZqH,201609,3.535624255691894
qoayxucpZqH,201610,-0.5992028547295171
qoayxucpZqH,201611,-3.948454514327257
qoayxucpZqH,201612,-4.465857643560632
qoayxucpZqH,201701,-14.544204727672756
qoayxucpZqH,201702,-11.151173394823678
qoayxucpZqH,201703,-11.213173910017098
qoayxucpZqH,201704,-4.241035241859089
qoayxucpZqH,201705,0.1159991181988002
qoayxucpZqH,201706,4.351400159078325
qoayxucpZqH,201707,5.570951326667563
qoayxucpZqH,201708,5.833364639958647
qoayxucpZqH,201709,3.900832182146627
qoayxucpZqH,201710,-0.2338371695732601
qoayxucpZqH,201711,-5.908451074764841
qoayxucpZqH,201712,-9.949315041613607
qoayxucpZqH,201801,-9.120475457923062
qoayxucpZqH,201802,-12.201001128534587
qoayxucpZqH,201803,-10.255545277517305
qoayxucpZqH,201804,-4.138469840194053
qoayxucpZqH,201805,0.4296708082498457
qoayxucpZqH,201806,5.347949952509584
qoayxucpZqH,201807,6.308841001944341
qoayxucpZqH,201808,5.511819728618087
qoayxucpZqH,201809,3.115391398068929
qoayxucpZqH,201810,-3.999425306724121
qoayxucpZqH,201811,-5.110874336014657
qoayxucpZqH,201812,-10.912357319156984
qoayxucpZqH,201901,-16.20832154232336
qoayxucpZqH,201902,-15.92781093423098
qoayxucpZqH,201903,-13.244265895219046
qoayxucpZqH,201904,-5.592805436576109
qoayxucpZqH,201905,-1.738862085947848
qoayxucpZqH,201906,4.098341765058271
qoayxucpZqH,201907,5.614010647191228
qoayxucpZqH,201908,5.538530422531503
qoayxucpZqH,201909,2.566908065640209
qoayxucpZqH,201910,-2.29597820844114
qoayxucpZqH,201911,-6.266586356076117
qoayxucpZqH,201912,-14.74119380397856
qoayxucpZqH,202001,-17.43247396487831
qoayxucpZqH,202002,-14.538375401360854
qoayxucpZqH,202003,-12.934084384429058
qoayxucpZqH,202004,-7.287596437120957
qoayxucpZqH,202005,-1.7459610538716634
qoayxucpZqH,202006,3.1559874134330914
qoayxucpZqH,202007,5.95424307526371
qoayxucpZqH,202008,6.068389673489311
qoayxucpZqH,202009,3.6946924537282
qoayxucpZqH,202010,0.0686676095777547
qoayxucpZqH,202011,-8.241739622820164
qoayxucpZqH,202012,-10.449549280351723
qoayxucpZqH,202101,-9.577932849930528
qoayxucpZqH,202102,-11.168465305804965
qoayxucpZqH,202103,-6.679674650883385
qoayxucpZqH,202104,-6.928786023810512
qoayxucpZqH,202105,-1.259040402370094
qoayxucpZqH,202106,3.143169656057309
qoayxucpZqH,202107,5.889564155713187
qoayxucpZqH,202108,5.48560565837985
qoayxucpZqH,202109,3.026830379942757
qoayxucpZqH,202110,-0.9456877496511212
qoayxucpZqH,202111,-4.882856720346625
qoayxucpZqH,202112,-15.214021265933344
qoayxucpZqH,202201,-17.48076430547908
qoayxucpZqH,202202,-16.42738774328517
qoayxucpZqH,202203,-7.194475199179375
qoayxucpZqH,202204,-1.4456050798710156
qoayxucpZqH,202205,1.174438051403588
qoayxucpZqH,202206,5.573410705452212
qoayxucpZqH,202207,6.21761241702696
qoayxucpZqH,202208,5.787468156470109
qoayxucpZqH,202209,3.4905542547112387
qoayxucpZqH,202210,-4.25601663330415
qoayxucpZqH,202211,-6.412023787788775
qoayxucpZqH,202212,-7.536928884607318
qoayxucpZqH,202301,-12.063071895270925
qoayxucpZqH,202302,-9.275004088505405
qoayxucpZqH,202303,-8.839116847550892
qoayxucpZqH,202304,-7.476711669546455
qoayxucpZqH,202305,-3.298163172806813
qoayxucpZqH,202306,3.5811980885541974
qoayxucpZqH,202307,6.440583601257938
qoayxucpZqH,202308,6.301517847492362
qoayxucpZqH,202309,4.207556419269174
qoayxucpZqH,202310,-2.925588424537112
qoayxucpZqH,202311,-6.729050544448275
qoayxucpZqH,202312,-11.569508936857304
qoayxucpZqH,202401,-12.278115134030797
qoayxucpZqH,202402,-13.02786770651873
qoayxucpZqH,202403,-9.889568985552687
qoayxucpZqH,202404,-4.777436911435941
qoayxucpZqH,202405,0.9680883509052952
qoayxucpZqH,202406,5.707751383947389
qoayxucpZqH,202407,6.913482654423937
qoayxucpZqH,202408,5.997031005279479
qoayxucpZqH,202409,3.846700963431792
qoayxucpZqH,202410,-1.9491349580649824
qoayxucpZqH,202411,-3.687355216368896
qoayxucpZqH,202412,-8.811006796063952
rsZaqJl5R0A,201601,12.590494547655329
rsZaqJl5R0A,201602,16.564605288755935
rsZaqJl5R0A,201603,20.72103634307536
rsZaqJl5R0A,201604,25.37494858610795
rsZaqJl5R0A,201605,23.5915651558558
rsZaqJl5R0A,201606,24.570552616798047
rsZaqJl5R0A,201607,23.87040673376132
rsZaqJl5R0A,201608,24.81858421945395
rsZaqJl5R0A,201609,23.08347266106051
rsZaqJl5R0A,201610,21.582202961970697
rsZaqJl5R0A,201611,18.03701200330786
rsZaqJl5R0A,201612,15.079426025750806
rsZaqJl5R0A,201701,13.199444978807318
rsZaqJl5R0A,201702,16.57745857906636
rsZaqJl5R0A,201703,18.139078677197872
rsZaqJl5R0A,201704,22.597848189487216
rsZaqJl5R0A,201705,23.84329496067719
rsZaqJl5R0A,201706,24.912893772012534
rsZaqJl5R0A,201707,24.065925643183498
rsZaqJl5R0A,201708,23.97197258279724
rsZaqJl5R0A,201709,23.96987786572085
rsZaqJl5R0A,201710,21.82579115796384
rsZaqJl5R0A,201711,17.77425279060102
rsZaqJl5R0A,201712,15.418267400745345
rsZaqJl5R0A,201801,12.049637673071487
rsZaqJl5R0A,201802,16.008356554784854
rsZaqJl5R0A,201803,20.333730374794083
rsZaqJl5R0A,201804,22.47379457348741
rsZaqJl5R0A,201805,23.388323303260098
rsZaqJl5R0A,201806,24.98220975451756
rsZaqJl5R0A,201807,24.464895013787043
rsZaqJl5R0A,201808,24.250581435498464
rsZaqJl5R0A,201809,23.689145878442304
rsZaqJl5R0A,201810,20.444343372724216
rsZaqJl5R0A,201811,17.718495710905486
rsZaqJl5R0A,201812,13.764960676080376
rsZaqJl5R0A,201901,12.790008956332182
rsZaqJl5R0A,201902,14.66830702716556
rsZaqJl5R0A,201903,18.640082127754525
rsZaqJl5R0A,201904,21.99044954943093
rsZaqJl5R0A,201905,25.56032235495288
rsZaqJl5R0A,201906,26.06687499794598
rsZaqJl5R0A,201907,24.365149028353663
rsZaqJl5R0A,201908,24.935844066657584
rsZaqJl5R0A,201909,23.216675792892552
rsZaqJl5R0A,201910,20.974594461604028
rsZaqJl5R0A,201911,18.84240341946652
rsZaqJl5R0A,201912,12.839980079658272
rsZaqJl5R0A,202001,11.729443296434289
rsZaqJl5R0A,202002,14.102555521622522
rsZaqJl5R0A,202003,18.34614723905385
rsZaqJl5R0A,202004,21.4071413813222
rsZaqJl5R0A,202005,23.110645755101327
rsZaqJl5R0A,202006,23.881887060040675
rsZaqJl5R0A,202007,23.80816049701507
rsZaqJl5R0A,202008,24.731534774241283
rsZaqJl5R0A,202009,23.714922048583603
rsZaqJl5R0A,202010,22.49484839218298
rsZaqJl5R0A,202011,17.56902130767886
rsZaqJl5R0A,202012,13.864278424917494
rsZaqJl5R0A,202101,13.217357380465138
rsZaqJl5R0A,202102,15.59111726808303
rsZaqJl5R0A,202103,20.60206615501605
rsZaqJl5R0A,202104,23.90931894927309
rsZaqJl5R0A,202105,22.473033199541607
rsZaqJl5R0A,202106,24.020812779915357
rsZaqJl5R0A,202107,24.17265343876665
rsZaqJl5R0A,202108,23.63921719478116
rsZaqJl5R0A,202109,23.763936336989648
rsZaqJl5R0A,202110,21.81186701617424
rsZaqJl5R0A,202111,16.6634332607361
rsZaqJl5R0A,202112,13.620297167938896
rsZaqJl5R0A,202201,11.790855175444934
rsZaqJl5R0A,202202,12.732011582458629
rsZaqJl5R0A,202203,21.308649757745105
rsZaqJl5R0A,202204,23.921582179850585
rsZaqJl5R0A,202205,23.794826911053278
rsZaqJl5R0A,202206,24.44824669109835
rsZaqJl5R0A,202207,24.837806610950977
rsZaqJl5R0A,202208,24.666633920805555
rsZaqJl5R0A,202209,23.31631606729744
rsZaqJl5R0A,202210,20.920288358846094
rsZaqJl5R0A,202211,17.469944937300664
rsZaqJl5R0A,202212,14.559286351804776
rsZaqJl5R0A,202301,12.849391823273976
rsZaqJl5R0A,202302,16.234489412526152
rsZaqJl5R0A,202303,19.08432883404852
rsZaqJl5R0A,202304,23.111575218220597
rsZaqJl5R0A,202305,24.223604071749744
rsZaqJl5R0A,202306,26.6846810228478
rsZaqJl5R0A,202307,24.959048953147413
rsZaqJl5R0A,202308,24.388129027259694
rsZaqJl5R0A,202309,24.652982691789923
rsZaqJl5R0A,202310,21.19746309334965
rsZaqJl5R0A,202311,18.374800453332057
rsZaqJl5R0A,202312,14.890230365026373
rsZaqJl5R0A,202401,12.368869891402287
rsZaqJl5R0A,202402,14.487144961307171
rsZaqJl5R0A,202403,19.061937756922937
rsZaqJl5R0A,202404,25.20283393940825
rsZaqJl5R0A,202405,25.475756903601702
rsZaqJl5R0A,202406,25.853355321891115
rsZaqJl5R0A,202407,25.086553227892683
rsZaqJl5R0A,202408,24.56216062654092
rsZaqJl5R0A,202409,24.54259131795081
rsZaqJl5R0A,202410,21.985666276260996
rsZaqJl5R0A,202411,17.971434786085553
rsZaqJl5R0A,202412,13.710772559991511
t9XsLKdMwA1,201601,14.182271435994878
t9XsLKdMwA1,201602,17.932259388473046
t9XsLKdMwA1,201603,23.14012028950256
t9XsLKdMwA1,201604,28.62952257996943
t9XsLKdMwA1,201605,28.774201600490944
t9XsLKdMwA1,201606,28.77163952041564
t9XsLKdMwA1,201607,26.73873369873562
t9XsLKdMwA1,201608,27.70029199928138
t9XsLKdMwA1,201609,26.50567134800289
t9XsLKdMwA1,201610,24.10335478951892
t9XsLKdMwA1,201611,19.45318961235181
t9XsLKdMwA1,201612,16.305538953952055
t9XsLKdMwA1,201701,14.22563590753315
t9XsLKdMwA1,201702,17.84957442760708
t9XsLKdMwA1,201703,21.165136554477623
t9XsLKdMwA1,201704,27.16652218105794
t9XsLKdMwA1,201705,29.47580816569049
t9XsLKdMwA1,201706,29.907951863069304
t9XsLKdMwA1,201707,27.10528885409693
t9XsLKdMwA1,201708,27.084940791996225
t9XsLKdMwA1,201709,27.12651930695297
t9XsLKdMwA1,201710,24.345627258432216
t9XsLKdMwA1,201711,19.21850661362177
t9XsLKdMwA1,201712,16.026455302803367
t9XsLKdMwA1,201801,13.286221374920387
t9XsLKdMwA1,201802,17.620715918525967
t9XsLKdMwA1,201803,22.47546439074876
t9XsLKdMwA1,201804,26.16135056629848
t9XsLKdMwA1,201805,29.05213236607755
t9XsLKdMwA1,201806,30.624143997301477
t9XsLKdMwA1,201807,27.83009986818196
t9XsLKdMwA1,201808,26.758720215801848
t9XsLKdMwA1,201809,26.41606373223213
t9XsLKdMwA1,201810,22.724658829337688
t9XsLKdMwA1,201811,19.378193440078935
t9XsLKdMwA1,201812,14.495567069183286
t9XsLKdMwA1,201901,13.70922133241748
t9XsLKdMwA1,201902,15.62559321790606
t9XsLKdMwA1,201903,20.063892367453292
t9XsLKdMwA1,201904,26.399524605182584
t9XsLKdMwA1,201905,30.1801152772952
t9XsLKdMwA1,201906,31.13714554868026
t9XsLKdMwA1,201907,27.62515289689031
t9XsLKdMwA1,201908,27.724232016749788
t9XsLKdMwA1,201909,26.26999184276087
t9XsLKdMwA1,201910,23.445703074530957
t9XsLKdMwA1,201911,20.29034371456491
t9XsLKdMwA1,201912,13.638829819357689
t9XsLKdMwA1,202001,13.095215458257456
t9XsLKdMwA1,202002,15.580754929068398
t9XsLKdMwA1,202003,19.40948554121894
t9XsLKdMwA1,202004,24.56542935502756
t9XsLKdMwA1,202005,27.18903162593225
t9XsLKdMwA1,202006,27.80559774493982
t9XsLKdMwA1,202007,27.06460382428329
t9XsLKdMwA1,202008,27.38382966449297
t9XsLKdMwA1,202009,27.26412784092642
t9XsLKdMwA1,202010,24.46269332071347
t9XsLKdMwA1,202011,18.98262116070592
t9XsLKdMwA1,202012,14.701482199430014
t9XsLKdMwA1,202101,14.263050193613276
t9XsLKdMwA1,202102,17.81882503861145
t9XsLKdMwA1,202103,22.797983816899617
t9XsLKdMwA1,202104,26.348630485660166
t9XsLKdMwA1,202105,26.360786043312785
t9XsLKdMwA1,202106,27.499844350611617
t9XsLKdMwA1,202107,27.56031787329613
t9XsLKdMwA1,202108,26.82685325079268
t9XsLKdMwA1,202109,26.66760513583713
t9XsLKdMwA1,202110,24.223038199575484
t9XsLKdMwA1,202111,18.67487371265613
t9XsLKdMwA1,202112,14.70629075970984
t9XsLKdMwA1,202201,12.949623684940155
t9XsLKdMwA1,202202,14.368982983236185
t9XsLKdMwA1,202203,22.95716657297502
t9XsLKdMwA1,202204,28.06072774214664
t9XsLKdMwA1,202205,28.52435577034087
t9XsLKdMwA1,202206,30.519827787791048
t9XsLKdMwA1,202207,28.079643529793103
t9XsLKdMwA1,202208,27.745645091750376
t9XsLKdMwA1,202209,26.39682813680832
t9XsLKdMwA1,202210,22.66384137208543
t9XsLKdMwA1,202211,19.39419894294809
t9XsLKdMwA1,202212,15.365775029042505
t9XsLKdMwA1,202301,13.659585241187465
t9XsLKdMwA1,202302,17.896899634754963
t9XsLKdMwA1,202303,21.576907344742704
t9XsLKdMwA1,202304,25.362698463283166
t9XsLKdMwA1,202305,27.613676528815024
t9XsLKdMwA1,202306,31.0237995960849
t9XsLKdMwA1,202307,27.858077664437783
t9XsLKdMwA1,202308,27.446787354199152
t9XsLKdMwA1,202309,27.50231412842035
t9XsLKdMwA1,202310,24.077893513068982
t9XsLKdMwA1,202311,20.190252425437983
t9XsLKdMwA1,202312,15.929743923482803
t9XsLKdMwA1,202401,13.17237384961203
t9XsLKdMwA1,202402,15.86827387102972
t9XsLKdMwA1,202403,21.047147975897037
t9XsLKdMwA1,202404,27.876240630209672
t9XsLKdMwA1,202405,30.65527849944098
t9XsLKdMwA1,202406,31.913198890513005
t9XsLKdMwA1,202407,28.23208703533184
t9XsLKdMwA1,202408,27.300832296560124
t9XsLKdMwA1,202409,26.95411368233737
t9XsLKdMwA1,202410,24.90006476659532
t9XsLKdMwA1,202411,20.27869891308297
t9XsLKdMwA1,202412,14.758084440888636
tSE6ctwvZmP,201601,-6.05940822803664
tSE6ctwvZmP,201602,-2.6476519161640057
tSE6ctwvZmP,201603,-0.6179555724917659
tSE6ctwvZmP,201604,2.8791579085793475
tSE6ctwvZmP,201605,5.423094310846772
tSE6ctwvZmP,201606,9.360777789167445
tSE6ctwvZmP,201607,10.292003239261405
tSE6ctwvZmP,201608,10.271806574480811
tSE6ctwvZmP,201609,8.671134549320664
tSE6ctwvZmP,201610,5.079675910753134
tSE6ctwvZmP,201611,1.8095368282552855
tSE6ctwvZmP,201612,0.8605498794988439
tSE6ctwvZmP,201701,-5.5935842069844295
tSE6ctwvZmP,201702,-2.733489939913212
tSE6ctwvZmP,201703,-2.302394583972628
tSE6ctwvZmP,201704,2.3685011696402296
tSE6ctwvZmP,201705,5.283361699642963
tSE6ctwvZmP,201706,8.918121947189894
tSE6ctwvZmP,201707,10.283622009014346
tSE6ctwvZmP,201708,10.18381732757424
tSE6ctwvZmP,201709,8.880258106537978
tSE6ctwvZmP,201710,5.020600135553599
tSE6ctwvZmP,201711,0.127603814650628
tSE6ctwvZmP,201712,0.1132184620810111
tSE6ctwvZmP,201801,-2.193735291487084
tSE6ctwvZmP,201802,-3.03036165021496
tSE6ctwvZmP,201803,-1.5854205521739084
tSE6ctwvZmP,201804,1.8583266125778417
tSE6ctwvZmP,201805,5.21035876723422
tSE6ctwvZmP,201806,9.014319984518911
tSE6ctwvZmP,201807,10.615451914752144
tSE6ctwvZmP,201808,10.398417257350282
tSE6ctwvZmP,201809,8.368883996147257
tSE6ctwvZmP,201810,2.3990737845744023
tSE6ctwvZmP,201811,0.1840647398121292
tSE6ctwvZmP,201812,-4.400683579178335
tSE6ctwvZmP,201901,-7.684775840044292
tSE6ctwvZmP,201902,-5.410147326448476
tSE6ctwvZmP,201903,-2.381248445754728
tSE6ctwvZmP,201904,1.826658325473858
tSE6ctwvZmP,201905,5.258978195433827
tSE6ctwvZmP,201906,8.822820606899825
tSE6ctwvZmP,201907,10.15404711152106
tSE6ctwvZmP,201908,10.544344816186063
tSE6ctwvZmP,201909,8.567370616323451
tSE6ctwvZmP,201910,4.293684914459843
tSE6ctwvZmP,201911,1.948002847987547
tSE6ctwvZmP,201912,-4.72960354603039
tSE6ctwvZmP,202001,-7.145018029373581
tSE6ctwvZmP,202002,-4.89529022332781
tSE6ctwvZmP,202003,-2.6706315965421648
tSE6ctwvZmP,202004,0.4081361855088852
tSE6ctwvZmP,202005,4.589702010571167
tSE6ctwvZmP,202006,8.600831403413398
tSE6ctwvZmP,202007,10.10711518433875
tSE6ctwvZmP,202008,10.773580254629223
tSE6ctwvZmP,202009,9.310143024773865
tSE6ctwvZmP,202010,6.220271503377454
tSE6ctwvZmP,202011,-0.0312188431627946
tSE6ctwvZmP,202012,-1.7707397719725182
tSE6ctwvZmP,202101,-1.7051665733422618
tSE6ctwvZmP,202102,-3.7139190018045376
tSE6ctwvZmP,202103,-0.6064243924928131
tSE6ctwvZmP,202104,0.8106255931773058
tSE6ctwvZmP,202105,5.48084715824291
tSE6ctwvZmP,202106,8.983286592781976
tSE6ctwvZmP,202107,10.318114671927058
tSE6ctwvZmP,202108,10.212694836023044
tSE6ctwvZmP,202109,8.680438366400095
tSE6ctwvZmP,202110,5.556190103071748
tSE6ctwvZmP,202111,0.8629614317508767
tSE6ctwvZmP,202112,-4.1635711165175335
tSE6ctwvZmP,202201,-7.294279464729364
tSE6ctwvZmP,202202,-6.645142812995879
tSE6ctwvZmP,202203,0.6855456359048157
tSE6ctwvZmP,202204,4.035829289819498
tSE6ctwvZmP,202205,6.070842869101204
tSE6ctwvZmP,202206,9.247862717320668
tSE6ctwvZmP,202207,10.61783224983021
tSE6ctwvZmP,202208,10.557899805908066
tSE6ctwvZmP,202209,8.715470274460456
tSE6ctwvZmP,202210,3.6320494239283914
tSE6ctwvZmP,202211,1.0501208586166615
tSE6ctwvZmP,202212,-0.6522667022592539
tSE6ctwvZmP,202301,-3.2277739123145004
tSE6ctwvZmP,202302,-1.9946926743165805
tSE6ctwvZmP,202303,-2.0923237241714108
tSE6ctwvZmP,202304,1.0576555254373687
tSE6ctwvZmP,202305,3.92077639835378
tSE6ctwvZmP,202306,8.92553787824655
tSE6ctwvZmP,202307,10.796257964818642
tSE6ctwvZmP,202308,10.679997008845074
tSE6ctwvZmP,202309,9.513153283635654
tSE6ctwvZmP,202310,3.7174117939962144
tSE6ctwvZmP,202311,0.4310741572072648
tSE6ctwvZmP,202312,-2.3712444564007025
tSE6ctwvZmP,202401,-5.729577817431735
tSE6ctwvZmP,202402,-5.103845267756324
tSE6ctwvZmP,202403,-1.7483775313826544
tSE6ctwvZmP,202404,2.490271652725591
tSE6ctwvZmP,202405,6.598950579134825
tSE6ctwvZmP,202406,9.900008315702832
tSE6ctwvZmP,202407,11.536177435871387
tSE6ctwvZmP,202408,10.65229318783446
tSE6ctwvZmP,202409,9.485406360277617
tSE6ctwvZmP,202410,4.890398943424051
tSE6ctwvZmP,202411,1.2849660052567542
tSE6ctwvZmP,202412,-1.7440298505635947
uHEl9oRZm8L,201601,-3.4111031016114515
uHEl9oRZm8L,201602,1.122439294804875
uHEl9oRZm8L,201603,2.715536248084104
uHEl9oRZm8L,201604,6.653693462417229
uHEl9oRZm8L,201605,8.714317222437396
uHEl9oRZm8L,201606,12.137574041919535
uHEl9oRZm8L,201607,12.79452566766482
uHEl9oRZm8L,201608,13.209849603253858
uHEl9oRZm8L,201609,11.879448123113876
uHEl9oRZm8L,201610,8.59549483000374
uHEl9oRZm8L,201611,3.5817274739118354
uHEl9oRZm8L,201612,2.3955672100752694
uHEl9oRZm8L,201701,-2.5429021414391872
uHEl9oRZm8L,201702,-0.1184128213653198
uHEl9oRZm8L,201703,1.1093861163455858
uHEl9oRZm8L,201704,5.853497848009755
uHEl9oRZm8L,201705,8.383381898546249
uHEl9oRZm8L,201706,12.048773658421224
uHEl9oRZm8L,201707,12.979730118251204
uHEl9oRZm8L,201708,13.136947458674053
uHEl9oRZm8L,201709,12.07059230764776
uHEl9oRZm8L,201710,8.468950749783387
uHEl9oRZm8L,201711,3.015489716676455
uHEl9oRZm8L,201712,2.129526868706244
uHEl9oRZm8L,201801,-0.7208342974767525
uHEl9oRZm8L,201802,0.232477543750746
uHEl9oRZm8L,201803,1.778022218266017
uHEl9oRZm8L,201804,5.38638154086588
uHEl9oRZm8L,201805,8.443372888465042
uHEl9oRZm8L,201806,12.240220530690438
uHEl9oRZm8L,201807,13.277779935694593
uHEl9oRZm8L,201808,13.152536760090472
uHEl9oRZm8L,201809,11.679779430954053
uHEl9oRZm8L,201810,5.118964363401073
uHEl9oRZm8L,201811,2.052347518118799
uHEl9oRZm8L,201812,-1.437171007126876
uHEl9oRZm8L,201901,-3.585905315344592
uHEl9oRZm8L,201902,-1.657381658494688
uHEl9oRZm8L,201903,0.8549750954265122
uHEl9oRZm8L,201904,4.904486422481423
uHEl9oRZm8L,201905,8.443083531166502
uHEl9oRZm8L,201906,12.102031342913188
uHEl9oRZm8L,201907,12.90564628820094
uHEl9oRZm8L,201908,13.337106746359716
uHEl9oRZm8L,201909,11.813484330495962
uHEl9oRZm8L,201910,7.855153890487361
uHEl9oRZm8L,201911,4.119835179235926
uHEl9oRZm8L,201912,-1.9515791894816052
uHEl9oRZm8L,202001,-3.594731332465244
uHEl9oRZm8L,202002,-2.08226446093049
uHEl9oRZm8L,202003,0.702316388510778
uHEl9oRZm8L,202004,4.043503434890098
uHEl9oRZm8L,202005,7.843626463593986
uHEl9oRZm8L,202006,11.709045603552834
uHEl9oRZm8L,202007,12.72074359669086
uHEl9oRZm8L,202008,13.362405275841471
uHEl9oRZm8L,202009,12.023572655770202
uHEl9oRZm8L,202010,9.564882208589715
uHEl9oRZm8L,202011,2.5906971163342227
uHEl9oRZm8L,202012,0.198751985947108
uHEl9oRZm8L,202101,0.6132378990040757
uHEl9oRZm8L,202102,-0.6231976313854631
uHEl9oRZm8L,202103,2.5782499907898724
uHEl9oRZm8L,202104,4.42340913538948
uHEl9oRZm8L,202105,8.644438898552654
uHEl9oRZm8L,202106,11.870166763218643
uHEl9oRZm8L,202107,13.025887170702756
uHEl9oRZm8L,202108,12.78374607851198
uHEl9oRZm8L,202109,11.954326232540817
uHEl9oRZm8L,202110,9.129490989606897
uHEl9oRZm8L,202111,3.378280857509661
uHEl9oRZm8L,202112,-0.5991449695019474
uHEl9oRZm8L,202201,-4.162329152496749
uHEl9oRZm8L,202202,-3.624504129204803
uHEl9oRZm8L,202203,4.069505223957138
uHEl9oRZm8L,202204,7.269291249819903
uHEl9oRZm8L,202205,9.4101566735146
uHEl9oRZm8L,202206,11.865569554807523
uHEl9oRZm8L,202207,13.164173363892886
uHEl9oRZm8L,202208,13.187685098807746
uHEl9oRZm8L,202209,11.838002890777055
uHEl9oRZm8L,202210,7.625117380952989
uHEl9oRZm8L,202211,3.2159476387948
uHEl9oRZm8L,202212,1.1021472852618848
uHEl9oRZm8L,202301,-0.6095672900655543
uHEl9oRZm8L,202302,0.8100209130203538
uHEl9oRZm8L,202303,1.5463992361256242
uHEl9oRZm8L,202304,4.975488647836484
uHEl9oRZm8L,202305,7.4495632000667475
uHEl9oRZm8L,202306,11.919355499671388
uHEl9oRZm8L,202307,13.340600383263022
uHEl9oRZm8L,202308,13.480056309214104
uHEl9oRZm8L,202309,12.593371773788949
uHEl9oRZm8L,202310,7.524986164125399
uHEl9oRZm8L,202311,3.292275847335901
uHEl9oRZm8L,202312,0.1284528696620494
uHEl9oRZm8L,202401,-2.5767547099964787
uHEl9oRZm8L,202402,-0.8120633686513224
uHEl9oRZm8L,202403,2.4888100970212226
uHEl9oRZm8L,202404,6.919858009921293
uHEl9oRZm8L,202405,9.784254081305178
uHEl9oRZm8L,202406,12.726813163271895
uHEl9oRZm8L,202407,14.207336866843043
uHEl9oRZm8L,202408,13.494028877446588
uHEl9oRZm8L,202409,12.86577371479063
uHEl9oRZm8L,202410,8.43921124300697
uHEl9oRZm8L,202411,4.099688981255242
uHEl9oRZm8L,202412,0.6786970648319526
uyGkoQ4F9rT,201601,10.50872027591424
uyGkoQ4F9rT,201602,13.965564236392131
uyGkoQ4F9rT,201603,17.897979462861116
uyGkoQ4F9rT,201604,23.121963949436648
uyGkoQ4F9rT,201605,22.65143243389253
uyGkoQ4F9rT,201606,23.22360773326273
uyGkoQ4F9rT,201607,22.54390682946958
uyGkoQ4F9rT,201608,23.061794912488427
uyGkoQ4F9rT,201609,21.90745523654775
uyGkoQ4F9rT,201610,19.55871618718385
uyGkoQ4F9rT,201611,16.072051215081522
uyGkoQ4F9rT,201612,13.46297333876109
uyGkoQ4F9rT,201701,10.498231253187631
uyGkoQ4F9rT,201702,14.21509006411363
uyGkoQ4F9rT,201703,16.242825680589743
uyGkoQ4F9rT,201704,21.206645764928155
uyGkoQ4F9rT,201705,22.656431222244063
uyGkoQ4F9rT,201706,23.510115043322003
uyGkoQ4F9rT,201707,22.63177669045883
uyGkoQ4F9rT,201708,22.593076274258262
uyGkoQ4F9rT,201709,22.159225302609897
uyGkoQ4F9rT,201710,19.763572426984386
uyGkoQ4F9rT,201711,15.203027367391684
uyGkoQ4F9rT,201712,12.963012191288623
uyGkoQ4F9rT,201801,10.846034817773182
uyGkoQ4F9rT,201802,14.043396345970232
uyGkoQ4F9rT,201803,17.747612514763887
uyGkoQ4F9rT,201804,20.365592226430547
uyGkoQ4F9rT,201805,23.03563650719844
uyGkoQ4F9rT,201806,23.95012179524863
uyGkoQ4F9rT,201807,23.1369237162014
uyGkoQ4F9rT,201808,22.26443949451563
uyGkoQ4F9rT,201809,21.62903740952149
uyGkoQ4F9rT,201810,18.172258450036143
uyGkoQ4F9rT,201811,15.390431154679446
uyGkoQ4F9rT,201812,10.807442972631073
uyGkoQ4F9rT,201901,9.663064638141034
uyGkoQ4F9rT,201902,11.114697277934356
uyGkoQ4F9rT,201903,15.2816628818472
uyGkoQ4F9rT,201904,20.533780959643828
uyGkoQ4F9rT,201905,24.006331289455016
uyGkoQ4F9rT,201906,25.060388863858293
uyGkoQ4F9rT,201907,22.92242399210991
uyGkoQ4F9rT,201908,23.12908972824381
uyGkoQ4F9rT,201909,21.740536417020756
uyGkoQ4F9rT,201910,18.71456185912118
uyGkoQ4F9rT,201911,16.467778567806597
uyGkoQ4F9rT,201912,10.37467147361814
uyGkoQ4F9rT,202001,9.215999222501477
uyGkoQ4F9rT,202002,11.81977797604266
uyGkoQ4F9rT,202003,14.73326263234065
uyGkoQ4F9rT,202004,19.050017134161784
uyGkoQ4F9rT,202005,21.72089201130945
uyGkoQ4F9rT,202006,22.647333487228217
uyGkoQ4F9rT,202007,22.740625137479903
uyGkoQ4F9rT,202008,22.98155878094345
uyGkoQ4F9rT,202009,22.64884731573358
uyGkoQ4F9rT,202010,20.244103553463287
uyGkoQ4F9rT,202011,15.088652386549931
uyGkoQ4F9rT,202012,11.922392299528044
uyGkoQ4F9rT,202101,11.377460666952404
uyGkoQ4F9rT,202102,13.60254329073247
uyGkoQ4F9rT,202103,17.983166216216393
uyGkoQ4F9rT,202104,20.71806204694917
uyGkoQ4F9rT,202105,21.126155529250266
uyGkoQ4F9rT,202106,22.658254988368384
uyGkoQ4F9rT,202107,23.06366184104135
uyGkoQ4F9rT,202108,22.42347727605394
uyGkoQ4F9rT,202109,22.114900816367417
uyGkoQ4F9rT,202110,19.84449848594065
uyGkoQ4F9rT,202111,15.07870572004946
uyGkoQ4F9rT,202112,11.048039120053566
uyGkoQ4F9rT,202201,9.242702501929406
uyGkoQ4F9rT,202202,10.345458800392034
uyGkoQ4F9rT,202203,18.656493963070705
uyGkoQ4F9rT,202204,23.51295486634611
uyGkoQ4F9rT,202205,22.213386542076652
uyGkoQ4F9rT,202206,24.64961617488594
uyGkoQ4F9rT,202207,23.228293195837463
uyGkoQ4F9rT,202208,23.1439582631918
uyGkoQ4F9rT,202209,21.62624730448637
uyGkoQ4F9rT,202210,18.101979013631343
uyGkoQ4F9rT,202211,15.365515654100545
uyGkoQ4F9rT,202212,12.424815892183052
uyGkoQ4F9rT,202301,10.834860476291642
uyGkoQ4F9rT,202302,14.382011115323312
uyGkoQ4F9rT,202303,16.111098417616056
uyGkoQ4F9rT,202304,19.402097704184754
uyGkoQ4F9rT,202305,21.43259842511901
uyGkoQ4F9rT,202306,24.548880710902388
uyGkoQ4F9rT,202307,23.2557231369548
uyGkoQ4F9rT,202308,22.813070458042844
uyGkoQ4F9rT,202309,22.69529235489933
uyGkoQ4F9rT,202310,18.99132322895745
uyGkoQ4F9rT,202311,15.588169965365664
uyGkoQ4F9rT,202312,12.340007132330898
uyGkoQ4F9rT,202401,10.077281231875896
uyGkoQ4F9rT,202402,11.511305969316556
uyGkoQ4F9rT,202403,16.407715521315467
uyGkoQ4F9rT,202404,21.88105984846305
uyGkoQ4F9rT,202405,24.383695894208635
uyGkoQ4F9rT,202406,26.363448570769084
uyGkoQ4F9rT,202407,23.782382324095995
uyGkoQ4F9rT,202408,23.01740851368918
uyGkoQ4F9rT,202409,22.631427288360918
uyGkoQ4F9rT,202410,20.168835419576443
uyGkoQ4F9rT,202411,16.161758476642053
uyGkoQ4F9rT,202412,11.601268057774869
vjL1uSC10Jh,201601,-1.064832569732466
vjL1uSC10Jh,201602,1.9190479373368423
vjL1uSC10Jh,201603,4.945566992282093
vjL1uSC10Jh,201604,9.77064666768162
vjL1uSC10Jh,201605,11.314798047744771
vjL1uSC10Jh,201606,14.196073266714084
vjL1uSC10Jh,201607,14.641101851962707
vjL1uSC10Jh,201608,14.39359925172566
vjL1uSC10Jh,201609,13.1853914819107
vjL1uSC10Jh,201610,9.843945867997348
vjL1uSC10Jh,201611,6.400358445638896
vjL1uSC10Jh,201612,5.119016309308741
vjL1uSC10Jh,201701,-2.883539038536681
vjL1uSC10Jh,201702,1.6403210424019996
vjL1uSC10Jh,201703,2.924561067279793
vjL1uSC10Jh,201704,8.443397123197988
vjL1uSC10Jh,201705,10.725907496929471
vjL1uSC10Jh,201706,13.506873107184967
vjL1uSC10Jh,201707,14.54367031074962
vjL1uSC10Jh,201708,14.55739708794259
vjL1uSC10Jh,201709,13.100041529370218
vjL1uSC10Jh,201710,9.82421049341569
vjL1uSC10Jh,201711,4.721181404041327
vjL1uSC10Jh,201712,2.3693398129483927
vjL1uSC10Jh,201801,1.3629724196777049
vjL1uSC10Jh,201802,1.3831783658924075
vjL1uSC10Jh,201803,4.373087083134737
vjL1uSC10Jh,201804,7.947312208247658
vjL1uSC10Jh,201805,11.362893299118124
vjL1uSC10Jh,201806,14.205855401324404
vjL1uSC10Jh,201807,14.969890867817064
vjL1uSC10Jh,201808,14.37570104159007
vjL1uSC10Jh,201809,12.48453265241446
vjL1uSC10Jh,201810,7.445619298664599
vjL1uSC10Jh,201811,4.7666349074045655
vjL1uSC10Jh,201812,-0.1930774268849412
vjL1uSC10Jh,201901,-3.16581300809496
vjL1uSC10Jh,201902,-1.831492861433931
vjL1uSC10Jh,201903,1.681264972594475
vjL1uSC10Jh,201904,7.108208017335198
vjL1uSC10Jh,201905,11.019027973778414
vjL1uSC10Jh,201906,13.917530048446467
vjL1uSC10Jh,201907,14.487388802771374
vjL1uSC10Jh,201908,14.638841642577871
vjL1uSC10Jh,201909,13.131718071524269
vjL1uSC10Jh,201910,8.834247446690597
vjL1uSC10Jh,201911,5.228363681120015
vjL1uSC10Jh,201912,-2.983787378979892
vjL1uSC10Jh,202001,-3.628795848599797
vjL1uSC10Jh,202002,-1.4309707593029724
vjL1uSC10Jh,202003,1.579715892831263
vjL1uSC10Jh,202004,6.04168564245016
vjL1uSC10Jh,202005,10.115199904692377
vjL1uSC10Jh,202006,13.155207629575308
vjL1uSC10Jh,202007,14.529733360791818
vjL1uSC10Jh,202008,14.807206172750128
vjL1uSC10Jh,202009,13.639340671192253
vjL1uSC10Jh,202010,10.266031436725545
vjL1uSC10Jh,202011,3.7030123620830113
vjL1uSC10Jh,202012,1.5685999725580897
vjL1uSC10Jh,202101,1.2485002923579398
vjL1uSC10Jh,202102,1.6331216625009926
vjL1uSC10Jh,202103,4.829732303031998
vjL1uSC10Jh,202104,6.116408814498712
vjL1uSC10Jh,202105,9.902489051461826
vjL1uSC10Jh,202106,13.104094566303884
vjL1uSC10Jh,202107,14.693393654261346
vjL1uSC10Jh,202108,14.309458250768907
vjL1uSC10Jh,202109,13.224357065101016
vjL1uSC10Jh,202110,9.836357938430988
vjL1uSC10Jh,202111,4.873457060929509
vjL1uSC10Jh,202112,-1.3399373273812
vjL1uSC10Jh,202201,-3.886839782431433
vjL1uSC10Jh,202202,-2.6183823382908167
vjL1uSC10Jh,202203,5.662192174946539
vjL1uSC10Jh,202204,10.403636755057224
vjL1uSC10Jh,202205,11.38262249300199
vjL1uSC10Jh,202206,14.212127914281586
vjL1uSC10Jh,202207,14.784017588359411
vjL1uSC10Jh,202208,14.52540270496408
vjL1uSC10Jh,202209,12.574974278588892
vjL1uSC10Jh,202210,7.376285745844647
vjL1uSC10Jh,202211,4.623495394434586
vjL1uSC10Jh,202212,2.7235847758417755
vjL1uSC10Jh,202301,-0.6021728362129577
vjL1uSC10Jh,202302,2.105812017989584
vjL1uSC10Jh,202303,3.4899842311110896
vjL1uSC10Jh,202304,6.289016752957808
vjL1uSC10Jh,202305,9.072973429028009
vjL1uSC10Jh,202306,13.400424317835524
vjL1uSC10Jh,202307,14.793219088400184
vjL1uSC10Jh,202308,14.683553745010569
vjL1uSC10Jh,202309,13.622410980184444
vjL1uSC10Jh,202310,8.398561323129083
vjL1uSC10Jh,202311,4.541719173045158
vjL1uSC10Jh,202312,1.6023677386700417
vjL1uSC10Jh,202401,-0.2693463875584011
vjL1uSC10Jh,202402,-1.4824124437768469
vjL1uSC10Jh,202403,3.362106856549062
vjL1uSC10Jh,202404,8.245383739845634
vjL1uSC10Jh,202405,12.135877064649703
vjL1uSC10Jh,202406,15.397503022653872
vjL1uSC10Jh,202407,15.536624344447848
vjL1uSC10Jh,202408,14.635948486611168
vjL1uSC10Jh,202409,13.830890102224808
vjL1uSC10Jh,202410,10.24298827724851
vjL1uSC10Jh,202411,6.336074194751412
vjL1uSC10Jh,202412,1.5137872426327628
wYKHZ0iyjfd,201601,14.137706949225333
wYKHZ0iyjfd,201602,18.061967688707117
wYKHZ0iyjfd,201603,23.06736256510601
wYKHZ0iyjfd,201604,28.62537387533115
wYKHZ0iyjfd,201605,28.452579593342552
wYKHZ0iyjfd,201606,28.638879962743783
wYKHZ0iyjfd,201607,26.5055412102413
wYKHZ0iyjfd,201608,27.302331794439706
wYKHZ0iyjfd,201609,26.068030214484214
wYKHZ0iyjfd,201610,24.01863916369892
wYKHZ0iyjfd,201611,19.7614983264727
wYKHZ0iyjfd,201612,16.183040419835486
wYKHZ0iyjfd,201701,14.312799583955124
wYKHZ0iyjfd,201702,17.834790803369316
wYKHZ0iyjfd,201703,21.123724491300862
wYKHZ0iyjfd,201704,27.08689464831749
wYKHZ0iyjfd,201705,29.26774103180535
wYKHZ0iyjfd,201706,29.091450871071565
wYKHZ0iyjfd,201707,26.857653018707456
wYKHZ0iyjfd,201708,26.720804203891788
wYKHZ0iyjfd,201709,26.802628639146658
wYKHZ0iyjfd,201710,24.402806948602223
wYKHZ0iyjfd,201711,19.291322809410325
wYKHZ0iyjfd,201712,16.059021862104533
wYKHZ0iyjfd,201801,12.93803721475075
wYKHZ0iyjfd,201802,17.753643276733637
wYKHZ0iyjfd,201803,22.8695934834764
wYKHZ0iyjfd,201804,26.14388611278765
wYKHZ0iyjfd,201805,28.80107616792624
wYKHZ0iyjfd,201806,30.088891603243944
wYKHZ0iyjfd,201807,27.44876851416502
wYKHZ0iyjfd,201808,26.516289181173345
wYKHZ0iyjfd,201809,26.182073526579604
wYKHZ0iyjfd,201810,22.73515687832841
wYKHZ0iyjfd,201811,19.3598376686052
wYKHZ0iyjfd,201812,14.577431427878471
wYKHZ0iyjfd,201901,13.768779848827592
wYKHZ0iyjfd,201902,15.828585663132104
wYKHZ0iyjfd,201903,20.52089146607114
wYKHZ0iyjfd,201904,26.52566546749354
wYKHZ0iyjfd,201905,30.158372727502744
wYKHZ0iyjfd,201906,30.52298049929705
wYKHZ0iyjfd,201907,27.14264579167453
wYKHZ0iyjfd,201908,27.430028922881444
wYKHZ0iyjfd,201909,25.834866879083183
wYKHZ0iyjfd,201910,23.25855255049974
wYKHZ0iyjfd,201911,20.30482656430581
wYKHZ0iyjfd,201912,13.831419017621892
wYKHZ0iyjfd,202001,13.183934119827605
wYKHZ0iyjfd,202002,15.623024146071817
wYKHZ0iyjfd,202003,20.017449498690027
wYKHZ0iyjfd,202004,25.256465157488115
wYKHZ0iyjfd,202005,27.52720376821267
wYKHZ0iyjfd,202006,27.13909022668744
wYKHZ0iyjfd,202007,26.721101788891637
wYKHZ0iyjfd,202008,27.34157904453611
wYKHZ0iyjfd,202009,26.82173453394471
wYKHZ0iyjfd,202010,24.456027505230743
wYKHZ0iyjfd,202011,18.990798963268382
wYKHZ0iyjfd,202012,14.66834628903955
wYKHZ0iyjfd,202101,14.250911205469524
wYKHZ0iyjfd,202102,17.813788376587105
wYKHZ0iyjfd,202103,22.99878069180564
wYKHZ0iyjfd,202104,26.501004639439323
wYKHZ0iyjfd,202105,26.260238764202747
wYKHZ0iyjfd,202106,27.03573098429993
wYKHZ0iyjfd,202107,27.1404996997341
wYKHZ0iyjfd,202108,26.44577752243857
wYKHZ0iyjfd,202109,26.34664857867499
wYKHZ0iyjfd,202110,24.19433631672476
wYKHZ0iyjfd,202111,18.510368121806334
wYKHZ0iyjfd,202112,14.65823731634151
wYKHZ0iyjfd,202201,12.809685504679525
wYKHZ0iyjfd,202202,14.51851783362715
wYKHZ0iyjfd,202203,23.286811782101903
wYKHZ0iyjfd,202204,28.35129963933627
wYKHZ0iyjfd,202205,28.321357748903125
wYKHZ0iyjfd,202206,30.17118611457024
wYKHZ0iyjfd,202207,27.82967888336062
wYKHZ0iyjfd,202208,27.585900178222
wYKHZ0iyjfd,202209,26.15131035215109
wYKHZ0iyjfd,202210,22.642243339666056
wYKHZ0iyjfd,202211,19.28653763702873
wYKHZ0iyjfd,202212,15.315753860307264
wYKHZ0iyjfd,202301,13.59999736829992
wYKHZ0iyjfd,202302,17.71748851963098
wYKHZ0iyjfd,202303,21.386442481299664
wYKHZ0iyjfd,202304,25.34819037216707
wYKHZ0iyjfd,202305,27.29785888084367
wYKHZ0iyjfd,202306,30.72882994099169
wYKHZ0iyjfd,202307,27.74782329910401
wYKHZ0iyjfd,202308,27.14004763024051
wYKHZ0iyjfd,202309,27.254753481497676
wYKHZ0iyjfd,202310,23.676966947205965
wYKHZ0iyjfd,202311,20.27362337221264
wYKHZ0iyjfd,202312,15.895678614016044
wYKHZ0iyjfd,202401,13.174081091790136
wYKHZ0iyjfd,202402,16.001665105811576
wYKHZ0iyjfd,202403,21.25860448141833
wYKHZ0iyjfd,202404,27.936359483263963
wYKHZ0iyjfd,202405,30.44739131061161
wYKHZ0iyjfd,202406,31.538316085417748
wYKHZ0iyjfd,202407,27.87687864703247
wYKHZ0iyjfd,202408,27.021144106476875
wYKHZ0iyjfd,202409,26.76189244886933
wYKHZ0iyjfd,202410,24.522317397188285
wYKHZ0iyjfd,202411,19.877083468129143
wYKHZ0iyjfd,202412,14.759571655984551
xGQwwqLQ819,201601,7.771264545059387
xGQwwqLQ819,201602,10.992582477992723
xGQwwqLQ819,201603,14.537170933273025
xGQwwqLQ819,201604,19.93763509354274
xGQwwqLQ819,201605,19.03227750419341
xGQwwqLQ819,201606,20.216066313710385
xGQwwqLQ819,201607,20.060037999095208
xGQwwqLQ819,201608,20.48328478104876
xGQwwqLQ819,201609,19.21642134247807
xGQwwqLQ819,201610,16.51439871439009
xGQwwqLQ819,201611,13.187067226303707
xGQwwqLQ819,201612,11.216877438332096
xGQwwqLQ819,201701,7.886634994919851
xGQwwqLQ819,201702,11.52640745104208
xGQwwqLQ819,201703,12.886489843730628
xGQwwqLQ819,201704,18.10426668643415
xGQwwqLQ819,201705,19.113579431360005
xGQwwqLQ819,201706,20.333690460354006
xGQwwqLQ819,201707,20.32706013014156
xGQwwqLQ819,201708,20.139889127240497
xGQwwqLQ819,201709,19.478212426831192
xGQwwqLQ819,201710,16.84899231450169
xGQwwqLQ819,201711,12.451808876065522
xGQwwqLQ819,201712,10.718920069210329
xGQwwqLQ819,201801,8.492803491489001
xGQwwqLQ819,201802,11.217855430754971
xGQwwqLQ819,201803,14.533117911641156
xGQwwqLQ819,201804,16.64514656115895
xGQwwqLQ819,201805,18.97913741212091
xGQwwqLQ819,201806,20.720143426518888
xGQwwqLQ819,201807,20.57386765712273
xGQwwqLQ819,201808,20.06593642680742
xGQwwqLQ819,201809,19.175095367756807
xGQwwqLQ819,201810,14.914102813087853
xGQwwqLQ819,201811,12.636700893175927
xGQwwqLQ819,201812,8.563356969225735
xGQwwqLQ819,201901,6.910478477548202
xGQwwqLQ819,201902,8.69439950070858
xGQwwqLQ819,201903,12.21558847028789
xGQwwqLQ819,201904,16.78021344545219
xGQwwqLQ819,201905,20.586568575083923
xGQwwqLQ819,201906,21.42653822571414
xGQwwqLQ819,201907,20.42179410259018
xGQwwqLQ819,201908,20.7156725597948
xGQwwqLQ819,201909,19.106007979155883
xGQwwqLQ819,201910,15.974309551201944
xGQwwqLQ819,201911,13.741977475424164
xGQwwqLQ819,201912,8.110647923606347
xGQwwqLQ819,202001,6.532649790447279
xGQwwqLQ819,202002,8.928161169869503
xGQwwqLQ819,202003,11.897804956328317
xGQwwqLQ819,202004,15.64724052119148
xGQwwqLQ819,202005,18.3558951562742
xGQwwqLQ819,202006,19.482431867987028
xGQwwqLQ819,202007,20.31399701015513
xGQwwqLQ819,202008,20.6728393140456
xGQwwqLQ819,202009,19.942452515344137
xGQwwqLQ819,202010,17.429391482531493
xGQwwqLQ819,202011,12.162117031362856
xGQwwqLQ819,202012,9.54691859537204
xGQwwqLQ819,202101,9.304541582632412
xGQwwqLQ819,202102,10.3882847190456
xGQwwqLQ819,202103,14.561300192829655
xGQwwqLQ819,202104,17.429029180663594
xGQwwqLQ819,202105,17.76163415556523
xGQwwqLQ819,202106,19.799210514266047
xGQwwqLQ819,202107,20.41045598871172
xGQwwqLQ819,202108,20.00084418047972
xGQwwqLQ819,202109,19.328178966423465
xGQwwqLQ819,202110,17.079017281295926
xGQwwqLQ819,202111,12.7118975572728
xGQwwqLQ819,202112,8.666124679288558
xGQwwqLQ819,202201,6.631699742226368
xGQwwqLQ819,202202,7.503666173144936
xGQwwqLQ819,202203,15.30972670219984
xGQwwqLQ819,202204,19.64023857401888
xGQwwqLQ819,202205,18.60048550382261
xGQwwqLQ819,202206,20.69386514413252
xGQwwqLQ819,202207,20.7440607332887
xGQwwqLQ819,202208,20.69891731158332
xGQwwqLQ819,202209,19.123245279412167
xGQwwqLQ819,202210,15.60240219366648
xGQwwqLQ819,202211,12.53380960648484
xGQwwqLQ819,202212,9.801632941834947
xGQwwqLQ819,202301,8.493276635407884
xGQwwqLQ819,202302,11.338810366336022
xGQwwqLQ819,202303,12.944350834400332
xGQwwqLQ819,202304,16.413313897764827
xGQwwqLQ819,202305,18.386176182210413
xGQwwqLQ819,202306,21.76829646400238
xGQwwqLQ819,202307,20.786658522175305
xGQwwqLQ819,202308,20.49169571332098
xGQwwqLQ819,202309,20.067713231797764
xGQwwqLQ819,202310,16.02817464761443
xGQwwqLQ819,202311,12.911980765964657
xGQwwqLQ819,202312,10.089467014991568
xGQwwqLQ819,202401,7.763001929966123
xGQwwqLQ819,202402,8.977161125549856
xGQwwqLQ819,202403,13.676970352372027
xGQwwqLQ819,202404,19.25404938181179
xGQwwqLQ819,202405,20.65982145418367
xGQwwqLQ819,202406,22.59114548820857
xGQwwqLQ819,202407,21.33034169902308
xGQwwqLQ819,202408,20.606726808233105
xGQwwqLQ819,202409,20.185670417050897
xGQwwqLQ819,202410,17.380667107793666
xGQwwqLQ819,202411,13.436048091545162
xGQwwqLQ819,202412,9.273144805344874
yP2GELa6inf,201601,14.915355050653025
yP2GELa6inf,201602,18.986366964250795
yP2GELa6inf,201603,23.943443839588056
yP2GELa6inf,201604,30.10508045900181
yP2GELa6inf,201605,28.89771900722349
yP2GELa6inf,201606,28.905475449343903
yP2GELa6inf,201607,26.714293956727936
yP2GELa6inf,201608,27.86858883876954
yP2GELa6inf,201609,26.16507772483151
yP2GELa6inf,201610,24.391280746420687
yP2GELa6inf,201611,20.282611927337943
yP2GELa6inf,201612,16.90703407223476
yP2GELa6inf,201701,15.16297587811786
yP2GELa6inf,201702,18.68471983162204
yP2GELa6inf,201703,21.765977669692063
yP2GELa6inf,201704,27.90147545652548
yP2GELa6inf,201705,29.01461650172581
yP2GELa6inf,201706,28.795057188517347
yP2GELa6inf,201707,27.173609171476965
yP2GELa6inf,201708,26.91746739174392
yP2GELa6inf,201709,27.042280360808935
yP2GELa6inf,201710,24.91212683628285
yP2GELa6inf,201711,20.35559921920484
yP2GELa6inf,201712,17.21548884287826
yP2GELa6inf,201801,13.66827936082462
yP2GELa6inf,201802,18.42044835624397
yP2GELa6inf,201803,23.871009620064964
yP2GELa6inf,201804,27.16822954086335
yP2GELa6inf,201805,28.89774629484104
yP2GELa6inf,201806,30.588893730811996
yP2GELa6inf,201807,27.69149416988845
yP2GELa6inf,201808,27.139008181877152
yP2GELa6inf,201809,26.815481398551047
yP2GELa6inf,201810,23.655832741940294
yP2GELa6inf,201811,20.54112901650636
yP2GELa6inf,201812,15.941157568580111
yP2GELa6inf,201901,14.954987385997203
yP2GELa6inf,201902,16.78334890123993
yP2GELa6inf,201903,21.50874242894609
yP2GELa6inf,201904,26.822128100706397
yP2GELa6inf,201905,30.72260211721088
yP2GELa6inf,201906,30.98836938756332
yP2GELa6inf,201907,27.742682197935192
yP2GELa6inf,201908,27.922992233258405
yP2GELa6inf,201909,25.988221839298777
yP2GELa6inf,201910,23.893690253101635
yP2GELa6inf,201911,21.307892743433975
yP2GELa6inf,201912,14.713962511958613
yP2GELa6inf,202001,13.810278171036916
yP2GELa6inf,202002,16.24105579992691
yP2GELa6inf,202003,20.888691519849207
yP2GELa6inf,202004,25.596420396433885
yP2GELa6inf,202005,28.117695560206723
yP2GELa6inf,202006,26.985329268853445
yP2GELa6inf,202007,26.84815492006799
yP2GELa6inf,202008,27.72985300236813
yP2GELa6inf,202009,26.69298726057349
yP2GELa6inf,202010,25.18625879483492
yP2GELa6inf,202011,19.72929563131478
yP2GELa6inf,202012,16.01254691873596
yP2GELa6inf,202101,14.962029425960262
yP2GELa6inf,202102,18.26645715177195
yP2GELa6inf,202103,23.596645167735225
yP2GELa6inf,202104,27.259701539469607
yP2GELa6inf,202105,26.23070163708785
yP2GELa6inf,202106,27.126365829424028
yP2GELa6inf,202107,27.330086420373284
yP2GELa6inf,202108,26.48603844928473
yP2GELa6inf,202109,26.625266288959224
yP2GELa6inf,202110,24.52050364976517
yP2GELa6inf,202111,19.39765678505643
yP2GELa6inf,202112,15.741163298638272
yP2GELa6inf,202201,13.763400829695522
yP2GELa6inf,202202,15.162516251736085
yP2GELa6inf,202203,24.034057966081303
yP2GELa6inf,202204,28.484127766469317
yP2GELa6inf,202205,28.64281261791657
yP2GELa6inf,202206,29.809425634976748
yP2GELa6inf,202207,28.23713680963137
yP2GELa6inf,202208,27.90562904330882
yP2GELa6inf,202209,26.3393568608908
yP2GELa6inf,202210,23.361340539636064
yP2GELa6inf,202211,20.01524800088856
yP2GELa6inf,202212,16.49128769708864
yP2GELa6inf,202301,14.667516562981774
yP2GELa6inf,202302,18.470294385396144
yP2GELa6inf,202303,22.489340044126767
yP2GELa6inf,202304,27.187044458804976
yP2GELa6inf,202305,28.783212081564844
yP2GELa6inf,202306,31.585740468727032
yP2GELa6inf,202307,28.258386833099696
yP2GELa6inf,202308,27.69582739135739
yP2GELa6inf,202309,27.80971532605996
yP2GELa6inf,202310,24.15589126154602
yP2GELa6inf,202311,20.91130851795743
yP2GELa6inf,202312,17.0464451631958
yP2GELa6inf,202401,14.241788564548717
yP2GELa6inf,202402,16.809758062192625
yP2GELa6inf,202403,22.34752125410725
yP2GELa6inf,202404,29.555105465342383
yP2GELa6inf,202405,30.55938378898765
yP2GELa6inf,202406,31.323562805045807
yP2GELa6inf,202407,28.145236946931902
yP2GELa6inf,202408,27.456428761653303
yP2GELa6inf,202409,27.33961100808829
yP2GELa6inf,202410,24.960084443012697
yP2GELa6inf,202411,21.02974657297346
yP2GELa6inf,202412,15.679057009244207
ycBkX3TlIrL,201601,8.051325757250718
ycBkX3TlIrL,201602,11.363597776279413
ycBkX3TlIrL,201603,15.435470708560592
ycBkX3TlIrL,201604,20.80873265970404
ycBkX3TlIrL,201605,20.659012029475964
ycBkX3TlIrL,201606,21.27614410763889
ycBkX3TlIrL,201607,20.813016787085942
ycBkX3TlIrL,201608,21.22800827487781
ycBkX3TlIrL,201609,19.803429102285087
ycBkX3TlIrL,201610,17.418860239916782
ycBkX3TlIrL,201611,13.743264882285104
ycBkX3TlIrL,201612,11.592816566164196
ycBkX3TlIrL,201701,8.1880811482392
ycBkX3TlIrL,201702,11.853758258223102
ycBkX3TlIrL,201703,13.692245356014478
ycBkX3TlIrL,201704,19.30993013569464
ycBkX3TlIrL,201705,20.80574881596162
ycBkX3TlIrL,201706,21.502594703358625
ycBkX3TlIrL,201707,20.89727047450369
ycBkX3TlIrL,201708,20.7920067391114
ycBkX3TlIrL,201709,20.178459398516157
ycBkX3TlIrL,201710,17.684873356559486
ycBkX3TlIrL,201711,13.2730842481979
ycBkX3TlIrL,201712,11.363631505323804
ycBkX3TlIrL,201801,8.80508597173235
ycBkX3TlIrL,201802,11.767407045565127
ycBkX3TlIrL,201803,15.32070498564487
ycBkX3TlIrL,201804,18.192482906332884
ycBkX3TlIrL,201805,20.759047189937014
ycBkX3TlIrL,201806,21.90799022942762
ycBkX3TlIrL,201807,21.33817111118764
ycBkX3TlIrL,201808,20.70526279764597
ycBkX3TlIrL,201809,19.759268253546928
ycBkX3TlIrL,201810,15.804928958147864
ycBkX3TlIrL,201811,13.026686615983834
ycBkX3TlIrL,201812,8.911570729256775
ycBkX3TlIrL,201901,7.397361460571619
ycBkX3TlIrL,201902,9.088917980480277
ycBkX3TlIrL,201903,13.065232767452102
ycBkX3TlIrL,201904,17.91263960079485
ycBkX3TlIrL,201905,22.024047448534848
ycBkX3TlIrL,201906,22.779492679788035
ycBkX3TlIrL,201907,21.06121250218853
ycBkX3TlIrL,201908,21.37128310011184
ycBkX3TlIrL,201909,19.74738938628552
ycBkX3TlIrL,201910,16.592178219719226
ycBkX3TlIrL,201911,14.458782856290496
ycBkX3TlIrL,201912,8.437347416788265
ycBkX3TlIrL,202001,7.086521677739842
ycBkX3TlIrL,202002,9.22992771494098
ycBkX3TlIrL,202003,12.634746202181436
ycBkX3TlIrL,202004,16.90790369272809
ycBkX3TlIrL,202005,19.77506108866217
ycBkX3TlIrL,202006,20.57777053245999
ycBkX3TlIrL,202007,20.953950390334978
ycBkX3TlIrL,202008,21.349348909578488
ycBkX3TlIrL,202009,20.570159284533432
ycBkX3TlIrL,202010,18.23533354061069
ycBkX3TlIrL,202011,13.058405351868265
ycBkX3TlIrL,202012,9.972061052969169
ycBkX3TlIrL,202101,9.599318630367508
ycBkX3TlIrL,202102,11.148274150429366
ycBkX3TlIrL,202103,15.412191905391934
ycBkX3TlIrL,202104,18.50157631723973
ycBkX3TlIrL,202105,19.230950746567533
ycBkX3TlIrL,202106,20.718935405727496
ycBkX3TlIrL,202107,21.189061835168847
ycBkX3TlIrL,202108,20.57142927629749
ycBkX3TlIrL,202109,20.26773525354602
ycBkX3TlIrL,202110,17.94838638243949
ycBkX3TlIrL,202111,13.08815918496188
ycBkX3TlIrL,202112,9.223102294240578
ycBkX3TlIrL,202201,6.954193837165807
ycBkX3TlIrL,202202,8.198347535927219
ycBkX3TlIrL,202203,16.115000123167874
ycBkX3TlIrL,202204,20.855900965442995
ycBkX3TlIrL,202205,20.38585841031286
ycBkX3TlIrL,202206,22.41618605427925
ycBkX3TlIrL,202207,21.439939953099174
ycBkX3TlIrL,202208,21.296874832177725
ycBkX3TlIrL,202209,19.85210488710693
ycBkX3TlIrL,202210,16.335376482918377
ycBkX3TlIrL,202211,13.33053825015458
ycBkX3TlIrL,202212,10.318531244771505
ycBkX3TlIrL,202301,8.675050536981704
ycBkX3TlIrL,202302,12.042775354805798
ycBkX3TlIrL,202303,13.858177443417643
ycBkX3TlIrL,202304,17.399414529906586
ycBkX3TlIrL,202305,19.672103055875333
ycBkX3TlIrL,202306,22.82607288676216
ycBkX3TlIrL,202307,21.608445008162928
ycBkX3TlIrL,202308,20.992515873619777
ycBkX3TlIrL,202309,20.976483335648865
ycBkX3TlIrL,202310,16.98423986336295
ycBkX3TlIrL,202311,13.599443015523292
ycBkX3TlIrL,202312,10.762326019371622
ycBkX3TlIrL,202401,8.414432226263411
ycBkX3TlIrL,202402,9.590694823161844
ycBkX3TlIrL,202403,14.426672610384347
ycBkX3TlIrL,202404,20.06738208062285
ycBkX3TlIrL,202405,22.36347943455916
ycBkX3TlIrL,202406,24.08683113703345
ycBkX3TlIrL,202407,22.044520554915927
ycBkX3TlIrL,202408,21.20805424140381
ycBkX3TlIrL,202409,20.97881527030409
ycBkX3TlIrL,202410,18.010026876251885
ycBkX3TlIrL,202411,13.764548243632271
ycBkX3TlIrL,202412,9.70196990905526
zkFZKX5RX1A,201601,-1.768360635538302
zkFZKX5RX1A,201602,1.1386735395529308
zkFZKX5RX1A,201603,3.63519174704795
zkFZKX5RX1A,201604,8.459800673504267
zkFZKX5RX1A,201605,9.544728792182202
zkFZKX5RX1A,201606,12.475393088230392
zkFZKX5RX1A,201607,13.07113382194497
zkFZKX5RX1A,201608,12.882120406526694
zkFZKX5RX1A,201609,11.641946177728723
zkFZKX5RX1A,201610,8.24916413779778
zkFZKX5RX1A,201611,5.290190902270434
zkFZKX5RX1A,201612,4.394473298790421
zkFZKX5RX1A,201701,-2.912338953807164
zkFZKX5RX1A,201702,1.6667566759413572
zkFZKX5RX1A,201703,1.6129876231885765
zkFZKX5RX1A,201704,7.203703990746679
zkFZKX5RX1A,201705,9.149511730372124
zkFZKX5RX1A,201706,12.14273284166018
zkFZKX5RX1A,201707,13.11137602882123
zkFZKX5RX1A,201708,13.016065292946577
zkFZKX5RX1A,201709,11.73256797138964
zkFZKX5RX1A,201710,8.270062387160975
zkFZKX5RX1A,201711,3.778783314482772
zkFZKX5RX1A,201712,1.9783487701478533
zkFZKX5RX1A,201801,1.4350678762830678
zkFZKX5RX1A,201802,1.0779845769400886
zkFZKX5RX1A,201803,3.3058491877618845
zkFZKX5RX1A,201804,6.155466930333451
zkFZKX5RX1A,201805,9.471313547990494
zkFZKX5RX1A,201806,12.472718284993856
zkFZKX5RX1A,201807,13.453144600069686
zkFZKX5RX1A,201808,12.987441531334987
zkFZKX5RX1A,201809,11.16027575922886
zkFZKX5RX1A,201810,5.69493605200212
zkFZKX5RX1A,201811,4.228191312003092
zkFZKX5RX1A,201812,-0.1692656507479941
zkFZKX5RX1A,201901,-4.0855769818073
zkFZKX5RX1A,201902,-2.4651334390431843
zkFZKX5RX1A,201903,0.5056219110669509
zkFZKX5RX1A,201904,6.222432246483338
zkFZKX5RX1A,201905,9.171394464932105
zkFZKX5RX1A,201906,12.434809018213404
zkFZKX5RX1A,201907,13.105193405976276
zkFZKX5RX1A,201908,13.161248971950313
zkFZKX5RX1A,201909,11.48553586416558
zkFZKX5RX1A,201910,7.507512552691328
zkFZKX5RX1A,201911,5.169106106699127
zkFZKX5RX1A,201912,-2.04341930801312
zkFZKX5RX1A,202001,-4.383308754755604
zkFZKX5RX1A,202002,-1.268913930236629
zkFZKX5RX1A,202003,0.9216136114447656
zkFZKX5RX1A,202004,4.933887019883313
zkFZKX5RX1A,202005,8.694175214539419
zkFZKX5RX1A,202006,11.656891680196544
zkFZKX5RX1A,202007,13.427350062369952
zkFZKX5RX1A,202008,13.605098948104065
zkFZKX5RX1A,202009,12.30375398604008
zkFZKX5RX1A,202010,9.070643652981126
zkFZKX5RX1A,202011,2.3852186586588258
zkFZKX5RX1A,202012,1.6752659445662603
zkFZKX5RX1A,202101,2.1594022846544267
zkFZKX5RX1A,202102,0.463673989937916
zkFZKX5RX1A,202103,3.926939970948784
zkFZKX5RX1A,202104,5.529249348019989
zkFZKX5RX1A,202105,8.542911740837386
zkFZKX5RX1A,202106,11.816819102351452
zkFZKX5RX1A,202107,13.38945741907474
zkFZKX5RX1A,202108,13.106521612786812
zkFZKX5RX1A,202109,11.675545697019446
zkFZKX5RX1A,202110,8.670335700265232
zkFZKX5RX1A,202111,5.121273589930323
zkFZKX5RX1A,202112,-1.87291641315312
zkFZKX5RX1A,202201,-4.059810613158123
zkFZKX5RX1A,202202,-3.5906275609679903
zkFZKX5RX1A,202203,4.538374368093035
zkFZKX5RX1A,202204,8.96982965982911
zkFZKX5RX1A,202205,9.738788974890513
zkFZKX5RX1A,202206,12.676394882805928
zkFZKX5RX1A,202207,13.542678443969235
zkFZKX5RX1A,202208,13.446606647592208
zkFZKX5RX1A,202209,11.487697236992288
zkFZKX5RX1A,202210,6.80384059664471
zkFZKX5RX1A,202211,3.9479521167788394
zkFZKX5RX1A,202212,1.9353452106307696
zkFZKX5RX1A,202301,-0.5956545946819773
zkFZKX5RX1A,202302,1.8336402971488703
zkFZKX5RX1A,202303,2.1253882482251973
zkFZKX5RX1A,202304,4.595641543766922
zkFZKX5RX1A,202305,7.36245440907209
zkFZKX5RX1A,202306,11.828982609510952
zkFZKX5RX1A,202307,13.522457752473928
zkFZKX5RX1A,202308,13.3438508787404
zkFZKX5RX1A,202309,12.251928340140497
zkFZKX5RX1A,202310,7.0453402230504905
zkFZKX5RX1A,202311,4.025626351085052
zkFZKX5RX1A,202312,0.6038433368751605
zkFZKX5RX1A,202401,-0.9077373948630628
zkFZKX5RX1A,202402,-2.1434676434607933
zkFZKX5RX1A,202403,2.799351676230583
zkFZKX5RX1A,202404,7.197321239796684
zkFZKX5RX1A,202405,10.54377952893445
zkFZKX5RX1A,202406,13.668435191317482
zkFZKX5RX1A,202407,14.21947783179632
zkFZKX5RX1A,202408,13.504216273459011
zkFZKX5RX1A,202409,12.365146444122644
zkFZKX5RX1A,202410,8.853449415735609
zkFZKX5RX1A,202411,5.379875822909752
zkFZKX5RX1A,202412,1.329109427636523
