location,time_period,tp
A3R7UT64jHf,201601,0.1883491794736145
A3R7UT64jHf,201602,0.1559615516266954
A3R7UT64jHf,201603,1.2342182288273778
A3R7UT64jHf,201604,0.0672738663528993
A3R7UT64jHf,201605,6.305201961574138
A3R7UT64jHf,201606,5.969700135492341
A3R7UT64jHf,201607,11.43457294480504
A3R7UT64jHf,201608,7.043999212166992
A3R7UT64jHf,201609,12.875238678486015
A3R7UT64jHf,201610,1.4147334830563068
A3R7UT64jHf,201611,0.0107935489773901
A3R7UT64jHf,201612,0.1049047182755588
A3R7UT64jHf,201701,0.1060372022771644
A3R7UT64jHf,201702,0.0423104191249131
A3R7UT64jHf,201703,0.9605316508130044
A3R7UT64jHf,201704,1.4347222195622256
A3R7UT64jHf,201705,6.002573673734939
A3R7UT64jHf,201706,4.6718269913676655
A3R7UT64jHf,201707,13.192601745393292
A3R7UT64jHf,201708,17.844053812686987
A3R7UT64jHf,201709,4.750802715283824
A3R7UT64jHf,201710,0.5282051468817288
A3R7UT64jHf,201711,0.0040021841584033
A3R7UT64jHf,201712,0.0074943386224339
A3R7UT64jHf,201801,0.0849898819663472
A3R7UT64jHf,201802,0.0711713349587701
A3R7UT64jHf,201803,0.1369975677243162
A3R7UT64jHf,201804,1.3252201324777173
A3R7UT64jHf,201805,3.004005970046705
A3R7UT64jHf,201806,5.525656903872651
A3R7UT64jHf,201807,13.00788261238238
A3R7UT64jHf,201808,9.98714137687719
A3R7UT64jHf,201809,3.916823511919109
A3R7UT64jHf,201810,0.2401545744382785
A3R7UT64jHf,201811,0.0066435300116925
A3R7UT64jHf,201812,0.0149585265405439
A3R7UT64jHf,201901,0.3006510585502731
A3R7UT64jHf,201902,2.0859633242893616
A3R7UT64jHf,201903,0.176353605820462
A3R7UT64jHf,201904,2.144071630480987
A3R7UT64jHf,201905,0.5415389180609897
A3R7UT64jHf,201906,2.8761535597340058
A3R7UT64jHf,201907,24.849746571670902
A3R7UT64jHf,201908,6.161219699904696
A3R7UT64jHf,201909,14.060989328907452
A3R7UT64jHf,201910,0.5972781505011989
A3R7UT64jHf,201911,0.0324608563980114
A3R7UT64jHf,201912,0.8767586563253864
A3R7UT64jHf,202001,1.7628133740188914
A3R7UT64jHf,202002,1.165366462042708
A3R7UT64jHf,202003,0.5660856476059283
A3R7UT64jHf,202004,1.954330824668269
A3R7UT64jHf,202005,2.113588292987869
A3R7UT64jHf,202006,10.725595092824582
A3R7UT64jHf,202007,24.749741745331505
A3R7UT64jHf,202008,7.279289909500026
A3R7UT64jHf,202009,9.675314991080755
A3R7UT64jHf,202010,0.3042216242462265
A3R7UT64jHf,202011,0.0042313301062039
A3R7UT64jHf,202012,0.0310988588692617
A3R7UT64jHf,202101,0.0568807671483259
A3R7UT64jHf,202102,0.053217917608341
A3R7UT64jHf,202103,0.0344821356931578
A3R7UT64jHf,202104,0.228741200349216
A3R7UT64jHf,202105,12.225231633750996
A3R7UT64jHf,202106,11.584994730442263
A3R7UT64jHf,202107,10.14776140165448
A3R7UT64jHf,202108,15.0096966516641
A3R7UT64jHf,202109,5.651925494441492
A3R7UT64jHf,202110,6.486147876353584
A3R7UT64jHf,202111,0.0096029623856499
A3R7UT64jHf,202112,0.8655697499544863
A3R7UT64jHf,202201,0.6391569725662207
A3R7UT64jHf,202202,1.7692378261557744
A3R7UT64jHf,202203,0.0247391586993226
A3R7UT64jHf,202204,0.4023952179248186
A3R7UT64jHf,202205,2.0376308011720403
A3R7UT64jHf,202206,9.07906184495024
A3R7UT64jHf,202207,7.976669029794347
A3R7UT64jHf,202208,8.741229814848097
A3R7UT64jHf,202209,5.32572323781164
A3R7UT64jHf,202210,1.1442495750642645
A3R7UT64jHf,202211,0.0188471335802778
A3R7UT64jHf,202212,0.009401868494934
A3R7UT64jHf,202301,0.021935113526885
A3R7UT64jHf,202302,0.0035381190064007
A3R7UT64jHf,202303,0.7016183672370834
A3R7UT64jHf,202304,0.2287896046920779
A3R7UT64jHf,202305,0.7454688996983677
A3R7UT64jHf,202306,1.4531486481620957
A3R7UT64jHf,202307,4.29518317604772
A3R7UT64jHf,202308,5.263147150697304
A3R7UT64jHf,202309,2.713225578776029
A3R7UT64jHf,202310,1.2796418618054743
A3R7UT64jHf,202311,0.0450561760695233
A3R7UT64jHf,202312,0.0460925831916238
A3R7UT64jHf,202401,0.0201273812095886
A3R7UT64jHf,202402,0.1476787664527753
A3R7UT64jHf,202403,0.944822108716176
A3R7UT64jHf,202404,0.0047596549926763
A3R7UT64jHf,202405,1.7966589976005038
A3R7UT64jHf,202406,4.605177772409586
A3R7UT64jHf,202407,13.452489818667749
A3R7UT64jHf,202408,8.01346499090026
A3R7UT64jHf,202409,16.288093701503616
A3R7UT64jHf,202410,1.0575415863258733
A3R7UT64jHf,202411,0.1045684870562258
A3R7UT64jHf,202412,0.0415815277035492
A3TeVhjjS2u,201601,2.114418462834027
A3TeVhjjS2u,201602,1.881300276405156
A3TeVhjjS2u,201603,2.4736563529007096
A3TeVhjjS2u,201604,1.158088059852545
A3TeVhjjS2u,201605,9.466259872303066
A3TeVhjjS2u,201606,17.621646921131294
A3TeVhjjS2u,201607,28.35271105855812
A3TeVhjjS2u,201608,8.85935660194342
A3TeVhjjS2u,201609,12.738874752225309
A3TeVhjjS2u,201610,4.319467942582095
A3TeVhjjS2u,201611,0.3320616303012913
A3TeVhjjS2u,201612,0.5296205540548825
A3TeVhjjS2u,201701,1.218053154080654
A3TeVhjjS2u,201702,1.034032485029574
A3TeVhjjS2u,201703,4.237808328761012
A3TeVhjjS2u,201704,3.381109575270665
A3TeVhjjS2u,201705,7.984852855233167
A3TeVhjjS2u,201706,11.42294927871527
A3TeVhjjS2u,201707,15.86925249518377
A3TeVhjjS2u,201708,22.47373098883424
A3TeVhjjS2u,201709,8.936671548818989
A3TeVhjjS2u,201710,2.1591694081444968
A3TeVhjjS2u,201711,0.814400333916069
A3TeVhjjS2u,201712,0.2139309902163756
A3TeVhjjS2u,201801,0.5943864273422982
A3TeVhjjS2u,201802,1.58573077578312
A3TeVhjjS2u,201803,2.267148287281669
A3TeVhjjS2u,201804,4.709478120983451
A3TeVhjjS2u,201805,7.766860158583573
A3TeVhjjS2u,201806,11.129897451949308
A3TeVhjjS2u,201807,21.34163674867572
A3TeVhjjS2u,201808,21.61517399403712
A3TeVhjjS2u,201809,6.486090243493855
A3TeVhjjS2u,201810,1.2993867853816417
A3TeVhjjS2u,201811,1.5679886382011126
A3TeVhjjS2u,201812,1.1773294083744157
A3TeVhjjS2u,201901,2.1732027222977264
A3TeVhjjS2u,201902,4.75034263447735
A3TeVhjjS2u,201903,2.3321999002977174
A3TeVhjjS2u,201904,3.985280929581708
A3TeVhjjS2u,201905,2.6158394633788857
A3TeVhjjS2u,201906,10.116246251405377
A3TeVhjjS2u,201907,19.10252075158062
A3TeVhjjS2u,201908,9.842540593508716
A3TeVhjjS2u,201909,21.14915298668925
A3TeVhjjS2u,201910,2.2324853689314987
A3TeVhjjS2u,201911,1.0991008966832805
A3TeVhjjS2u,201912,1.6613532614241897
A3TeVhjjS2u,202001,4.74708386086533
A3TeVhjjS2u,202002,2.2470046194802835
A3TeVhjjS2u,202003,2.9764541547705776
A3TeVhjjS2u,202004,5.763782944862001
A3TeVhjjS2u,202005,6.2951694579003
A3TeVhjjS2u,202006,21.576121677689883
A3TeVhjjS2u,202007,25.04996971880778
A3TeVhjjS2u,202008,19.370917969514156
A3TeVhjjS2u,202009,15.594126477960486
A3TeVhjjS2u,202010,2.055914500029226
A3TeVhjjS2u,202011,0.6239372808614804
A3TeVhjjS2u,202012,1.172663170628316
A3TeVhjjS2u,202101,0.5849632374190679
A3TeVhjjS2u,202102,1.6780429649432296
A3TeVhjjS2u,202103,2.5362781860548997
A3TeVhjjS2u,202104,2.1265540024882834
A3TeVhjjS2u,202105,11.272629956405591
A3TeVhjjS2u,202106,19.663097914998723
A3TeVhjjS2u,202107,21.733849218284984
A3TeVhjjS2u,202108,21.979333684766384
A3TeVhjjS2u,202109,9.016430321542996
A3TeVhjjS2u,202110,7.097745970326793
A3TeVhjjS2u,202111,1.7121049323319426
A3TeVhjjS2u,202112,2.3055100367601256
A3TeVhjjS2u,202201,1.993293088065498
A3TeVhjjS2u,202202,3.645346701561181
A3TeVhjjS2u,202203,1.1897030407418852
A3TeVhjjS2u,202204,2.969649929604845
A3TeVhjjS2u,202205,9.570818773915237
A3TeVhjjS2u,202206,15.453215160684795
A3TeVhjjS2u,202207,16.776921480750207
A3TeVhjjS2u,202208,9.852804055012976
A3TeVhjjS2u,202209,5.977821766184063
A3TeVhjjS2u,202210,5.552431444977874
A3TeVhjjS2u,202211,0.456840588269863
A3TeVhjjS2u,202212,0.2580512531309089
A3TeVhjjS2u,202301,0.2436877994919694
A3TeVhjjS2u,202302,0.8116910456870181
A3TeVhjjS2u,202303,2.5655255821055736
A3TeVhjjS2u,202304,1.7895708352175503
A3TeVhjjS2u,202305,2.8522033017232635
A3TeVhjjS2u,202306,5.760043938074305
A3TeVhjjS2u,202307,14.130898576960682
A3TeVhjjS2u,202308,7.584415795666383
A3TeVhjjS2u,202309,4.048575449292221
A3TeVhjjS2u,202310,2.801593967596561
A3TeVhjjS2u,202311,0.3733536924254524
A3TeVhjjS2u,202312,0.5721133938869436
A3TeVhjjS2u,202401,0.7299928774965424
A3TeVhjjS2u,202402,0.9566316445419936
A3TeVhjjS2u,202403,2.368023267967996
A3TeVhjjS2u,202404,0.8072148079944551
A3TeVhjjS2u,202405,4.808144181913228
A3TeVhjjS2u,202406,11.8971014813273
A3TeVhjjS2u,202407,30.187073614988744
A3TeVhjjS2u,202408,17.10501851929789
A3TeVhjjS2u,202409,13.994628397515251
A3TeVhjjS2u,202410,3.501465034388186
A3TeVhjjS2u,202411,3.116096282262574
A3TeVhjjS2u,202412,0.3666880473517339
B7X957nA1lM,201601,2.596694710753572
B7X957nA1lM,201602,1.5587963408622694
B7X957nA1lM,201603,1.6594514766224724
B7X957nA1lM,201604,1.2855378119058092
B7X957nA1lM,201605,10.296062787444184
B7X957nA1lM,201606,19.463778687911255
B7X957nA1lM,201607,33.9051826676352
B7X957nA1lM,201608,12.72122669350541
B7X957nA1lM,201609,25.056575085294103
B7X957nA1lM,201610,7.063181344341263
B7X957nA1lM,201611,0.7596994869327249
B7X957nA1lM,201612,1.3031430426260688
B7X957nA1lM,201701,1.647361025242792
B7X957nA1lM,201702,1.3644829599916697
B7X957nA1lM,201703,4.6593600757714615
B7X957nA1lM,201704,3.267290876054205
B7X957nA1lM,201705,7.846644594499425
B7X957nA1lM,201706,14.78292158505648
B7X957nA1lM,201707,26.89651893455359
B7X957nA1lM,201708,24.36925785082526
B7X957nA1lM,201709,14.356132467173902
B7X957nA1lM,201710,7.694065166325384
B7X957nA1lM,201711,1.2667567876664454
B7X957nA1lM,201712,0.3492609166256056
B7X957nA1lM,201801,0.7932448631769704
B7X957nA1lM,201802,1.2567853903742414
B7X957nA1lM,201803,1.5696137620867503
B7X957nA1lM,201804,6.792781896729502
B7X957nA1lM,201805,10.105592029233495
B7X957nA1lM,201806,12.356438160961304
B7X957nA1lM,201807,24.0894474845403
B7X957nA1lM,201808,30.91491653324871
B7X957nA1lM,201809,6.675408317607877
B7X957nA1lM,201810,4.1914521987497855
B7X957nA1lM,201811,1.3759875191921471
B7X957nA1lM,201812,2.221057067550991
B7X957nA1lM,201901,2.36131290910573
B7X957nA1lM,201902,3.811626853840584
B7X957nA1lM,201903,2.124373067782132
B7X957nA1lM,201904,6.062319684587183
B7X957nA1lM,201905,3.5801399355449424
B7X957nA1lM,201906,8.116189195835643
B7X957nA1lM,201907,31.88329431762924
B7X957nA1lM,201908,10.912345996174505
B7X957nA1lM,201909,20.358014715910592
B7X957nA1lM,201910,6.925735384177919
B7X957nA1lM,201911,2.2275576503205627
B7X957nA1lM,201912,1.636956948656037
B7X957nA1lM,202001,3.5493769908442965
B7X957nA1lM,202002,3.6462454136326903
B7X957nA1lM,202003,4.263896978806969
B7X957nA1lM,202004,5.505419014274681
B7X957nA1lM,202005,9.417097070481448
B7X957nA1lM,202006,16.253861529795724
B7X957nA1lM,202007,41.08148555810487
B7X957nA1lM,202008,17.097640728367445
B7X957nA1lM,202009,18.428400596120856
B7X957nA1lM,202010,4.935505253565239
B7X957nA1lM,202011,1.1182067289140094
B7X957nA1lM,202012,0.9917698080236564
B7X957nA1lM,202101,1.106491699476864
B7X957nA1lM,202102,1.5145805447847571
B7X957nA1lM,202103,1.0761525467355304
B7X957nA1lM,202104,1.078792427827331
B7X957nA1lM,202105,14.159170652213932
B7X957nA1lM,202106,13.66146299168965
B7X957nA1lM,202107,21.620431349182223
B7X957nA1lM,202108,24.991149272802836
B7X957nA1lM,202109,10.858979707359898
B7X957nA1lM,202110,9.354611808387745
B7X957nA1lM,202111,1.6452746717004634
B7X957nA1lM,202112,2.537304721299408
B7X957nA1lM,202201,3.24757949728963
B7X957nA1lM,202202,3.980698768259639
B7X957nA1lM,202203,1.9794189383454248
B7X957nA1lM,202204,4.589708347231437
B7X957nA1lM,202205,7.983767060513455
B7X957nA1lM,202206,21.365609277717518
B7X957nA1lM,202207,23.618239501772667
B7X957nA1lM,202208,11.923800779319846
B7X957nA1lM,202209,8.693085239321189
B7X957nA1lM,202210,2.880691770384852
B7X957nA1lM,202211,0.8691024077795249
B7X957nA1lM,202212,0.4540760423582729
B7X957nA1lM,202301,0.2051747568736708
B7X957nA1lM,202302,0.921472384108694
B7X957nA1lM,202303,2.77324102910018
B7X957nA1lM,202304,1.504525713244082
B7X957nA1lM,202305,3.820414674225231
B7X957nA1lM,202306,5.467151743592795
B7X957nA1lM,202307,9.79753821861126
B7X957nA1lM,202308,11.688268932160684
B7X957nA1lM,202309,4.804333177466319
B7X957nA1lM,202310,4.697297471246177
B7X957nA1lM,202311,1.4443070347665805
B7X957nA1lM,202312,0.9672645552680524
B7X957nA1lM,202401,1.1327835453960555
B7X957nA1lM,202402,0.5396252940139449
B7X957nA1lM,202403,3.6903118872877534
B7X957nA1lM,202404,0.2623057075517941
B7X957nA1lM,202405,7.509988362074487
B7X957nA1lM,202406,20.39738265938794
B7X957nA1lM,202407,23.24044016765043
B7X957nA1lM,202408,16.544139195182307
B7X957nA1lM,202409,12.788201461620526
B7X957nA1lM,202410,8.822266962216885
B7X957nA1lM,202411,3.371265230308356
B7X957nA1lM,202412,1.0462766105150452
BITtrV4c0xf,201601,1.4184065632223135
BITtrV4c0xf,201602,1.194456833446706
BITtrV4c0xf,201603,0.9931266418832472
BITtrV4c0xf,201604,0.4045678408062798
BITtrV4c0xf,201605,3.199486742134225
BITtrV4c0xf,201606,10.481896600322736
BITtrV4c0xf,201607,26.71723313230417
BITtrV4c0xf,201608,9.992533616303092
BITtrV4c0xf,201609,5.870140654522233
BITtrV4c0xf,201610,1.4104486370907472
BITtrV4c0xf,201611,0.1382152047087573
BITtrV4c0xf,201612,0.3630865182503084
BITtrV4c0xf,201701,1.2900702766397123
BITtrV4c0xf,201702,0.5824287332740685
BITtrV4c0xf,201703,2.080450258199927
BITtrV4c0xf,201704,1.6951504018951715
BITtrV4c0xf,201705,3.054374341525277
BITtrV4c0xf,201706,5.842984283241882
BITtrV4c0xf,201707,23.48201271956831
BITtrV4c0xf,201708,16.465168634898795
BITtrV4c0xf,201709,4.473152833561802
BITtrV4c0xf,201710,1.0618351506549262
BITtrV4c0xf,201711,0.4365285931445183
BITtrV4c0xf,201712,0.2573431075106612
BITtrV4c0xf,201801,0.6098779165880654
BITtrV4c0xf,201802,0.7601579182413659
BITtrV4c0xf,201803,0.8052509582741966
BITtrV4c0xf,201804,2.600948612322119
BITtrV4c0xf,201805,2.189829773676257
BITtrV4c0xf,201806,8.002386362972327
BITtrV4c0xf,201807,26.1960887628317
BITtrV4c0xf,201808,22.201717822431554
BITtrV4c0xf,201809,6.225581988204481
BITtrV4c0xf,201810,0.5010345984700605
BITtrV4c0xf,201811,0.3881354991005131
BITtrV4c0xf,201812,0.4828291436282302
BITtrV4c0xf,201901,2.1257137466266243
BITtrV4c0xf,201902,5.077941422871876
BITtrV4c0xf,201903,1.2181609120739272
BITtrV4c0xf,201904,2.352520668823161
BITtrV4c0xf,201905,0.9693210679601298
BITtrV4c0xf,201906,3.684041401021288
BITtrV4c0xf,201907,17.39215342257732
BITtrV4c0xf,201908,14.828356707558902
BITtrV4c0xf,201909,15.935209693407204
BITtrV4c0xf,201910,1.092179529835409
BITtrV4c0xf,201911,0.2691296166895924
BITtrV4c0xf,201912,1.3866943606174096
BITtrV4c0xf,202001,3.242951746347406
BITtrV4c0xf,202002,1.4458866316203032
BITtrV4c0xf,202003,2.109628178733052
BITtrV4c0xf,202004,3.0547576098862503
BITtrV4c0xf,202005,2.278454218614091
BITtrV4c0xf,202006,13.356648142595915
BITtrV4c0xf,202007,16.778244773613594
BITtrV4c0xf,202008,20.167902387477216
BITtrV4c0xf,202009,9.681701100958184
BITtrV4c0xf,202010,0.5541422690288277
BITtrV4c0xf,202011,0.7009037734916262
BITtrV4c0xf,202012,0.2352288541876639
BITtrV4c0xf,202101,0.1859304079262541
BITtrV4c0xf,202102,0.6979773432719953
BITtrV4c0xf,202103,0.8438854911305784
BITtrV4c0xf,202104,0.9647316369834704
BITtrV4c0xf,202105,6.174279109461796
BITtrV4c0xf,202106,16.098548617799807
BITtrV4c0xf,202107,17.42753632768589
BITtrV4c0xf,202108,16.98642878672931
BITtrV4c0xf,202109,11.620624731574408
BITtrV4c0xf,202110,4.28818026839728
BITtrV4c0xf,202111,0.4132248000563798
BITtrV4c0xf,202112,2.0580064586912865
BITtrV4c0xf,202201,2.169919268840492
BITtrV4c0xf,202202,2.7314562868954027
BITtrV4c0xf,202203,0.3877972856890781
BITtrV4c0xf,202204,0.9046331729439118
BITtrV4c0xf,202205,3.7213888305509446
BITtrV4c0xf,202206,8.55154267400732
BITtrV4c0xf,202207,23.922825484007017
BITtrV4c0xf,202208,14.9707829784771
BITtrV4c0xf,202209,6.0308198736504615
BITtrV4c0xf,202210,4.683333598615319
BITtrV4c0xf,202211,0.1708254417795655
BITtrV4c0xf,202212,0.039886338364119
BITtrV4c0xf,202301,0.4828942330754267
BITtrV4c0xf,202302,0.2375518810977396
BITtrV4c0xf,202303,1.4653391026652491
BITtrV4c0xf,202304,1.0950593218160634
BITtrV4c0xf,202305,1.6549046500473463
BITtrV4c0xf,202306,5.175461449569929
BITtrV4c0xf,202307,10.665965692231332
BITtrV4c0xf,202308,9.640719306834855
BITtrV4c0xf,202309,3.5989963477416085
BITtrV4c0xf,202310,1.6095097615149434
BITtrV4c0xf,202311,0.3863429865552337
BITtrV4c0xf,202312,0.5070135821248873
BITtrV4c0xf,202401,0.6556835117099615
BITtrV4c0xf,202402,0.6826569456779811
BITtrV4c0xf,202403,1.8703346359148585
BITtrV4c0xf,202404,0.2808835441247259
BITtrV4c0xf,202405,1.8659335573904945
BITtrV4c0xf,202406,4.761220662654242
BITtrV4c0xf,202407,28.46117332691395
BITtrV4c0xf,202408,17.52257802541846
BITtrV4c0xf,202409,11.788773360640832
BITtrV4c0xf,202410,1.1029039406228864
BITtrV4c0xf,202411,1.3614168615257165
BITtrV4c0xf,202412,0.4217635156115941
BdLcDbLQd88,201601,1.7709464218486026
BdLcDbLQd88,201602,1.6680129597428217
BdLcDbLQd88,201603,2.6816613601629684
BdLcDbLQd88,201604,2.8500734444617715
BdLcDbLQd88,201605,6.614101370674566
BdLcDbLQd88,201606,12.503346446735817
BdLcDbLQd88,201607,27.78825598292731
BdLcDbLQd88,201608,9.159101016118278
BdLcDbLQd88,201609,11.990639938446048
BdLcDbLQd88,201610,3.447119749237178
BdLcDbLQd88,201611,0.5298048104163778
BdLcDbLQd88,201612,0.6717498883365495
BdLcDbLQd88,201701,1.131534837313936
BdLcDbLQd88,201702,1.7873506220676718
BdLcDbLQd88,201703,4.317263738953391
BdLcDbLQd88,201704,4.821324459046034
BdLcDbLQd88,201705,5.728870957851138
BdLcDbLQd88,201706,10.402275465118178
BdLcDbLQd88,201707,17.94004474651953
BdLcDbLQd88,201708,18.00206292385933
BdLcDbLQd88,201709,7.016211454552621
BdLcDbLQd88,201710,3.333941750247296
BdLcDbLQd88,201711,1.024125650180953
BdLcDbLQd88,201712,0.4260950619640154
BdLcDbLQd88,201801,0.772643351448444
BdLcDbLQd88,201802,1.9061510807255584
BdLcDbLQd88,201803,2.6343158756952016
BdLcDbLQd88,201804,4.686135717764529
BdLcDbLQd88,201805,6.747170190474237
BdLcDbLQd88,201806,12.416308416364886
BdLcDbLQd88,201807,21.25545651756304
BdLcDbLQd88,201808,15.791476638167634
BdLcDbLQd88,201809,9.786040210660303
BdLcDbLQd88,201810,2.199491597692123
BdLcDbLQd88,201811,1.3599752472400657
BdLcDbLQd88,201812,1.1208267658554223
BdLcDbLQd88,201901,1.6447525471313726
BdLcDbLQd88,201902,3.071583383409881
BdLcDbLQd88,201903,2.4669433954957705
BdLcDbLQd88,201904,4.532519426632184
BdLcDbLQd88,201905,5.425723380495203
BdLcDbLQd88,201906,9.298217178894904
BdLcDbLQd88,201907,22.91740185248105
BdLcDbLQd88,201908,11.151735050281944
BdLcDbLQd88,201909,11.206535797736567
BdLcDbLQd88,201910,2.5054956829783643
BdLcDbLQd88,201911,1.229452787205494
BdLcDbLQd88,201912,1.19266370383215
BdLcDbLQd88,202001,2.1992901301775025
BdLcDbLQd88,202002,1.6874736693802024
BdLcDbLQd88,202003,2.815125616728027
BdLcDbLQd88,202004,4.527514545901719
BdLcDbLQd88,202005,8.790618239450676
BdLcDbLQd88,202006,13.290439836424412
BdLcDbLQd88,202007,20.97069387900367
BdLcDbLQd88,202008,13.836605403897703
BdLcDbLQd88,202009,14.534731556679334
BdLcDbLQd88,202010,1.272095006408003
BdLcDbLQd88,202011,0.6738922811537673
BdLcDbLQd88,202012,0.7579584110771923
BdLcDbLQd88,202101,0.90400265193071
BdLcDbLQd88,202102,1.8919674277156928
BdLcDbLQd88,202103,2.768665179107944
BdLcDbLQd88,202104,2.377043005812842
BdLcDbLQd88,202105,9.288017509029686
BdLcDbLQd88,202106,13.277151826597365
BdLcDbLQd88,202107,17.199435162442963
BdLcDbLQd88,202108,18.10994501970532
BdLcDbLQd88,202109,8.847061032743483
BdLcDbLQd88,202110,8.146441621169066
BdLcDbLQd88,202111,0.8183347489782575
BdLcDbLQd88,202112,1.419953921458213
BdLcDbLQd88,202201,0.932270898928276
BdLcDbLQd88,202202,2.6245503155425265
BdLcDbLQd88,202203,1.8681392367881728
BdLcDbLQd88,202204,5.60013781395579
BdLcDbLQd88,202205,9.002484288925357
BdLcDbLQd88,202206,18.22831387055856
BdLcDbLQd88,202207,13.871263779494528
BdLcDbLQd88,202208,13.137254552472784
BdLcDbLQd88,202209,5.230978755809151
BdLcDbLQd88,202210,2.039682980562397
BdLcDbLQd88,202211,0.3439359895384394
BdLcDbLQd88,202212,0.3348737243344159
BdLcDbLQd88,202301,0.2036454061044135
BdLcDbLQd88,202302,1.1445769320166477
BdLcDbLQd88,202303,1.8087718501723349
BdLcDbLQd88,202304,1.4475034115908327
BdLcDbLQd88,202305,3.131704723724145
BdLcDbLQd88,202306,8.330816448250006
BdLcDbLQd88,202307,7.595015471071448
BdLcDbLQd88,202308,8.610224967752673
BdLcDbLQd88,202309,4.307925634448472
BdLcDbLQd88,202310,2.2199125369583945
BdLcDbLQd88,202311,0.5114796600371174
BdLcDbLQd88,202312,0.4118539672853802
BdLcDbLQd88,202401,0.6108907389194149
BdLcDbLQd88,202402,0.7635948674920937
BdLcDbLQd88,202403,3.226965138553228
BdLcDbLQd88,202404,1.623828327674793
BdLcDbLQd88,202405,5.920343955341132
BdLcDbLQd88,202406,18.814457497310546
BdLcDbLQd88,202407,17.317371966777408
BdLcDbLQd88,202408,13.672871356209436
BdLcDbLQd88,202409,9.572090368429317
BdLcDbLQd88,202410,2.6085699208649253
BdLcDbLQd88,202411,1.4881386533391656
BdLcDbLQd88,202412,0.8930568859199998
BywOwm8jUhf,201601,1.337790445415167
BywOwm8jUhf,201602,1.6074540406979114
BywOwm8jUhf,201603,1.6763580548695989
BywOwm8jUhf,201604,0.8353304567344806
BywOwm8jUhf,201605,3.3169185219784394
BywOwm8jUhf,201606,6.245457027159102
BywOwm8jUhf,201607,14.29329750768349
BywOwm8jUhf,201608,7.429839796026575
BywOwm8jUhf,201609,3.346530226972624
BywOwm8jUhf,201610,0.6971615803594203
BywOwm8jUhf,201611,0.0790133959127825
BywOwm8jUhf,201612,0.3760736797874435
BywOwm8jUhf,201701,3.114002789949115
BywOwm8jUhf,201702,1.669740412829962
BywOwm8jUhf,201703,2.2349806514767336
BywOwm8jUhf,201704,2.3363676722475626
BywOwm8jUhf,201705,2.494547426550884
BywOwm8jUhf,201706,4.988011243363864
BywOwm8jUhf,201707,14.383673637645074
BywOwm8jUhf,201708,11.959551648510612
BywOwm8jUhf,201709,4.281584382475049
BywOwm8jUhf,201710,0.5826593024713805
BywOwm8jUhf,201711,0.7575131325719836
BywOwm8jUhf,201712,0.9817394014847938
BywOwm8jUhf,201801,0.9196941585881174
BywOwm8jUhf,201802,2.2283170575540296
BywOwm8jUhf,201803,1.282147378412137
BywOwm8jUhf,201804,1.4434061152807334
BywOwm8jUhf,201805,2.02099713799162
BywOwm8jUhf,201806,5.604942956772848
BywOwm8jUhf,201807,16.394320766687436
BywOwm8jUhf,201808,15.942243292220374
BywOwm8jUhf,201809,5.6331323688849695
BywOwm8jUhf,201810,0.4121777485036272
BywOwm8jUhf,201811,0.7632467437464792
BywOwm8jUhf,201812,0.6789074502312157
BywOwm8jUhf,201901,5.100633068508641
BywOwm8jUhf,201902,6.686789276656278
BywOwm8jUhf,201903,1.897741725261832
BywOwm8jUhf,201904,1.9443659501733164
BywOwm8jUhf,201905,1.4026775131631015
BywOwm8jUhf,201906,2.2729252484828435
BywOwm8jUhf,201907,10.9408347748521
BywOwm8jUhf,201908,10.024246129855172
BywOwm8jUhf,201909,6.680806784977058
BywOwm8jUhf,201910,0.65586589081769
BywOwm8jUhf,201911,1.8180154375696893
BywOwm8jUhf,201912,2.553489412262525
BywOwm8jUhf,202001,5.690732075805055
BywOwm8jUhf,202002,0.6171897373396282
BywOwm8jUhf,202003,3.700905416738963
BywOwm8jUhf,202004,2.204198620179924
BywOwm8jUhf,202005,2.031169726483616
BywOwm8jUhf,202006,3.607302214516986
BywOwm8jUhf,202007,12.666174398383475
BywOwm8jUhf,202008,12.731559798990762
BywOwm8jUhf,202009,3.2272519816894696
BywOwm8jUhf,202010,0.193091765276881
BywOwm8jUhf,202011,1.1273783400113455
BywOwm8jUhf,202012,0.2962433883136436
BywOwm8jUhf,202101,1.2291086669037916
BywOwm8jUhf,202102,0.7389955695901884
BywOwm8jUhf,202103,1.2794657480321938
BywOwm8jUhf,202104,3.0390896931856246
BywOwm8jUhf,202105,5.207727843997382
BywOwm8jUhf,202106,9.684016108407947
BywOwm8jUhf,202107,10.899437932462762
BywOwm8jUhf,202108,9.14723520043928
BywOwm8jUhf,202109,6.001761365826489
BywOwm8jUhf,202110,6.570991042156124
BywOwm8jUhf,202111,0.1934662089229665
BywOwm8jUhf,202112,2.039959009964892
BywOwm8jUhf,202201,2.8791810777018383
BywOwm8jUhf,202202,3.06472777529133
BywOwm8jUhf,202203,0.2478993577121719
BywOwm8jUhf,202204,0.8500073874656843
BywOwm8jUhf,202205,3.637585009076409
BywOwm8jUhf,202206,5.916840389536494
BywOwm8jUhf,202207,11.81138209339343
BywOwm8jUhf,202208,11.465325978547764
BywOwm8jUhf,202209,3.812443580452014
BywOwm8jUhf,202210,4.77011777671756
BywOwm8jUhf,202211,0.1963172139763654
BywOwm8jUhf,202212,0.0710020342498585
BywOwm8jUhf,202301,1.5348925664120046
BywOwm8jUhf,202302,0.4340611206088375
BywOwm8jUhf,202303,1.1193742628408343
BywOwm8jUhf,202304,1.144955861087993
BywOwm8jUhf,202305,1.5531058140785472
BywOwm8jUhf,202306,2.4047872606680896
BywOwm8jUhf,202307,6.749650729765388
BywOwm8jUhf,202308,5.721748246702267
BywOwm8jUhf,202309,2.297623144720572
BywOwm8jUhf,202310,0.4908863790250111
BywOwm8jUhf,202311,0.4387347755318472
BywOwm8jUhf,202312,0.1569032496059423
BywOwm8jUhf,202401,0.4503693157728983
BywOwm8jUhf,202402,1.6597796008599366
BywOwm8jUhf,202403,3.0044248441693906
BywOwm8jUhf,202404,0.6464525199872808
BywOwm8jUhf,202405,1.95875218479668
BywOwm8jUhf,202406,3.29419700764367
BywOwm8jUhf,202407,16.567670538263002
BywOwm8jUhf,202408,11.98221978762536
BywOwm8jUhf,202409,6.913282482058938
BywOwm8jUhf,202410,0.5685740656488344
BywOwm8jUhf,202411,0.6647394073469519
BywOwm8jUhf,202412,1.3857218004760965
CNFRaFUfLjo,201601,0.5885292116194586
CNFRaFUfLjo,201602,0.1488471634865562
CNFRaFUfLjo,201603,1.7512081037953304
CNFRaFUfLjo,201604,0.7894570632170014
CNFRaFUfLjo,201605,7.25098562921981
CNFRaFUfLjo,201606,16.401554576468055
CNFRaFUfLjo,201607,24.082789523305895
CNFRaFUfLjo,201608,8.138779232803671
CNFRaFUfLjo,201609,13.239710571038422
CNFRaFUfLjo,201610,3.853258766692405
CNFRaFUfLjo,201611,0.0108189684361421
CNFRaFUfLjo,201612,0.0661382974621673
CNFRaFUfLjo,201701,0.1784991578388121
CNFRaFUfLjo,201702,0.1979269082102765
CNFRaFUfLjo,201703,1.7927881238391032
CNFRaFUfLjo,201704,2.4124767591543503
CNFRaFUfLjo,201705,4.695969526239545
CNFRaFUfLjo,201706,10.28670803188432
CNFRaFUfLjo,201707,17.072014803237106
CNFRaFUfLjo,201708,20.53207802764284
CNFRaFUfLjo,201709,7.112096746247216
CNFRaFUfLjo,201710,2.860448550562376
CNFRaFUfLjo,201711,0.0068083256580728
CNFRaFUfLjo,201712,0.0212495316697084
CNFRaFUfLjo,201801,0.1499949414855362
CNFRaFUfLjo,201802,0.2879643163945696
CNFRaFUfLjo,201803,1.1100028928692125
CNFRaFUfLjo,201804,3.430427622675177
CNFRaFUfLjo,201805,6.374707386489568
CNFRaFUfLjo,201806,14.228903920656103
CNFRaFUfLjo,201807,20.47323023435031
CNFRaFUfLjo,201808,13.71770714104807
CNFRaFUfLjo,201809,7.651294854703481
CNFRaFUfLjo,201810,1.7067097786648149
CNFRaFUfLjo,201811,0.1162209314923295
CNFRaFUfLjo,201812,0.1565809216341647
CNFRaFUfLjo,201901,0.0280630874075543
CNFRaFUfLjo,201902,1.702849360699571
CNFRaFUfLjo,201903,0.3731584847740926
CNFRaFUfLjo,201904,2.462963946931912
CNFRaFUfLjo,201905,5.123247805425721
CNFRaFUfLjo,201906,14.194197602738978
CNFRaFUfLjo,201907,27.818333586128627
CNFRaFUfLjo,201908,13.232516692860228
CNFRaFUfLjo,201909,20.91890612066401
CNFRaFUfLjo,201910,2.0745031890136727
CNFRaFUfLjo,201911,0.0451013410509455
CNFRaFUfLjo,201912,0.2262542108278824
CNFRaFUfLjo,202001,0.5131147994372541
CNFRaFUfLjo,202002,1.2751519265793798
CNFRaFUfLjo,202003,0.9478212857300276
CNFRaFUfLjo,202004,3.2489073670879987
CNFRaFUfLjo,202005,4.899267791823594
CNFRaFUfLjo,202006,15.834678039965722
CNFRaFUfLjo,202007,23.42390531403709
CNFRaFUfLjo,202008,10.211255171167757
CNFRaFUfLjo,202009,16.819484054515083
CNFRaFUfLjo,202010,1.9631772679575707
CNFRaFUfLjo,202011,0.0422899030104975
CNFRaFUfLjo,202012,0.089252383628832
CNFRaFUfLjo,202101,0.233839321354703
CNFRaFUfLjo,202102,0.0961412285925958
CNFRaFUfLjo,202103,0.5144749844887354
CNFRaFUfLjo,202104,0.9618129266553976
CNFRaFUfLjo,202105,8.225572739809515
CNFRaFUfLjo,202106,11.142303994729868
CNFRaFUfLjo,202107,18.085725619225737
CNFRaFUfLjo,202108,15.36204316046481
CNFRaFUfLjo,202109,6.051141522674415
CNFRaFUfLjo,202110,8.481551132905246
CNFRaFUfLjo,202111,0.0215250709102785
CNFRaFUfLjo,202112,0.2462154501111345
CNFRaFUfLjo,202201,0.1723925819561043
CNFRaFUfLjo,202202,1.8663772965421224
CNFRaFUfLjo,202203,0.2695002644494454
CNFRaFUfLjo,202204,3.663403638131349
CNFRaFUfLjo,202205,6.741204807775907
CNFRaFUfLjo,202206,16.38932921429837
CNFRaFUfLjo,202207,9.275265019049524
CNFRaFUfLjo,202208,8.639858316736873
CNFRaFUfLjo,202209,5.383825951921211
CNFRaFUfLjo,202210,2.0209385077750976
CNFRaFUfLjo,202211,0.0067578477106337
CNFRaFUfLjo,202212,0.0096884448694234
CNFRaFUfLjo,202301,0.0422259334950876
CNFRaFUfLjo,202302,0.0808964365041359
CNFRaFUfLjo,202303,1.4841014955978842
CNFRaFUfLjo,202304,0.5151844901650726
CNFRaFUfLjo,202305,1.473780129587895
CNFRaFUfLjo,202306,5.749425334360864
CNFRaFUfLjo,202307,7.032177239305176
CNFRaFUfLjo,202308,7.831188085331253
CNFRaFUfLjo,202309,8.179862091660343
CNFRaFUfLjo,202310,2.8054000658871723
CNFRaFUfLjo,202311,0.0116023705485427
CNFRaFUfLjo,202312,0.177763456886094
CNFRaFUfLjo,202401,0.0454051154393319
CNFRaFUfLjo,202402,0.1058100278870852
CNFRaFUfLjo,202403,1.6613994234023737
CNFRaFUfLjo,202404,0.1161735244043778
CNFRaFUfLjo,202405,3.842478436204473
CNFRaFUfLjo,202406,18.00500420729237
CNFRaFUfLjo,202407,17.24365648478392
CNFRaFUfLjo,202408,13.760470253936443
CNFRaFUfLjo,202409,16.06771477737361
CNFRaFUfLjo,202410,2.070033105485685
CNFRaFUfLjo,202411,0.0763406340397445
CNFRaFUfLjo,202412,0.0338176639535432
D51gR5DC5vt,201601,1.5732243955550025
D51gR5DC5vt,201602,1.4217303802803936
D51gR5DC5vt,201603,3.1946564645819
D51gR5DC5vt,201604,2.417151486327668
D51gR5DC5vt,201605,4.703491165337497
D51gR5DC5vt,201606,6.799632736692617
D51gR5DC5vt,201607,14.73024842866715
D51gR5DC5vt,201608,9.696952238707338
D51gR5DC5vt,201609,5.247404998359288
D51gR5DC5vt,201610,1.5617461939003368
D51gR5DC5vt,201611,0.1017588787508942
D51gR5DC5vt,201612,0.523725523758857
D51gR5DC5vt,201701,2.172846328919893
D51gR5DC5vt,201702,0.8429418376536213
D51gR5DC5vt,201703,2.560963935011072
D51gR5DC5vt,201704,3.640436618550628
D51gR5DC5vt,201705,6.463011947099882
D51gR5DC5vt,201706,7.560618357754799
D51gR5DC5vt,201707,15.53240788483301
D51gR5DC5vt,201708,10.06937345134005
D51gR5DC5vt,201709,4.932398326046934
D51gR5DC5vt,201710,1.3217270388480804
D51gR5DC5vt,201711,0.6651779820864518
D51gR5DC5vt,201712,0.7982034211735225
D51gR5DC5vt,201801,0.518640429425074
D51gR5DC5vt,201802,1.770954257927985
D51gR5DC5vt,201803,3.205792505968659
D51gR5DC5vt,201804,3.738284230065147
D51gR5DC5vt,201805,3.125121511327229
D51gR5DC5vt,201806,6.499550360441443
D51gR5DC5vt,201807,15.903826152348882
D51gR5DC5vt,201808,14.260872948627307
D51gR5DC5vt,201809,5.026732001321129
D51gR5DC5vt,201810,1.082209601528949
D51gR5DC5vt,201811,0.4854466995022505
D51gR5DC5vt,201812,0.9387656261571836
D51gR5DC5vt,201901,4.02405120614592
D51gR5DC5vt,201902,7.273405970359093
D51gR5DC5vt,201903,1.7517859162141864
D51gR5DC5vt,201904,2.255797610222244
D51gR5DC5vt,201905,3.760007618636488
D51gR5DC5vt,201906,5.026007705063964
D51gR5DC5vt,201907,13.280021347657838
D51gR5DC5vt,201908,12.053377694536664
D51gR5DC5vt,201909,8.794112896395381
D51gR5DC5vt,201910,1.9028067747594613
D51gR5DC5vt,201911,1.2153464817153763
D51gR5DC5vt,201912,2.202807125311672
D51gR5DC5vt,202001,4.677891235243801
D51gR5DC5vt,202002,1.3122311939648508
D51gR5DC5vt,202003,3.376493959806428
D51gR5DC5vt,202004,3.752221974815955
D51gR5DC5vt,202005,5.056206474579789
D51gR5DC5vt,202006,10.580563159468442
D51gR5DC5vt,202007,12.415142834922907
D51gR5DC5vt,202008,12.792861460968728
D51gR5DC5vt,202009,5.852157681581131
D51gR5DC5vt,202010,0.6069139778394752
D51gR5DC5vt,202011,1.404628098166036
D51gR5DC5vt,202012,0.0678232842544516
D51gR5DC5vt,202101,0.6574478924872286
D51gR5DC5vt,202102,1.3565995478164383
D51gR5DC5vt,202103,2.425097686544547
D51gR5DC5vt,202104,5.309156812285598
D51gR5DC5vt,202105,8.632800916519427
D51gR5DC5vt,202106,14.670792663153104
D51gR5DC5vt,202107,11.788497305153486
D51gR5DC5vt,202108,12.207903952466593
D51gR5DC5vt,202109,8.263914498552477
D51gR5DC5vt,202110,5.9008195343437775
D51gR5DC5vt,202111,0.3139866823369205
D51gR5DC5vt,202112,2.7331029762898056
D51gR5DC5vt,202201,1.871432092354195
D51gR5DC5vt,202202,2.898917943809842
D51gR5DC5vt,202203,0.4432083975284926
D51gR5DC5vt,202204,2.5237518719067027
D51gR5DC5vt,202205,5.298877935333627
D51gR5DC5vt,202206,4.745954245338109
D51gR5DC5vt,202207,11.973019484914731
D51gR5DC5vt,202208,10.2535832996487
D51gR5DC5vt,202209,5.519162866957227
D51gR5DC5vt,202210,5.884530865328133
D51gR5DC5vt,202211,0.3390312358473238
D51gR5DC5vt,202212,0.0164250838656703
D51gR5DC5vt,202301,1.0698433064980175
D51gR5DC5vt,202302,0.2158355155750705
D51gR5DC5vt,202303,2.589527237760121
D51gR5DC5vt,202304,3.1181380872553066
D51gR5DC5vt,202305,3.1995105669721715
D51gR5DC5vt,202306,4.366792038625801
D51gR5DC5vt,202307,7.373246734750144
D51gR5DC5vt,202308,6.594771063128377
D51gR5DC5vt,202309,3.771425944225064
D51gR5DC5vt,202310,1.933703444613202
D51gR5DC5vt,202311,0.7061973803096762
D51gR5DC5vt,202312,0.5298934463885353
D51gR5DC5vt,202401,0.3500812302812559
D51gR5DC5vt,202402,1.468014158996528
D51gR5DC5vt,202403,2.8171989775474877
D51gR5DC5vt,202404,3.7072598883885712
D51gR5DC5vt,202405,4.054731049829308
D51gR5DC5vt,202406,5.439988710262555
D51gR5DC5vt,202407,14.731939676380222
D51gR5DC5vt,202408,12.946539491458454
D51gR5DC5vt,202409,10.734981049475836
D51gR5DC5vt,202410,1.192172135991424
D51gR5DC5vt,202411,0.4901568659670409
D51gR5DC5vt,202412,0.6589247872182975
DLyaDAF00hm,201601,0.1679774407438441
DLyaDAF00hm,201602,0.07330461134245
DLyaDAF00hm,201603,0.8537869505914866
DLyaDAF00hm,201604,0.1297072793119327
DLyaDAF00hm,201605,6.082752766559705
DLyaDAF00hm,201606,9.44715815487511
DLyaDAF00hm,201607,11.545237745188563
DLyaDAF00hm,201608,7.200584163828829
DLyaDAF00hm,201609,14.644776638342716
DLyaDAF00hm,201610,2.1808863784645327
DLyaDAF00hm,201611,0.0078043727317676
DLyaDAF00hm,201612,0.1064710925784217
DLyaDAF00hm,201701,0.1090016851240087
DLyaDAF00hm,201702,0.0128151881931097
DLyaDAF00hm,201703,1.0495486263330152
DLyaDAF00hm,201704,1.2629840354472
DLyaDAF00hm,201705,3.226270532125662
DLyaDAF00hm,201706,5.396060925855643
DLyaDAF00hm,201707,11.588547038651408
DLyaDAF00hm,201708,15.40700627871336
DLyaDAF00hm,201709,5.407840630790334
DLyaDAF00hm,201710,1.646447591363019
DLyaDAF00hm,201711,0.0062956063983371
DLyaDAF00hm,201712,0.0012771100687511
DLyaDAF00hm,201801,0.041738882411486
DLyaDAF00hm,201802,0.1249896448612819
DLyaDAF00hm,201803,0.2677750475443617
DLyaDAF00hm,201804,1.5071442188992796
DLyaDAF00hm,201805,2.652218775612351
DLyaDAF00hm,201806,5.565980734678837
DLyaDAF00hm,201807,10.612341977941126
DLyaDAF00hm,201808,9.25565445029942
DLyaDAF00hm,201809,4.223211326299669
DLyaDAF00hm,201810,0.3548659298501944
DLyaDAF00hm,201811,0.0136043105676519
DLyaDAF00hm,201812,0.0152096503532138
DLyaDAF00hm,201901,0.1620519582919698
DLyaDAF00hm,201902,1.7360901020949806
DLyaDAF00hm,201903,0.4802386726409272
DLyaDAF00hm,201904,2.248523265574811
DLyaDAF00hm,201905,0.789932312500893
DLyaDAF00hm,201906,3.197907410481005
DLyaDAF00hm,201907,23.63149175619469
DLyaDAF00hm,201908,7.537572949008772
DLyaDAF00hm,201909,17.02704076838761
DLyaDAF00hm,201910,0.681171081220151
DLyaDAF00hm,201911,0.030304100908876
DLyaDAF00hm,201912,0.820915320329603
DLyaDAF00hm,202001,1.6403505773589873
DLyaDAF00hm,202002,0.9373903283871584
DLyaDAF00hm,202003,1.0122384394553896
DLyaDAF00hm,202004,1.86502415728668
DLyaDAF00hm,202005,3.5856494062332875
DLyaDAF00hm,202006,10.28619356692896
DLyaDAF00hm,202007,22.270772953390946
DLyaDAF00hm,202008,7.672316409998332
DLyaDAF00hm,202009,11.262446918776591
DLyaDAF00hm,202010,0.7768879292364735
DLyaDAF00hm,202011,0.0023238368762766
DLyaDAF00hm,202012,0.0452148861885282
DLyaDAF00hm,202101,0.0119354752224265
DLyaDAF00hm,202102,0.0727864682511743
DLyaDAF00hm,202103,0.0566246194612002
DLyaDAF00hm,202104,0.4718970716083918
DLyaDAF00hm,202105,12.190154896860385
DLyaDAF00hm,202106,10.511297699845784
DLyaDAF00hm,202107,9.23348965962632
DLyaDAF00hm,202108,13.237820376953772
DLyaDAF00hm,202109,5.530584335588226
DLyaDAF00hm,202110,7.601948110327483
DLyaDAF00hm,202111,0.0092825910001536
DLyaDAF00hm,202112,0.9873318137068772
DLyaDAF00hm,202201,0.5442333879117288
DLyaDAF00hm,202202,1.324505370177899
DLyaDAF00hm,202203,0.0520033353239169
DLyaDAF00hm,202204,0.5807524737713311
DLyaDAF00hm,202205,2.938854652827776
DLyaDAF00hm,202206,8.859703786054249
DLyaDAF00hm,202207,6.881986556004629
DLyaDAF00hm,202208,9.283761101765098
DLyaDAF00hm,202209,4.901315558999458
DLyaDAF00hm,202210,1.3722122940812291
DLyaDAF00hm,202211,0.0242542131270432
DLyaDAF00hm,202212,0.0011042875457992
DLyaDAF00hm,202301,0.00952502296716
DLyaDAF00hm,202302,0.0053944044414477
DLyaDAF00hm,202303,0.7541617598125904
DLyaDAF00hm,202304,0.2021411234317979
DLyaDAF00hm,202305,0.7581988188106201
DLyaDAF00hm,202306,1.769054622106757
DLyaDAF00hm,202307,5.013376596947119
DLyaDAF00hm,202308,5.0168684180432965
DLyaDAF00hm,202309,4.6830753642252025
DLyaDAF00hm,202310,1.4030843776573592
DLyaDAF00hm,202311,0.0553578894410136
DLyaDAF00hm,202312,0.1157925314154461
DLyaDAF00hm,202401,0.0562200871103068
DLyaDAF00hm,202402,0.1415204658782433
DLyaDAF00hm,202403,1.3785258072535171
DLyaDAF00hm,202404,0.008938625369384
DLyaDAF00hm,202405,2.9661311356118167
DLyaDAF00hm,202406,4.8419478859056255
DLyaDAF00hm,202407,19.35322958288357
DLyaDAF00hm,202408,7.598760671680239
DLyaDAF00hm,202409,12.890161284519582
DLyaDAF00hm,202410,1.0606125144400498
DLyaDAF00hm,202411,0.0742470098781914
DLyaDAF00hm,202412,0.0313942093378299
EXKX4gJ9D6Y,201601,0.1627109471740358
EXKX4gJ9D6Y,201602,0.1369016318096687
EXKX4gJ9D6Y,201603,1.233745859711899
EXKX4gJ9D6Y,201604,0.1409986448448825
EXKX4gJ9D6Y,201605,6.106219854040615
EXKX4gJ9D6Y,201606,6.71681138299802
EXKX4gJ9D6Y,201607,11.764322598526002
EXKX4gJ9D6Y,201608,7.293105613450448
EXKX4gJ9D6Y,201609,13.890983959845924
EXKX4gJ9D6Y,201610,1.6165028970383069
EXKX4gJ9D6Y,201611,0.0083777498863532
EXKX4gJ9D6Y,201612,0.0661888817949245
EXKX4gJ9D6Y,201701,0.1591959452990554
EXKX4gJ9D6Y,201702,0.0268448943846428
EXKX4gJ9D6Y,201703,0.9253420103381912
EXKX4gJ9D6Y,201704,1.2235499559298368
EXKX4gJ9D6Y,201705,4.703366111178594
EXKX4gJ9D6Y,201706,4.520029636853178
EXKX4gJ9D6Y,201707,13.509583698383825
EXKX4gJ9D6Y,201708,17.00159580279553
EXKX4gJ9D6Y,201709,4.744799260976005
EXKX4gJ9D6Y,201710,0.7515897216053833
EXKX4gJ9D6Y,201711,0.0054985207585256
EXKX4gJ9D6Y,201712,0.0021997888647221
EXKX4gJ9D6Y,201801,0.047636243938799
EXKX4gJ9D6Y,201802,0.0887316286628256
EXKX4gJ9D6Y,201803,0.1849561880443833
EXKX4gJ9D6Y,201804,1.3750067645858943
EXKX4gJ9D6Y,201805,2.736446541072761
EXKX4gJ9D6Y,201806,5.799460114121566
EXKX4gJ9D6Y,201807,12.142370017871915
EXKX4gJ9D6Y,201808,9.093259632789245
EXKX4gJ9D6Y,201809,3.586964322682017
EXKX4gJ9D6Y,201810,0.237987059900789
EXKX4gJ9D6Y,201811,0.0084432936193072
EXKX4gJ9D6Y,201812,0.0259512395365911
EXKX4gJ9D6Y,201901,0.2294557175279274
EXKX4gJ9D6Y,201902,1.951592717166011
EXKX4gJ9D6Y,201903,0.3228563107271179
EXKX4gJ9D6Y,201904,2.4144544027423307
EXKX4gJ9D6Y,201905,0.8029582059917015
EXKX4gJ9D6Y,201906,2.8163098326680034
EXKX4gJ9D6Y,201907,26.34226082215413
EXKX4gJ9D6Y,201908,6.254503569397888
EXKX4gJ9D6Y,201909,14.802384449884222
EXKX4gJ9D6Y,201910,0.5904683925037673
EXKX4gJ9D6Y,201911,0.0303648804984266
EXKX4gJ9D6Y,201912,0.8046541625967393
EXKX4gJ9D6Y,202001,1.6166094595431637
EXKX4gJ9D6Y,202002,0.9507806986534484
EXKX4gJ9D6Y,202003,0.6862030514092177
EXKX4gJ9D6Y,202004,1.8336700577932483
EXKX4gJ9D6Y,202005,2.653086268672028
EXKX4gJ9D6Y,202006,10.643595113354849
EXKX4gJ9D6Y,202007,27.07229544444684
EXKX4gJ9D6Y,202008,7.5383631817464
EXKX4gJ9D6Y,202009,10.013898757972768
EXKX4gJ9D6Y,202010,0.4346646370946238
EXKX4gJ9D6Y,202011,0.0052483927818044
EXKX4gJ9D6Y,202012,0.0194552652019212
EXKX4gJ9D6Y,202101,0.0364897577865839
EXKX4gJ9D6Y,202102,0.074978149630627
EXKX4gJ9D6Y,202103,0.0590322787855913
EXKX4gJ9D6Y,202104,0.3496175234117669
EXKX4gJ9D6Y,202105,12.709261998284468
EXKX4gJ9D6Y,202106,11.01000158537308
EXKX4gJ9D6Y,202107,9.806174908212382
EXKX4gJ9D6Y,202108,15.620191640691502
EXKX4gJ9D6Y,202109,5.6662590108761
EXKX4gJ9D6Y,202110,6.711261601126303
EXKX4gJ9D6Y,202111,0.0101414630091115
EXKX4gJ9D6Y,202112,0.8534234231561291
EXKX4gJ9D6Y,202201,0.5229426768583719
EXKX4gJ9D6Y,202202,1.606899066502124
EXKX4gJ9D6Y,202203,0.040710576060385
EXKX4gJ9D6Y,202204,0.5430806771925152
EXKX4gJ9D6Y,202205,2.168626777753241
EXKX4gJ9D6Y,202206,9.575489098845226
EXKX4gJ9D6Y,202207,7.455468611751984
EXKX4gJ9D6Y,202208,9.516949110227468
EXKX4gJ9D6Y,202209,5.425029251866087
EXKX4gJ9D6Y,202210,1.293895101283555
EXKX4gJ9D6Y,202211,0.023616613876023
EXKX4gJ9D6Y,202212,0.005987871242185
EXKX4gJ9D6Y,202301,0.010276959999015
EXKX4gJ9D6Y,202302,0.0067128345204549
EXKX4gJ9D6Y,202303,0.7537212770557553
EXKX4gJ9D6Y,202304,0.2933175101526012
EXKX4gJ9D6Y,202305,0.7532750601869536
EXKX4gJ9D6Y,202306,1.6441899110373066
EXKX4gJ9D6Y,202307,4.621306458472394
EXKX4gJ9D6Y,202308,5.515234663651112
EXKX4gJ9D6Y,202309,3.236239308350482
EXKX4gJ9D6Y,202310,1.345601318444941
EXKX4gJ9D6Y,202311,0.0468959344130919
EXKX4gJ9D6Y,202312,0.0800591578191976
EXKX4gJ9D6Y,202401,0.0212472283733773
EXKX4gJ9D6Y,202402,0.1263836405073293
EXKX4gJ9D6Y,202403,1.13888239935747
EXKX4gJ9D6Y,202404,0.0082933241892885
EXKX4gJ9D6Y,202405,2.0094865849270285
EXKX4gJ9D6Y,202406,5.189230556247804
EXKX4gJ9D6Y,202407,17.35597697762761
EXKX4gJ9D6Y,202408,8.08590885580306
EXKX4gJ9D6Y,202409,14.528204724580972
EXKX4gJ9D6Y,202410,1.4790454199313583
EXKX4gJ9D6Y,202411,0.1336148663247049
EXKX4gJ9D6Y,202412,0.0322899929495173
F5xI4hl77mT,201601,0.2045832144956859
F5xI4hl77mT,201602,0.1535389845157145
F5xI4hl77mT,201603,0.5795980732250369
F5xI4hl77mT,201604,0.0400941861150961
F5xI4hl77mT,201605,2.267661471783716
F5xI4hl77mT,201606,7.936799542242196
F5xI4hl77mT,201607,25.235544720531223
F5xI4hl77mT,201608,5.829042462830434
F5xI4hl77mT,201609,6.275163489408377
F5xI4hl77mT,201610,2.036861561304574
F5xI4hl77mT,201611,0.0654649727125275
F5xI4hl77mT,201612,0.0934845269084693
F5xI4hl77mT,201701,0.2772422710280259
F5xI4hl77mT,201702,0.0503237875263769
F5xI4hl77mT,201703,0.5923103593777614
F5xI4hl77mT,201704,1.0905539588189253
F5xI4hl77mT,201705,2.811570098486841
F5xI4hl77mT,201706,6.634789700071236
F5xI4hl77mT,201707,13.142658740217191
F5xI4hl77mT,201708,20.551540228771923
F5xI4hl77mT,201709,5.246644601636719
F5xI4hl77mT,201710,0.6500896249367082
F5xI4hl77mT,201711,0.0222126164755015
F5xI4hl77mT,201712,0.0056482968667425
F5xI4hl77mT,201801,0.1040856135109887
F5xI4hl77mT,201802,0.0672024559535375
F5xI4hl77mT,201803,0.1131431057290795
F5xI4hl77mT,201804,0.9771453701313624
F5xI4hl77mT,201805,1.811514762469656
F5xI4hl77mT,201806,3.6057232529990095
F5xI4hl77mT,201807,15.515844493836788
F5xI4hl77mT,201808,15.140175616798498
F5xI4hl77mT,201809,3.928546133115803
F5xI4hl77mT,201810,0.161561190163888
F5xI4hl77mT,201811,0.0130041347331618
F5xI4hl77mT,201812,0.0167072775770382
F5xI4hl77mT,201901,0.8682062708852758
F5xI4hl77mT,201902,2.204772454290596
F5xI4hl77mT,201903,0.1917609742732083
F5xI4hl77mT,201904,0.9967469926451936
F5xI4hl77mT,201905,0.3043113889386223
F5xI4hl77mT,201906,4.2087143492861285
F5xI4hl77mT,201907,17.086460516723957
F5xI4hl77mT,201908,7.94759929012931
F5xI4hl77mT,201909,17.467465900649838
F5xI4hl77mT,201910,0.6270826210151592
F5xI4hl77mT,201911,0.1315729144536327
F5xI4hl77mT,201912,0.6776281420081273
F5xI4hl77mT,202001,2.896220496473253
F5xI4hl77mT,202002,0.8350796282931837
F5xI4hl77mT,202003,1.2290654305089297
F5xI4hl77mT,202004,1.012912727387273
F5xI4hl77mT,202005,1.2769914704593888
F5xI4hl77mT,202006,13.601576963728553
F5xI4hl77mT,202007,25.422613917822595
F5xI4hl77mT,202008,7.406875871226461
F5xI4hl77mT,202009,13.485114677214698
F5xI4hl77mT,202010,0.2432393849967909
F5xI4hl77mT,202011,0.0187862751691719
F5xI4hl77mT,202012,0.0113600472683015
F5xI4hl77mT,202101,0.0722672241740582
F5xI4hl77mT,202102,0.0764636137041573
F5xI4hl77mT,202103,0.0752272119323553
F5xI4hl77mT,202104,0.1860403231355275
F5xI4hl77mT,202105,12.987819184968709
F5xI4hl77mT,202106,16.44936388355419
F5xI4hl77mT,202107,10.602339951141472
F5xI4hl77mT,202108,15.78465989678538
F5xI4hl77mT,202109,8.565619124702435
F5xI4hl77mT,202110,4.692496507759074
F5xI4hl77mT,202111,0.0240684075646919
F5xI4hl77mT,202112,0.9823884373966132
F5xI4hl77mT,202201,0.6244284737514204
F5xI4hl77mT,202202,1.3590604531185988
F5xI4hl77mT,202203,0.0429339174166319
F5xI4hl77mT,202204,0.3248540260609742
F5xI4hl77mT,202205,1.267886284917507
F5xI4hl77mT,202206,11.128744012917338
F5xI4hl77mT,202207,10.3070311847976
F5xI4hl77mT,202208,6.419466080595596
F5xI4hl77mT,202209,5.242104227802309
F5xI4hl77mT,202210,2.9138038967845654
F5xI4hl77mT,202211,0.082571445222941
F5xI4hl77mT,202212,0.0713087285732236
F5xI4hl77mT,202301,0.0160693800862242
F5xI4hl77mT,202302,0.0280586428077336
F5xI4hl77mT,202303,0.2941390728191982
F5xI4hl77mT,202304,0.1993217909722529
F5xI4hl77mT,202305,0.4986533095459874
F5xI4hl77mT,202306,2.190980316210195
F5xI4hl77mT,202307,6.208562544755021
F5xI4hl77mT,202308,3.3277236148224083
F5xI4hl77mT,202309,2.7436668293989404
F5xI4hl77mT,202310,1.1299396755638842
F5xI4hl77mT,202311,0.0365631376609445
F5xI4hl77mT,202312,0.005288612036139
F5xI4hl77mT,202401,0.021578320866674
F5xI4hl77mT,202402,0.0705147204087265
F5xI4hl77mT,202403,0.1827651886174772
F5xI4hl77mT,202404,0.002806014193388
F5xI4hl77mT,202405,1.3533021959840226
F5xI4hl77mT,202406,5.057956953703711
F5xI4hl77mT,202407,17.45258477300421
F5xI4hl77mT,202408,10.683191708162518
F5xI4hl77mT,202409,16.39910431992199
F5xI4hl77mT,202410,0.895386243193552
F5xI4hl77mT,202411,0.2611946546423302
F5xI4hl77mT,202412,0.0522572118727484
Fh294RrB7an,201601,0.1222433827849932
Fh294RrB7an,201602,0.1406340459423542
Fh294RrB7an,201603,1.2670702267455765
Fh294RrB7an,201604,0.1004143087248658
Fh294RrB7an,201605,6.436485058884362
Fh294RrB7an,201606,5.356111113285403
Fh294RrB7an,201607,13.535137125559316
Fh294RrB7an,201608,7.121831763771891
Fh294RrB7an,201609,11.435849761906008
Fh294RrB7an,201610,1.721151775029228
Fh294RrB7an,201611,0.0088994656650292
Fh294RrB7an,201612,0.0734205647186009
Fh294RrB7an,201701,0.1028732995193957
Fh294RrB7an,201702,0.0506360121821038
Fh294RrB7an,201703,1.382164623257891
Fh294RrB7an,201704,1.810352235281896
Fh294RrB7an,201705,7.17015562460726
Fh294RrB7an,201706,4.966113388562886
Fh294RrB7an,201707,10.525687914840988
Fh294RrB7an,201708,19.25416339671712
Fh294RrB7an,201709,5.153908535537057
Fh294RrB7an,201710,0.7016852172310502
Fh294RrB7an,201711,0.0090565714596405
Fh294RrB7an,201712,0.001804880266172
Fh294RrB7an,201801,0.1036336755900102
Fh294RrB7an,201802,0.086944711673625
Fh294RrB7an,201803,0.1640723157399371
Fh294RrB7an,201804,1.964475643482433
Fh294RrB7an,201805,3.153874529995413
Fh294RrB7an,201806,5.844681376435001
Fh294RrB7an,201807,15.896415779810852
Fh294RrB7an,201808,10.01283717423143
Fh294RrB7an,201809,4.669968040186095
Fh294RrB7an,201810,0.3347888379668658
Fh294RrB7an,201811,0.0206654656136873
Fh294RrB7an,201812,0.0183775152491213
Fh294RrB7an,201901,0.3941112094729295
Fh294RrB7an,201902,1.8885921173753089
Fh294RrB7an,201903,0.2766997267068555
Fh294RrB7an,201904,2.1786148973830715
Fh294RrB7an,201905,0.6662467932095884
Fh294RrB7an,201906,3.27199844701101
Fh294RrB7an,201907,18.60334511745835
Fh294RrB7an,201908,7.035341304573714
Fh294RrB7an,201909,13.224750995172553
Fh294RrB7an,201910,0.8624197714577662
Fh294RrB7an,201911,0.1663408277508736
Fh294RrB7an,201912,0.8429212435327728
Fh294RrB7an,202001,2.0948370809249903
Fh294RrB7an,202002,1.3993086831014152
Fh294RrB7an,202003,0.9394302976816492
Fh294RrB7an,202004,2.381122069898957
Fh294RrB7an,202005,2.447739721532696
Fh294RrB7an,202006,11.211493899365564
Fh294RrB7an,202007,19.914897921143293
Fh294RrB7an,202008,6.924981753898521
Fh294RrB7an,202009,13.051677773823336
Fh294RrB7an,202010,0.4223283895068648
Fh294RrB7an,202011,0.0064971164658036
Fh294RrB7an,202012,0.010960130552027
Fh294RrB7an,202101,0.0363989032062775
Fh294RrB7an,202102,0.1265615273589959
Fh294RrB7an,202103,0.070322530489203
Fh294RrB7an,202104,0.2367279414269051
Fh294RrB7an,202105,13.988504185207743
Fh294RrB7an,202106,13.416065325260114
Fh294RrB7an,202107,12.316319512016626
Fh294RrB7an,202108,14.51132033164716
Fh294RrB7an,202109,7.181387628506986
Fh294RrB7an,202110,7.61637699226373
Fh294RrB7an,202111,0.0314941727751767
Fh294RrB7an,202112,0.9850262047828108
Fh294RrB7an,202201,0.6563017255893545
Fh294RrB7an,202202,1.4127484720433394
Fh294RrB7an,202203,0.0692599539999835
Fh294RrB7an,202204,0.6388305974342178
Fh294RrB7an,202205,2.9777912085573304
Fh294RrB7an,202206,10.298019430659728
Fh294RrB7an,202207,6.917376947952496
Fh294RrB7an,202208,7.1466873378936295
Fh294RrB7an,202209,3.86085489789372
Fh294RrB7an,202210,1.493091376266602
Fh294RrB7an,202211,0.0361130620446585
Fh294RrB7an,202212,0.0529665638834143
Fh294RrB7an,202301,0.0090081939706934
Fh294RrB7an,202302,0.0392795325250674
Fh294RrB7an,202303,0.7407414577542122
Fh294RrB7an,202304,0.2979769642228527
Fh294RrB7an,202305,0.7836574085713259
Fh294RrB7an,202306,1.7753654892969288
Fh294RrB7an,202307,4.723242086889937
Fh294RrB7an,202308,5.687182389808791
Fh294RrB7an,202309,2.1469127599859954
Fh294RrB7an,202310,1.458781751000063
Fh294RrB7an,202311,0.1013109236420669
Fh294RrB7an,202312,0.0475309238510753
Fh294RrB7an,202401,0.0644031507410689
Fh294RrB7an,202402,0.1089316389377453
Fh294RrB7an,202403,0.6619560844645838
Fh294RrB7an,202404,0.0086819364873983
Fh294RrB7an,202405,1.952785735973527
Fh294RrB7an,202406,5.041986442667184
Fh294RrB7an,202407,11.47456825715378
Fh294RrB7an,202408,8.5023093153673
Fh294RrB7an,202409,17.140533648201206
Fh294RrB7an,202410,0.7568697534635802
Fh294RrB7an,202411,0.2084218063868253
Fh294RrB7an,202412,0.0348721859257064
GnpIwWbdxdl,201601,0.8935698233335362
GnpIwWbdxdl,201602,1.5402863022520772
GnpIwWbdxdl,201603,1.003160816897693
GnpIwWbdxdl,201604,0.3755827614878865
GnpIwWbdxdl,201605,2.7269504724040234
GnpIwWbdxdl,201606,9.924355104946804
GnpIwWbdxdl,201607,22.20595297857613
GnpIwWbdxdl,201608,9.047700563524652
GnpIwWbdxdl,201609,6.725817830350352
GnpIwWbdxdl,201610,1.5043697758635195
GnpIwWbdxdl,201611,0.1415324346807406
GnpIwWbdxdl,201612,0.2878480185019705
GnpIwWbdxdl,201701,2.383385960157758
GnpIwWbdxdl,201702,0.8545579907248353
GnpIwWbdxdl,201703,1.2767893533868384
GnpIwWbdxdl,201704,1.7727050111691347
GnpIwWbdxdl,201705,2.660597516870896
GnpIwWbdxdl,201706,5.255284380180566
GnpIwWbdxdl,201707,18.64285173891487
GnpIwWbdxdl,201708,15.349518581230855
GnpIwWbdxdl,201709,5.395210657108723
GnpIwWbdxdl,201710,0.6101365039466362
GnpIwWbdxdl,201711,0.2400649764557042
GnpIwWbdxdl,201712,0.3138738292689404
GnpIwWbdxdl,201801,0.5621602602374522
GnpIwWbdxdl,201802,1.0087111495367829
GnpIwWbdxdl,201803,0.7350638638744414
GnpIwWbdxdl,201804,1.934437312373226
GnpIwWbdxdl,201805,1.6744155494740365
GnpIwWbdxdl,201806,7.038924290463397
GnpIwWbdxdl,201807,18.015922362835724
GnpIwWbdxdl,201808,21.446826271863635
GnpIwWbdxdl,201809,4.834962900077676
GnpIwWbdxdl,201810,0.2677075972636641
GnpIwWbdxdl,201811,0.3832224788571667
GnpIwWbdxdl,201812,0.4621076773603612
GnpIwWbdxdl,201901,3.459842764043947
GnpIwWbdxdl,201902,5.539822721893795
GnpIwWbdxdl,201903,1.404592868248307
GnpIwWbdxdl,201904,1.7525021943168326
GnpIwWbdxdl,201905,1.0359120487490354
GnpIwWbdxdl,201906,3.2311093521102907
GnpIwWbdxdl,201907,21.971002438762174
GnpIwWbdxdl,201908,12.298711607600731
GnpIwWbdxdl,201909,9.398915561951004
GnpIwWbdxdl,201910,1.3107185246841295
GnpIwWbdxdl,201911,0.3355972413175862
GnpIwWbdxdl,201912,1.998629827004528
GnpIwWbdxdl,202001,4.344369513073285
GnpIwWbdxdl,202002,1.195177223831157
GnpIwWbdxdl,202003,3.423746341052364
GnpIwWbdxdl,202004,2.629243603916734
GnpIwWbdxdl,202005,2.489714537079245
GnpIwWbdxdl,202006,13.68695968173422
GnpIwWbdxdl,202007,19.57356369501757
GnpIwWbdxdl,202008,13.87524651112284
GnpIwWbdxdl,202009,4.592351814662825
GnpIwWbdxdl,202010,0.4281315372526065
GnpIwWbdxdl,202011,0.4200798263856736
GnpIwWbdxdl,202012,0.1308054337792152
GnpIwWbdxdl,202101,0.3913333880689749
GnpIwWbdxdl,202102,0.735639735511295
GnpIwWbdxdl,202103,0.7577083865956893
GnpIwWbdxdl,202104,1.274000959512924
GnpIwWbdxdl,202105,7.317233855306808
GnpIwWbdxdl,202106,14.44048155026842
GnpIwWbdxdl,202107,14.41650751296708
GnpIwWbdxdl,202108,16.06177537042225
GnpIwWbdxdl,202109,7.153625736413131
GnpIwWbdxdl,202110,8.83343804084437
GnpIwWbdxdl,202111,0.3343137233807458
GnpIwWbdxdl,202112,1.2573413773875646
GnpIwWbdxdl,202201,2.44975275585805
GnpIwWbdxdl,202202,2.377616275793917
GnpIwWbdxdl,202203,0.286875917660124
GnpIwWbdxdl,202204,0.6407718856083378
GnpIwWbdxdl,202205,3.8823080879788217
GnpIwWbdxdl,202206,7.669568731257954
GnpIwWbdxdl,202207,12.600513277124982
GnpIwWbdxdl,202208,11.490912276699676
GnpIwWbdxdl,202209,6.362046637157489
GnpIwWbdxdl,202210,6.088537628847434
GnpIwWbdxdl,202211,0.1059508709751592
GnpIwWbdxdl,202212,0.0329721893860898
GnpIwWbdxdl,202301,0.4489084158909447
GnpIwWbdxdl,202302,0.2004304605153328
GnpIwWbdxdl,202303,1.204289831388374
GnpIwWbdxdl,202304,1.2136480124666755
GnpIwWbdxdl,202305,1.1161600664187084
GnpIwWbdxdl,202306,2.247463757166883
GnpIwWbdxdl,202307,6.556861013374935
GnpIwWbdxdl,202308,9.516811601421374
GnpIwWbdxdl,202309,3.1134194612705373
GnpIwWbdxdl,202310,0.7609909036918212
GnpIwWbdxdl,202311,0.2398476304884765
GnpIwWbdxdl,202312,0.1899326758996611
GnpIwWbdxdl,202401,0.4228265422845828
GnpIwWbdxdl,202402,0.8413460829116725
GnpIwWbdxdl,202403,1.8928790275348333
GnpIwWbdxdl,202404,0.3705402171278593
GnpIwWbdxdl,202405,1.8228122624086087
GnpIwWbdxdl,202406,3.3947601803324368
GnpIwWbdxdl,202407,25.604612973762908
GnpIwWbdxdl,202408,13.606507967522896
GnpIwWbdxdl,202409,7.588058721053181
GnpIwWbdxdl,202410,0.890459713975502
GnpIwWbdxdl,202411,0.5940812626158425
GnpIwWbdxdl,202412,0.4492478710074258
HL5fSUsp2vJ,201601,0.9937804233172812
HL5fSUsp2vJ,201602,0.8053342929726968
HL5fSUsp2vJ,201603,0.8426747261828696
HL5fSUsp2vJ,201604,0.1915019200766688
HL5fSUsp2vJ,201605,3.658915904284266
HL5fSUsp2vJ,201606,9.746441655333816
HL5fSUsp2vJ,201607,26.149201417202715
HL5fSUsp2vJ,201608,8.846417427440434
HL5fSUsp2vJ,201609,8.065416938350436
HL5fSUsp2vJ,201610,1.6418644238589366
HL5fSUsp2vJ,201611,0.1643174582969836
HL5fSUsp2vJ,201612,0.3677105814997221
HL5fSUsp2vJ,201701,1.1015859907869634
HL5fSUsp2vJ,201702,0.3362021720174087
HL5fSUsp2vJ,201703,1.3235900961248015
HL5fSUsp2vJ,201704,1.722162478502357
HL5fSUsp2vJ,201705,4.3575442013231855
HL5fSUsp2vJ,201706,7.193909104698135
HL5fSUsp2vJ,201707,18.405101647239476
HL5fSUsp2vJ,201708,13.97848211499674
HL5fSUsp2vJ,201709,6.261795910592082
HL5fSUsp2vJ,201710,0.7386303841867076
HL5fSUsp2vJ,201711,0.1992531401189538
HL5fSUsp2vJ,201712,0.1620573453808404
HL5fSUsp2vJ,201801,0.4502793491059772
HL5fSUsp2vJ,201802,0.5186549154821126
HL5fSUsp2vJ,201803,0.5317302370681982
HL5fSUsp2vJ,201804,2.6158887808031013
HL5fSUsp2vJ,201805,2.7206538477283413
HL5fSUsp2vJ,201806,6.861994405747796
HL5fSUsp2vJ,201807,21.90501599016579
HL5fSUsp2vJ,201808,17.70113945701241
HL5fSUsp2vJ,201809,5.877169163183586
HL5fSUsp2vJ,201810,0.3632570892247387
HL5fSUsp2vJ,201811,0.2161656022557419
HL5fSUsp2vJ,201812,0.3727066707465235
HL5fSUsp2vJ,201901,1.841712141492569
HL5fSUsp2vJ,201902,4.406255548862105
HL5fSUsp2vJ,201903,0.9144760453346606
HL5fSUsp2vJ,201904,1.7832851493609585
HL5fSUsp2vJ,201905,0.4149455511259493
HL5fSUsp2vJ,201906,4.360318648043982
HL5fSUsp2vJ,201907,15.344099444972215
HL5fSUsp2vJ,201908,13.185915559497351
HL5fSUsp2vJ,201909,13.851081107111083
HL5fSUsp2vJ,201910,1.6378594230601926
HL5fSUsp2vJ,201911,0.3171296320536694
HL5fSUsp2vJ,201912,1.1889254455252387
HL5fSUsp2vJ,202001,3.1501783195290614
HL5fSUsp2vJ,202002,1.511254785619306
HL5fSUsp2vJ,202003,1.940395107219171
HL5fSUsp2vJ,202004,3.471919991322697
HL5fSUsp2vJ,202005,2.0909864466358514
HL5fSUsp2vJ,202006,17.342359650828914
HL5fSUsp2vJ,202007,15.27239389875918
HL5fSUsp2vJ,202008,11.629077717252525
HL5fSUsp2vJ,202009,8.904835594252814
HL5fSUsp2vJ,202010,0.4111536294115713
HL5fSUsp2vJ,202011,0.5427761958003411
HL5fSUsp2vJ,202012,0.0631733229363029
HL5fSUsp2vJ,202101,0.1630415980241208
HL5fSUsp2vJ,202102,0.8624486132104887
HL5fSUsp2vJ,202103,0.2880040248408217
HL5fSUsp2vJ,202104,0.8329581994093258
HL5fSUsp2vJ,202105,6.682051135864733
HL5fSUsp2vJ,202106,19.013962091316024
HL5fSUsp2vJ,202107,14.639294191143154
HL5fSUsp2vJ,202108,14.462771603307944
HL5fSUsp2vJ,202109,8.502429130016704
HL5fSUsp2vJ,202110,5.17430830268817
HL5fSUsp2vJ,202111,0.2222290047527282
HL5fSUsp2vJ,202112,1.1538572230750634
HL5fSUsp2vJ,202201,1.8720131024108528
HL5fSUsp2vJ,202202,1.9979126625580672
HL5fSUsp2vJ,202203,0.2655931118298543
HL5fSUsp2vJ,202204,0.4799678248467183
HL5fSUsp2vJ,202205,3.8891668062320335
HL5fSUsp2vJ,202206,10.05712079523905
HL5fSUsp2vJ,202207,18.96504127565289
HL5fSUsp2vJ,202208,10.428935469407872
HL5fSUsp2vJ,202209,5.491106676098545
HL5fSUsp2vJ,202210,5.865512654827038
HL5fSUsp2vJ,202211,0.1329638197950514
HL5fSUsp2vJ,202212,0.0226445920570682
HL5fSUsp2vJ,202301,0.3833191373287751
HL5fSUsp2vJ,202302,0.0781197343345928
HL5fSUsp2vJ,202303,1.313968349105183
HL5fSUsp2vJ,202304,0.9873703371825852
HL5fSUsp2vJ,202305,1.3879143851899165
HL5fSUsp2vJ,202306,5.106130628506441
HL5fSUsp2vJ,202307,8.713011387324912
HL5fSUsp2vJ,202308,8.37028764753476
HL5fSUsp2vJ,202309,3.2696256710172324
HL5fSUsp2vJ,202310,1.6178218438668173
HL5fSUsp2vJ,202311,0.2126884985519133
HL5fSUsp2vJ,202312,0.3495260991236339
HL5fSUsp2vJ,202401,0.1191103156208351
HL5fSUsp2vJ,202402,0.5373527239242994
HL5fSUsp2vJ,202403,0.918639258959473
HL5fSUsp2vJ,202404,0.0797523419581262
HL5fSUsp2vJ,202405,1.972013191995926
HL5fSUsp2vJ,202406,4.445380144732775
HL5fSUsp2vJ,202407,23.51271380039548
HL5fSUsp2vJ,202408,14.169362606167615
HL5fSUsp2vJ,202409,12.289205519551126
HL5fSUsp2vJ,202410,0.8827584930610775
HL5fSUsp2vJ,202411,0.3943812903582262
HL5fSUsp2vJ,202412,0.2882365492409267
HfIRB3HRHvk,201601,
HfIRB3HRHvk,201602,
HfIRB3HRHvk,201603,
HfIRB3HRHvk,201604,
HfIRB3HRHvk,201605,
HfIRB3HRHvk,201606,
HfIRB3HRHvk,201607,
HfIRB3HRHvk,201608,
HfIRB3HRHvk,201609,
HfIRB3HRHvk,201610,
HfIRB3HRHvk,201611,
HfIRB3HRHvk,201612,
HfIRB3HRHvk,201701,
HfIRB3HRHvk,201702,
HfIRB3HRHvk,201703,
HfIRB3HRHvk,201704,
HfIRB3HRHvk,201705,
HfIRB3HRHvk,201706,
HfIRB3HRHvk,201707,
HfIRB3HRHvk,201708,
HfIRB3HRHvk,201709,
HfIRB3HRHvk,201710,
HfIRB3HRHvk,201711,
HfIRB3HRHvk,201712,
HfIRB3HRHvk,201801,
HfIRB3HRHvk,201802,
HfIRB3HRHvk,201803,
HfIRB3HRHvk,201804,
HfIRB3HRHvk,201805,
HfIRB3HRHvk,201806,
HfIRB3HRHvk,201807,
HfIRB3HRHvk,201808,
HfIRB3HRHvk,201809,
HfIRB3HRHvk,201810,
HfIRB3HRHvk,201811,
HfIRB3HRHvk,201812,
HfIRB3HRHvk,201901,
HfIRB3HRHvk,201902,
HfIRB3HRHvk,201903,
HfIRB3HRHvk,201904,
HfIRB3HRHvk,201905,
HfIRB3HRHvk,201906,
HfIRB3HRHvk,201907,
HfIRB3HRHvk,201908,
HfIRB3HRHvk,201909,
HfIRB3HRHvk,201910,
HfIRB3HRHvk,201911,
HfIRB3HRHvk,201912,
HfIRB3HRHvk,202001,
HfIRB3HRHvk,202002,
HfIRB3HRHvk,202003,
HfIRB3HRHvk,202004,
HfIRB3HRHvk,202005,
HfIRB3HRHvk,202006,
HfIRB3HRHvk,202007,
HfIRB3HRHvk,202008,
HfIRB3HRHvk,202009,
HfIRB3HRHvk,202010,
HfIRB3HRHvk,202011,
HfIRB3HRHvk,202012,
HfIRB3HRHvk,202101,
HfIRB3HRHvk,202102,
HfIRB3HRHvk,202103,
HfIRB3HRHvk,202104,
HfIRB3HRHvk,202105,
HfIRB3HRHvk,202106,
HfIRB3HRHvk,202107,
HfIRB3HRHvk,202108,
HfIRB3HRHvk,202109,
HfIRB3HRHvk,202110,
HfIRB3HRHvk,202111,
HfIRB3HRHvk,202112,
HfIRB3HRHvk,202201,
HfIRB3HRHvk,202202,
HfIRB3HRHvk,202203,
HfIRB3HRHvk,202204,
HfIRB3HRHvk,202205,
HfIRB3HRHvk,202206,
HfIRB3HRHvk,202207,
HfIRB3HRHvk,202208,
HfIRB3HRHvk,202209,
HfIRB3HRHvk,202210,
HfIRB3HRHvk,202211,
HfIRB3HRHvk,202212,
HfIRB3HRHvk,202301,
HfIRB3HRHvk,202302,
HfIRB3HRHvk,202303,
HfIRB3HRHvk,202304,
HfIRB3HRHvk,202305,
HfIRB3HRHvk,202306,
HfIRB3HRHvk,202307,
HfIRB3HRHvk,202308,
HfIRB3HRHvk,202309,
HfIRB3HRHvk,202310,
HfIRB3HRHvk,202311,
HfIRB3HRHvk,202312,
HfIRB3HRHvk,202401,
HfIRB3HRHvk,202402,
HfIRB3HRHvk,202403,
HfIRB3HRHvk,202404,
HfIRB3HRHvk,202405,
HfIRB3HRHvk,202406,
HfIRB3HRHvk,202407,
HfIRB3HRHvk,202408,
HfIRB3HRHvk,202409,
HfIRB3HRHvk,202410,
HfIRB3HRHvk,202411,
HfIRB3HRHvk,202412,
HkwA8YQgJK6,201601,0.8371698590045916
HkwA8YQgJK6,201602,1.9005420753219924
HkwA8YQgJK6,201603,2.226850082462009
HkwA8YQgJK6,201604,0.8699013344607716
HkwA8YQgJK6,201605,9.06901141030788
HkwA8YQgJK6,201606,16.1787279020657
HkwA8YQgJK6,201607,26.533620000073192
HkwA8YQgJK6,201608,11.615132551828056
HkwA8YQgJK6,201609,8.838228616901084
HkwA8YQgJK6,201610,2.50273102926834
HkwA8YQgJK6,201611,0.0816904629395876
HkwA8YQgJK6,201612,0.1871869679550254
HkwA8YQgJK6,201701,2.4922742160013422
HkwA8YQgJK6,201702,1.0520968515084663
HkwA8YQgJK6,201703,2.192377291538829
HkwA8YQgJK6,201704,4.200361837419668
HkwA8YQgJK6,201705,8.515155743308416
HkwA8YQgJK6,201706,10.133282642898202
HkwA8YQgJK6,201707,19.34618137018365
HkwA8YQgJK6,201708,19.146427665583516
HkwA8YQgJK6,201709,7.830884911245623
HkwA8YQgJK6,201710,0.7612097080382801
HkwA8YQgJK6,201711,0.3555928161558769
HkwA8YQgJK6,201712,0.2936997363733754
HkwA8YQgJK6,201801,0.5001070686977702
HkwA8YQgJK6,201802,1.2150269843869113
HkwA8YQgJK6,201803,2.102944207033872
HkwA8YQgJK6,201804,5.417587691818336
HkwA8YQgJK6,201805,5.593633069849765
HkwA8YQgJK6,201806,14.632255211931318
HkwA8YQgJK6,201807,21.7825194743628
HkwA8YQgJK6,201808,23.19568516852137
HkwA8YQgJK6,201809,6.63216836770793
HkwA8YQgJK6,201810,0.6145922413409539
HkwA8YQgJK6,201811,0.4888045945571038
HkwA8YQgJK6,201812,0.3889900092129961
HkwA8YQgJK6,201901,4.083580165211092
HkwA8YQgJK6,201902,6.733980384292672
HkwA8YQgJK6,201903,2.323439585838674
HkwA8YQgJK6,201904,4.064849052101074
HkwA8YQgJK6,201905,2.851202971531725
HkwA8YQgJK6,201906,6.93723157547326
HkwA8YQgJK6,201907,27.795868389865507
HkwA8YQgJK6,201908,13.83250915681599
HkwA8YQgJK6,201909,12.056094309421676
HkwA8YQgJK6,201910,1.722700949882939
HkwA8YQgJK6,201911,0.5511893528623191
HkwA8YQgJK6,201912,2.286661639574692
HkwA8YQgJK6,202001,5.4376440623696185
HkwA8YQgJK6,202002,1.8584564583658347
HkwA8YQgJK6,202003,5.728621996290588
HkwA8YQgJK6,202004,7.035357860216958
HkwA8YQgJK6,202005,6.621625325065642
HkwA8YQgJK6,202006,17.778959809939476
HkwA8YQgJK6,202007,24.767813297381345
HkwA8YQgJK6,202008,17.52648871053266
HkwA8YQgJK6,202009,5.588526434759737
HkwA8YQgJK6,202010,0.6380385578485754
HkwA8YQgJK6,202011,0.4651814060165266
HkwA8YQgJK6,202012,0.0675184271392443
HkwA8YQgJK6,202101,0.3800935664352334
HkwA8YQgJK6,202102,1.2053321295909163
HkwA8YQgJK6,202103,1.8257412225024676
HkwA8YQgJK6,202104,2.969393344993375
HkwA8YQgJK6,202105,14.418588271536107
HkwA8YQgJK6,202106,18.29169378663862
HkwA8YQgJK6,202107,16.872912404703754
HkwA8YQgJK6,202108,19.377838441069738
HkwA8YQgJK6,202109,8.690323259931974
HkwA8YQgJK6,202110,11.16988732539758
HkwA8YQgJK6,202111,0.1475986408667265
HkwA8YQgJK6,202112,1.372159868040394
HkwA8YQgJK6,202201,3.3007965218130053
HkwA8YQgJK6,202202,3.160954291277684
HkwA8YQgJK6,202203,0.6511282638471503
HkwA8YQgJK6,202204,1.5933078721264526
HkwA8YQgJK6,202205,11.895635717952754
HkwA8YQgJK6,202206,11.439894434329664
HkwA8YQgJK6,202207,14.301519565735944
HkwA8YQgJK6,202208,15.436661843655411
HkwA8YQgJK6,202209,7.405591841211897
HkwA8YQgJK6,202210,8.052245657347274
HkwA8YQgJK6,202211,0.1983107934039812
HkwA8YQgJK6,202212,0.0244968536390716
HkwA8YQgJK6,202301,0.5075043804396921
HkwA8YQgJK6,202302,0.3152298661985788
HkwA8YQgJK6,202303,2.377574334269428
HkwA8YQgJK6,202304,2.62600297509439
HkwA8YQgJK6,202305,2.9760591658639446
HkwA8YQgJK6,202306,3.389391219428991
HkwA8YQgJK6,202307,10.021658371275649
HkwA8YQgJK6,202308,9.853395988992483
HkwA8YQgJK6,202309,4.278819544932378
HkwA8YQgJK6,202310,1.116945996975237
HkwA8YQgJK6,202311,0.4075628135793663
HkwA8YQgJK6,202312,0.1233805832289136
HkwA8YQgJK6,202401,0.2755241397178531
HkwA8YQgJK6,202402,1.0338691557984965
HkwA8YQgJK6,202403,2.477035865957145
HkwA8YQgJK6,202404,0.904249304052392
HkwA8YQgJK6,202405,5.940536823117406
HkwA8YQgJK6,202406,6.462415225902358
HkwA8YQgJK6,202407,33.72496526875763
HkwA8YQgJK6,202408,14.57941500883092
HkwA8YQgJK6,202409,10.413012820299674
HkwA8YQgJK6,202410,1.2877574692654288
HkwA8YQgJK6,202411,0.5943158995294155
HkwA8YQgJK6,202412,0.5239068801432314
ICSVN3EZGcy,201601,2.242298126220703
ICSVN3EZGcy,201602,1.7304388284683228
ICSVN3EZGcy,201603,2.033448278903961
ICSVN3EZGcy,201604,1.4464131593704224
ICSVN3EZGcy,201605,9.590529918670654
ICSVN3EZGcy,201606,19.33646583557129
ICSVN3EZGcy,201607,31.414055824279785
ICSVN3EZGcy,201608,8.859654903411865
ICSVN3EZGcy,201609,17.808913230895996
ICSVN3EZGcy,201610,4.322006464004517
ICSVN3EZGcy,201611,0.304423451423645
ICSVN3EZGcy,201612,0.6058977842330933
ICSVN3EZGcy,201701,1.0136369466781616
ICSVN3EZGcy,201702,0.8295489251613617
ICSVN3EZGcy,201703,4.847005367279053
ICSVN3EZGcy,201704,3.2882776260375977
ICSVN3EZGcy,201705,6.403937101364136
ICSVN3EZGcy,201706,12.737585067749023
ICSVN3EZGcy,201707,18.70252895355225
ICSVN3EZGcy,201708,29.984353065490723
ICSVN3EZGcy,201709,9.421176433563232
ICSVN3EZGcy,201710,1.742541790008545
ICSVN3EZGcy,201711,0.6487888097763062
ICSVN3EZGcy,201712,0.239989086985588
ICSVN3EZGcy,201801,0.6107889413833619
ICSVN3EZGcy,201802,1.565843939781189
ICSVN3EZGcy,201803,1.7634119391441343
ICSVN3EZGcy,201804,4.428217887878418
ICSVN3EZGcy,201805,10.300843238830566
ICSVN3EZGcy,201806,12.811772346496582
ICSVN3EZGcy,201807,22.236097335815437
ICSVN3EZGcy,201808,27.300704956054688
ICSVN3EZGcy,201809,9.205181121826172
ICSVN3EZGcy,201810,1.1451310515403748
ICSVN3EZGcy,201811,1.307039499282837
ICSVN3EZGcy,201812,1.1257327795028689
ICSVN3EZGcy,201901,1.7445589303970337
ICSVN3EZGcy,201902,3.670470118522644
ICSVN3EZGcy,201903,2.009711444377899
ICSVN3EZGcy,201904,4.330258369445801
ICSVN3EZGcy,201905,2.8078821897506714
ICSVN3EZGcy,201906,10.436073780059814
ICSVN3EZGcy,201907,24.50115966796875
ICSVN3EZGcy,201908,11.87974214553833
ICSVN3EZGcy,201909,24.782495498657227
ICSVN3EZGcy,201910,2.674272060394287
ICSVN3EZGcy,201911,0.562952309846878
ICSVN3EZGcy,201912,1.5123910307884216
ICSVN3EZGcy,202001,4.532618522644043
ICSVN3EZGcy,202002,2.3389453887939458
ICSVN3EZGcy,202003,2.40435540676117
ICSVN3EZGcy,202004,4.830591201782227
ICSVN3EZGcy,202005,6.130330324172975
ICSVN3EZGcy,202006,24.34237098693848
ICSVN3EZGcy,202007,34.16629600524902
ICSVN3EZGcy,202008,23.655526161193848
ICSVN3EZGcy,202009,22.97370719909668
ICSVN3EZGcy,202010,0.7172313630580902
ICSVN3EZGcy,202011,0.3050056993961335
ICSVN3EZGcy,202012,0.7311402559280397
ICSVN3EZGcy,202101,0.584502100944519
ICSVN3EZGcy,202102,1.275648295879364
ICSVN3EZGcy,202103,1.8443918228149412
ICSVN3EZGcy,202104,1.162733554840088
ICSVN3EZGcy,202105,11.181468963623049
ICSVN3EZGcy,202106,20.06972885131836
ICSVN3EZGcy,202107,34.04185199737549
ICSVN3EZGcy,202108,28.779607772827145
ICSVN3EZGcy,202109,12.179665088653564
ICSVN3EZGcy,202110,7.008912324905395
ICSVN3EZGcy,202111,1.2908363938331604
ICSVN3EZGcy,202112,1.6067479848861694
ICSVN3EZGcy,202201,1.6972994208335876
ICSVN3EZGcy,202202,3.1682089567184453
ICSVN3EZGcy,202203,1.2240112423896792
ICSVN3EZGcy,202204,3.972942471504211
ICSVN3EZGcy,202205,7.901663303375245
ICSVN3EZGcy,202206,18.09532928466797
ICSVN3EZGcy,202207,18.667293548583984
ICSVN3EZGcy,202208,14.084061622619627
ICSVN3EZGcy,202209,7.77665114402771
ICSVN3EZGcy,202210,4.841772794723511
ICSVN3EZGcy,202211,0.3589319139719009
ICSVN3EZGcy,202212,0.1301622539758682
ICSVN3EZGcy,202301,0.0687642768025398
ICSVN3EZGcy,202302,0.6830835938453674
ICSVN3EZGcy,202303,1.6901479363441467
ICSVN3EZGcy,202304,1.1430017948150633
ICSVN3EZGcy,202305,2.318750739097595
ICSVN3EZGcy,202306,6.015718936920166
ICSVN3EZGcy,202307,12.64682960510254
ICSVN3EZGcy,202308,9.841010093688965
ICSVN3EZGcy,202309,3.5799604654312134
ICSVN3EZGcy,202310,2.298876166343689
ICSVN3EZGcy,202311,0.3457535207271576
ICSVN3EZGcy,202312,0.2996168136596679
ICSVN3EZGcy,202401,0.55027636885643
ICSVN3EZGcy,202402,0.5690738260746002
ICSVN3EZGcy,202403,2.4446316957473755
ICSVN3EZGcy,202404,0.2745287120342254
ICSVN3EZGcy,202405,3.669520616531373
ICSVN3EZGcy,202406,17.11658000946045
ICSVN3EZGcy,202407,33.520761489868164
ICSVN3EZGcy,202408,19.55310535430908
ICSVN3EZGcy,202409,15.433391571044922
ICSVN3EZGcy,202410,4.311486005783081
ICSVN3EZGcy,202411,2.718361020088196
ICSVN3EZGcy,202412,0.315367728471756
IOHIfpVUJGp,201601,1.5932570239158204
IOHIfpVUJGp,201602,1.3080233907549714
IOHIfpVUJGp,201603,1.941124501470751
IOHIfpVUJGp,201604,1.6983451002829648
IOHIfpVUJGp,201605,5.0484541318113365
IOHIfpVUJGp,201606,11.244216277726458
IOHIfpVUJGp,201607,27.99616405812055
IOHIfpVUJGp,201608,12.441747678714078
IOHIfpVUJGp,201609,13.540229063675053
IOHIfpVUJGp,201610,4.817939312942066
IOHIfpVUJGp,201611,0.311813295723256
IOHIfpVUJGp,201612,0.6541662859467041
IOHIfpVUJGp,201701,0.9933616553518888
IOHIfpVUJGp,201702,1.1211191408388808
IOHIfpVUJGp,201703,3.475807743094648
IOHIfpVUJGp,201704,3.1754335594223124
IOHIfpVUJGp,201705,5.576673781636248
IOHIfpVUJGp,201706,7.949423597601706
IOHIfpVUJGp,201707,23.22898440939496
IOHIfpVUJGp,201708,23.84848713555281
IOHIfpVUJGp,201709,6.001777704111183
IOHIfpVUJGp,201710,2.5318597003455507
IOHIfpVUJGp,201711,0.8991779434069445
IOHIfpVUJGp,201712,0.1984619501431608
IOHIfpVUJGp,201801,0.6562614958331573
IOHIfpVUJGp,201802,1.2189532990979297
IOHIfpVUJGp,201803,1.855599397337495
IOHIfpVUJGp,201804,4.328082782434187
IOHIfpVUJGp,201805,5.596151495312189
IOHIfpVUJGp,201806,11.643042883126894
IOHIfpVUJGp,201807,25.212772231087083
IOHIfpVUJGp,201808,24.21872734587304
IOHIfpVUJGp,201809,9.074479406248123
IOHIfpVUJGp,201810,0.989002462622135
IOHIfpVUJGp,201811,0.7951661269074098
IOHIfpVUJGp,201812,0.9332857291254912
IOHIfpVUJGp,201901,2.2831578173958467
IOHIfpVUJGp,201902,4.014173840261791
IOHIfpVUJGp,201903,1.2886699444573224
IOHIfpVUJGp,201904,3.041879766884804
IOHIfpVUJGp,201905,2.2218663303546933
IOHIfpVUJGp,201906,5.915483727769262
IOHIfpVUJGp,201907,24.61622340876052
IOHIfpVUJGp,201908,16.330080451972208
IOHIfpVUJGp,201909,16.440100541015898
IOHIfpVUJGp,201910,1.6008943949319951
IOHIfpVUJGp,201911,0.3834214135643753
IOHIfpVUJGp,201912,1.4889231640308866
IOHIfpVUJGp,202001,3.93550034226977
IOHIfpVUJGp,202002,1.2256860585634373
IOHIfpVUJGp,202003,1.7835215352088598
IOHIfpVUJGp,202004,3.648645423660372
IOHIfpVUJGp,202005,6.028737157055948
IOHIfpVUJGp,202006,18.568159016629032
IOHIfpVUJGp,202007,26.604296697840347
IOHIfpVUJGp,202008,22.243898067312845
IOHIfpVUJGp,202009,10.69732437642219
IOHIfpVUJGp,202010,1.2737297936040224
IOHIfpVUJGp,202011,0.3871455048666867
IOHIfpVUJGp,202012,0.6190905299949461
IOHIfpVUJGp,202101,0.8644528834788884
IOHIfpVUJGp,202102,1.5237244742707805
IOHIfpVUJGp,202103,2.1004648976002387
IOHIfpVUJGp,202104,1.7599715439464685
IOHIfpVUJGp,202105,9.48242798378466
IOHIfpVUJGp,202106,17.567202006653776
IOHIfpVUJGp,202107,25.12351039310008
IOHIfpVUJGp,202108,25.97188064631653
IOHIfpVUJGp,202109,14.265972604965034
IOHIfpVUJGp,202110,5.854916969702849
IOHIfpVUJGp,202111,0.6981291133291481
IOHIfpVUJGp,202112,2.262232900001457
IOHIfpVUJGp,202201,1.5956470643803486
IOHIfpVUJGp,202202,2.6976555981597032
IOHIfpVUJGp,202203,1.5141332702870145
IOHIfpVUJGp,202204,3.143603757408626
IOHIfpVUJGp,202205,6.60935002433483
IOHIfpVUJGp,202206,15.533036741368688
IOHIfpVUJGp,202207,22.5908342153744
IOHIfpVUJGp,202208,19.75445473936033
IOHIfpVUJGp,202209,6.6847218792447975
IOHIfpVUJGp,202210,2.6145074132375887
IOHIfpVUJGp,202211,0.1781895395735085
IOHIfpVUJGp,202212,0.29981745491573
IOHIfpVUJGp,202301,0.1412617611178254
IOHIfpVUJGp,202302,0.8855721233913479
IOHIfpVUJGp,202303,1.5587026752325024
IOHIfpVUJGp,202304,1.4461674901145956
IOHIfpVUJGp,202305,2.2559792151834244
IOHIfpVUJGp,202306,6.185179980172758
IOHIfpVUJGp,202307,10.761464127741975
IOHIfpVUJGp,202308,10.939974486500413
IOHIfpVUJGp,202309,5.471633040439561
IOHIfpVUJGp,202310,2.5595046345072543
IOHIfpVUJGp,202311,0.5050498145101671
IOHIfpVUJGp,202312,0.3857607968612536
IOHIfpVUJGp,202401,0.7703083619755834
IOHIfpVUJGp,202402,0.702676538121476
IOHIfpVUJGp,202403,2.6257681006069324
IOHIfpVUJGp,202404,1.1751316446960038
IOHIfpVUJGp,202405,5.0453891047679535
IOHIfpVUJGp,202406,12.175983365788875
IOHIfpVUJGp,202407,26.50951004134724
IOHIfpVUJGp,202408,21.092900672914222
IOHIfpVUJGp,202409,16.458289053824345
IOHIfpVUJGp,202410,3.758401854695266
IOHIfpVUJGp,202411,1.9877688134623408
IOHIfpVUJGp,202412,0.6168723263687399
Iqy9A4jXY9l,201601,1.96448136023639
Iqy9A4jXY9l,201602,1.195085767038909
Iqy9A4jXY9l,201603,1.862093065900295
Iqy9A4jXY9l,201604,1.143166983278712
Iqy9A4jXY9l,201605,8.601970700749455
Iqy9A4jXY9l,201606,18.760445337678984
Iqy9A4jXY9l,201607,33.11125266798477
Iqy9A4jXY9l,201608,10.613006654694855
Iqy9A4jXY9l,201609,16.7860481627869
Iqy9A4jXY9l,201610,3.763674887598613
Iqy9A4jXY9l,201611,0.1919373471774792
Iqy9A4jXY9l,201612,0.7220526232479392
Iqy9A4jXY9l,201701,1.13791496112172
Iqy9A4jXY9l,201702,0.7223288793477426
Iqy9A4jXY9l,201703,4.867126456165706
Iqy9A4jXY9l,201704,3.11224511415406
Iqy9A4jXY9l,201705,6.39005434110315
Iqy9A4jXY9l,201706,15.54183407838046
Iqy9A4jXY9l,201707,21.305656662851103
Iqy9A4jXY9l,201708,32.74375496693539
Iqy9A4jXY9l,201709,10.75428039431848
Iqy9A4jXY9l,201710,1.492792853484745
Iqy9A4jXY9l,201711,0.4452786147562554
Iqy9A4jXY9l,201712,0.2101108520233446
Iqy9A4jXY9l,201801,0.5187960041455123
Iqy9A4jXY9l,201802,1.527076404000577
Iqy9A4jXY9l,201803,1.2509618182632336
Iqy9A4jXY9l,201804,5.20148899110393
Iqy9A4jXY9l,201805,10.465143374629031
Iqy9A4jXY9l,201806,13.73780739838809
Iqy9A4jXY9l,201807,22.79108448806901
Iqy9A4jXY9l,201808,28.943163494982397
Iqy9A4jXY9l,201809,11.514952876668218
Iqy9A4jXY9l,201810,1.1295493362960003
Iqy9A4jXY9l,201811,1.0265546733112798
Iqy9A4jXY9l,201812,1.00693090676098
Iqy9A4jXY9l,201901,1.8010551295477748
Iqy9A4jXY9l,201902,4.310362265880594
Iqy9A4jXY9l,201903,2.0428670640482265
Iqy9A4jXY9l,201904,3.919521905057081
Iqy9A4jXY9l,201905,2.747335459915063
Iqy9A4jXY9l,201906,11.905436074352975
Iqy9A4jXY9l,201907,24.62769806067252
Iqy9A4jXY9l,201908,12.18970391047456
Iqy9A4jXY9l,201909,28.2311340269722
Iqy9A4jXY9l,201910,2.4537062080126795
Iqy9A4jXY9l,201911,0.5977821172249024
Iqy9A4jXY9l,201912,1.5731756749668138
Iqy9A4jXY9l,202001,5.099401232291865
Iqy9A4jXY9l,202002,2.32640331563876
Iqy9A4jXY9l,202003,2.794954461093025
Iqy9A4jXY9l,202004,4.557653265897589
Iqy9A4jXY9l,202005,5.799753642470888
Iqy9A4jXY9l,202006,27.9268744931135
Iqy9A4jXY9l,202007,37.2321145593075
Iqy9A4jXY9l,202008,20.027207553323617
Iqy9A4jXY9l,202009,24.970656117626277
Iqy9A4jXY9l,202010,0.5564980491247883
Iqy9A4jXY9l,202011,0.1637958282261248
Iqy9A4jXY9l,202012,0.4123047343147148
Iqy9A4jXY9l,202101,0.4546571481784453
Iqy9A4jXY9l,202102,0.8349866189073162
Iqy9A4jXY9l,202103,0.8917363010785875
Iqy9A4jXY9l,202104,0.9313072620943408
Iqy9A4jXY9l,202105,12.713010374466746
Iqy9A4jXY9l,202106,21.48515383301916
Iqy9A4jXY9l,202107,31.04624158453996
Iqy9A4jXY9l,202108,28.841037274319454
Iqy9A4jXY9l,202109,11.57642038243969
Iqy9A4jXY9l,202110,7.1252925335340125
Iqy9A4jXY9l,202111,0.5803194642427422
Iqy9A4jXY9l,202112,1.700669869340316
Iqy9A4jXY9l,202201,1.6278854800491471
Iqy9A4jXY9l,202202,3.1144116718775647
Iqy9A4jXY9l,202203,0.624660332918737
Iqy9A4jXY9l,202204,3.4407522584333945
Iqy9A4jXY9l,202205,8.250093180326802
Iqy9A4jXY9l,202206,16.887992239663397
Iqy9A4jXY9l,202207,14.589836222302846
Iqy9A4jXY9l,202208,13.264795397024658
Iqy9A4jXY9l,202209,9.347326987743884
Iqy9A4jXY9l,202210,5.725181309843085
Iqy9A4jXY9l,202211,0.2584383366647062
Iqy9A4jXY9l,202212,0.0827435420706134
Iqy9A4jXY9l,202301,0.0392377953098179
Iqy9A4jXY9l,202302,0.5067402993570083
Iqy9A4jXY9l,202303,1.2517529650452688
Iqy9A4jXY9l,202304,0.9388428379826924
Iqy9A4jXY9l,202305,1.88003592578064
Iqy9A4jXY9l,202306,6.171273945559188
Iqy9A4jXY9l,202307,11.485948910516894
Iqy9A4jXY9l,202308,7.92886977044004
Iqy9A4jXY9l,202309,3.7281067668190415
Iqy9A4jXY9l,202310,2.015247045832252
Iqy9A4jXY9l,202311,0.3310906951461546
Iqy9A4jXY9l,202312,0.1744508401575245
Iqy9A4jXY9l,202401,0.2539516471393646
Iqy9A4jXY9l,202402,0.4671412544403842
Iqy9A4jXY9l,202403,1.7789870471301934
Iqy9A4jXY9l,202404,0.1140491335283535
Iqy9A4jXY9l,202405,4.144003156573804
Iqy9A4jXY9l,202406,17.274443593369053
Iqy9A4jXY9l,202407,32.68227022614889
Iqy9A4jXY9l,202408,19.173763767623047
Iqy9A4jXY9l,202409,21.43418764458757
Iqy9A4jXY9l,202410,3.515787791932204
Iqy9A4jXY9l,202411,1.4717074230453475
Iqy9A4jXY9l,202412,0.2019082025178266
JBTkOU5m0Bu,201601,1.1033312614780777
JBTkOU5m0Bu,201602,1.5402130596745995
JBTkOU5m0Bu,201603,1.903118955290375
JBTkOU5m0Bu,201604,0.8876861437552317
JBTkOU5m0Bu,201605,3.26719163570407
JBTkOU5m0Bu,201606,7.301792242721595
JBTkOU5m0Bu,201607,15.374958278779756
JBTkOU5m0Bu,201608,8.275523580363796
JBTkOU5m0Bu,201609,4.203273250662635
JBTkOU5m0Bu,201610,1.372253483121306
JBTkOU5m0Bu,201611,0.0665778941902635
JBTkOU5m0Bu,201612,0.4092394008325794
JBTkOU5m0Bu,201701,2.8348629552033424
JBTkOU5m0Bu,201702,1.2392853475929702
JBTkOU5m0Bu,201703,2.3824806767126585
JBTkOU5m0Bu,201704,2.76153422137228
JBTkOU5m0Bu,201705,3.034982262128405
JBTkOU5m0Bu,201706,5.298904405119508
JBTkOU5m0Bu,201707,14.995454274256304
JBTkOU5m0Bu,201708,13.822189234756165
JBTkOU5m0Bu,201709,4.858058886129779
JBTkOU5m0Bu,201710,0.947404162379761
JBTkOU5m0Bu,201711,0.6043388127290195
JBTkOU5m0Bu,201712,0.7596233478111041
JBTkOU5m0Bu,201801,0.5700495528193982
JBTkOU5m0Bu,201802,2.0440774371917896
JBTkOU5m0Bu,201803,1.5674367938625935
JBTkOU5m0Bu,201804,2.090444308879198
JBTkOU5m0Bu,201805,2.176341883836165
JBTkOU5m0Bu,201806,6.9203345657082025
JBTkOU5m0Bu,201807,17.478569540889612
JBTkOU5m0Bu,201808,17.97635360295137
JBTkOU5m0Bu,201809,6.010344014668991
JBTkOU5m0Bu,201810,0.5217822882739898
JBTkOU5m0Bu,201811,0.6715050549200212
JBTkOU5m0Bu,201812,0.4435181816357546
JBTkOU5m0Bu,201901,4.799411810275792
JBTkOU5m0Bu,201902,7.215699706713373
JBTkOU5m0Bu,201903,1.8214427249400351
JBTkOU5m0Bu,201904,2.279995629640528
JBTkOU5m0Bu,201905,1.5134977499036368
JBTkOU5m0Bu,201906,2.556512964484083
JBTkOU5m0Bu,201907,14.624496343823768
JBTkOU5m0Bu,201908,10.616753260285602
JBTkOU5m0Bu,201909,8.314280335921115
JBTkOU5m0Bu,201910,0.980452929550071
JBTkOU5m0Bu,201911,1.4551706231228638
JBTkOU5m0Bu,201912,2.421191765527181
JBTkOU5m0Bu,202001,5.5318642324730565
JBTkOU5m0Bu,202002,0.6735099704276486
JBTkOU5m0Bu,202003,3.6104997892270982
JBTkOU5m0Bu,202004,3.134281372876208
JBTkOU5m0Bu,202005,3.0327916385991958
JBTkOU5m0Bu,202006,6.592612233152193
JBTkOU5m0Bu,202007,13.73219283667469
JBTkOU5m0Bu,202008,13.7645430725691
JBTkOU5m0Bu,202009,5.054140209271731
JBTkOU5m0Bu,202010,0.2871927023216113
JBTkOU5m0Bu,202011,0.9589804394820658
JBTkOU5m0Bu,202012,0.1019638859840533
JBTkOU5m0Bu,202101,0.8411297965409784
JBTkOU5m0Bu,202102,0.7596822492069387
JBTkOU5m0Bu,202103,1.3333906432523404
JBTkOU5m0Bu,202104,3.489880247260126
JBTkOU5m0Bu,202105,6.879521089474266
JBTkOU5m0Bu,202106,12.084349377073853
JBTkOU5m0Bu,202107,11.424041130380989
JBTkOU5m0Bu,202108,11.684406004425826
JBTkOU5m0Bu,202109,6.830386453723623
JBTkOU5m0Bu,202110,7.041984646624422
JBTkOU5m0Bu,202111,0.1726787654523525
JBTkOU5m0Bu,202112,2.089883489469819
JBTkOU5m0Bu,202201,2.3492468467382626
JBTkOU5m0Bu,202202,2.7841862263472907
JBTkOU5m0Bu,202203,0.3279640364651647
JBTkOU5m0Bu,202204,0.8840510635487344
JBTkOU5m0Bu,202205,3.900032462588489
JBTkOU5m0Bu,202206,7.229793774754989
JBTkOU5m0Bu,202207,12.402141418094228
JBTkOU5m0Bu,202208,11.24273137012474
JBTkOU5m0Bu,202209,4.780562681096267
JBTkOU5m0Bu,202210,5.767115527854282
JBTkOU5m0Bu,202211,0.1725433476265156
JBTkOU5m0Bu,202212,0.0426541825625993
JBTkOU5m0Bu,202301,1.1913404583890574
JBTkOU5m0Bu,202302,0.3267434193893409
JBTkOU5m0Bu,202303,1.5031052795123931
JBTkOU5m0Bu,202304,1.571312810697925
JBTkOU5m0Bu,202305,1.8341034091759532
JBTkOU5m0Bu,202306,2.4518802350661435
JBTkOU5m0Bu,202307,7.49801045446802
JBTkOU5m0Bu,202308,7.248485698712965
JBTkOU5m0Bu,202309,2.7646469614599427
JBTkOU5m0Bu,202310,0.7415464800325601
JBTkOU5m0Bu,202311,0.3815498340375292
JBTkOU5m0Bu,202312,0.1539854595175719
JBTkOU5m0Bu,202401,0.3265089880786097
JBTkOU5m0Bu,202402,1.7599412386732556
JBTkOU5m0Bu,202403,3.210174239539414
JBTkOU5m0Bu,202404,0.8730399411953654
JBTkOU5m0Bu,202405,2.2003056057386496
JBTkOU5m0Bu,202406,3.89972962943219
JBTkOU5m0Bu,202407,19.352242964301503
JBTkOU5m0Bu,202408,12.73636974260792
JBTkOU5m0Bu,202409,7.065277498627041
JBTkOU5m0Bu,202410,1.0251726199638274
JBTkOU5m0Bu,202411,1.2259835127903442
JBTkOU5m0Bu,202412,0.9525778004848444
JH8RPnwv8kB,201601,
JH8RPnwv8kB,201602,
JH8RPnwv8kB,201603,
JH8RPnwv8kB,201604,
JH8RPnwv8kB,201605,
JH8RPnwv8kB,201606,
JH8RPnwv8kB,201607,
JH8RPnwv8kB,201608,
JH8RPnwv8kB,201609,
JH8RPnwv8kB,201610,
JH8RPnwv8kB,201611,
JH8RPnwv8kB,201612,
JH8RPnwv8kB,201701,
JH8RPnwv8kB,201702,
JH8RPnwv8kB,201703,
JH8RPnwv8kB,201704,
JH8RPnwv8kB,201705,
JH8RPnwv8kB,201706,
JH8RPnwv8kB,201707,
JH8RPnwv8kB,201708,
JH8RPnwv8kB,201709,
JH8RPnwv8kB,201710,
JH8RPnwv8kB,201711,
JH8RPnwv8kB,201712,
JH8RPnwv8kB,201801,
JH8RPnwv8kB,201802,
JH8RPnwv8kB,201803,
JH8RPnwv8kB,201804,
JH8RPnwv8kB,201805,
JH8RPnwv8kB,201806,
JH8RPnwv8kB,201807,
JH8RPnwv8kB,201808,
JH8RPnwv8kB,201809,
JH8RPnwv8kB,201810,
JH8RPnwv8kB,201811,
JH8RPnwv8kB,201812,
JH8RPnwv8kB,201901,
JH8RPnwv8kB,201902,
JH8RPnwv8kB,201903,
JH8RPnwv8kB,201904,
JH8RPnwv8kB,201905,
JH8RPnwv8kB,201906,
JH8RPnwv8kB,201907,
JH8RPnwv8kB,201908,
JH8RPnwv8kB,201909,
JH8RPnwv8kB,201910,
JH8RPnwv8kB,201911,
JH8RPnwv8kB,201912,
JH8RPnwv8kB,202001,
JH8RPnwv8kB,202002,
JH8RPnwv8kB,202003,
JH8RPnwv8kB,202004,
JH8RPnwv8kB,202005,
JH8RPnwv8kB,202006,
JH8RPnwv8kB,202007,
JH8RPnwv8kB,202008,
JH8RPnwv8kB,202009,
JH8RPnwv8kB,202010,
JH8RPnwv8kB,202011,
JH8RPnwv8kB,202012,
JH8RPnwv8kB,202101,
JH8RPnwv8kB,202102,
JH8RPnwv8kB,202103,
JH8RPnwv8kB,202104,
JH8RPnwv8kB,202105,
JH8RPnwv8kB,202106,
JH8RPnwv8kB,202107,
JH8RPnwv8kB,202108,
JH8RPnwv8kB,202109,
JH8RPnwv8kB,202110,
JH8RPnwv8kB,202111,
JH8RPnwv8kB,202112,
JH8RPnwv8kB,202201,
JH8RPnwv8kB,202202,
JH8RPnwv8kB,202203,
JH8RPnwv8kB,202204,
JH8RPnwv8kB,202205,
JH8RPnwv8kB,202206,
JH8RPnwv8kB,202207,
JH8RPnwv8kB,202208,
JH8RPnwv8kB,202209,
JH8RPnwv8kB,202210,
JH8RPnwv8kB,202211,
JH8RPnwv8kB,202212,
JH8RPnwv8kB,202301,
JH8RPnwv8kB,202302,
JH8RPnwv8kB,202303,
JH8RPnwv8kB,202304,
JH8RPnwv8kB,202305,
JH8RPnwv8kB,202306,
JH8RPnwv8kB,202307,
JH8RPnwv8kB,202308,
JH8RPnwv8kB,202309,
JH8RPnwv8kB,202310,
JH8RPnwv8kB,202311,
JH8RPnwv8kB,202312,
JH8RPnwv8kB,202401,
JH8RPnwv8kB,202402,
JH8RPnwv8kB,202403,
JH8RPnwv8kB,202404,
JH8RPnwv8kB,202405,
JH8RPnwv8kB,202406,
JH8RPnwv8kB,202407,
JH8RPnwv8kB,202408,
JH8RPnwv8kB,202409,
JH8RPnwv8kB,202410,
JH8RPnwv8kB,202411,
JH8RPnwv8kB,202412,
LnJ8MTOmgGa,201601,2.707028185222526
LnJ8MTOmgGa,201602,1.4942679217050827
LnJ8MTOmgGa,201603,2.009648217692346
LnJ8MTOmgGa,201604,1.8022123101856904
LnJ8MTOmgGa,201605,10.145301179262525
LnJ8MTOmgGa,201606,20.625614881749318
LnJ8MTOmgGa,201607,33.13532743604485
LnJ8MTOmgGa,201608,14.99557431025033
LnJ8MTOmgGa,201609,25.74594650693666
LnJ8MTOmgGa,201610,4.27887399533132
LnJ8MTOmgGa,201611,0.550140800992924
LnJ8MTOmgGa,201612,0.9897325308339224
LnJ8MTOmgGa,201701,1.4225429718819451
LnJ8MTOmgGa,201702,1.426663820696845
LnJ8MTOmgGa,201703,4.987100266566693
LnJ8MTOmgGa,201704,4.887187741782712
LnJ8MTOmgGa,201705,7.792720203878387
LnJ8MTOmgGa,201706,16.185284623312345
LnJ8MTOmgGa,201707,29.15781638961465
LnJ8MTOmgGa,201708,26.07215950300173
LnJ8MTOmgGa,201709,15.537632508625482
LnJ8MTOmgGa,201710,6.2134851664801865
LnJ8MTOmgGa,201711,1.0700877668733797
LnJ8MTOmgGa,201712,0.4648590484864796
LnJ8MTOmgGa,201801,0.8829097769388912
LnJ8MTOmgGa,201802,1.913233105811428
LnJ8MTOmgGa,201803,2.273890984267277
LnJ8MTOmgGa,201804,7.074532589558245
LnJ8MTOmgGa,201805,9.352779046875476
LnJ8MTOmgGa,201806,15.160810228818509
LnJ8MTOmgGa,201807,28.16172902831741
LnJ8MTOmgGa,201808,30.98252558433672
LnJ8MTOmgGa,201809,9.63889715830708
LnJ8MTOmgGa,201810,5.194058388892302
LnJ8MTOmgGa,201811,1.7546336045713733
LnJ8MTOmgGa,201812,1.4757249132518333
LnJ8MTOmgGa,201901,1.541469649076446
LnJ8MTOmgGa,201902,3.119437291723878
LnJ8MTOmgGa,201903,1.7219969546628628
LnJ8MTOmgGa,201904,6.0822907389563365
LnJ8MTOmgGa,201905,4.496445441187517
LnJ8MTOmgGa,201906,9.997552372533963
LnJ8MTOmgGa,201907,37.44780431457729
LnJ8MTOmgGa,201908,14.635303245982504
LnJ8MTOmgGa,201909,22.00516944829244
LnJ8MTOmgGa,201910,5.875447275955644
LnJ8MTOmgGa,201911,2.76635359766935
LnJ8MTOmgGa,201912,1.4697369737919377
LnJ8MTOmgGa,202001,2.934058141079241
LnJ8MTOmgGa,202002,3.1503102982985745
LnJ8MTOmgGa,202003,3.300301335403637
LnJ8MTOmgGa,202004,5.08283737155141
LnJ8MTOmgGa,202005,9.266028258669328
LnJ8MTOmgGa,202006,18.16179748859428
LnJ8MTOmgGa,202007,42.72731672441648
LnJ8MTOmgGa,202008,16.563548403994325
LnJ8MTOmgGa,202009,24.02585515570389
LnJ8MTOmgGa,202010,3.661324259169005
LnJ8MTOmgGa,202011,1.2619967367485565
LnJ8MTOmgGa,202012,1.165394835484728
LnJ8MTOmgGa,202101,1.4639368858956827
LnJ8MTOmgGa,202102,1.644122161371832
LnJ8MTOmgGa,202103,1.4134027859492706
LnJ8MTOmgGa,202104,1.1786329723463205
LnJ8MTOmgGa,202105,14.761072946587074
LnJ8MTOmgGa,202106,17.31752197378062
LnJ8MTOmgGa,202107,22.544732421067497
LnJ8MTOmgGa,202108,26.8816465495894
LnJ8MTOmgGa,202109,11.19170568800314
LnJ8MTOmgGa,202110,11.15418172877207
LnJ8MTOmgGa,202111,1.837265427019312
LnJ8MTOmgGa,202112,2.2364637520423893
LnJ8MTOmgGa,202201,2.2772063465580383
LnJ8MTOmgGa,202202,4.115042096999866
LnJ8MTOmgGa,202203,1.8594749265437027
LnJ8MTOmgGa,202204,5.785679936975823
LnJ8MTOmgGa,202205,8.505074879198123
LnJ8MTOmgGa,202206,22.411879780949967
LnJ8MTOmgGa,202207,21.09079626103836
LnJ8MTOmgGa,202208,16.390333921638224
LnJ8MTOmgGa,202209,9.596869300632466
LnJ8MTOmgGa,202210,2.68913890241688
LnJ8MTOmgGa,202211,0.8080680038739751
LnJ8MTOmgGa,202212,0.4430427835163253
LnJ8MTOmgGa,202301,0.2978050860141115
LnJ8MTOmgGa,202302,1.0068760286371232
LnJ8MTOmgGa,202303,2.3759411591475312
LnJ8MTOmgGa,202304,1.27824940234221
LnJ8MTOmgGa,202305,3.743063294680792
LnJ8MTOmgGa,202306,6.540195814266966
LnJ8MTOmgGa,202307,11.39369464159348
LnJ8MTOmgGa,202308,13.43900441305512
LnJ8MTOmgGa,202309,6.198860527076595
LnJ8MTOmgGa,202310,4.507659893889404
LnJ8MTOmgGa,202311,0.9664873305743812
LnJ8MTOmgGa,202312,0.6810162021195787
LnJ8MTOmgGa,202401,0.9971915878944632
LnJ8MTOmgGa,202402,0.6176017823377407
LnJ8MTOmgGa,202403,4.016521850316972
LnJ8MTOmgGa,202404,0.1923200135892679
LnJ8MTOmgGa,202405,7.070420184725287
LnJ8MTOmgGa,202406,23.403042807070577
LnJ8MTOmgGa,202407,28.075567255265412
LnJ8MTOmgGa,202408,16.99412884566293
LnJ8MTOmgGa,202409,14.672750406571572
LnJ8MTOmgGa,202410,8.880005636422641
LnJ8MTOmgGa,202411,2.400619193270348
LnJ8MTOmgGa,202412,1.3080037092456425
N7ioObCpMP3,201601,1.1725788014730625
N7ioObCpMP3,201602,1.0574261447240478
N7ioObCpMP3,201603,0.8436680213343315
N7ioObCpMP3,201604,0.3318322370567411
N7ioObCpMP3,201605,6.13444075532864
N7ioObCpMP3,201606,13.321236447790335
N7ioObCpMP3,201607,34.51442005992684
N7ioObCpMP3,201608,10.787940199796411
N7ioObCpMP3,201609,10.53805213176602
N7ioObCpMP3,201610,3.188741299814409
N7ioObCpMP3,201611,0.272701534361344
N7ioObCpMP3,201612,0.3846388950501742
N7ioObCpMP3,201701,0.7936091456600421
N7ioObCpMP3,201702,0.4677060154320706
N7ioObCpMP3,201703,1.8545537724700216
N7ioObCpMP3,201704,1.6494209711703869
N7ioObCpMP3,201705,7.181921325817747
N7ioObCpMP3,201706,8.682476422621571
N7ioObCpMP3,201707,20.03483916016853
N7ioObCpMP3,201708,23.1237684720586
N7ioObCpMP3,201709,7.705713878041001
N7ioObCpMP3,201710,1.5650847449416434
N7ioObCpMP3,201711,0.3935714321747316
N7ioObCpMP3,201712,0.1366663984492954
N7ioObCpMP3,201801,0.3431351445384155
N7ioObCpMP3,201802,0.5935885876081763
N7ioObCpMP3,201803,0.6496669427344302
N7ioObCpMP3,201804,3.197910232317689
N7ioObCpMP3,201805,5.376158978529731
N7ioObCpMP3,201806,7.942822318326014
N7ioObCpMP3,201807,24.308559439052196
N7ioObCpMP3,201808,21.72498042283502
N7ioObCpMP3,201809,5.699190234350388
N7ioObCpMP3,201810,0.7863257569415119
N7ioObCpMP3,201811,0.8067613005957223
N7ioObCpMP3,201812,0.6920900290613825
N7ioObCpMP3,201901,1.384343671827339
N7ioObCpMP3,201902,3.1262547757587718
N7ioObCpMP3,201903,1.1554686838174768
N7ioObCpMP3,201904,2.615633986906415
N7ioObCpMP3,201905,1.0066781747459774
N7ioObCpMP3,201906,6.780951715511078
N7ioObCpMP3,201907,19.61182692314044
N7ioObCpMP3,201908,13.343719601208212
N7ioObCpMP3,201909,21.358383717243917
N7ioObCpMP3,201910,2.133306310754501
N7ioObCpMP3,201911,0.8384882619819943
N7ioObCpMP3,201912,0.981697808057984
N7ioObCpMP3,202001,4.047331154202374
N7ioObCpMP3,202002,2.1842567561964823
N7ioObCpMP3,202003,2.009432120150608
N7ioObCpMP3,202004,3.998567042051894
N7ioObCpMP3,202005,3.749868996705632
N7ioObCpMP3,202006,25.950669798959662
N7ioObCpMP3,202007,23.049812472570107
N7ioObCpMP3,202008,17.660026108968385
N7ioObCpMP3,202009,15.267454427536125
N7ioObCpMP3,202010,1.151411596903281
N7ioObCpMP3,202011,0.4877811564360959
N7ioObCpMP3,202012,0.610132921258264
N7ioObCpMP3,202101,0.3603639425751281
N7ioObCpMP3,202102,0.9945677443768236
N7ioObCpMP3,202103,0.6323257598574635
N7ioObCpMP3,202104,0.6629979441992055
N7ioObCpMP3,202105,11.026604798804208
N7ioObCpMP3,202106,22.783410262717357
N7ioObCpMP3,202107,16.523309081505573
N7ioObCpMP3,202108,22.732722829045933
N7ioObCpMP3,202109,8.011448093976462
N7ioObCpMP3,202110,7.117581469102046
N7ioObCpMP3,202111,1.0515581017858198
N7ioObCpMP3,202112,1.5657415900344618
N7ioObCpMP3,202201,1.4904007153783945
N7ioObCpMP3,202202,2.884413016472344
N7ioObCpMP3,202203,0.4440126880020685
N7ioObCpMP3,202204,1.128280499327503
N7ioObCpMP3,202205,6.967818086176056
N7ioObCpMP3,202206,14.886319215793304
N7ioObCpMP3,202207,15.034322395063615
N7ioObCpMP3,202208,8.41763974030277
N7ioObCpMP3,202209,5.555330927684255
N7ioObCpMP3,202210,5.906355891472
N7ioObCpMP3,202211,0.3812423709531919
N7ioObCpMP3,202212,0.1470341527728716
N7ioObCpMP3,202301,0.18519230802881
N7ioObCpMP3,202302,0.259195397558748
N7ioObCpMP3,202303,1.4427091640734084
N7ioObCpMP3,202304,0.8083529206633769
N7ioObCpMP3,202305,1.7742726936036852
N7ioObCpMP3,202306,4.342629838793322
N7ioObCpMP3,202307,14.1071201317898
N7ioObCpMP3,202308,6.05099625130013
N7ioObCpMP3,202309,4.700040675495885
N7ioObCpMP3,202310,2.3969877978168324
N7ioObCpMP3,202311,0.2464477944530767
N7ioObCpMP3,202312,0.3351033013047304
N7ioObCpMP3,202401,0.4243089375592291
N7ioObCpMP3,202402,0.5190233417212056
N7ioObCpMP3,202403,1.1103160885579564
N7ioObCpMP3,202404,0.0958611939982982
N7ioObCpMP3,202405,2.7779492278435134
N7ioObCpMP3,202406,6.657311102829229
N7ioObCpMP3,202407,29.49282428828944
N7ioObCpMP3,202408,14.716367489538989
N7ioObCpMP3,202409,14.199518060068051
N7ioObCpMP3,202410,2.1866080157678347
N7ioObCpMP3,202411,1.7133743784686093
N7ioObCpMP3,202412,0.2402796737465645
NSLL7YIXBJH,201601,0.7577149893396398
NSLL7YIXBJH,201602,1.3833415789170205
NSLL7YIXBJH,201603,1.4534279995789048
NSLL7YIXBJH,201604,0.4350251833237317
NSLL7YIXBJH,201605,3.329716460929919
NSLL7YIXBJH,201606,10.897804592163824
NSLL7YIXBJH,201607,25.35825062442401
NSLL7YIXBJH,201608,10.403489628545351
NSLL7YIXBJH,201609,9.718449185063402
NSLL7YIXBJH,201610,1.105970841505919
NSLL7YIXBJH,201611,0.0539976835522241
NSLL7YIXBJH,201612,0.207708177958016
NSLL7YIXBJH,201701,2.1406050782148665
NSLL7YIXBJH,201702,0.7777221408870839
NSLL7YIXBJH,201703,2.0059728736260825
NSLL7YIXBJH,201704,2.364659711644132
NSLL7YIXBJH,201705,3.547270005349224
NSLL7YIXBJH,201706,7.888562787552954
NSLL7YIXBJH,201707,19.237488240290467
NSLL7YIXBJH,201708,13.854497153160786
NSLL7YIXBJH,201709,6.1453234522487135
NSLL7YIXBJH,201710,0.5652360947537348
NSLL7YIXBJH,201711,0.3465085551800368
NSLL7YIXBJH,201712,0.4313491609143076
NSLL7YIXBJH,201801,0.5504087374492003
NSLL7YIXBJH,201802,1.0142805635152488
NSLL7YIXBJH,201803,1.0427065738828527
NSLL7YIXBJH,201804,2.1488362201547697
NSLL7YIXBJH,201805,1.955996934096605
NSLL7YIXBJH,201806,9.62594710085999
NSLL7YIXBJH,201807,21.80714539808824
NSLL7YIXBJH,201808,22.38381546165607
NSLL7YIXBJH,201809,7.250369390472809
NSLL7YIXBJH,201810,0.2282095185205494
NSLL7YIXBJH,201811,0.33262470762601
NSLL7YIXBJH,201812,0.4527724306824836
NSLL7YIXBJH,201901,3.7627032899724857
NSLL7YIXBJH,201902,5.414600130808227
NSLL7YIXBJH,201903,1.513911807644458
NSLL7YIXBJH,201904,2.3452789931892712
NSLL7YIXBJH,201905,1.547309641383969
NSLL7YIXBJH,201906,3.8155033891794634
NSLL7YIXBJH,201907,18.809031532662985
NSLL7YIXBJH,201908,13.178994570535297
NSLL7YIXBJH,201909,12.933945136870785
NSLL7YIXBJH,201910,1.1452227732855036
NSLL7YIXBJH,201911,0.53006062133069
NSLL7YIXBJH,201912,2.0573933491945184
NSLL7YIXBJH,202001,5.288553089460677
NSLL7YIXBJH,202002,1.2992648530320408
NSLL7YIXBJH,202003,4.04261248708603
NSLL7YIXBJH,202004,3.0567436112105377
NSLL7YIXBJH,202005,3.0386398162667723
NSLL7YIXBJH,202006,10.94151237783332
NSLL7YIXBJH,202007,15.120533755262086
NSLL7YIXBJH,202008,15.633417171637069
NSLL7YIXBJH,202009,4.963953140918304
NSLL7YIXBJH,202010,0.4143657216568516
NSLL7YIXBJH,202011,0.3698944915977017
NSLL7YIXBJH,202012,0.0640510741843054
NSLL7YIXBJH,202101,0.5743401816243733
NSLL7YIXBJH,202102,0.7201873525874227
NSLL7YIXBJH,202103,0.5867802900780633
NSLL7YIXBJH,202104,2.0961499533414965
NSLL7YIXBJH,202105,7.013822229535464
NSLL7YIXBJH,202106,13.921601445400782
NSLL7YIXBJH,202107,14.583542569565092
NSLL7YIXBJH,202108,16.2788204348406
NSLL7YIXBJH,202109,7.032882791076454
NSLL7YIXBJH,202110,8.657677475769363
NSLL7YIXBJH,202111,0.1498065731342363
NSLL7YIXBJH,202112,1.268061833457216
NSLL7YIXBJH,202201,3.150716015419265
NSLL7YIXBJH,202202,2.962361187725955
NSLL7YIXBJH,202203,0.3270425152877216
NSLL7YIXBJH,202204,0.4557908344833455
NSLL7YIXBJH,202205,5.156738929876412
NSLL7YIXBJH,202206,8.249748082746327
NSLL7YIXBJH,202207,15.767459370514027
NSLL7YIXBJH,202208,13.350977375372445
NSLL7YIXBJH,202209,5.2655656096498165
NSLL7YIXBJH,202210,5.671964972260841
NSLL7YIXBJH,202211,0.0604664525757343
NSLL7YIXBJH,202212,0.0170947643599162
NSLL7YIXBJH,202301,0.5845926023259824
NSLL7YIXBJH,202302,0.1366925287996069
NSLL7YIXBJH,202303,1.8787701149955671
NSLL7YIXBJH,202304,1.4994754695155676
NSLL7YIXBJH,202305,2.0865411971243724
NSLL7YIXBJH,202306,3.1629194934195533
NSLL7YIXBJH,202307,10.049492050198538
NSLL7YIXBJH,202308,8.324218089939974
NSLL7YIXBJH,202309,3.668867106100276
NSLL7YIXBJH,202310,0.60164289905554
NSLL7YIXBJH,202311,0.2399339591172515
NSLL7YIXBJH,202312,0.0736230462507299
NSLL7YIXBJH,202401,0.1987242687656489
NSLL7YIXBJH,202402,1.1903001875453507
NSLL7YIXBJH,202403,2.2300077214427443
NSLL7YIXBJH,202404,0.4810239693244492
NSLL7YIXBJH,202405,2.070760871260093
NSLL7YIXBJH,202406,4.146393560941492
NSLL7YIXBJH,202407,28.1522566743091
NSLL7YIXBJH,202408,13.328456630492523
NSLL7YIXBJH,202409,7.963309900889753
NSLL7YIXBJH,202410,0.8459673403524169
NSLL7YIXBJH,202411,0.7737293251693524
NSLL7YIXBJH,202412,0.6636942198907886
O5p5idrXdiw,201601,0.5650606494480379
O5p5idrXdiw,201602,0.1966660973188957
O5p5idrXdiw,201603,1.6447441385993269
O5p5idrXdiw,201604,0.4882147382507645
O5p5idrXdiw,201605,7.548795039688532
O5p5idrXdiw,201606,12.311632876259289
O5p5idrXdiw,201607,23.60609855648216
O5p5idrXdiw,201608,7.213910769782252
O5p5idrXdiw,201609,13.32950549458342
O5p5idrXdiw,201610,3.605822854986415
O5p5idrXdiw,201611,0.0040018190022395
O5p5idrXdiw,201612,0.0781268669811998
O5p5idrXdiw,201701,0.2519210930849854
O5p5idrXdiw,201702,0.1617218018977202
O5p5idrXdiw,201703,1.8001929639112937
O5p5idrXdiw,201704,2.4514118647270045
O5p5idrXdiw,201705,4.322013479804265
O5p5idrXdiw,201706,8.62885447070942
O5p5idrXdiw,201707,12.704666237659586
O5p5idrXdiw,201708,19.895444297300063
O5p5idrXdiw,201709,5.988285189017135
O5p5idrXdiw,201710,2.032527903805974
O5p5idrXdiw,201711,0.00936824952793
O5p5idrXdiw,201712,0.0122450878260902
O5p5idrXdiw,201801,0.101901025033725
O5p5idrXdiw,201802,0.2526561237212428
O5p5idrXdiw,201803,1.0087182807043524
O5p5idrXdiw,201804,3.831615595839467
O5p5idrXdiw,201805,5.24733239520878
O5p5idrXdiw,201806,17.147182310241796
O5p5idrXdiw,201807,14.301502213695814
O5p5idrXdiw,201808,11.556262536987289
O5p5idrXdiw,201809,6.911645485607011
O5p5idrXdiw,201810,1.375338627487588
O5p5idrXdiw,201811,0.1035104924372418
O5p5idrXdiw,201812,0.1053627355427079
O5p5idrXdiw,201901,0.042049754872894
O5p5idrXdiw,201902,2.0504036510438874
O5p5idrXdiw,201903,0.4273280069176792
O5p5idrXdiw,201904,2.860935275457361
O5p5idrXdiw,201905,4.42284247782375
O5p5idrXdiw,201906,11.207857365256247
O5p5idrXdiw,201907,24.597576723028123
O5p5idrXdiw,201908,11.31339179471859
O5p5idrXdiw,201909,17.88822058469693
O5p5idrXdiw,201910,1.485624178038002
O5p5idrXdiw,201911,0.0398201832542743
O5p5idrXdiw,201912,0.2573408486716396
O5p5idrXdiw,202001,0.739444372374737
O5p5idrXdiw,202002,1.216951861342826
O5p5idrXdiw,202003,1.0914692260614736
O5p5idrXdiw,202004,3.5777526199456915
O5p5idrXdiw,202005,5.222818580443719
O5p5idrXdiw,202006,13.366786900879864
O5p5idrXdiw,202007,19.756385121520225
O5p5idrXdiw,202008,7.188618739156491
O5p5idrXdiw,202009,14.436515522440164
O5p5idrXdiw,202010,1.616283050424209
O5p5idrXdiw,202011,0.0451681575640647
O5p5idrXdiw,202012,0.0795199586351372
O5p5idrXdiw,202101,0.1789987273371814
O5p5idrXdiw,202102,0.0993278968835674
O5p5idrXdiw,202103,0.3781787088843651
O5p5idrXdiw,202104,1.2040930238656544
O5p5idrXdiw,202105,9.264473301390124
O5p5idrXdiw,202106,10.318630822019816
O5p5idrXdiw,202107,16.751917963725617
O5p5idrXdiw,202108,13.00607772420186
O5p5idrXdiw,202109,4.594945675914679
O5p5idrXdiw,202110,7.229337854806936
O5p5idrXdiw,202111,0.0125953598504504
O5p5idrXdiw,202112,0.4231560900877638
O5p5idrXdiw,202201,0.2115364433505046
O5p5idrXdiw,202202,1.469311604118335
O5p5idrXdiw,202203,0.2558685909197289
O5p5idrXdiw,202204,3.005504163520569
O5p5idrXdiw,202205,6.053841210392833
O5p5idrXdiw,202206,15.868911609937598
O5p5idrXdiw,202207,7.780429967563604
O5p5idrXdiw,202208,7.924774420236357
O5p5idrXdiw,202209,5.038134767030628
O5p5idrXdiw,202210,1.770119081829736
O5p5idrXdiw,202211,0.0111144385612634
O5p5idrXdiw,202212,0.0066696570194398
O5p5idrXdiw,202301,0.0200645021367304
O5p5idrXdiw,202302,0.0586225589855637
O5p5idrXdiw,202303,1.520541413968362
O5p5idrXdiw,202304,0.4257461345231551
O5p5idrXdiw,202305,1.605996590624849
O5p5idrXdiw,202306,4.759713618179797
O5p5idrXdiw,202307,6.588187269555756
O5p5idrXdiw,202308,5.750299286804679
O5p5idrXdiw,202309,7.12369888186044
O5p5idrXdiw,202310,2.1190110560765314
O5p5idrXdiw,202311,0.017810783082199
O5p5idrXdiw,202312,0.1438105633699192
O5p5idrXdiw,202401,0.0340573103741709
O5p5idrXdiw,202402,0.1049063927290529
O5p5idrXdiw,202403,1.9766401746986733
O5p5idrXdiw,202404,0.073441099640739
O5p5idrXdiw,202405,3.447766918370761
O5p5idrXdiw,202406,12.091734908748268
O5p5idrXdiw,202407,15.87183497401196
O5p5idrXdiw,202408,11.752763809372851
O5p5idrXdiw,202409,14.930573585456754
O5p5idrXdiw,202410,1.954938502550072
O5p5idrXdiw,202411,0.0873643338824391
O5p5idrXdiw,202412,0.0358857394735259
P53hVYydxdc,201601,1.378182789171846
P53hVYydxdc,201602,1.338797799866102
P53hVYydxdc,201603,1.6425101359950682
P53hVYydxdc,201604,1.2221467887583253
P53hVYydxdc,201605,4.646692180953448
P53hVYydxdc,201606,9.968200104728156
P53hVYydxdc,201607,20.599205732499044
P53hVYydxdc,201608,7.525716534704031
P53hVYydxdc,201609,6.900242735955321
P53hVYydxdc,201610,1.628142864570489
P53hVYydxdc,201611,0.1727871221434157
P53hVYydxdc,201612,0.3865787303091231
P53hVYydxdc,201701,1.428885480381694
P53hVYydxdc,201702,0.5984892535216229
P53hVYydxdc,201703,2.1270272240439287
P53hVYydxdc,201704,2.7734595177517587
P53hVYydxdc,201705,5.186984029111739
P53hVYydxdc,201706,7.228284709194552
P53hVYydxdc,201707,18.37200082317053
P53hVYydxdc,201708,12.507748843627628
P53hVYydxdc,201709,4.89034399132933
P53hVYydxdc,201710,1.0602155671476317
P53hVYydxdc,201711,0.3879930329161798
P53hVYydxdc,201712,0.2621793359401703
P53hVYydxdc,201801,0.4920103728548753
P53hVYydxdc,201802,1.0685040544973958
P53hVYydxdc,201803,1.7457198404760328
P53hVYydxdc,201804,3.931772873993459
P53hVYydxdc,201805,3.179807892630007
P53hVYydxdc,201806,8.575159320499239
P53hVYydxdc,201807,22.511751336763925
P53hVYydxdc,201808,18.039729210016304
P53hVYydxdc,201809,4.514797196967876
P53hVYydxdc,201810,0.7379380350037155
P53hVYydxdc,201811,0.4484198445282441
P53hVYydxdc,201812,0.5619106696575683
P53hVYydxdc,201901,2.567607380887096
P53hVYydxdc,201902,5.669853184820065
P53hVYydxdc,201903,1.4925142168350158
P53hVYydxdc,201904,2.434204852112381
P53hVYydxdc,201905,1.917271484816525
P53hVYydxdc,201906,4.77904557599686
P53hVYydxdc,201907,15.389363434216298
P53hVYydxdc,201908,11.745640136657954
P53hVYydxdc,201909,12.006383450755102
P53hVYydxdc,201910,1.2889895716346866
P53hVYydxdc,201911,0.462030031473568
P53hVYydxdc,201912,1.7267340423049162
P53hVYydxdc,202001,3.4694108739471745
P53hVYydxdc,202002,1.4778819559034109
P53hVYydxdc,202003,2.5014315743101747
P53hVYydxdc,202004,3.471350498243669
P53hVYydxdc,202005,3.673940576114536
P53hVYydxdc,202006,12.2830538740213
P53hVYydxdc,202007,15.991040637761117
P53hVYydxdc,202008,15.85605085249122
P53hVYydxdc,202009,7.725849523264289
P53hVYydxdc,202010,0.5634499137067587
P53hVYydxdc,202011,0.7730953316498407
P53hVYydxdc,202012,0.1649896638324298
P53hVYydxdc,202101,0.2418141276298484
P53hVYydxdc,202102,0.9566461559845736
P53hVYydxdc,202103,1.4816506354501415
P53hVYydxdc,202104,2.8013964514466454
P53hVYydxdc,202105,7.263208095701807
P53hVYydxdc,202106,15.825057464755089
P53hVYydxdc,202107,14.855363251073843
P53hVYydxdc,202108,14.118580497408056
P53hVYydxdc,202109,8.63857258366337
P53hVYydxdc,202110,5.701352748143272
P53hVYydxdc,202111,0.2956059827271504
P53hVYydxdc,202112,1.766336623554273
P53hVYydxdc,202201,1.8512821389218448
P53hVYydxdc,202202,2.4378152756302067
P53hVYydxdc,202203,0.7044594071425155
P53hVYydxdc,202204,1.6925140986747975
P53hVYydxdc,202205,4.7562880670889065
P53hVYydxdc,202206,7.585913268277678
P53hVYydxdc,202207,17.70723396184267
P53hVYydxdc,202208,11.1553712459011
P53hVYydxdc,202209,5.625510517134845
P53hVYydxdc,202210,5.467925098418967
P53hVYydxdc,202211,0.2363455455994579
P53hVYydxdc,202212,0.0196112839850714
P53hVYydxdc,202301,0.5966037095044839
P53hVYydxdc,202302,0.2513188223604181
P53hVYydxdc,202303,1.7685996395363552
P53hVYydxdc,202304,1.7672898390600016
P53hVYydxdc,202305,2.146844974112895
P53hVYydxdc,202306,4.82463662840584
P53hVYydxdc,202307,8.91982521801732
P53hVYydxdc,202308,8.174728140875843
P53hVYydxdc,202309,3.188620930135686
P53hVYydxdc,202310,1.6954581785174905
P53hVYydxdc,202311,0.3779169663933102
P53hVYydxdc,202312,0.5108057368301588
P53hVYydxdc,202401,0.3623085233479665
P53hVYydxdc,202402,0.9379067543203612
P53hVYydxdc,202403,2.060946203416707
P53hVYydxdc,202404,1.659339017789074
P53hVYydxdc,202405,3.175894724380921
P53hVYydxdc,202406,5.933850533368143
P53hVYydxdc,202407,22.521774320519917
P53hVYydxdc,202408,16.10117178309332
P53hVYydxdc,202409,11.181342797365888
P53hVYydxdc,202410,1.174219425449951
P53hVYydxdc,202411,1.0704571152763025
P53hVYydxdc,202412,0.4865829730774721
PUPCyKcUwlS,201601,0.3424341299062861
PUPCyKcUwlS,201602,0.0617007564952896
PUPCyKcUwlS,201603,1.0919544746668826
PUPCyKcUwlS,201604,0.2073188808463001
PUPCyKcUwlS,201605,8.109883777569468
PUPCyKcUwlS,201606,11.439041408831343
PUPCyKcUwlS,201607,14.971405301115432
PUPCyKcUwlS,201608,7.52781599955303
PUPCyKcUwlS,201609,13.65742223117805
PUPCyKcUwlS,201610,3.4598038244713365
PUPCyKcUwlS,201611,0.0052720303254274
PUPCyKcUwlS,201612,0.0926423720324755
PUPCyKcUwlS,201701,0.0945232662229664
PUPCyKcUwlS,201702,0.0194986501345807
PUPCyKcUwlS,201703,1.537824418411061
PUPCyKcUwlS,201704,2.1565418855524783
PUPCyKcUwlS,201705,3.1482346658907168
PUPCyKcUwlS,201706,6.482722216527275
PUPCyKcUwlS,201707,10.656491075920526
PUPCyKcUwlS,201708,17.79129532001969
PUPCyKcUwlS,201709,5.547415274970546
PUPCyKcUwlS,201710,2.59599247114232
PUPCyKcUwlS,201711,0.0031854116570412
PUPCyKcUwlS,201712,0.0017009535924261
PUPCyKcUwlS,201801,0.0300102674269116
PUPCyKcUwlS,201802,0.1623870272280481
PUPCyKcUwlS,201803,0.2842498611537404
PUPCyKcUwlS,201804,2.8443009332368194
PUPCyKcUwlS,201805,3.061965518445072
PUPCyKcUwlS,201806,14.387014405535728
PUPCyKcUwlS,201807,10.072386770827526
PUPCyKcUwlS,201808,9.39267428282176
PUPCyKcUwlS,201809,5.07300891461111
PUPCyKcUwlS,201810,0.9002417544488972
PUPCyKcUwlS,201811,0.0186793460874336
PUPCyKcUwlS,201812,0.0471687425593818
PUPCyKcUwlS,201901,0.0878885873134264
PUPCyKcUwlS,201902,2.386893869022621
PUPCyKcUwlS,201903,0.284334511825093
PUPCyKcUwlS,201904,2.7014557954363334
PUPCyKcUwlS,201905,1.1290481799770244
PUPCyKcUwlS,201906,6.001399535891652
PUPCyKcUwlS,201907,22.39846204515496
PUPCyKcUwlS,201908,9.163781076298475
PUPCyKcUwlS,201909,18.594656486732813
PUPCyKcUwlS,201910,0.9306758405796705
PUPCyKcUwlS,201911,0.0361618100813051
PUPCyKcUwlS,201912,0.434149135959912
PUPCyKcUwlS,202001,0.8770339150733708
PUPCyKcUwlS,202002,0.999478118201512
PUPCyKcUwlS,202003,1.1257122845665115
PUPCyKcUwlS,202004,1.875357090939506
PUPCyKcUwlS,202005,2.916768971635056
PUPCyKcUwlS,202006,13.063618528764016
PUPCyKcUwlS,202007,17.971324931949777
PUPCyKcUwlS,202008,6.934728272241189
PUPCyKcUwlS,202009,20.006425263891668
PUPCyKcUwlS,202010,1.5310820154582292
PUPCyKcUwlS,202011,0.0166634310150182
PUPCyKcUwlS,202012,0.0379465091029399
PUPCyKcUwlS,202101,0.0375959286726223
PUPCyKcUwlS,202102,0.0848803174924568
PUPCyKcUwlS,202103,0.0655873193005037
PUPCyKcUwlS,202104,0.5691624972032854
PUPCyKcUwlS,202105,8.97556232986066
PUPCyKcUwlS,202106,8.911863042286983
PUPCyKcUwlS,202107,9.202721027281855
PUPCyKcUwlS,202108,11.346466692761023
PUPCyKcUwlS,202109,4.219599232070186
PUPCyKcUwlS,202110,8.329915714252037
PUPCyKcUwlS,202111,0.0033435082891677
PUPCyKcUwlS,202112,0.7034064296233016
PUPCyKcUwlS,202201,0.3127759465013939
PUPCyKcUwlS,202202,1.1879640978232004
PUPCyKcUwlS,202203,0.0582398901431259
PUPCyKcUwlS,202204,0.7469002919005097
PUPCyKcUwlS,202205,7.260638616877072
PUPCyKcUwlS,202206,9.470495069796204
PUPCyKcUwlS,202207,6.664671064777578
PUPCyKcUwlS,202208,8.055022599975006
PUPCyKcUwlS,202209,4.050739251063722
PUPCyKcUwlS,202210,1.30015372831217
PUPCyKcUwlS,202211,0.0099343547895328
PUPCyKcUwlS,202212,0.0024477668050997
PUPCyKcUwlS,202301,0.0082198152051155
PUPCyKcUwlS,202302,0.0060985709619929
PUPCyKcUwlS,202303,1.0451990452875677
PUPCyKcUwlS,202304,0.3195004740107629
PUPCyKcUwlS,202305,0.8250628776209402
PUPCyKcUwlS,202306,2.5809434158389064
PUPCyKcUwlS,202307,5.169813378948398
PUPCyKcUwlS,202308,6.04902112568379
PUPCyKcUwlS,202309,5.4964134268929445
PUPCyKcUwlS,202310,1.54936273162133
PUPCyKcUwlS,202311,0.0243835748145137
PUPCyKcUwlS,202312,0.0913152702211362
PUPCyKcUwlS,202401,0.0226632688828364
PUPCyKcUwlS,202402,0.1410247819105845
PUPCyKcUwlS,202403,1.9817938819559968
PUPCyKcUwlS,202404,0.0474904661678102
PUPCyKcUwlS,202405,2.537669509539332
PUPCyKcUwlS,202406,4.936054920192171
PUPCyKcUwlS,202407,13.6662801591843
PUPCyKcUwlS,202408,8.434215743869972
PUPCyKcUwlS,202409,9.947203588431032
PUPCyKcUwlS,202410,1.348906367507858
PUPCyKcUwlS,202411,0.0898941344296228
PUPCyKcUwlS,202412,0.024680749840288
PdRpVxkVd9a,201601,0.3425794711590439
PdRpVxkVd9a,201602,0.1001463253372533
PdRpVxkVd9a,201603,0.8369197236207031
PdRpVxkVd9a,201604,0.059950162635866
PdRpVxkVd9a,201605,1.940604133768005
PdRpVxkVd9a,201606,4.630612743303994
PdRpVxkVd9a,201607,16.640074455521468
PdRpVxkVd9a,201608,5.598668080715439
PdRpVxkVd9a,201609,4.925486088992876
PdRpVxkVd9a,201610,1.4858820328526745
PdRpVxkVd9a,201611,0.0091695161730184
PdRpVxkVd9a,201612,0.060093317734881
PdRpVxkVd9a,201701,0.8671299712059112
PdRpVxkVd9a,201702,0.1930663451808636
PdRpVxkVd9a,201703,0.5420902201473652
PdRpVxkVd9a,201704,1.009124614671148
PdRpVxkVd9a,201705,1.5971309372623903
PdRpVxkVd9a,201706,3.873542486208058
PdRpVxkVd9a,201707,12.703910964583931
PdRpVxkVd9a,201708,9.14367517688854
PdRpVxkVd9a,201709,3.9672879163098234
PdRpVxkVd9a,201710,0.2890643893863374
PdRpVxkVd9a,201711,0.0594259479190665
PdRpVxkVd9a,201712,0.1037395455460258
PdRpVxkVd9a,201801,0.0885632584695672
PdRpVxkVd9a,201802,0.1471579177909622
PdRpVxkVd9a,201803,0.2363287575533671
PdRpVxkVd9a,201804,0.7484441073626044
PdRpVxkVd9a,201805,1.1829505520075094
PdRpVxkVd9a,201806,2.1468825329600083
PdRpVxkVd9a,201807,12.194030281829187
PdRpVxkVd9a,201808,14.98225828914818
PdRpVxkVd9a,201809,3.0923668506947264
PdRpVxkVd9a,201810,0.0578151337408645
PdRpVxkVd9a,201811,0.0070057687075519
PdRpVxkVd9a,201812,0.0225340603700936
PdRpVxkVd9a,201901,0.8676309614662069
PdRpVxkVd9a,201902,2.1426194179036826
PdRpVxkVd9a,201903,0.1748939061970912
PdRpVxkVd9a,201904,0.64123414400337
PdRpVxkVd9a,201905,0.5364838179824604
PdRpVxkVd9a,201906,5.41466506241879
PdRpVxkVd9a,201907,15.836165939332476
PdRpVxkVd9a,201908,7.724274510673711
PdRpVxkVd9a,201909,10.225493895927375
PdRpVxkVd9a,201910,0.7915155261862113
PdRpVxkVd9a,201911,0.0901890098184177
PdRpVxkVd9a,201912,0.6746615436321854
PdRpVxkVd9a,202001,2.510252384768484
PdRpVxkVd9a,202002,0.6805655393121416
PdRpVxkVd9a,202003,0.8120744973889427
PdRpVxkVd9a,202004,1.2632982133178865
PdRpVxkVd9a,202005,1.41408610250017
PdRpVxkVd9a,202006,14.139068779433847
PdRpVxkVd9a,202007,12.614651087680388
PdRpVxkVd9a,202008,6.069085922934322
PdRpVxkVd9a,202009,8.98310539453619
PdRpVxkVd9a,202010,0.1193726098822291
PdRpVxkVd9a,202011,0.4346115003206107
PdRpVxkVd9a,202012,0.0072312631089151
PdRpVxkVd9a,202101,0.0292813425321673
PdRpVxkVd9a,202102,0.1687791725202893
PdRpVxkVd9a,202103,0.0829029363259076
PdRpVxkVd9a,202104,0.214923555290234
PdRpVxkVd9a,202105,6.135174455619466
PdRpVxkVd9a,202106,12.42171858540839
PdRpVxkVd9a,202107,12.240914828512782
PdRpVxkVd9a,202108,9.303266499456893
PdRpVxkVd9a,202109,6.844195116144428
PdRpVxkVd9a,202110,2.3281438478069103
PdRpVxkVd9a,202111,0.016603831842288
PdRpVxkVd9a,202112,0.9311283903487
PdRpVxkVd9a,202201,1.017242106971899
PdRpVxkVd9a,202202,1.0474169174520351
PdRpVxkVd9a,202203,0.0110002015844993
PdRpVxkVd9a,202204,0.0777130186251642
PdRpVxkVd9a,202205,1.4537093253371711
PdRpVxkVd9a,202206,5.01121982018317
PdRpVxkVd9a,202207,7.222255952067193
PdRpVxkVd9a,202208,5.412931815706591
PdRpVxkVd9a,202209,4.939620719514852
PdRpVxkVd9a,202210,7.342205298503416
PdRpVxkVd9a,202211,0.0517288108818074
PdRpVxkVd9a,202212,0.0008171204782509
PdRpVxkVd9a,202301,0.0771143985912005
PdRpVxkVd9a,202302,0.0024798943643219
PdRpVxkVd9a,202303,0.4692818263344059
PdRpVxkVd9a,202304,0.4068676736940299
PdRpVxkVd9a,202305,0.6874708916296913
PdRpVxkVd9a,202306,2.738728767883311
PdRpVxkVd9a,202307,5.11019058110332
PdRpVxkVd9a,202308,5.313992144020989
PdRpVxkVd9a,202309,2.3724218201097385
PdRpVxkVd9a,202310,1.0212053054671189
PdRpVxkVd9a,202311,0.0124180484133835
PdRpVxkVd9a,202312,0.0339469497586231
PdRpVxkVd9a,202401,0.0296933336153986
PdRpVxkVd9a,202402,0.3319767344087001
PdRpVxkVd9a,202403,0.744857080609353
PdRpVxkVd9a,202404,0.0081088280565342
PdRpVxkVd9a,202405,0.3105033681651423
PdRpVxkVd9a,202406,3.078385623618173
PdRpVxkVd9a,202407,14.081390501850176
PdRpVxkVd9a,202408,9.207460109630691
PdRpVxkVd9a,202409,11.558407865932375
PdRpVxkVd9a,202410,0.5477043338522106
PdRpVxkVd9a,202411,0.2029286723561254
PdRpVxkVd9a,202412,0.1125984442090051
QfZ2pVPRFmz,201601,2.099346410647443
QfZ2pVPRFmz,201602,1.441700080283581
QfZ2pVPRFmz,201603,2.60456125786811
QfZ2pVPRFmz,201604,2.382071082615488
QfZ2pVPRFmz,201605,7.367549391521082
QfZ2pVPRFmz,201606,15.046445455306056
QfZ2pVPRFmz,201607,33.553595846312895
QfZ2pVPRFmz,201608,11.617825148930695
QfZ2pVPRFmz,201609,20.088769706283333
QfZ2pVPRFmz,201610,3.868893296451189
QfZ2pVPRFmz,201611,0.6816137176236584
QfZ2pVPRFmz,201612,0.8458351457378787
QfZ2pVPRFmz,201701,1.2356851784472187
QfZ2pVPRFmz,201702,1.3142639911598697
QfZ2pVPRFmz,201703,5.951415126672104
QfZ2pVPRFmz,201704,4.627493010158318
QfZ2pVPRFmz,201705,7.985779682641709
QfZ2pVPRFmz,201706,12.17283750904542
QfZ2pVPRFmz,201707,20.504955535302116
QfZ2pVPRFmz,201708,32.409904996691246
QfZ2pVPRFmz,201709,7.2401317541902594
QfZ2pVPRFmz,201710,1.7132790391162036
QfZ2pVPRFmz,201711,1.092047624463628
QfZ2pVPRFmz,201712,0.2213106067798005
QfZ2pVPRFmz,201801,0.7955235793987687
QfZ2pVPRFmz,201802,1.7705558569632849
QfZ2pVPRFmz,201803,2.5472640985961315
QfZ2pVPRFmz,201804,6.51665163836949
QfZ2pVPRFmz,201805,8.778022156572117
QfZ2pVPRFmz,201806,19.863912882542618
QfZ2pVPRFmz,201807,27.29260799896417
QfZ2pVPRFmz,201808,21.49169334670852
QfZ2pVPRFmz,201809,10.463515834967474
QfZ2pVPRFmz,201810,1.1478787093343596
QfZ2pVPRFmz,201811,1.189147703043404
QfZ2pVPRFmz,201812,0.9340259583172498
QfZ2pVPRFmz,201901,2.224679235354121
QfZ2pVPRFmz,201902,4.7635664573360295
QfZ2pVPRFmz,201903,1.955575002548968
QfZ2pVPRFmz,201904,3.680712103101115
QfZ2pVPRFmz,201905,3.4737926535821497
QfZ2pVPRFmz,201906,9.900917408514214
QfZ2pVPRFmz,201907,32.5175375303346
QfZ2pVPRFmz,201908,14.573527578845711
QfZ2pVPRFmz,201909,21.053430710970076
QfZ2pVPRFmz,201910,2.211496853048093
QfZ2pVPRFmz,201911,1.0360778411997411
QfZ2pVPRFmz,201912,1.6513118471569244
QfZ2pVPRFmz,202001,4.380086815513862
QfZ2pVPRFmz,202002,2.738820190571493
QfZ2pVPRFmz,202003,2.301675316038927
QfZ2pVPRFmz,202004,6.442137111259553
QfZ2pVPRFmz,202005,8.925654374227557
QfZ2pVPRFmz,202006,23.871100389102285
QfZ2pVPRFmz,202007,26.647780491405907
QfZ2pVPRFmz,202008,18.65382382288105
QfZ2pVPRFmz,202009,18.36632035137227
QfZ2pVPRFmz,202010,0.9854359695347892
QfZ2pVPRFmz,202011,0.2952492820254258
QfZ2pVPRFmz,202012,0.5731150308871669
QfZ2pVPRFmz,202101,0.7721006582198224
QfZ2pVPRFmz,202102,1.542661339961939
QfZ2pVPRFmz,202103,2.556496139872493
QfZ2pVPRFmz,202104,1.9174239374294733
QfZ2pVPRFmz,202105,11.70086989894815
QfZ2pVPRFmz,202106,22.58007458207217
QfZ2pVPRFmz,202107,27.888032193999766
QfZ2pVPRFmz,202108,29.387925373281195
QfZ2pVPRFmz,202109,14.010590090786463
QfZ2pVPRFmz,202110,11.283934906953007
QfZ2pVPRFmz,202111,1.0770446296018563
QfZ2pVPRFmz,202112,2.2525703664901404
QfZ2pVPRFmz,202201,2.2053099926756
QfZ2pVPRFmz,202202,3.760545048818297
QfZ2pVPRFmz,202203,0.8398797956076778
QfZ2pVPRFmz,202204,4.630790025029049
QfZ2pVPRFmz,202205,10.299866912215435
QfZ2pVPRFmz,202206,23.36970170931641
QfZ2pVPRFmz,202207,16.363593874834628
QfZ2pVPRFmz,202208,13.74669144567686
QfZ2pVPRFmz,202209,8.258723932725308
QfZ2pVPRFmz,202210,2.9964342081750703
QfZ2pVPRFmz,202211,0.3367068480375343
QfZ2pVPRFmz,202212,0.4368018803139789
QfZ2pVPRFmz,202301,0.1199898225621908
QfZ2pVPRFmz,202302,1.246082091202226
QfZ2pVPRFmz,202303,1.9803993536986133
QfZ2pVPRFmz,202304,1.586414188172813
QfZ2pVPRFmz,202305,3.063843853593726
QfZ2pVPRFmz,202306,8.148684758083908
QfZ2pVPRFmz,202307,9.331057354928204
QfZ2pVPRFmz,202308,10.570536311389354
QfZ2pVPRFmz,202309,5.217726776049148
QfZ2pVPRFmz,202310,2.3012019896379
QfZ2pVPRFmz,202311,0.4854434609354093
QfZ2pVPRFmz,202312,0.478218554228484
QfZ2pVPRFmz,202401,0.8707229385330568
QfZ2pVPRFmz,202402,0.8472871066343021
QfZ2pVPRFmz,202403,3.64082700044289
QfZ2pVPRFmz,202404,1.1762481738950814
QfZ2pVPRFmz,202405,4.840897463921061
QfZ2pVPRFmz,202406,19.78874421589974
QfZ2pVPRFmz,202407,25.09756748997064
QfZ2pVPRFmz,202408,18.82489550904265
QfZ2pVPRFmz,202409,20.414642984724267
QfZ2pVPRFmz,202410,2.7409427149541927
QfZ2pVPRFmz,202411,1.98147596570756
QfZ2pVPRFmz,202412,0.6368105692292495
QzI3Btz60Ne,201601,1.9814459206459865
QzI3Btz60Ne,201602,1.0069263562139847
QzI3Btz60Ne,201603,1.4962301447791162
QzI3Btz60Ne,201604,0.995691082595804
QzI3Btz60Ne,201605,6.609103692752718
QzI3Btz60Ne,201606,16.279626130853476
QzI3Btz60Ne,201607,33.37137957182238
QzI3Btz60Ne,201608,11.04328107925214
QzI3Btz60Ne,201609,19.491357824091164
QzI3Btz60Ne,201610,3.846983087368443
QzI3Btz60Ne,201611,0.7232003156712856
QzI3Btz60Ne,201612,0.8309876941187597
QzI3Btz60Ne,201701,0.9202217422454884
QzI3Btz60Ne,201702,0.7808949329164365
QzI3Btz60Ne,201703,4.339402604263005
QzI3Btz60Ne,201704,3.5547930369368785
QzI3Btz60Ne,201705,7.509332493362227
QzI3Btz60Ne,201706,13.248134193728204
QzI3Btz60Ne,201707,22.986833205659455
QzI3Btz60Ne,201708,35.004517131815746
QzI3Btz60Ne,201709,7.180938789532112
QzI3Btz60Ne,201710,1.5145294782286929
QzI3Btz60Ne,201711,0.8073697161778977
QzI3Btz60Ne,201712,0.3244204299251935
QzI3Btz60Ne,201801,0.6929337532821079
QzI3Btz60Ne,201802,1.0296697409518925
QzI3Btz60Ne,201803,1.2993359224370766
QzI3Btz60Ne,201804,5.211341708145342
QzI3Btz60Ne,201805,7.460427120795935
QzI3Btz60Ne,201806,17.42231122694717
QzI3Btz60Ne,201807,29.833964128282304
QzI3Btz60Ne,201808,24.745296979208455
QzI3Btz60Ne,201809,9.688073449521427
QzI3Btz60Ne,201810,0.964512398056982
QzI3Btz60Ne,201811,0.9982207646349336
QzI3Btz60Ne,201812,0.9050261495409824
QzI3Btz60Ne,201901,1.7768496237483022
QzI3Btz60Ne,201902,3.979421055916157
QzI3Btz60Ne,201903,1.530300425578111
QzI3Btz60Ne,201904,3.78194624980417
QzI3Btz60Ne,201905,2.103484299895389
QzI3Btz60Ne,201906,8.183355849570969
QzI3Btz60Ne,201907,34.3036533497431
QzI3Btz60Ne,201908,15.371559173170708
QzI3Btz60Ne,201909,21.54806538723741
QzI3Btz60Ne,201910,2.045464697908622
QzI3Btz60Ne,201911,0.9590739776381924
QzI3Btz60Ne,201912,1.496807533283092
QzI3Btz60Ne,202001,4.340831808578007
QzI3Btz60Ne,202002,2.932528394325559
QzI3Btz60Ne,202003,2.17506225182382
QzI3Btz60Ne,202004,5.466761532405208
QzI3Btz60Ne,202005,8.115015510948224
QzI3Btz60Ne,202006,24.6370946553787
QzI3Btz60Ne,202007,30.804999779991185
QzI3Btz60Ne,202008,20.54903415537881
QzI3Btz60Ne,202009,15.415435500205628
QzI3Btz60Ne,202010,0.8013280751832013
QzI3Btz60Ne,202011,0.2006209095365678
QzI3Btz60Ne,202012,0.3823198449455488
QzI3Btz60Ne,202101,0.5384959878576464
QzI3Btz60Ne,202102,1.2381309469237636
QzI3Btz60Ne,202103,1.0413864919116549
QzI3Btz60Ne,202104,0.8536540212575685
QzI3Btz60Ne,202105,11.467552599407837
QzI3Btz60Ne,202106,21.521344434641005
QzI3Btz60Ne,202107,30.307511010200837
QzI3Btz60Ne,202108,29.766763947518932
QzI3Btz60Ne,202109,12.7252947796754
QzI3Btz60Ne,202110,10.743980919843873
QzI3Btz60Ne,202111,1.233016755863671
QzI3Btz60Ne,202112,2.0467476658808947
QzI3Btz60Ne,202201,1.866427258256841
QzI3Btz60Ne,202202,3.5552717002028675
QzI3Btz60Ne,202203,0.9080269066585984
QzI3Btz60Ne,202204,2.85075010817902
QzI3Btz60Ne,202205,8.903547402082824
QzI3Btz60Ne,202206,20.31044442481012
QzI3Btz60Ne,202207,19.130008390055675
QzI3Btz60Ne,202208,15.068829757859946
QzI3Btz60Ne,202209,7.812437125663506
QzI3Btz60Ne,202210,2.905717502701128
QzI3Btz60Ne,202211,0.3086602381776009
QzI3Btz60Ne,202212,0.4475192960600787
QzI3Btz60Ne,202301,0.0813377447237945
QzI3Btz60Ne,202302,0.5714914554560651
QzI3Btz60Ne,202303,1.7340259744862605
QzI3Btz60Ne,202304,0.9647374769308364
QzI3Btz60Ne,202305,2.3636499712089574
QzI3Btz60Ne,202306,7.03082835797763
QzI3Btz60Ne,202307,9.349492572579104
QzI3Btz60Ne,202308,11.224148651477556
QzI3Btz60Ne,202309,4.724623654673915
QzI3Btz60Ne,202310,2.1891421648950287
QzI3Btz60Ne,202311,0.4473581411723714
QzI3Btz60Ne,202312,0.4812655178803344
QzI3Btz60Ne,202401,0.6615663328747252
QzI3Btz60Ne,202402,0.454244951124653
QzI3Btz60Ne,202403,2.7793624946430366
QzI3Btz60Ne,202404,0.2230062990661669
QzI3Btz60Ne,202405,4.09927274175782
QzI3Btz60Ne,202406,16.83380307890969
QzI3Btz60Ne,202407,25.53558206953586
QzI3Btz60Ne,202408,17.34147097722109
QzI3Btz60Ne,202409,21.849592802227605
QzI3Btz60Ne,202410,2.160643381167001
QzI3Btz60Ne,202411,1.804157918395887
QzI3Btz60Ne,202412,0.4741862136855438
RSAZqrdfXy5,201601,0.2217775123057238
RSAZqrdfXy5,201602,0.4525081219217928
RSAZqrdfXy5,201603,0.751493202454926
RSAZqrdfXy5,201604,0.2586059357664335
RSAZqrdfXy5,201605,3.807632107367491
RSAZqrdfXy5,201606,9.9449485787162
RSAZqrdfXy5,201607,24.88645513022117
RSAZqrdfXy5,201608,9.36288219976537
RSAZqrdfXy5,201609,5.44189904947327
RSAZqrdfXy5,201610,1.1741197630621578
RSAZqrdfXy5,201611,0.0418195331250787
RSAZqrdfXy5,201612,0.0558536720018008
RSAZqrdfXy5,201701,1.3367073358265789
RSAZqrdfXy5,201702,0.2769890957244673
RSAZqrdfXy5,201703,0.4851186386591729
RSAZqrdfXy5,201704,1.8491846488013493
RSAZqrdfXy5,201705,3.724337630185809
RSAZqrdfXy5,201706,6.032465821616717
RSAZqrdfXy5,201707,16.116640044886072
RSAZqrdfXy5,201708,12.79851897148182
RSAZqrdfXy5,201709,5.880287208214639
RSAZqrdfXy5,201710,0.2579811325213516
RSAZqrdfXy5,201711,0.104179677126747
RSAZqrdfXy5,201712,0.1270573433613388
RSAZqrdfXy5,201801,0.1533177934076887
RSAZqrdfXy5,201802,0.3336043588502864
RSAZqrdfXy5,201803,0.5105555311282961
RSAZqrdfXy5,201804,2.1449917872711506
RSAZqrdfXy5,201805,2.064033554452302
RSAZqrdfXy5,201806,5.180255743853981
RSAZqrdfXy5,201807,14.822554071955476
RSAZqrdfXy5,201808,18.25770330165599
RSAZqrdfXy5,201809,4.443449116926868
RSAZqrdfXy5,201810,0.1594867272994078
RSAZqrdfXy5,201811,0.066710961561106
RSAZqrdfXy5,201812,0.0610291213517969
RSAZqrdfXy5,201901,1.3118337334123475
RSAZqrdfXy5,201902,3.343261027200015
RSAZqrdfXy5,201903,0.5696851032363445
RSAZqrdfXy5,201904,1.3217095921169086
RSAZqrdfXy5,201905,0.6739705683997537
RSAZqrdfXy5,201906,4.7978022852253925
RSAZqrdfXy5,201907,17.554672137971046
RSAZqrdfXy5,201908,11.83165107839284
RSAZqrdfXy5,201909,9.055985089155412
RSAZqrdfXy5,201910,0.7980271417920186
RSAZqrdfXy5,201911,0.1089274361507343
RSAZqrdfXy5,201912,1.4778523908364969
RSAZqrdfXy5,202001,2.4505392892194675
RSAZqrdfXy5,202002,0.8021053653476714
RSAZqrdfXy5,202003,2.0987349216932607
RSAZqrdfXy5,202004,2.851231669632748
RSAZqrdfXy5,202005,1.9992581500678157
RSAZqrdfXy5,202006,9.345078954612829
RSAZqrdfXy5,202007,19.95877519490319
RSAZqrdfXy5,202008,10.16832441020895
RSAZqrdfXy5,202009,4.916241388222374
RSAZqrdfXy5,202010,0.1521191454713178
RSAZqrdfXy5,202011,0.1969521137566338
RSAZqrdfXy5,202012,0.0116906714704364
RSAZqrdfXy5,202101,0.1006232943721454
RSAZqrdfXy5,202102,0.2600471065073436
RSAZqrdfXy5,202103,0.3345790266763058
RSAZqrdfXy5,202104,0.7045285505917708
RSAZqrdfXy5,202105,7.475455751906002
RSAZqrdfXy5,202106,16.24452104410286
RSAZqrdfXy5,202107,17.028437476632718
RSAZqrdfXy5,202108,12.114061101635452
RSAZqrdfXy5,202109,5.6740439475812
RSAZqrdfXy5,202110,6.217033404067682
RSAZqrdfXy5,202111,0.0372873292735757
RSAZqrdfXy5,202112,0.4839055251623911
RSAZqrdfXy5,202201,1.7909945360885569
RSAZqrdfXy5,202202,1.7772680211734857
RSAZqrdfXy5,202203,0.1237465669383335
RSAZqrdfXy5,202204,0.3980156305001271
RSAZqrdfXy5,202205,4.107433660763633
RSAZqrdfXy5,202206,5.778639840434491
RSAZqrdfXy5,202207,8.983881119141401
RSAZqrdfXy5,202208,9.853545664239036
RSAZqrdfXy5,202209,6.307732691742997
RSAZqrdfXy5,202210,6.784548345017495
RSAZqrdfXy5,202211,0.062010190858671
RSAZqrdfXy5,202212,0.0053558629542846
RSAZqrdfXy5,202301,0.2360959854748212
RSAZqrdfXy5,202302,0.0563844135685691
RSAZqrdfXy5,202303,0.8071221148933876
RSAZqrdfXy5,202304,0.8693272947120386
RSAZqrdfXy5,202305,1.107427585038422
RSAZqrdfXy5,202306,2.259510073782872
RSAZqrdfXy5,202307,9.03662871543132
RSAZqrdfXy5,202308,8.39329925994317
RSAZqrdfXy5,202309,2.637413454474244
RSAZqrdfXy5,202310,0.3782269064679335
RSAZqrdfXy5,202311,0.0839545156239728
RSAZqrdfXy5,202312,0.0773840155963756
RSAZqrdfXy5,202401,0.0584905286909681
RSAZqrdfXy5,202402,0.3665414929225119
RSAZqrdfXy5,202403,1.2264944345577835
RSAZqrdfXy5,202404,0.1400996951754322
RSAZqrdfXy5,202405,1.60524027042009
RSAZqrdfXy5,202406,2.8556314343921763
RSAZqrdfXy5,202407,21.39084035784452
RSAZqrdfXy5,202408,10.720114065125877
RSAZqrdfXy5,202409,10.438795135521236
RSAZqrdfXy5,202410,0.5164853833304106
RSAZqrdfXy5,202411,0.1593445092580316
RSAZqrdfXy5,202412,0.3737836478344143
RZxElQxEbZN,201601,1.025658607007428
RZxElQxEbZN,201602,1.06457017488884
RZxElQxEbZN,201603,1.1321401436326195
RZxElQxEbZN,201604,1.3568843299618782
RZxElQxEbZN,201605,2.111897429089522
RZxElQxEbZN,201606,3.577352593963239
RZxElQxEbZN,201607,10.623052944196855
RZxElQxEbZN,201608,6.090915269329939
RZxElQxEbZN,201609,2.398973333429642
RZxElQxEbZN,201610,0.8158518908664477
RZxElQxEbZN,201611,0.0160513126920136
RZxElQxEbZN,201612,0.2361640375561376
RZxElQxEbZN,201701,1.2304306725187908
RZxElQxEbZN,201702,0.4537418803439457
RZxElQxEbZN,201703,2.043853399483589
RZxElQxEbZN,201704,1.4712009353763251
RZxElQxEbZN,201705,2.591984313546034
RZxElQxEbZN,201706,3.432399766264129
RZxElQxEbZN,201707,9.432322519799508
RZxElQxEbZN,201708,6.536726331598393
RZxElQxEbZN,201709,2.500480629520394
RZxElQxEbZN,201710,0.4701856509444119
RZxElQxEbZN,201711,0.303407618220435
RZxElQxEbZN,201712,0.8028893024484728
RZxElQxEbZN,201801,0.329794662928071
RZxElQxEbZN,201802,1.426875822398149
RZxElQxEbZN,201803,1.232737803661235
RZxElQxEbZN,201804,1.4149521875393871
RZxElQxEbZN,201805,1.5337026035338717
RZxElQxEbZN,201806,3.2231150841019733
RZxElQxEbZN,201807,8.910985821903198
RZxElQxEbZN,201808,9.602124284243711
RZxElQxEbZN,201809,2.759044027956469
RZxElQxEbZN,201810,0.4294212903879488
RZxElQxEbZN,201811,0.2799785232025236
RZxElQxEbZN,201812,0.4758773490819181
RZxElQxEbZN,201901,2.696777846097268
RZxElQxEbZN,201902,5.174899960599703
RZxElQxEbZN,201903,1.1514040160415442
RZxElQxEbZN,201904,0.7764623655708639
RZxElQxEbZN,201905,1.2105126771263417
RZxElQxEbZN,201906,2.4206476426646444
RZxElQxEbZN,201907,8.102465956367032
RZxElQxEbZN,201908,7.537281508853201
RZxElQxEbZN,201909,5.866060517314732
RZxElQxEbZN,201910,0.6925752196544853
RZxElQxEbZN,201911,0.8384475227398946
RZxElQxEbZN,201912,1.6213752620565571
RZxElQxEbZN,202001,3.382494642250371
RZxElQxEbZN,202002,0.4629257527534087
RZxElQxEbZN,202003,1.6694274823022743
RZxElQxEbZN,202004,1.1321695281390989
RZxElQxEbZN,202005,1.5155245054665138
RZxElQxEbZN,202006,6.644952926054973
RZxElQxEbZN,202007,7.218506990325837
RZxElQxEbZN,202008,7.50589731444733
RZxElQxEbZN,202009,4.475195231437193
RZxElQxEbZN,202010,0.1523323126128143
RZxElQxEbZN,202011,0.8726243425535014
RZxElQxEbZN,202012,0.0851423982834242
RZxElQxEbZN,202101,0.4627777921559075
RZxElQxEbZN,202102,0.7096456966298353
RZxElQxEbZN,202103,1.0280540056176015
RZxElQxEbZN,202104,2.418025702630109
RZxElQxEbZN,202105,5.120337743676973
RZxElQxEbZN,202106,7.519401013839647
RZxElQxEbZN,202107,8.445709646444566
RZxElQxEbZN,202108,7.719267317656143
RZxElQxEbZN,202109,5.475659204781874
RZxElQxEbZN,202110,2.15030701718558
RZxElQxEbZN,202111,0.2786581793345252
RZxElQxEbZN,202112,2.538464792770279
RZxElQxEbZN,202201,1.1224724202980063
RZxElQxEbZN,202202,1.7658608616298763
RZxElQxEbZN,202203,0.1262978119881832
RZxElQxEbZN,202204,1.1255365248221303
RZxElQxEbZN,202205,2.808580134921397
RZxElQxEbZN,202206,3.1501799874085026
RZxElQxEbZN,202207,8.15483079287967
RZxElQxEbZN,202208,7.678866567997638
RZxElQxEbZN,202209,2.816811993369741
RZxElQxEbZN,202210,3.0292340524926256
RZxElQxEbZN,202211,0.1295323116484872
RZxElQxEbZN,202212,0.0154459134012208
RZxElQxEbZN,202301,0.7660345728560558
RZxElQxEbZN,202302,0.0800327028205814
RZxElQxEbZN,202303,0.8248592793453073
RZxElQxEbZN,202304,1.1725951912576256
RZxElQxEbZN,202305,1.2137031467992991
RZxElQxEbZN,202306,2.045079766686006
RZxElQxEbZN,202307,4.62019548621168
RZxElQxEbZN,202308,4.516409985920734
RZxElQxEbZN,202309,2.1695901789887264
RZxElQxEbZN,202310,1.0077462476573846
RZxElQxEbZN,202311,0.2556293220657967
RZxElQxEbZN,202312,0.478043510347543
RZxElQxEbZN,202401,0.1565309119271305
RZxElQxEbZN,202402,0.9089195074156524
RZxElQxEbZN,202403,1.6279618778187377
RZxElQxEbZN,202404,1.144151584865717
RZxElQxEbZN,202405,1.73217018084809
RZxElQxEbZN,202406,2.4831359945261693
RZxElQxEbZN,202407,10.394814696033214
RZxElQxEbZN,202408,8.15685105764479
RZxElQxEbZN,202409,7.650511835980295
RZxElQxEbZN,202410,0.3584255849825142
RZxElQxEbZN,202411,0.2880360523851054
RZxElQxEbZN,202412,0.5334750869193186
S8J6p6tGXNb,201601,2.460376142534342
S8J6p6tGXNb,201602,1.183472097248163
S8J6p6tGXNb,201603,2.161659472868388
S8J6p6tGXNb,201604,2.478752785388166
S8J6p6tGXNb,201605,7.298175985929985
S8J6p6tGXNb,201606,18.252230593044366
S8J6p6tGXNb,201607,53.94083539299239
S8J6p6tGXNb,201608,16.87862165240757
S8J6p6tGXNb,201609,20.62640203615567
S8J6p6tGXNb,201610,5.271746370452604
S8J6p6tGXNb,201611,0.4096488262692267
S8J6p6tGXNb,201612,0.7802688221496372
S8J6p6tGXNb,201701,0.9068564372154804
S8J6p6tGXNb,201702,1.6991983342965593
S8J6p6tGXNb,201703,4.003453923829348
S8J6p6tGXNb,201704,6.06477885249864
S8J6p6tGXNb,201705,6.452156186531436
S8J6p6tGXNb,201706,14.451314869794992
S8J6p6tGXNb,201707,32.434092258726
S8J6p6tGXNb,201708,28.12160914239165
S8J6p6tGXNb,201709,8.672998037966293
S8J6p6tGXNb,201710,3.9049217293405256
S8J6p6tGXNb,201711,0.8563358164838507
S8J6p6tGXNb,201712,0.3582726460003592
S8J6p6tGXNb,201801,0.9645516231691827
S8J6p6tGXNb,201802,2.2373198813396
S8J6p6tGXNb,201803,3.584020082690165
S8J6p6tGXNb,201804,5.759356621463801
S8J6p6tGXNb,201805,7.142161133687166
S8J6p6tGXNb,201806,19.54420708966216
S8J6p6tGXNb,201807,40.29209426708172
S8J6p6tGXNb,201808,23.584620172436257
S8J6p6tGXNb,201809,13.03133953193211
S8J6p6tGXNb,201810,1.913042982759484
S8J6p6tGXNb,201811,1.2510835026791705
S8J6p6tGXNb,201812,0.909994291633237
S8J6p6tGXNb,201901,0.594805739723125
S8J6p6tGXNb,201902,2.905681171685256
S8J6p6tGXNb,201903,2.272488147579062
S8J6p6tGXNb,201904,5.744006457818143
S8J6p6tGXNb,201905,4.943143284194774
S8J6p6tGXNb,201906,12.37883533338364
S8J6p6tGXNb,201907,46.84870057279
S8J6p6tGXNb,201908,18.65007361114081
S8J6p6tGXNb,201909,17.703124497869567
S8J6p6tGXNb,201910,2.0793913040633765
S8J6p6tGXNb,201911,0.923481891810216
S8J6p6tGXNb,201912,1.040982254718368
S8J6p6tGXNb,202001,2.447683204231535
S8J6p6tGXNb,202002,2.479958370885633
S8J6p6tGXNb,202003,3.5290604530506444
S8J6p6tGXNb,202004,4.823756546116084
S8J6p6tGXNb,202005,8.775071142535229
S8J6p6tGXNb,202006,20.340828198448964
S8J6p6tGXNb,202007,36.44741690925394
S8J6p6tGXNb,202008,17.247466265648058
S8J6p6tGXNb,202009,27.116775116503256
S8J6p6tGXNb,202010,1.523261043487765
S8J6p6tGXNb,202011,0.35096384318753
S8J6p6tGXNb,202012,0.8558255340498656
S8J6p6tGXNb,202101,1.1312234138956283
S8J6p6tGXNb,202102,1.813869824996276
S8J6p6tGXNb,202103,2.5700428424447725
S8J6p6tGXNb,202104,2.0872671049441025
S8J6p6tGXNb,202105,12.014853488911651
S8J6p6tGXNb,202106,23.355170718020755
S8J6p6tGXNb,202107,28.268591833674176
S8J6p6tGXNb,202108,34.0331931895554
S8J6p6tGXNb,202109,11.078316703591986
S8J6p6tGXNb,202110,15.12076113495218
S8J6p6tGXNb,202111,0.7851108716326435
S8J6p6tGXNb,202112,1.26945382370091
S8J6p6tGXNb,202201,0.9843192122885164
S8J6p6tGXNb,202202,3.6321466266042775
S8J6p6tGXNb,202203,1.5892233354127931
S8J6p6tGXNb,202204,6.264386515659543
S8J6p6tGXNb,202205,8.65083307445014
S8J6p6tGXNb,202206,23.49478149178965
S8J6p6tGXNb,202207,21.98993636525149
S8J6p6tGXNb,202208,18.524552437993776
S8J6p6tGXNb,202209,7.778527243332809
S8J6p6tGXNb,202210,2.385887825236984
S8J6p6tGXNb,202211,0.2725938276936556
S8J6p6tGXNb,202212,0.3761505647341573
S8J6p6tGXNb,202301,0.1489318692522117
S8J6p6tGXNb,202302,1.4246694889204317
S8J6p6tGXNb,202303,2.428365392299758
S8J6p6tGXNb,202304,1.2156937137835944
S8J6p6tGXNb,202305,2.621867024044624
S8J6p6tGXNb,202306,9.63372476352881
S8J6p6tGXNb,202307,10.945634958835326
S8J6p6tGXNb,202308,11.72355530161386
S8J6p6tGXNb,202309,6.463280525129015
S8J6p6tGXNb,202310,3.100741503844422
S8J6p6tGXNb,202311,0.2426994283930284
S8J6p6tGXNb,202312,0.4601417282056138
S8J6p6tGXNb,202401,0.547889052569053
S8J6p6tGXNb,202402,0.5910326333692368
S8J6p6tGXNb,202403,4.114512258366775
S8J6p6tGXNb,202404,0.552512981759777
S8J6p6tGXNb,202405,5.311678238624581
S8J6p6tGXNb,202406,24.24840183758448
S8J6p6tGXNb,202407,26.20985010296093
S8J6p6tGXNb,202408,19.59304626037735
S8J6p6tGXNb,202409,13.77332524695702
S8J6p6tGXNb,202410,3.920846878909031
S8J6p6tGXNb,202411,1.2739984594043712
S8J6p6tGXNb,202412,0.7452071870155417
SJQ2e9HUvaG,201601,1.222308723910616
SJQ2e9HUvaG,201602,1.522253837786976
SJQ2e9HUvaG,201603,2.2594147074977595
SJQ2e9HUvaG,201604,1.1184821829081095
SJQ2e9HUvaG,201605,4.386841772684499
SJQ2e9HUvaG,201606,8.195374135719481
SJQ2e9HUvaG,201607,18.34332178302955
SJQ2e9HUvaG,201608,11.111562138283826
SJQ2e9HUvaG,201609,5.78727823954622
SJQ2e9HUvaG,201610,1.5371350195619988
SJQ2e9HUvaG,201611,0.1412991018913856
SJQ2e9HUvaG,201612,0.3385135038071807
SJQ2e9HUvaG,201701,2.1993819601309346
SJQ2e9HUvaG,201702,0.919816447770394
SJQ2e9HUvaG,201703,1.8823707934274847
SJQ2e9HUvaG,201704,2.667710823559834
SJQ2e9HUvaG,201705,5.479256828859445
SJQ2e9HUvaG,201706,6.455798903299653
SJQ2e9HUvaG,201707,19.795070310294605
SJQ2e9HUvaG,201708,11.998719896158558
SJQ2e9HUvaG,201709,5.4556523388338345
SJQ2e9HUvaG,201710,1.1168885080421784
SJQ2e9HUvaG,201711,0.6157691715634438
SJQ2e9HUvaG,201712,0.5659278986523676
SJQ2e9HUvaG,201801,0.5723387043340225
SJQ2e9HUvaG,201802,1.2259808597726958
SJQ2e9HUvaG,201803,1.8793791127581343
SJQ2e9HUvaG,201804,3.4399935339053456
SJQ2e9HUvaG,201805,2.5791144194897075
SJQ2e9HUvaG,201806,8.224906658729168
SJQ2e9HUvaG,201807,19.279334430104928
SJQ2e9HUvaG,201808,17.779802086126807
SJQ2e9HUvaG,201809,5.551725125673984
SJQ2e9HUvaG,201810,0.7591308036929234
SJQ2e9HUvaG,201811,0.388189887308044
SJQ2e9HUvaG,201812,0.6741303914198821
SJQ2e9HUvaG,201901,3.146137927656252
SJQ2e9HUvaG,201902,5.784551401553479
SJQ2e9HUvaG,201903,1.6437398080315715
SJQ2e9HUvaG,201904,2.868772109146493
SJQ2e9HUvaG,201905,2.228233621634718
SJQ2e9HUvaG,201906,4.447338880588921
SJQ2e9HUvaG,201907,17.414713163192356
SJQ2e9HUvaG,201908,15.719531226695992
SJQ2e9HUvaG,201909,9.698630005113769
SJQ2e9HUvaG,201910,1.6510878864349046
SJQ2e9HUvaG,201911,0.792048268813806
SJQ2e9HUvaG,201912,1.820478213780895
SJQ2e9HUvaG,202001,3.75359978481722
SJQ2e9HUvaG,202002,1.351517500287588
SJQ2e9HUvaG,202003,3.324559610741785
SJQ2e9HUvaG,202004,3.329167781724971
SJQ2e9HUvaG,202005,3.854852972882085
SJQ2e9HUvaG,202006,10.29977039709058
SJQ2e9HUvaG,202007,15.707506301616604
SJQ2e9HUvaG,202008,14.251025047392767
SJQ2e9HUvaG,202009,5.9253891145627815
SJQ2e9HUvaG,202010,0.7247365480359699
SJQ2e9HUvaG,202011,1.1982653939911605
SJQ2e9HUvaG,202012,0.0499372382357843
SJQ2e9HUvaG,202101,0.4555881602099373
SJQ2e9HUvaG,202102,1.045124659303021
SJQ2e9HUvaG,202103,1.3164169713351217
SJQ2e9HUvaG,202104,3.182175467675949
SJQ2e9HUvaG,202105,7.752514019345605
SJQ2e9HUvaG,202106,15.968523588976096
SJQ2e9HUvaG,202107,14.614036058707793
SJQ2e9HUvaG,202108,14.56805016687338
SJQ2e9HUvaG,202109,8.937102282654719
SJQ2e9HUvaG,202110,7.634628253536648
SJQ2e9HUvaG,202111,0.2462041973077335
SJQ2e9HUvaG,202112,2.063225039638069
SJQ2e9HUvaG,202201,1.719940463513415
SJQ2e9HUvaG,202202,2.5675468967213964
SJQ2e9HUvaG,202203,0.527370481371821
SJQ2e9HUvaG,202204,1.15291894357472
SJQ2e9HUvaG,202205,4.419286927364675
SJQ2e9HUvaG,202206,5.785960816975543
SJQ2e9HUvaG,202207,14.430488369660786
SJQ2e9HUvaG,202208,11.528510836579342
SJQ2e9HUvaG,202209,6.4978988951716
SJQ2e9HUvaG,202210,6.431418335207542
SJQ2e9HUvaG,202211,0.2647216939178862
SJQ2e9HUvaG,202212,0.0189163422802314
SJQ2e9HUvaG,202301,0.7355746361469948
SJQ2e9HUvaG,202302,0.2335407370242682
SJQ2e9HUvaG,202303,2.155349607491393
SJQ2e9HUvaG,202304,2.286726707503471
SJQ2e9HUvaG,202305,2.46538706143698
SJQ2e9HUvaG,202306,4.366134144479139
SJQ2e9HUvaG,202307,7.583625394935733
SJQ2e9HUvaG,202308,8.26701307770777
SJQ2e9HUvaG,202309,3.725960626402955
SJQ2e9HUvaG,202310,1.801324801978028
SJQ2e9HUvaG,202311,0.6433637056599945
SJQ2e9HUvaG,202312,0.3853246261184684
SJQ2e9HUvaG,202401,0.3002967327501446
SJQ2e9HUvaG,202402,1.2132559798312148
SJQ2e9HUvaG,202403,2.326630705490892
SJQ2e9HUvaG,202404,1.50753220490893
SJQ2e9HUvaG,202405,3.164077169706441
SJQ2e9HUvaG,202406,4.563211075915117
SJQ2e9HUvaG,202407,19.786183276844664
SJQ2e9HUvaG,202408,14.592233085196671
SJQ2e9HUvaG,202409,9.699856384310346
SJQ2e9HUvaG,202410,1.2275896349138349
SJQ2e9HUvaG,202411,0.6580123297436054
SJQ2e9HUvaG,202412,0.5951362265097497
U8Rk7sYzFmK,201601,2.6347975905451944
U8Rk7sYzFmK,201602,1.761917932776909
U8Rk7sYzFmK,201603,2.7958201913656824
U8Rk7sYzFmK,201604,2.610517194492932
U8Rk7sYzFmK,201605,5.804537873756986
U8Rk7sYzFmK,201606,16.148642759249363
U8Rk7sYzFmK,201607,31.43416534676956
U8Rk7sYzFmK,201608,11.61226566808929
U8Rk7sYzFmK,201609,15.073683286469578
U8Rk7sYzFmK,201610,5.103349351870937
U8Rk7sYzFmK,201611,0.7218846572882731
U8Rk7sYzFmK,201612,0.9818806908910812
U8Rk7sYzFmK,201701,1.1941481218275358
U8Rk7sYzFmK,201702,2.2573645713020176
U8Rk7sYzFmK,201703,5.849496535783128
U8Rk7sYzFmK,201704,4.821812724876682
U8Rk7sYzFmK,201705,7.069945623234009
U8Rk7sYzFmK,201706,10.045327626260026
U8Rk7sYzFmK,201707,23.72892159292675
U8Rk7sYzFmK,201708,28.160185403823
U8Rk7sYzFmK,201709,7.816304920310213
U8Rk7sYzFmK,201710,2.431201053416739
U8Rk7sYzFmK,201711,1.2768857726205962
U8Rk7sYzFmK,201712,0.2644116639717646
U8Rk7sYzFmK,201801,0.8341850437864795
U8Rk7sYzFmK,201802,1.9419108967872492
U8Rk7sYzFmK,201803,2.9426370047465187
U8Rk7sYzFmK,201804,6.380612811896083
U8Rk7sYzFmK,201805,7.57469489452079
U8Rk7sYzFmK,201806,14.745295169623668
U8Rk7sYzFmK,201807,27.786597782747968
U8Rk7sYzFmK,201808,25.458485622817754
U8Rk7sYzFmK,201809,9.61756928579264
U8Rk7sYzFmK,201810,1.1362867958138756
U8Rk7sYzFmK,201811,1.3541927324126737
U8Rk7sYzFmK,201812,1.349278757966349
U8Rk7sYzFmK,201901,2.350309327268886
U8Rk7sYzFmK,201902,4.704646104246056
U8Rk7sYzFmK,201903,2.683257457239212
U8Rk7sYzFmK,201904,6.122606577023909
U8Rk7sYzFmK,201905,2.9252429961623343
U8Rk7sYzFmK,201906,7.615811043064915
U8Rk7sYzFmK,201907,28.446092609954864
U8Rk7sYzFmK,201908,16.897492169564725
U8Rk7sYzFmK,201909,20.54227430583493
U8Rk7sYzFmK,201910,1.7902147220262374
U8Rk7sYzFmK,201911,0.549005705479368
U8Rk7sYzFmK,201912,1.8946075821831792
U8Rk7sYzFmK,202001,4.695817465054759
U8Rk7sYzFmK,202002,1.981835755649712
U8Rk7sYzFmK,202003,2.4918692437943823
U8Rk7sYzFmK,202004,5.787545304185277
U8Rk7sYzFmK,202005,8.325759029179293
U8Rk7sYzFmK,202006,21.63656088887827
U8Rk7sYzFmK,202007,30.404294140659
U8Rk7sYzFmK,202008,25.414252936917507
U8Rk7sYzFmK,202009,12.525319205245296
U8Rk7sYzFmK,202010,1.703228305456394
U8Rk7sYzFmK,202011,0.4119236262235112
U8Rk7sYzFmK,202012,1.0435477554787642
U8Rk7sYzFmK,202101,1.4353583590226069
U8Rk7sYzFmK,202102,2.20569738456053
U8Rk7sYzFmK,202103,2.9068733829635085
U8Rk7sYzFmK,202104,1.948172626296299
U8Rk7sYzFmK,202105,10.45340427472636
U8Rk7sYzFmK,202106,19.139498437204487
U8Rk7sYzFmK,202107,31.24120910224699
U8Rk7sYzFmK,202108,28.47723509674213
U8Rk7sYzFmK,202109,17.94948574973577
U8Rk7sYzFmK,202110,7.041372535890877
U8Rk7sYzFmK,202111,1.4267177949331216
U8Rk7sYzFmK,202112,3.086131723832561
U8Rk7sYzFmK,202201,2.809172179633554
U8Rk7sYzFmK,202202,4.330224029464429
U8Rk7sYzFmK,202203,2.208891654279264
U8Rk7sYzFmK,202204,4.388323077427995
U8Rk7sYzFmK,202205,8.129845320930395
U8Rk7sYzFmK,202206,19.4238746528973
U8Rk7sYzFmK,202207,23.681059059552958
U8Rk7sYzFmK,202208,19.154766812391266
U8Rk7sYzFmK,202209,7.822123840107738
U8Rk7sYzFmK,202210,2.8295934087858616
U8Rk7sYzFmK,202211,0.301946312006034
U8Rk7sYzFmK,202212,0.5698908970477432
U8Rk7sYzFmK,202301,0.2913666541530174
U8Rk7sYzFmK,202302,1.4279256779201572
U8Rk7sYzFmK,202303,1.9192101160615525
U8Rk7sYzFmK,202304,1.5241835220718845
U8Rk7sYzFmK,202305,2.7987732929220277
U8Rk7sYzFmK,202306,7.953224418453696
U8Rk7sYzFmK,202307,12.24878118570631
U8Rk7sYzFmK,202308,12.297846144178449
U8Rk7sYzFmK,202309,5.249780003015132
U8Rk7sYzFmK,202310,2.463915231944999
U8Rk7sYzFmK,202311,0.5160136616327028
U8Rk7sYzFmK,202312,0.563025926942045
U8Rk7sYzFmK,202401,1.17642416864212
U8Rk7sYzFmK,202402,1.0933018837182122
U8Rk7sYzFmK,202403,4.191051378776336
U8Rk7sYzFmK,202404,1.3320254360721624
U8Rk7sYzFmK,202405,5.0470575324311735
U8Rk7sYzFmK,202406,16.13989799217828
U8Rk7sYzFmK,202407,30.04833614673718
U8Rk7sYzFmK,202408,22.19280587398458
U8Rk7sYzFmK,202409,18.706455374185044
U8Rk7sYzFmK,202410,3.648052202279743
U8Rk7sYzFmK,202411,2.6455307575248206
U8Rk7sYzFmK,202412,0.7231499071464585
VoOb1wMwKp0,201601,1.2363325881890137
VoOb1wMwKp0,201602,0.5750310787135271
VoOb1wMwKp0,201603,2.53778428699752
VoOb1wMwKp0,201604,2.151752896298133
VoOb1wMwKp0,201605,9.77788652969296
VoOb1wMwKp0,201606,15.55888103168626
VoOb1wMwKp0,201607,39.9972684054588
VoOb1wMwKp0,201608,8.423422908860498
VoOb1wMwKp0,201609,17.489045734243323
VoOb1wMwKp0,201610,8.751856626825447
VoOb1wMwKp0,201611,0.0868056589223012
VoOb1wMwKp0,201612,0.2130621908350007
VoOb1wMwKp0,201701,0.473371477230927
VoOb1wMwKp0,201702,1.0302440073261523
VoOb1wMwKp0,201703,3.251556113568003
VoOb1wMwKp0,201704,5.035044631853431
VoOb1wMwKp0,201705,5.620244705288638
VoOb1wMwKp0,201706,11.65807259641427
VoOb1wMwKp0,201707,23.10241684582424
VoOb1wMwKp0,201708,24.358532658294727
VoOb1wMwKp0,201709,7.91728351005754
VoOb1wMwKp0,201710,2.864272270545556
VoOb1wMwKp0,201711,0.1309740521418692
VoOb1wMwKp0,201712,0.0329649665735634
VoOb1wMwKp0,201801,0.3866442864271264
VoOb1wMwKp0,201802,1.0641812121212149
VoOb1wMwKp0,201803,2.9291245587319708
VoOb1wMwKp0,201804,5.624091206300079
VoOb1wMwKp0,201805,7.931677172147205
VoOb1wMwKp0,201806,18.054644547625628
VoOb1wMwKp0,201807,24.81558841900672
VoOb1wMwKp0,201808,17.781067111281036
VoOb1wMwKp0,201809,8.069488137371836
VoOb1wMwKp0,201810,1.7792984636240925
VoOb1wMwKp0,201811,0.4905865806959158
VoOb1wMwKp0,201812,0.284733735704233
VoOb1wMwKp0,201901,0.2482661842767962
VoOb1wMwKp0,201902,2.1222936255839997
VoOb1wMwKp0,201903,1.274621904844576
VoOb1wMwKp0,201904,4.689417067772536
VoOb1wMwKp0,201905,6.997046922694627
VoOb1wMwKp0,201906,14.577241417535756
VoOb1wMwKp0,201907,37.13978219108112
VoOb1wMwKp0,201908,12.627054678570175
VoOb1wMwKp0,201909,18.84717785661059
VoOb1wMwKp0,201910,2.2688344815710018
VoOb1wMwKp0,201911,0.3973436464243007
VoOb1wMwKp0,201912,0.4384532380306159
VoOb1wMwKp0,202001,1.3159100353180415
VoOb1wMwKp0,202002,1.263697756873722
VoOb1wMwKp0,202003,2.510540568016196
VoOb1wMwKp0,202004,5.686497396819277
VoOb1wMwKp0,202005,7.047993545325821
VoOb1wMwKp0,202006,18.11596500425793
VoOb1wMwKp0,202007,32.41863817630236
VoOb1wMwKp0,202008,11.313020651346372
VoOb1wMwKp0,202009,19.81278829549644
VoOb1wMwKp0,202010,2.7248119415464824
VoOb1wMwKp0,202011,0.236826501811064
VoOb1wMwKp0,202012,0.1450179599817565
VoOb1wMwKp0,202101,1.111774034374153
VoOb1wMwKp0,202102,0.6876396098626746
VoOb1wMwKp0,202103,1.98677726092865
VoOb1wMwKp0,202104,2.4214441930216792
VoOb1wMwKp0,202105,11.538721807747612
VoOb1wMwKp0,202106,13.487742337085477
VoOb1wMwKp0,202107,25.58604738471764
VoOb1wMwKp0,202108,21.607702522945758
VoOb1wMwKp0,202109,5.413595499153517
VoOb1wMwKp0,202110,10.915647623559124
VoOb1wMwKp0,202111,0.1199656532193791
VoOb1wMwKp0,202112,0.6261377141214098
VoOb1wMwKp0,202201,0.4820065433096678
VoOb1wMwKp0,202202,2.834949381670168
VoOb1wMwKp0,202203,0.8913286095108819
VoOb1wMwKp0,202204,5.752189755958532
VoOb1wMwKp0,202205,7.971643170635391
VoOb1wMwKp0,202206,21.68201460847856
VoOb1wMwKp0,202207,10.785582946903489
VoOb1wMwKp0,202208,9.158454106113073
VoOb1wMwKp0,202209,6.254442477608425
VoOb1wMwKp0,202210,2.3645017320557598
VoOb1wMwKp0,202211,0.0811236062297535
VoOb1wMwKp0,202212,0.0405019626443435
VoOb1wMwKp0,202301,0.0915709275531961
VoOb1wMwKp0,202302,0.585798691380577
VoOb1wMwKp0,202303,2.1539184897896866
VoOb1wMwKp0,202304,1.826941463768564
VoOb1wMwKp0,202305,2.806071847431809
VoOb1wMwKp0,202306,8.014229534528472
VoOb1wMwKp0,202307,9.623866136924576
VoOb1wMwKp0,202308,10.716405371452232
VoOb1wMwKp0,202309,7.716107591592453
VoOb1wMwKp0,202310,2.984109033736317
VoOb1wMwKp0,202311,0.1880987164479625
VoOb1wMwKp0,202312,0.2039838247975375
VoOb1wMwKp0,202401,0.2438749364847072
VoOb1wMwKp0,202402,0.3687655925756638
VoOb1wMwKp0,202403,2.961099892077727
VoOb1wMwKp0,202404,0.7181189554581741
VoOb1wMwKp0,202405,4.323665866327356
VoOb1wMwKp0,202406,24.606774465341758
VoOb1wMwKp0,202407,19.64969728565975
VoOb1wMwKp0,202408,17.902386302427523
VoOb1wMwKp0,202409,17.384800319511832
VoOb1wMwKp0,202410,3.562183676591947
VoOb1wMwKp0,202411,0.2350390344855268
VoOb1wMwKp0,202412,0.2558451241658925
Wep3D4POB3H,201601,1.8114274150205243
Wep3D4POB3H,201602,1.5184372147447018
Wep3D4POB3H,201603,1.6388751958425596
Wep3D4POB3H,201604,1.2383348742603228
Wep3D4POB3H,201605,6.283434696598766
Wep3D4POB3H,201606,13.807912378920625
Wep3D4POB3H,201607,23.647653317177145
Wep3D4POB3H,201608,9.328884122851244
Wep3D4POB3H,201609,16.126515540711427
Wep3D4POB3H,201610,4.062251407152733
Wep3D4POB3H,201611,0.4481865035616261
Wep3D4POB3H,201612,0.7065116481092346
Wep3D4POB3H,201701,1.280930522345972
Wep3D4POB3H,201702,0.9439157056456084
Wep3D4POB3H,201703,3.5134487749334737
Wep3D4POB3H,201704,2.934444163265709
Wep3D4POB3H,201705,5.389188522544365
Wep3D4POB3H,201706,9.42200955878464
Wep3D4POB3H,201707,18.09369255741409
Wep3D4POB3H,201708,17.655802995504896
Wep3D4POB3H,201709,9.718569735533126
Wep3D4POB3H,201710,4.269932550713038
Wep3D4POB3H,201711,0.967710304967646
Wep3D4POB3H,201712,0.3122237283250539
Wep3D4POB3H,201801,0.6478107723577493
Wep3D4POB3H,201802,1.321634922205367
Wep3D4POB3H,201803,1.570741747993993
Wep3D4POB3H,201804,4.722469989625785
Wep3D4POB3H,201805,6.366903631353933
Wep3D4POB3H,201806,9.218292938360976
Wep3D4POB3H,201807,18.48766003786388
Wep3D4POB3H,201808,22.507678410734343
Wep3D4POB3H,201809,5.67847181305637
Wep3D4POB3H,201810,3.0601818168127264
Wep3D4POB3H,201811,1.1551112866111242
Wep3D4POB3H,201812,1.3286307617504929
Wep3D4POB3H,201901,2.2278796462423576
Wep3D4POB3H,201902,3.366713645736219
Wep3D4POB3H,201903,1.113739391398132
Wep3D4POB3H,201904,3.500536513234067
Wep3D4POB3H,201905,2.7136104244965384
Wep3D4POB3H,201906,5.7205028017492205
Wep3D4POB3H,201907,19.014756731695595
Wep3D4POB3H,201908,10.3437313400561
Wep3D4POB3H,201909,14.003307764239038
Wep3D4POB3H,201910,4.292668665551255
Wep3D4POB3H,201911,1.5804839297055808
Wep3D4POB3H,201912,1.4780735780305096
Wep3D4POB3H,202001,3.2808997975003487
Wep3D4POB3H,202002,2.111505939942243
Wep3D4POB3H,202003,2.46954244855678
Wep3D4POB3H,202004,3.403197979113336
Wep3D4POB3H,202005,6.194200544692167
Wep3D4POB3H,202006,12.86166099821658
Wep3D4POB3H,202007,24.35254530979836
Wep3D4POB3H,202008,14.058696886031187
Wep3D4POB3H,202009,13.030842491615026
Wep3D4POB3H,202010,2.880410489699371
Wep3D4POB3H,202011,1.0028663637585455
Wep3D4POB3H,202012,0.7814930311887132
Wep3D4POB3H,202101,1.0970523500864042
Wep3D4POB3H,202102,1.5344967178007485
Wep3D4POB3H,202103,1.5214029977689425
Wep3D4POB3H,202104,1.4457595822575915
Wep3D4POB3H,202105,9.524772227865196
Wep3D4POB3H,202106,10.34597930930103
Wep3D4POB3H,202107,18.65443616605769
Wep3D4POB3H,202108,18.819447384070884
Wep3D4POB3H,202109,8.82751544230681
Wep3D4POB3H,202110,6.401933844289628
Wep3D4POB3H,202111,1.3634888817563924
Wep3D4POB3H,202112,2.253995395473952
Wep3D4POB3H,202201,1.8454340599766712
Wep3D4POB3H,202202,2.683003689688474
Wep3D4POB3H,202203,1.7142052361403952
Wep3D4POB3H,202204,3.3345800315451357
Wep3D4POB3H,202205,6.734819216671227
Wep3D4POB3H,202206,14.674274714624188
Wep3D4POB3H,202207,17.55749754343314
Wep3D4POB3H,202208,10.961161987256263
Wep3D4POB3H,202209,6.421595197960192
Wep3D4POB3H,202210,2.0903347586263146
Wep3D4POB3H,202211,0.5590700204135686
Wep3D4POB3H,202212,0.330345863112344
Wep3D4POB3H,202301,0.1924341184756015
Wep3D4POB3H,202302,0.7721986211830552
Wep3D4POB3H,202303,1.703600273473444
Wep3D4POB3H,202304,1.2881122203181925
Wep3D4POB3H,202305,2.752282153454798
Wep3D4POB3H,202306,4.27703855597144
Wep3D4POB3H,202307,8.874292315250605
Wep3D4POB3H,202308,9.686541539138933
Wep3D4POB3H,202309,3.629879886248562
Wep3D4POB3H,202310,2.856722050947936
Wep3D4POB3H,202311,0.8390966351048161
Wep3D4POB3H,202312,0.6300954833237354
Wep3D4POB3H,202401,0.8785103233170654
Wep3D4POB3H,202402,0.6232749359566192
Wep3D4POB3H,202403,2.672474534559558
Wep3D4POB3H,202404,0.8863108207076967
Wep3D4POB3H,202405,6.261294439294812
Wep3D4POB3H,202406,14.516416545075517
Wep3D4POB3H,202407,21.454590668876083
Wep3D4POB3H,202408,13.40816138318778
Wep3D4POB3H,202409,12.658862319487946
Wep3D4POB3H,202410,6.151044547740042
Wep3D4POB3H,202411,2.14080790349757
Wep3D4POB3H,202412,1.1530895246208688
WfE2smSUNDt,201601,2.0419357485220613
WfE2smSUNDt,201602,1.6217489177213993
WfE2smSUNDt,201603,1.895274075620756
WfE2smSUNDt,201604,0.954322356349571
WfE2smSUNDt,201605,9.650944123106054
WfE2smSUNDt,201606,17.139562518894948
WfE2smSUNDt,201607,31.41773403152353
WfE2smSUNDt,201608,9.73546202625899
WfE2smSUNDt,201609,11.796217832623924
WfE2smSUNDt,201610,4.050919498045086
WfE2smSUNDt,201611,0.3405853412602074
WfE2smSUNDt,201612,0.4757010873697059
WfE2smSUNDt,201701,1.1464013736546852
WfE2smSUNDt,201702,0.8535192286311939
WfE2smSUNDt,201703,3.810782850833221
WfE2smSUNDt,201704,3.064853097236963
WfE2smSUNDt,201705,8.82930840135535
WfE2smSUNDt,201706,11.092039481785324
WfE2smSUNDt,201707,19.071574671450456
WfE2smSUNDt,201708,26.469166052161224
WfE2smSUNDt,201709,9.406269521087324
WfE2smSUNDt,201710,1.7185996708995448
WfE2smSUNDt,201711,0.7230976381012901
WfE2smSUNDt,201712,0.1575254810103103
WfE2smSUNDt,201801,0.5813029791743821
WfE2smSUNDt,201802,1.4566817180574678
WfE2smSUNDt,201803,1.6095052532587624
WfE2smSUNDt,201804,4.887482664011575
WfE2smSUNDt,201805,8.623263054297722
WfE2smSUNDt,201806,11.50547562131959
WfE2smSUNDt,201807,22.6383116650826
WfE2smSUNDt,201808,24.471063698922222
WfE2smSUNDt,201809,7.464575427980486
WfE2smSUNDt,201810,1.2354780436488833
WfE2smSUNDt,201811,1.3537100070454162
WfE2smSUNDt,201812,1.0725018777977602
WfE2smSUNDt,201901,2.0034787757374337
WfE2smSUNDt,201902,4.454472263603726
WfE2smSUNDt,201903,2.2938088115018376
WfE2smSUNDt,201904,4.044136261584108
WfE2smSUNDt,201905,2.304621013094655
WfE2smSUNDt,201906,10.121639945967049
WfE2smSUNDt,201907,20.879469085232707
WfE2smSUNDt,201908,11.00563437374275
WfE2smSUNDt,201909,23.71363443272924
WfE2smSUNDt,201910,2.4344774797699
WfE2smSUNDt,201911,1.130503111727272
WfE2smSUNDt,201912,1.5146652782676784
WfE2smSUNDt,202001,5.104458503472212
WfE2smSUNDt,202002,2.6319954749561005
WfE2smSUNDt,202003,3.0187560804438847
WfE2smSUNDt,202004,5.699724331234609
WfE2smSUNDt,202005,6.018279543223044
WfE2smSUNDt,202006,25.96417718892736
WfE2smSUNDt,202007,28.926051944247234
WfE2smSUNDt,202008,19.912245787961265
WfE2smSUNDt,202009,18.04824554037124
WfE2smSUNDt,202010,1.4207540942470411
WfE2smSUNDt,202011,0.598503746783812
WfE2smSUNDt,202012,1.0486693623353818
WfE2smSUNDt,202101,0.4794927915654238
WfE2smSUNDt,202102,1.550963756251535
WfE2smSUNDt,202103,1.6648879293001115
WfE2smSUNDt,202104,1.1357539330945052
WfE2smSUNDt,202105,11.973807880010597
WfE2smSUNDt,202106,23.097791810842985
WfE2smSUNDt,202107,22.7430354996305
WfE2smSUNDt,202108,24.216938202517408
WfE2smSUNDt,202109,8.99604825313441
WfE2smSUNDt,202110,8.073674612671924
WfE2smSUNDt,202111,1.4922219836745878
WfE2smSUNDt,202112,1.8811062949869384
WfE2smSUNDt,202201,2.007788497282053
WfE2smSUNDt,202202,3.871518360862738
WfE2smSUNDt,202203,0.90548418397563
WfE2smSUNDt,202204,2.923599555477966
WfE2smSUNDt,202205,9.807183243383449
WfE2smSUNDt,202206,16.4464999944604
WfE2smSUNDt,202207,15.838860563421932
WfE2smSUNDt,202208,9.977217510331808
WfE2smSUNDt,202209,6.748503375350158
WfE2smSUNDt,202210,6.166348022960076
WfE2smSUNDt,202211,0.4470152208195532
WfE2smSUNDt,202212,0.220638282752686
WfE2smSUNDt,202301,0.1573210351997386
WfE2smSUNDt,202302,0.6682091943391041
WfE2smSUNDt,202303,2.1152336998810517
WfE2smSUNDt,202304,1.1958397667153613
WfE2smSUNDt,202305,2.390545872762961
WfE2smSUNDt,202306,5.723781663842211
WfE2smSUNDt,202307,13.99745823885454
WfE2smSUNDt,202308,7.014191092229746
WfE2smSUNDt,202309,4.436007052078876
WfE2smSUNDt,202310,2.7822363430619688
WfE2smSUNDt,202311,0.3501065321326794
WfE2smSUNDt,202312,0.3895366445470558
WfE2smSUNDt,202401,0.5756047719755928
WfE2smSUNDt,202402,0.7181539277954265
WfE2smSUNDt,202403,1.8408689376005043
WfE2smSUNDt,202404,0.2081519369702127
WfE2smSUNDt,202405,4.247480424424993
WfE2smSUNDt,202406,12.429855187726522
WfE2smSUNDt,202407,31.98015940073642
WfE2smSUNDt,202408,16.96869885565106
WfE2smSUNDt,202409,16.515449230546945
WfE2smSUNDt,202410,3.565337200267962
WfE2smSUNDt,202411,2.510492416625092
WfE2smSUNDt,202412,0.3088790044971141
Yacp1fLlWut,201601,1.46852169920365
Yacp1fLlWut,201602,1.679418727969218
Yacp1fLlWut,201603,3.07365947895388
Yacp1fLlWut,201604,2.1464393267909703
Yacp1fLlWut,201605,3.914911721291732
Yacp1fLlWut,201606,6.402210898521775
Yacp1fLlWut,201607,15.369475404925405
Yacp1fLlWut,201608,6.972220460513873
Yacp1fLlWut,201609,7.559854353917924
Yacp1fLlWut,201610,2.466385076368888
Yacp1fLlWut,201611,0.2109373664720965
Yacp1fLlWut,201612,0.5595480800405543
Yacp1fLlWut,201701,2.0862582222032
Yacp1fLlWut,201702,0.6151398877780621
Yacp1fLlWut,201703,4.102546033885559
Yacp1fLlWut,201704,2.113231641820748
Yacp1fLlWut,201705,2.884042549518964
Yacp1fLlWut,201706,5.701921854844035
Yacp1fLlWut,201707,11.914415021080003
Yacp1fLlWut,201708,9.02141024899476
Yacp1fLlWut,201709,4.7646122274088185
Yacp1fLlWut,201710,1.589127906512704
Yacp1fLlWut,201711,0.5915370071136297
Yacp1fLlWut,201712,0.9844580091110212
Yacp1fLlWut,201801,0.8249250898249092
Yacp1fLlWut,201802,2.3566750463282946
Yacp1fLlWut,201803,2.603627363790922
Yacp1fLlWut,201804,2.1374059317544374
Yacp1fLlWut,201805,2.622447918171511
Yacp1fLlWut,201806,6.793758784294921
Yacp1fLlWut,201807,11.59831965339584
Yacp1fLlWut,201808,12.45194784917578
Yacp1fLlWut,201809,5.567906814033207
Yacp1fLlWut,201810,1.3025978603236776
Yacp1fLlWut,201811,0.5967875686233829
Yacp1fLlWut,201812,1.434979219227303
Yacp1fLlWut,201901,4.818415692148303
Yacp1fLlWut,201902,6.581416393502015
Yacp1fLlWut,201903,2.1836969585530794
Yacp1fLlWut,201904,1.3896833456419295
Yacp1fLlWut,201905,1.983461804249277
Yacp1fLlWut,201906,5.549238077971406
Yacp1fLlWut,201907,12.115434512934344
Yacp1fLlWut,201908,6.999721161750827
Yacp1fLlWut,201909,11.181338108315146
Yacp1fLlWut,201910,1.6554177668953345
Yacp1fLlWut,201911,1.210310303436238
Yacp1fLlWut,201912,2.451463556698319
Yacp1fLlWut,202001,5.284438781704773
Yacp1fLlWut,202002,1.2785313076891638
Yacp1fLlWut,202003,2.7381101201498907
Yacp1fLlWut,202004,2.474803144012843
Yacp1fLlWut,202005,2.917464754896249
Yacp1fLlWut,202006,11.378121861298927
Yacp1fLlWut,202007,12.569622578732863
Yacp1fLlWut,202008,8.689254585006104
Yacp1fLlWut,202009,8.408046835419194
Yacp1fLlWut,202010,0.7366647676197745
Yacp1fLlWut,202011,1.0378960747277337
Yacp1fLlWut,202012,0.7329769357900306
Yacp1fLlWut,202101,0.6908215334894366
Yacp1fLlWut,202102,1.2388278649767384
Yacp1fLlWut,202103,1.746595981160257
Yacp1fLlWut,202104,2.983976992273192
Yacp1fLlWut,202105,7.650227094681868
Yacp1fLlWut,202106,10.069770521854077
Yacp1fLlWut,202107,12.120645137034268
Yacp1fLlWut,202108,13.412506095550864
Yacp1fLlWut,202109,6.874135825313058
Yacp1fLlWut,202110,3.841478462642842
Yacp1fLlWut,202111,0.7086648106574405
Yacp1fLlWut,202112,3.7068478573352928
Yacp1fLlWut,202201,1.3410913613713986
Yacp1fLlWut,202202,2.734969192593174
Yacp1fLlWut,202203,0.3525164701306135
Yacp1fLlWut,202204,1.975915966733559
Yacp1fLlWut,202205,4.098820405137773
Yacp1fLlWut,202206,5.94053141905963
Yacp1fLlWut,202207,8.01198765749242
Yacp1fLlWut,202208,8.642498269296619
Yacp1fLlWut,202209,4.624817309135763
Yacp1fLlWut,202210,2.693219631363862
Yacp1fLlWut,202211,0.3914742570755604
Yacp1fLlWut,202212,0.1961871116104529
Yacp1fLlWut,202301,0.6826467499889206
Yacp1fLlWut,202302,0.3297889933218655
Yacp1fLlWut,202303,1.2560212599762406
Yacp1fLlWut,202304,1.727676369780528
Yacp1fLlWut,202305,1.6853920978233232
Yacp1fLlWut,202306,2.8342213274258388
Yacp1fLlWut,202307,5.070943436630987
Yacp1fLlWut,202308,5.500198833387213
Yacp1fLlWut,202309,2.8050665413960822
Yacp1fLlWut,202310,1.7616846721376738
Yacp1fLlWut,202311,0.5558864634446528
Yacp1fLlWut,202312,0.6540712436571973
Yacp1fLlWut,202401,0.2706080705399046
Yacp1fLlWut,202402,0.9297714533203142
Yacp1fLlWut,202403,2.2595078781138573
Yacp1fLlWut,202404,2.044870396380424
Yacp1fLlWut,202405,3.0228216668174226
Yacp1fLlWut,202406,6.856361582857959
Yacp1fLlWut,202407,15.377794844941192
Yacp1fLlWut,202408,9.47608853369534
Yacp1fLlWut,202409,11.482148812488376
Yacp1fLlWut,202410,1.0701397294204769
Yacp1fLlWut,202411,0.8101381137760933
Yacp1fLlWut,202412,1.08207442647759
YmFSl06J6cs,201601,0.1785399046415851
YmFSl06J6cs,201602,0.0643615911331063
YmFSl06J6cs,201603,0.7339757793126596
YmFSl06J6cs,201604,0.1218410614744791
YmFSl06J6cs,201605,5.859999110662524
YmFSl06J6cs,201606,8.747455176458537
YmFSl06J6cs,201607,11.933346773826097
YmFSl06J6cs,201608,6.378290233906112
YmFSl06J6cs,201609,13.122882024181804
YmFSl06J6cs,201610,2.0161878586884643
YmFSl06J6cs,201611,0.0052379070832377
YmFSl06J6cs,201612,0.0815100012159391
YmFSl06J6cs,201701,0.1027141250685222
YmFSl06J6cs,201702,0.0161670340475205
YmFSl06J6cs,201703,1.033919854669359
YmFSl06J6cs,201704,1.3114769071560992
YmFSl06J6cs,201705,2.744400119863224
YmFSl06J6cs,201706,4.707371512789522
YmFSl06J6cs,201707,10.630513328807533
YmFSl06J6cs,201708,15.218735453783866
YmFSl06J6cs,201709,4.948765181796025
YmFSl06J6cs,201710,1.5298105138576616
YmFSl06J6cs,201711,0.0046499720580948
YmFSl06J6cs,201712,0.0024247983837887
YmFSl06J6cs,201801,0.0376565605684204
YmFSl06J6cs,201802,0.1024634658313426
YmFSl06J6cs,201803,0.2633255822753562
YmFSl06J6cs,201804,1.6716076058397664
YmFSl06J6cs,201805,2.225237570361472
YmFSl06J6cs,201806,6.379126131303055
YmFSl06J6cs,201807,10.009662431075665
YmFSl06J6cs,201808,8.06317245922514
YmFSl06J6cs,201809,3.609964574347319
YmFSl06J6cs,201810,0.349596854942266
YmFSl06J6cs,201811,0.009594074129628
YmFSl06J6cs,201812,0.0152015928800588
YmFSl06J6cs,201901,0.1548916496332728
YmFSl06J6cs,201902,1.7337445481786955
YmFSl06J6cs,201903,0.5078802505806472
YmFSl06J6cs,201904,2.1358099922763447
YmFSl06J6cs,201905,0.857721666209552
YmFSl06J6cs,201906,3.119827262900524
YmFSl06J6cs,201907,23.687600307812176
YmFSl06J6cs,201908,6.712904397458993
YmFSl06J6cs,201909,15.3964906798825
YmFSl06J6cs,201910,0.6026803990458667
YmFSl06J6cs,201911,0.0420592644498171
YmFSl06J6cs,201912,0.6345247489529484
YmFSl06J6cs,202001,1.4834834024264176
YmFSl06J6cs,202002,0.5948859124631241
YmFSl06J6cs,202003,0.8981784309902692
YmFSl06J6cs,202004,1.33614540414649
YmFSl06J6cs,202005,3.0143670594260787
YmFSl06J6cs,202006,9.439119131903691
YmFSl06J6cs,202007,22.953167829849
YmFSl06J6cs,202008,6.067117522926871
YmFSl06J6cs,202009,12.048986408002897
YmFSl06J6cs,202010,0.6527346666674088
YmFSl06J6cs,202011,0.0035493446029816
YmFSl06J6cs,202012,0.0349729077673176
YmFSl06J6cs,202101,0.0263711032524068
YmFSl06J6cs,202102,0.0705139962550198
YmFSl06J6cs,202103,0.0596348829179789
YmFSl06J6cs,202104,0.4380020822217049
YmFSl06J6cs,202105,10.347840382465424
YmFSl06J6cs,202106,8.60105251849131
YmFSl06J6cs,202107,9.101631217464456
YmFSl06J6cs,202108,12.773979077763958
YmFSl06J6cs,202109,4.202222015591257
YmFSl06J6cs,202110,7.419360648728827
YmFSl06J6cs,202111,0.0071627853444542
YmFSl06J6cs,202112,0.8684785485128084
YmFSl06J6cs,202201,0.4928476881413418
YmFSl06J6cs,202202,1.0328385992076443
YmFSl06J6cs,202203,0.0532408324278509
YmFSl06J6cs,202204,0.5793884864578461
YmFSl06J6cs,202205,2.267828857164432
YmFSl06J6cs,202206,8.998317150182231
YmFSl06J6cs,202207,6.230152236572944
YmFSl06J6cs,202208,8.101597011119464
YmFSl06J6cs,202209,4.269819981081471
YmFSl06J6cs,202210,1.1215948181021476
YmFSl06J6cs,202211,0.0129479158974203
YmFSl06J6cs,202212,0.0020511134375619
YmFSl06J6cs,202301,0.0100013780109731
YmFSl06J6cs,202302,0.0063905204390909
YmFSl06J6cs,202303,0.7496475942728609
YmFSl06J6cs,202304,0.1942279029652806
YmFSl06J6cs,202305,0.5989488532563891
YmFSl06J6cs,202306,1.7502376531773398
YmFSl06J6cs,202307,4.483672088817423
YmFSl06J6cs,202308,5.635221078398284
YmFSl06J6cs,202309,4.275967516794391
YmFSl06J6cs,202310,1.3208176739042623
YmFSl06J6cs,202311,0.0384684511465377
YmFSl06J6cs,202312,0.0870515289926197
YmFSl06J6cs,202401,0.0459631593982999
YmFSl06J6cs,202402,0.1135164174040993
YmFSl06J6cs,202403,1.4779157111187038
YmFSl06J6cs,202404,0.0131112692672941
YmFSl06J6cs,202405,2.2482758610588838
YmFSl06J6cs,202406,4.713762516184163
YmFSl06J6cs,202407,16.708971004880553
YmFSl06J6cs,202408,7.447867296447782
YmFSl06J6cs,202409,10.53210486543667
YmFSl06J6cs,202410,0.9786419862193936
YmFSl06J6cs,202411,0.0919175149304275
YmFSl06J6cs,202412,0.0291869308435332
YnUoe8z0OJY,201601,2.204397889363854
YnUoe8z0OJY,201602,2.385260837579121
YnUoe8z0OJY,201603,4.207867999008118
YnUoe8z0OJY,201604,3.862106345081626
YnUoe8z0OJY,201605,6.199287988538902
YnUoe8z0OJY,201606,10.380654687001208
YnUoe8z0OJY,201607,21.82247557278483
YnUoe8z0OJY,201608,8.523236733824904
YnUoe8z0OJY,201609,14.057513758536947
YnUoe8z0OJY,201610,3.283695599553757
YnUoe8z0OJY,201611,0.3659238789383164
YnUoe8z0OJY,201612,0.8415036544945698
YnUoe8z0OJY,201701,2.036823939969463
YnUoe8z0OJY,201702,1.558273810047316
YnUoe8z0OJY,201703,6.411151250548295
YnUoe8z0OJY,201704,4.565911414409066
YnUoe8z0OJY,201705,6.209420071510369
YnUoe8z0OJY,201706,7.409278602515532
YnUoe8z0OJY,201707,15.002605285779556
YnUoe8z0OJY,201708,18.872315928093208
YnUoe8z0OJY,201709,6.0843790362353705
YnUoe8z0OJY,201710,1.9759443822687133
YnUoe8z0OJY,201711,1.0801661205897
YnUoe8z0OJY,201712,0.6477250749168955
YnUoe8z0OJY,201801,0.9239576549659796
YnUoe8z0OJY,201802,3.2431797980050736
YnUoe8z0OJY,201803,3.877480093250296
YnUoe8z0OJY,201804,5.328270980909688
YnUoe8z0OJY,201805,6.359773703135797
YnUoe8z0OJY,201806,16.147327660819066
YnUoe8z0OJY,201807,18.35021808105304
YnUoe8z0OJY,201808,15.83971808053221
YnUoe8z0OJY,201809,9.412900852288884
YnUoe8z0OJY,201810,1.65977147912252
YnUoe8z0OJY,201811,1.6172057101246369
YnUoe8z0OJY,201812,1.5656217291492835
YnUoe8z0OJY,201901,4.296572899493657
YnUoe8z0OJY,201902,7.062794431893116
YnUoe8z0OJY,201903,3.1433140996438915
YnUoe8z0OJY,201904,2.9911966775217325
YnUoe8z0OJY,201905,3.841504482201676
YnUoe8z0OJY,201906,8.995257141541124
YnUoe8z0OJY,201907,20.320119807595752
YnUoe8z0OJY,201908,10.28387990282502
YnUoe8z0OJY,201909,15.093717492134347
YnUoe8z0OJY,201910,2.161673076204182
YnUoe8z0OJY,201911,1.4600164192993683
YnUoe8z0OJY,201912,2.359941132215662
YnUoe8z0OJY,202001,5.634036020851123
YnUoe8z0OJY,202002,1.9863229861782632
YnUoe8z0OJY,202003,3.118404009113595
YnUoe8z0OJY,202004,5.8508849049331495
YnUoe8z0OJY,202005,7.189951103607046
YnUoe8z0OJY,202006,15.966704458667463
YnUoe8z0OJY,202007,19.80037608349987
YnUoe8z0OJY,202008,13.046422759668127
YnUoe8z0OJY,202009,14.431781937667616
YnUoe8z0OJY,202010,1.058065792590764
YnUoe8z0OJY,202011,0.8942603541935273
YnUoe8z0OJY,202012,0.8431192452727506
YnUoe8z0OJY,202101,1.2396129825357636
YnUoe8z0OJY,202102,2.022576127448863
YnUoe8z0OJY,202103,4.071625475213208
YnUoe8z0OJY,202104,3.3762667794765817
YnUoe8z0OJY,202105,10.062192958463426
YnUoe8z0OJY,202106,15.869410648352572
YnUoe8z0OJY,202107,18.665462790802376
YnUoe8z0OJY,202108,20.05878665938278
YnUoe8z0OJY,202109,10.875155075549792
YnUoe8z0OJY,202110,7.094741181188292
YnUoe8z0OJY,202111,1.138961638778355
YnUoe8z0OJY,202112,2.9194472837785925
YnUoe8z0OJY,202201,2.3471696894194567
YnUoe8z0OJY,202202,4.008508200661685
YnUoe8z0OJY,202203,1.0087765906236248
YnUoe8z0OJY,202204,4.280059113767673
YnUoe8z0OJY,202205,7.587346138121638
YnUoe8z0OJY,202206,16.540704894290975
YnUoe8z0OJY,202207,12.14134528950477
YnUoe8z0OJY,202208,10.988926593950168
YnUoe8z0OJY,202209,5.919496322267037
YnUoe8z0OJY,202210,2.7660187245647267
YnUoe8z0OJY,202211,0.4838017044207771
YnUoe8z0OJY,202212,0.3604536504172374
YnUoe8z0OJY,202301,0.4922262595376136
YnUoe8z0OJY,202302,1.5163747830348553
YnUoe8z0OJY,202303,2.032167097777378
YnUoe8z0OJY,202304,2.114277523549463
YnUoe8z0OJY,202305,3.346884166389463
YnUoe8z0OJY,202306,6.655324902336869
YnUoe8z0OJY,202307,7.229278394936225
YnUoe8z0OJY,202308,7.498857217001369
YnUoe8z0OJY,202309,3.752647248730496
YnUoe8z0OJY,202310,2.4104899984636003
YnUoe8z0OJY,202311,0.6067948310520699
YnUoe8z0OJY,202312,0.7211254851272277
YnUoe8z0OJY,202401,0.9700819268979044
YnUoe8z0OJY,202402,1.4705707177614742
YnUoe8z0OJY,202403,3.8774841283780974
YnUoe8z0OJY,202404,2.7864122179558293
YnUoe8z0OJY,202405,4.7988598385014205
YnUoe8z0OJY,202406,16.37714168157778
YnUoe8z0OJY,202407,20.80285296779595
YnUoe8z0OJY,202408,14.6081668623666
YnUoe8z0OJY,202409,14.207663775801937
YnUoe8z0OJY,202410,2.462421026113677
YnUoe8z0OJY,202411,1.9512803738986904
YnUoe8z0OJY,202412,1.1830882776459863
ZIo35uAAfZo,201601,4.654890948690647
ZIo35uAAfZo,201602,3.588804178218618
ZIo35uAAfZo,201603,3.183537479965459
ZIo35uAAfZo,201604,3.4951313485887283
ZIo35uAAfZo,201605,8.331983195378625
ZIo35uAAfZo,201606,21.66266862066465
ZIo35uAAfZo,201607,38.400395053190174
ZIo35uAAfZo,201608,13.953903250814546
ZIo35uAAfZo,201609,22.29189102145313
ZIo35uAAfZo,201610,4.266497957711805
ZIo35uAAfZo,201611,0.5886861489017645
ZIo35uAAfZo,201612,1.5400459972141762
ZIo35uAAfZo,201701,2.260415219426308
ZIo35uAAfZo,201702,2.677721814921336
ZIo35uAAfZo,201703,9.075601672283428
ZIo35uAAfZo,201704,5.088297435210003
ZIo35uAAfZo,201705,6.032418042378528
ZIo35uAAfZo,201706,13.336391975877383
ZIo35uAAfZo,201707,28.09914414335805
ZIo35uAAfZo,201708,30.250868713410743
ZIo35uAAfZo,201709,8.829971207073111
ZIo35uAAfZo,201710,2.308306802894068
ZIo35uAAfZo,201711,1.6424645007563414
ZIo35uAAfZo,201712,1.1845884926156125
ZIo35uAAfZo,201801,2.387849593354148
ZIo35uAAfZo,201802,4.054254131540049
ZIo35uAAfZo,201803,2.942533600810502
ZIo35uAAfZo,201804,5.781085727041529
ZIo35uAAfZo,201805,9.311701480264976
ZIo35uAAfZo,201806,23.981384897385823
ZIo35uAAfZo,201807,31.718451523454466
ZIo35uAAfZo,201808,29.459166301181792
ZIo35uAAfZo,201809,16.909386362892963
ZIo35uAAfZo,201810,1.6284636510798711
ZIo35uAAfZo,201811,1.8239219441599144
ZIo35uAAfZo,201812,2.9519627383569995
ZIo35uAAfZo,201901,3.953054785547368
ZIo35uAAfZo,201902,6.886542689983403
ZIo35uAAfZo,201903,3.647531439777014
ZIo35uAAfZo,201904,3.854847170262399
ZIo35uAAfZo,201905,3.2081581110459974
ZIo35uAAfZo,201906,12.364635889596714
ZIo35uAAfZo,201907,33.275791459229666
ZIo35uAAfZo,201908,17.95374813849162
ZIo35uAAfZo,201909,23.208818200312628
ZIo35uAAfZo,201910,2.8714780146072383
ZIo35uAAfZo,201911,1.5747400721877278
ZIo35uAAfZo,201912,3.087077918841449
ZIo35uAAfZo,202001,8.179214699414546
ZIo35uAAfZo,202002,5.71233352769646
ZIo35uAAfZo,202003,2.8027016023005773
ZIo35uAAfZo,202004,5.893615535305586
ZIo35uAAfZo,202005,8.253835369883753
ZIo35uAAfZo,202006,23.456836339085108
ZIo35uAAfZo,202007,36.92454439745953
ZIo35uAAfZo,202008,25.693698040217157
ZIo35uAAfZo,202009,24.156672049259612
ZIo35uAAfZo,202010,1.1233176582454905
ZIo35uAAfZo,202011,0.7291102075024727
ZIo35uAAfZo,202012,2.255500726445351
ZIo35uAAfZo,202101,3.267651255208027
ZIo35uAAfZo,202102,3.369030524717237
ZIo35uAAfZo,202103,3.6510306975607194
ZIo35uAAfZo,202104,2.157545706070734
ZIo35uAAfZo,202105,12.004410005665129
ZIo35uAAfZo,202106,24.84381923328038
ZIo35uAAfZo,202107,36.05315328450383
ZIo35uAAfZo,202108,36.26274594370045
ZIo35uAAfZo,202109,19.76928441780865
ZIo35uAAfZo,202110,8.00596811988159
ZIo35uAAfZo,202111,3.390530212231915
ZIo35uAAfZo,202112,3.496781851211229
ZIo35uAAfZo,202201,5.123075279582902
ZIo35uAAfZo,202202,7.37436903704058
ZIo35uAAfZo,202203,2.5228477028851968
ZIo35uAAfZo,202204,5.279601171688359
ZIo35uAAfZo,202205,9.786086849243157
ZIo35uAAfZo,202206,25.5270405829671
ZIo35uAAfZo,202207,25.566376227458367
ZIo35uAAfZo,202208,22.49369228533932
ZIo35uAAfZo,202209,8.684067727086198
ZIo35uAAfZo,202210,3.09950544272705
ZIo35uAAfZo,202211,0.4711439698461933
ZIo35uAAfZo,202212,1.0550709654151769
ZIo35uAAfZo,202301,0.9034401374120612
ZIo35uAAfZo,202302,2.79885293389082
ZIo35uAAfZo,202303,1.6190073137229273
ZIo35uAAfZo,202304,1.2620802797463198
ZIo35uAAfZo,202305,2.931856206342303
ZIo35uAAfZo,202306,9.26070470889595
ZIo35uAAfZo,202307,12.643984575555027
ZIo35uAAfZo,202308,12.959572933665156
ZIo35uAAfZo,202309,4.690044372706359
ZIo35uAAfZo,202310,2.492363994242676
ZIo35uAAfZo,202311,0.4006560982757732
ZIo35uAAfZo,202312,1.061467839871366
ZIo35uAAfZo,202401,2.779195520504412
ZIo35uAAfZo,202402,2.3449624571903858
ZIo35uAAfZo,202403,5.87391952714162
ZIo35uAAfZo,202404,1.2633409278219017
ZIo35uAAfZo,202405,5.50809761496147
ZIo35uAAfZo,202406,24.601054227568746
ZIo35uAAfZo,202407,35.99326546772702
ZIo35uAAfZo,202408,26.21651199252202
ZIo35uAAfZo,202409,22.45221319552853
ZIo35uAAfZo,202410,4.596300039089937
ZIo35uAAfZo,202411,2.892000311779079
ZIo35uAAfZo,202412,1.6850897941465186
ZULmwVN4Zfv,201601,2.094899235101663
ZULmwVN4Zfv,201602,1.5471035064532
ZULmwVN4Zfv,201603,3.34061008606845
ZULmwVN4Zfv,201604,3.4981518480816307
ZULmwVN4Zfv,201605,11.745216272080084
ZULmwVN4Zfv,201606,19.29300089918136
ZULmwVN4Zfv,201607,45.703824115991566
ZULmwVN4Zfv,201608,12.01502219555836
ZULmwVN4Zfv,201609,20.494442850595643
ZULmwVN4Zfv,201610,10.284448306648656
ZULmwVN4Zfv,201611,0.5171955446314825
ZULmwVN4Zfv,201612,0.697301778363889
ZULmwVN4Zfv,201701,1.065264806778773
ZULmwVN4Zfv,201702,2.0025536113482327
ZULmwVN4Zfv,201703,5.838705965561212
ZULmwVN4Zfv,201704,7.014473931914175
ZULmwVN4Zfv,201705,9.140120296658456
ZULmwVN4Zfv,201706,16.490155115688086
ZULmwVN4Zfv,201707,24.379247013096656
ZULmwVN4Zfv,201708,25.69847590436066
ZULmwVN4Zfv,201709,9.491475818827167
ZULmwVN4Zfv,201710,5.621959149791962
ZULmwVN4Zfv,201711,1.120719931306036
ZULmwVN4Zfv,201712,0.1822864382828178
ZULmwVN4Zfv,201801,0.593450530118611
ZULmwVN4Zfv,201802,2.027533401382198
ZULmwVN4Zfv,201803,4.884619130404257
ZULmwVN4Zfv,201804,8.22394737766363
ZULmwVN4Zfv,201805,10.832366219994494
ZULmwVN4Zfv,201806,21.315891501306957
ZULmwVN4Zfv,201807,30.5510207508809
ZULmwVN4Zfv,201808,19.363923693274305
ZULmwVN4Zfv,201809,11.009119074289073
ZULmwVN4Zfv,201810,3.275887471912254
ZULmwVN4Zfv,201811,1.3962952825464638
ZULmwVN4Zfv,201812,0.8573678898165281
ZULmwVN4Zfv,201901,1.1220063452552724
ZULmwVN4Zfv,201902,3.211994735479923
ZULmwVN4Zfv,201903,2.9710204295110385
ZULmwVN4Zfv,201904,9.71582768546754
ZULmwVN4Zfv,201905,8.251985672751728
ZULmwVN4Zfv,201906,15.700724709600216
ZULmwVN4Zfv,201907,40.533737693155615
ZULmwVN4Zfv,201908,14.617033661406138
ZULmwVN4Zfv,201909,18.050942901019084
ZULmwVN4Zfv,201910,3.480563714728688
ZULmwVN4Zfv,201911,1.4186727500976684
ZULmwVN4Zfv,201912,0.8655828055772408
ZULmwVN4Zfv,202001,2.008996406148494
ZULmwVN4Zfv,202002,2.397266628191666
ZULmwVN4Zfv,202003,4.233977864608867
ZULmwVN4Zfv,202004,6.914498358337013
ZULmwVN4Zfv,202005,10.741407700037652
ZULmwVN4Zfv,202006,20.705388136081503
ZULmwVN4Zfv,202007,37.26053216704177
ZULmwVN4Zfv,202008,13.640203123285016
ZULmwVN4Zfv,202009,22.911402791966776
ZULmwVN4Zfv,202010,3.581455425388816
ZULmwVN4Zfv,202011,0.410629988666177
ZULmwVN4Zfv,202012,0.535826685227657
ZULmwVN4Zfv,202101,0.901976662815836
ZULmwVN4Zfv,202102,2.242919330609675
ZULmwVN4Zfv,202103,3.524861743383545
ZULmwVN4Zfv,202104,3.333682359331066
ZULmwVN4Zfv,202105,14.478422818961414
ZULmwVN4Zfv,202106,17.383263747860504
ZULmwVN4Zfv,202107,25.9900148695558
ZULmwVN4Zfv,202108,29.649790278834367
ZULmwVN4Zfv,202109,8.061570348484912
ZULmwVN4Zfv,202110,15.099603004892543
ZULmwVN4Zfv,202111,0.5396043575771965
ZULmwVN4Zfv,202112,1.3711549877208526
ZULmwVN4Zfv,202201,1.1236929548249357
ZULmwVN4Zfv,202202,3.442615416654625
ZULmwVN4Zfv,202203,2.542519092224206
ZULmwVN4Zfv,202204,8.502305610500816
ZULmwVN4Zfv,202205,10.965610446585126
ZULmwVN4Zfv,202206,25.197765649489984
ZULmwVN4Zfv,202207,15.469844529272583
ZULmwVN4Zfv,202208,14.102674211589523
ZULmwVN4Zfv,202209,7.010402575960785
ZULmwVN4Zfv,202210,2.9524821838088613
ZULmwVN4Zfv,202211,0.3424634616593883
ZULmwVN4Zfv,202212,0.204217347461226
ZULmwVN4Zfv,202301,0.0808001031583506
ZULmwVN4Zfv,202302,1.422167884243167
ZULmwVN4Zfv,202303,3.47876972745798
ZULmwVN4Zfv,202304,2.2876150311381744
ZULmwVN4Zfv,202305,4.586269546862966
ZULmwVN4Zfv,202306,9.404991795739752
ZULmwVN4Zfv,202307,10.767904110039725
ZULmwVN4Zfv,202308,11.157113670299095
ZULmwVN4Zfv,202309,6.730446051108592
ZULmwVN4Zfv,202310,3.01104437864252
ZULmwVN4Zfv,202311,0.5254626620559221
ZULmwVN4Zfv,202312,0.4005384151176578
ZULmwVN4Zfv,202401,0.6073001502442843
ZULmwVN4Zfv,202402,0.7003730375859053
ZULmwVN4Zfv,202403,4.38237029110705
ZULmwVN4Zfv,202404,1.4147913899828006
ZULmwVN4Zfv,202405,6.8070285173357
ZULmwVN4Zfv,202406,26.87210885849859
ZULmwVN4Zfv,202407,22.506549917488535
ZULmwVN4Zfv,202408,16.434279079699586
ZULmwVN4Zfv,202409,15.00802760311535
ZULmwVN4Zfv,202410,4.9731342320729
ZULmwVN4Zfv,202411,1.3941733429765388
ZULmwVN4Zfv,202412,0.5586583699446496
ZVmULoI6vcV,201601,0.9724944785072616
ZVmULoI6vcV,201602,0.8302847099421572
ZVmULoI6vcV,201603,2.1651532756566114
ZVmULoI6vcV,201604,0.769726534977852
ZVmULoI6vcV,201605,9.421430777757257
ZVmULoI6vcV,201606,14.215968484170103
ZVmULoI6vcV,201607,25.060705181681936
ZVmULoI6vcV,201608,10.989536673905036
ZVmULoI6vcV,201609,18.043182776755945
ZVmULoI6vcV,201610,5.186165155078735
ZVmULoI6vcV,201611,0.2647579497735104
ZVmULoI6vcV,201612,0.460251823307691
ZVmULoI6vcV,201701,0.952075690922736
ZVmULoI6vcV,201702,0.5067876727712125
ZVmULoI6vcV,201703,2.9703810355068567
ZVmULoI6vcV,201704,3.1334502040760497
ZVmULoI6vcV,201705,8.523742445114886
ZVmULoI6vcV,201706,10.933982165254603
ZVmULoI6vcV,201707,19.32979890942176
ZVmULoI6vcV,201708,31.02870286177041
ZVmULoI6vcV,201709,7.466864813724928
ZVmULoI6vcV,201710,1.97896451653188
ZVmULoI6vcV,201711,0.4551203444128708
ZVmULoI6vcV,201712,0.1786876834616784
ZVmULoI6vcV,201801,0.5373250492082123
ZVmULoI6vcV,201802,1.0004793514414712
ZVmULoI6vcV,201803,1.3886815540164676
ZVmULoI6vcV,201804,5.498341295356135
ZVmULoI6vcV,201805,6.874897132943502
ZVmULoI6vcV,201806,14.807556495900217
ZVmULoI6vcV,201807,25.29155314872685
ZVmULoI6vcV,201808,22.1185300451314
ZVmULoI6vcV,201809,8.103990062810405
ZVmULoI6vcV,201810,0.9612492260565244
ZVmULoI6vcV,201811,0.3443783622236002
ZVmULoI6vcV,201812,0.4685696130084658
ZVmULoI6vcV,201901,1.4102892477015232
ZVmULoI6vcV,201902,3.6321615484515903
ZVmULoI6vcV,201903,1.683588773202449
ZVmULoI6vcV,201904,4.912495804926736
ZVmULoI6vcV,201905,2.6472332100873164
ZVmULoI6vcV,201906,6.774439283664245
ZVmULoI6vcV,201907,36.440575019492
ZVmULoI6vcV,201908,13.04577550222853
ZVmULoI6vcV,201909,18.16564108231573
ZVmULoI6vcV,201910,1.771745492912675
ZVmULoI6vcV,201911,0.4675188348609472
ZVmULoI6vcV,201912,1.347462431276957
ZVmULoI6vcV,202001,3.5594993952225917
ZVmULoI6vcV,202002,2.3076658078211425
ZVmULoI6vcV,202003,2.4020377136603708
ZVmULoI6vcV,202004,6.221216014931737
ZVmULoI6vcV,202005,7.549260349325909
ZVmULoI6vcV,202006,20.73988165596407
ZVmULoI6vcV,202007,36.75005577375621
ZVmULoI6vcV,202008,14.805804699081603
ZVmULoI6vcV,202009,13.264590439523149
ZVmULoI6vcV,202010,0.938975792168969
ZVmULoI6vcV,202011,0.2386162886254896
ZVmULoI6vcV,202012,0.211577327537924
ZVmULoI6vcV,202101,0.3598724352977719
ZVmULoI6vcV,202102,0.888575254191723
ZVmULoI6vcV,202103,0.7707732994391977
ZVmULoI6vcV,202104,1.1345831780638171
ZVmULoI6vcV,202105,14.52424484107854
ZVmULoI6vcV,202106,19.111120559902563
ZVmULoI6vcV,202107,31.97457233464464
ZVmULoI6vcV,202108,29.960354284201564
ZVmULoI6vcV,202109,10.599779375416242
ZVmULoI6vcV,202110,7.889861040141893
ZVmULoI6vcV,202111,0.3440100193515606
ZVmULoI6vcV,202112,1.6377936051119455
ZVmULoI6vcV,202201,1.4237056303119204
ZVmULoI6vcV,202202,3.4327517819922435
ZVmULoI6vcV,202203,0.7530427613583983
ZVmULoI6vcV,202204,3.0464341584149626
ZVmULoI6vcV,202205,7.75901807134037
ZVmULoI6vcV,202206,15.236661358837802
ZVmULoI6vcV,202207,19.59563064664917
ZVmULoI6vcV,202208,14.447992317679008
ZVmULoI6vcV,202209,7.821814186737736
ZVmULoI6vcV,202210,2.818369960756113
ZVmULoI6vcV,202211,0.1819008664826321
ZVmULoI6vcV,202212,0.1373482819561707
ZVmULoI6vcV,202301,0.0551830443980717
ZVmULoI6vcV,202302,0.3879042684852387
ZVmULoI6vcV,202303,1.9157732712078444
ZVmULoI6vcV,202304,1.135959094122262
ZVmULoI6vcV,202305,2.51061999195058
ZVmULoI6vcV,202306,6.336930802113403
ZVmULoI6vcV,202307,10.513936524973174
ZVmULoI6vcV,202308,12.03288273198064
ZVmULoI6vcV,202309,5.030837337871048
ZVmULoI6vcV,202310,2.544101470932333
ZVmULoI6vcV,202311,0.3738957429151121
ZVmULoI6vcV,202312,0.3615336542616066
ZVmULoI6vcV,202401,0.3384350302741004
ZVmULoI6vcV,202402,0.3570695092216712
ZVmULoI6vcV,202403,2.5185445101903547
ZVmULoI6vcV,202404,0.1452338265050428
ZVmULoI6vcV,202405,4.639468889272041
ZVmULoI6vcV,202406,14.809839221957196
ZVmULoI6vcV,202407,27.33031510797517
ZVmULoI6vcV,202408,18.70067926533558
ZVmULoI6vcV,202409,21.95141053469004
ZVmULoI6vcV,202410,4.137937284056004
ZVmULoI6vcV,202411,0.7570498776766804
ZVmULoI6vcV,202412,0.2595959636670194
bWmwn3sMsG0,201601,0.7982209705139292
bWmwn3sMsG0,201602,0.5607692444565402
bWmwn3sMsG0,201603,1.0735854777570435
bWmwn3sMsG0,201604,0.5006232220258366
bWmwn3sMsG0,201605,7.484753462292685
bWmwn3sMsG0,201606,15.406955320470225
bWmwn3sMsG0,201607,31.181038642285824
bWmwn3sMsG0,201608,10.35882963125339
bWmwn3sMsG0,201609,10.48491982969493
bWmwn3sMsG0,201610,2.883204249783309
bWmwn3sMsG0,201611,0.1325664664633411
bWmwn3sMsG0,201612,0.2679621204420375
bWmwn3sMsG0,201701,0.612036156636831
bWmwn3sMsG0,201702,0.3053661402500961
bWmwn3sMsG0,201703,2.3238697195894944
bWmwn3sMsG0,201704,3.000563285759753
bWmwn3sMsG0,201705,7.823414452921741
bWmwn3sMsG0,201706,12.323935970582022
bWmwn3sMsG0,201707,20.25824010257817
bWmwn3sMsG0,201708,31.69619813380644
bWmwn3sMsG0,201709,8.878757641048747
bWmwn3sMsG0,201710,1.3504668802389863
bWmwn3sMsG0,201711,0.1671988430505531
bWmwn3sMsG0,201712,0.0601756901274512
bWmwn3sMsG0,201801,0.2753576558822584
bWmwn3sMsG0,201802,0.6861936480963327
bWmwn3sMsG0,201803,0.5760717637757841
bWmwn3sMsG0,201804,4.234989326708642
bWmwn3sMsG0,201805,6.836210875261935
bWmwn3sMsG0,201806,10.865527185705773
bWmwn3sMsG0,201807,22.615641638637506
bWmwn3sMsG0,201808,25.592635087116125
bWmwn3sMsG0,201809,8.397120133204306
bWmwn3sMsG0,201810,0.8233089517683888
bWmwn3sMsG0,201811,0.3059679471472056
bWmwn3sMsG0,201812,0.3374761768938483
bWmwn3sMsG0,201901,1.1507899993958457
bWmwn3sMsG0,201902,3.015281033084873
bWmwn3sMsG0,201903,1.0786153375377794
bWmwn3sMsG0,201904,3.231675010983315
bWmwn3sMsG0,201905,1.7128027242428323
bWmwn3sMsG0,201906,8.450331406492007
bWmwn3sMsG0,201907,22.13101630092913
bWmwn3sMsG0,201908,11.04335250524458
bWmwn3sMsG0,201909,25.32982750651805
bWmwn3sMsG0,201910,1.6763712709899627
bWmwn3sMsG0,201911,0.4746345873641684
bWmwn3sMsG0,201912,0.9211389707074882
bWmwn3sMsG0,202001,4.288598032611839
bWmwn3sMsG0,202002,1.795182012535221
bWmwn3sMsG0,202003,2.2870943566627644
bWmwn3sMsG0,202004,4.508072415525598
bWmwn3sMsG0,202005,4.508710349744865
bWmwn3sMsG0,202006,24.62214560413982
bWmwn3sMsG0,202007,35.50360959985292
bWmwn3sMsG0,202008,17.017564075191185
bWmwn3sMsG0,202009,20.54251784491382
bWmwn3sMsG0,202010,0.6801606668102831
bWmwn3sMsG0,202011,0.1948786422674382
bWmwn3sMsG0,202012,0.2097842660951261
bWmwn3sMsG0,202101,0.209293075429584
bWmwn3sMsG0,202102,0.5570224584473923
bWmwn3sMsG0,202103,0.574122158740826
bWmwn3sMsG0,202104,0.646486531104253
bWmwn3sMsG0,202105,14.53993583312306
bWmwn3sMsG0,202106,23.186627013759505
bWmwn3sMsG0,202107,21.96488137689199
bWmwn3sMsG0,202108,24.880362826907167
bWmwn3sMsG0,202109,10.4883706526959
bWmwn3sMsG0,202110,7.025284457981033
bWmwn3sMsG0,202111,0.1840917666230624
bWmwn3sMsG0,202112,1.3793424348099206
bWmwn3sMsG0,202201,1.2990173986549236
bWmwn3sMsG0,202202,2.7780808649182225
bWmwn3sMsG0,202203,0.2778616943163525
bWmwn3sMsG0,202204,2.082560505166826
bWmwn3sMsG0,202205,7.163733340598792
bWmwn3sMsG0,202206,13.986240953550263
bWmwn3sMsG0,202207,12.281058832608789
bWmwn3sMsG0,202208,10.800469055077675
bWmwn3sMsG0,202209,7.200043607210689
bWmwn3sMsG0,202210,5.25801115498375
bWmwn3sMsG0,202211,0.2253478136144354
bWmwn3sMsG0,202212,0.0419844471181727
bWmwn3sMsG0,202301,0.0306489643309668
bWmwn3sMsG0,202302,0.3138071875682997
bWmwn3sMsG0,202303,0.984421682435398
bWmwn3sMsG0,202304,0.7296882454377757
bWmwn3sMsG0,202305,1.5826654172660557
bWmwn3sMsG0,202306,4.562343025478099
bWmwn3sMsG0,202307,9.392257972646782
bWmwn3sMsG0,202308,5.838786157279444
bWmwn3sMsG0,202309,4.636617767237857
bWmwn3sMsG0,202310,1.9493176046729443
bWmwn3sMsG0,202311,0.2543281827214579
bWmwn3sMsG0,202312,0.0845580838371869
bWmwn3sMsG0,202401,0.1031064607872576
bWmwn3sMsG0,202402,0.2972942112299178
bWmwn3sMsG0,202403,0.8802604193589958
bWmwn3sMsG0,202404,0.0351455155156788
bWmwn3sMsG0,202405,4.002051610114893
bWmwn3sMsG0,202406,12.837766226832956
bWmwn3sMsG0,202407,30.644364144771163
bWmwn3sMsG0,202408,15.566294257582022
bWmwn3sMsG0,202409,23.717381824369586
bWmwn3sMsG0,202410,2.447321325801964
bWmwn3sMsG0,202411,0.717619307791072
bWmwn3sMsG0,202412,0.1108741895773543
bX87SmYR3TJ,201601,0.239949769235491
bX87SmYR3TJ,201602,0.0917196453644424
bX87SmYR3TJ,201603,0.7285518332900519
bX87SmYR3TJ,201604,0.1252483650693061
bX87SmYR3TJ,201605,5.642631571255417
bX87SmYR3TJ,201606,9.086805593360314
bX87SmYR3TJ,201607,12.547724300349806
bX87SmYR3TJ,201608,5.984041301408049
bX87SmYR3TJ,201609,12.402704911314707
bX87SmYR3TJ,201610,2.302178513402949
bX87SmYR3TJ,201611,0.001554794549342
bX87SmYR3TJ,201612,0.056813917415997
bX87SmYR3TJ,201701,0.0844432660360394
bX87SmYR3TJ,201702,0.0166577496442969
bX87SmYR3TJ,201703,1.067301943842256
bX87SmYR3TJ,201704,1.5560538526560417
bX87SmYR3TJ,201705,2.435911062654373
bX87SmYR3TJ,201706,4.956547815579572
bX87SmYR3TJ,201707,10.388850181748628
bX87SmYR3TJ,201708,16.273953232288864
bX87SmYR3TJ,201709,4.86544314355328
bX87SmYR3TJ,201710,2.00182951159573
bX87SmYR3TJ,201711,0.0040420174537696
bX87SmYR3TJ,201712,0.0020217663873469
bX87SmYR3TJ,201801,0.0238500797985196
bX87SmYR3TJ,201802,0.0983283045951494
bX87SmYR3TJ,201803,0.3315315819005499
bX87SmYR3TJ,201804,2.130953930022419
bX87SmYR3TJ,201805,1.921612415591752
bX87SmYR3TJ,201806,8.332392125309873
bX87SmYR3TJ,201807,9.132464906675184
bX87SmYR3TJ,201808,7.7390153276011695
bX87SmYR3TJ,201809,3.650154941632844
bX87SmYR3TJ,201810,0.5254474454234775
bX87SmYR3TJ,201811,0.006529612016058
bX87SmYR3TJ,201812,0.023652024656733
bX87SmYR3TJ,201901,0.1176875780633408
bX87SmYR3TJ,201902,1.8209882998385616
bX87SmYR3TJ,201903,0.3917321134750477
bX87SmYR3TJ,201904,2.2700308869072106
bX87SmYR3TJ,201905,1.057944605689948
bX87SmYR3TJ,201906,3.9345143579467976
bX87SmYR3TJ,201907,22.53635604017507
bX87SmYR3TJ,201908,6.549028442115595
bX87SmYR3TJ,201909,14.992564511982971
bX87SmYR3TJ,201910,0.5955744291881265
bX87SmYR3TJ,201911,0.062350026163631
bX87SmYR3TJ,201912,0.5228297658265305
bX87SmYR3TJ,202001,1.152468784975586
bX87SmYR3TJ,202002,0.6434029150693495
bX87SmYR3TJ,202003,1.0079004152726927
bX87SmYR3TJ,202004,1.1398303887392705
bX87SmYR3TJ,202005,2.8835325112237853
bX87SmYR3TJ,202006,10.371245746428205
bX87SmYR3TJ,202007,21.104841038210928
bX87SmYR3TJ,202008,5.609338080888318
bX87SmYR3TJ,202009,15.58506776114218
bX87SmYR3TJ,202010,0.7579036041394847
bX87SmYR3TJ,202011,0.0080482552001369
bX87SmYR3TJ,202012,0.0207657624756523
bX87SmYR3TJ,202101,0.0265657166346481
bX87SmYR3TJ,202102,0.0767843999134021
bX87SmYR3TJ,202103,0.0549001808984006
bX87SmYR3TJ,202104,0.5362145017401755
bX87SmYR3TJ,202105,8.968675961478851
bX87SmYR3TJ,202106,8.028853880804158
bX87SmYR3TJ,202107,8.826431904607182
bX87SmYR3TJ,202108,12.415897338153368
bX87SmYR3TJ,202109,3.645310750760693
bX87SmYR3TJ,202110,8.309644909911366
bX87SmYR3TJ,202111,0.0036832104622579
bX87SmYR3TJ,202112,0.7224706776451538
bX87SmYR3TJ,202201,0.4202288070146801
bX87SmYR3TJ,202202,0.8907139969476329
bX87SmYR3TJ,202203,0.0580919551667284
bX87SmYR3TJ,202204,0.6040346551355383
bX87SmYR3TJ,202205,2.9057857455387506
bX87SmYR3TJ,202206,8.406162316286213
bX87SmYR3TJ,202207,5.459998294854572
bX87SmYR3TJ,202208,7.033699721788061
bX87SmYR3TJ,202209,3.7417038923719184
bX87SmYR3TJ,202210,1.1120449983238774
bX87SmYR3TJ,202211,0.0109942484771093
bX87SmYR3TJ,202212,0.0014036807648046
bX87SmYR3TJ,202301,0.0061443547184762
bX87SmYR3TJ,202302,0.0067307721376281
bX87SmYR3TJ,202303,0.8395019678624429
bX87SmYR3TJ,202304,0.2489222762953636
bX87SmYR3TJ,202305,0.711370580834359
bX87SmYR3TJ,202306,2.1151438264628206
bX87SmYR3TJ,202307,4.594048104706421
bX87SmYR3TJ,202308,5.98880610098355
bX87SmYR3TJ,202309,4.709055433009151
bX87SmYR3TJ,202310,1.4636054080171577
bX87SmYR3TJ,202311,0.0274498551116773
bX87SmYR3TJ,202312,0.0642242860554775
bX87SmYR3TJ,202401,0.0357774857442382
bX87SmYR3TJ,202402,0.1280691250132603
bX87SmYR3TJ,202403,1.6108914280726594
bX87SmYR3TJ,202404,0.0111209417936151
bX87SmYR3TJ,202405,1.8559535545418235
bX87SmYR3TJ,202406,4.414774865535012
bX87SmYR3TJ,202407,13.603009367363004
bX87SmYR3TJ,202408,7.754148804857997
bX87SmYR3TJ,202409,9.214723662325897
bX87SmYR3TJ,202410,0.952432130775123
bX87SmYR3TJ,202411,0.0692724892765685
bX87SmYR3TJ,202412,0.0254189649737495
bjS2Lp3tLxv,201601,0.5017661593719676
bjS2Lp3tLxv,201602,0.3173058999211308
bjS2Lp3tLxv,201603,0.6114236291758479
bjS2Lp3tLxv,201604,0.1331289973592719
bjS2Lp3tLxv,201605,2.9690065833813057
bjS2Lp3tLxv,201606,6.639677459837436
bjS2Lp3tLxv,201607,24.37076036778341
bjS2Lp3tLxv,201608,7.182993536491748
bjS2Lp3tLxv,201609,7.051560891704238
bjS2Lp3tLxv,201610,1.9095693779128664
bjS2Lp3tLxv,201611,0.0513108632508702
bjS2Lp3tLxv,201612,0.1277135117564411
bjS2Lp3tLxv,201701,0.6319046234888112
bjS2Lp3tLxv,201702,0.2062298253848055
bjS2Lp3tLxv,201703,0.8086059079449027
bjS2Lp3tLxv,201704,1.1445619323902083
bjS2Lp3tLxv,201705,3.83479708106972
bjS2Lp3tLxv,201706,6.253612321652341
bjS2Lp3tLxv,201707,16.667557380336003
bjS2Lp3tLxv,201708,12.23056715913978
bjS2Lp3tLxv,201709,5.136245987375943
bjS2Lp3tLxv,201710,0.7319803359197513
bjS2Lp3tLxv,201711,0.0852528811674623
bjS2Lp3tLxv,201712,0.0859130908079331
bjS2Lp3tLxv,201801,0.1241801412276307
bjS2Lp3tLxv,201802,0.1379456244416015
bjS2Lp3tLxv,201803,0.2222341952148362
bjS2Lp3tLxv,201804,1.788031294844164
bjS2Lp3tLxv,201805,2.5362838925375177
bjS2Lp3tLxv,201806,4.1269716269341
bjS2Lp3tLxv,201807,18.951676899361612
bjS2Lp3tLxv,201808,16.943746099616472
bjS2Lp3tLxv,201809,4.00601085713952
bjS2Lp3tLxv,201810,0.1659986101579295
bjS2Lp3tLxv,201811,0.0700658120268174
bjS2Lp3tLxv,201812,0.0766337225825865
bjS2Lp3tLxv,201901,0.9125637495955922
bjS2Lp3tLxv,201902,2.424346774273345
bjS2Lp3tLxv,201903,0.3394256473473489
bjS2Lp3tLxv,201904,1.3464839284990833
bjS2Lp3tLxv,201905,0.4492323804897453
bjS2Lp3tLxv,201906,5.15880181245159
bjS2Lp3tLxv,201907,17.872686519617783
bjS2Lp3tLxv,201908,9.835948535643588
bjS2Lp3tLxv,201909,15.593046689640945
bjS2Lp3tLxv,201910,1.214998242251395
bjS2Lp3tLxv,201911,0.1856888217164081
bjS2Lp3tLxv,201912,0.6200016942877374
bjS2Lp3tLxv,202001,3.26135837564097
bjS2Lp3tLxv,202002,1.028156429520533
bjS2Lp3tLxv,202003,0.9738519750787684
bjS2Lp3tLxv,202004,2.2893828252419497
bjS2Lp3tLxv,202005,2.147946373697362
bjS2Lp3tLxv,202006,23.36164074514641
bjS2Lp3tLxv,202007,17.811058043589302
bjS2Lp3tLxv,202008,8.85401311829085
bjS2Lp3tLxv,202009,12.0826979459337
bjS2Lp3tLxv,202010,0.3709727837738961
bjS2Lp3tLxv,202011,0.2662280948312491
bjS2Lp3tLxv,202012,0.0282418752007047
bjS2Lp3tLxv,202101,0.0719980291627235
bjS2Lp3tLxv,202102,0.2707223789171031
bjS2Lp3tLxv,202103,0.1321033506599638
bjS2Lp3tLxv,202104,0.3604849880887844
bjS2Lp3tLxv,202105,9.253575574331183
bjS2Lp3tLxv,202106,17.531088740879447
bjS2Lp3tLxv,202107,14.115094851171264
bjS2Lp3tLxv,202108,14.214627427476817
bjS2Lp3tLxv,202109,7.6959838487931105
bjS2Lp3tLxv,202110,3.831577058857913
bjS2Lp3tLxv,202111,0.0824355460926324
bjS2Lp3tLxv,202112,0.9253020018161876
bjS2Lp3tLxv,202201,0.888574603240742
bjS2Lp3tLxv,202202,1.256301792013266
bjS2Lp3tLxv,202203,0.0959906437578404
bjS2Lp3tLxv,202204,0.2695957233170645
bjS2Lp3tLxv,202205,3.1832989591276357
bjS2Lp3tLxv,202206,8.42308053423456
bjS2Lp3tLxv,202207,10.469122398540785
bjS2Lp3tLxv,202208,6.976403972799884
bjS2Lp3tLxv,202209,5.180933489957117
bjS2Lp3tLxv,202210,5.42301333993961
bjS2Lp3tLxv,202211,0.1168149145894079
bjS2Lp3tLxv,202212,0.0069594272751162
bjS2Lp3tLxv,202301,0.0722890665247914
bjS2Lp3tLxv,202302,0.0156489488438153
bjS2Lp3tLxv,202303,0.5845072853602999
bjS2Lp3tLxv,202304,0.5090422928569748
bjS2Lp3tLxv,202305,1.051613435447643
bjS2Lp3tLxv,202306,3.135317491775844
bjS2Lp3tLxv,202307,7.706147470421734
bjS2Lp3tLxv,202308,5.253543777915642
bjS2Lp3tLxv,202309,3.408395121122588
bjS2Lp3tLxv,202310,1.989541993264016
bjS2Lp3tLxv,202311,0.071995774636935
bjS2Lp3tLxv,202312,0.0858625146625835
bjS2Lp3tLxv,202401,0.0510391904870532
bjS2Lp3tLxv,202402,0.2870846106102689
bjS2Lp3tLxv,202403,0.6050453329826672
bjS2Lp3tLxv,202404,0.0157199235915684
bjS2Lp3tLxv,202405,1.2249095408052173
bjS2Lp3tLxv,202406,4.282697252981468
bjS2Lp3tLxv,202407,18.80797327833109
bjS2Lp3tLxv,202408,11.293806237677172
bjS2Lp3tLxv,202409,13.435090095065796
bjS2Lp3tLxv,202410,0.8748424712550029
bjS2Lp3tLxv,202411,0.3949269004267718
bjS2Lp3tLxv,202412,0.1284998362398728
cMWLZfK0O4z,201601,1.0129232282398983
cMWLZfK0O4z,201602,0.9016515347983336
cMWLZfK0O4z,201603,0.8008614723571527
cMWLZfK0O4z,201604,0.4430106197407011
cMWLZfK0O4z,201605,7.342475130490536
cMWLZfK0O4z,201606,13.723959453020472
cMWLZfK0O4z,201607,34.15093814990621
cMWLZfK0O4z,201608,12.665845904466778
cMWLZfK0O4z,201609,8.932262473375841
cMWLZfK0O4z,201610,3.203299683563934
cMWLZfK0O4z,201611,0.2234249266731317
cMWLZfK0O4z,201612,0.2704094508984153
cMWLZfK0O4z,201701,0.7316909386024829
cMWLZfK0O4z,201702,0.4579733807703168
cMWLZfK0O4z,201703,1.7846413657358684
cMWLZfK0O4z,201704,2.169385187297112
cMWLZfK0O4z,201705,8.134177508378883
cMWLZfK0O4z,201706,9.625359435364487
cMWLZfK0O4z,201707,22.731904509814797
cMWLZfK0O4z,201708,24.83127763407677
cMWLZfK0O4z,201709,8.832658141353816
cMWLZfK0O4z,201710,1.5691144853679548
cMWLZfK0O4z,201711,0.3074171798672346
cMWLZfK0O4z,201712,0.0818967395858246
cMWLZfK0O4z,201801,0.2894599552899607
cMWLZfK0O4z,201802,0.5950258408662337
cMWLZfK0O4z,201803,0.5194243940258807
cMWLZfK0O4z,201804,3.502493336729871
cMWLZfK0O4z,201805,6.044983862616052
cMWLZfK0O4z,201806,9.325450725103943
cMWLZfK0O4z,201807,24.05341508010837
cMWLZfK0O4z,201808,25.167033762919075
cMWLZfK0O4z,201809,7.306869709464396
cMWLZfK0O4z,201810,0.7693676357815783
cMWLZfK0O4z,201811,0.5143854409199297
cMWLZfK0O4z,201812,0.4916215669434375
cMWLZfK0O4z,201901,1.2547563171970588
cMWLZfK0O4z,201902,2.8992671312754554
cMWLZfK0O4z,201903,1.0949799889472998
cMWLZfK0O4z,201904,3.3904917104778725
cMWLZfK0O4z,201905,1.3957409747908387
cMWLZfK0O4z,201906,7.135942998418158
cMWLZfK0O4z,201907,22.2309507932122
cMWLZfK0O4z,201908,14.216496171734242
cMWLZfK0O4z,201909,23.85050981167569
cMWLZfK0O4z,201910,2.074706150514228
cMWLZfK0O4z,201911,0.812961423037463
cMWLZfK0O4z,201912,0.8706746877121195
cMWLZfK0O4z,202001,4.2019186257985375
cMWLZfK0O4z,202002,2.024370647224689
cMWLZfK0O4z,202003,1.9272589904907351
cMWLZfK0O4z,202004,4.677610309741563
cMWLZfK0O4z,202005,4.439867099537127
cMWLZfK0O4z,202006,25.894234135797163
cMWLZfK0O4z,202007,29.990979582916804
cMWLZfK0O4z,202008,19.322727127241954
cMWLZfK0O4z,202009,18.17675271561079
cMWLZfK0O4z,202010,0.9202862259536108
cMWLZfK0O4z,202011,0.4385130721157588
cMWLZfK0O4z,202012,0.4422490484228178
cMWLZfK0O4z,202101,0.2376062524481596
cMWLZfK0O4z,202102,0.8223454642130265
cMWLZfK0O4z,202103,0.5071805978862622
cMWLZfK0O4z,202104,0.5569085166645481
cMWLZfK0O4z,202105,12.483065174057366
cMWLZfK0O4z,202106,25.14610352357721
cMWLZfK0O4z,202107,18.6348692829596
cMWLZfK0O4z,202108,23.29640790169405
cMWLZfK0O4z,202109,9.7678011536726
cMWLZfK0O4z,202110,7.867811070858323
cMWLZfK0O4z,202111,0.6118241047353743
cMWLZfK0O4z,202112,1.542175286217658
cMWLZfK0O4z,202201,1.491965455604727
cMWLZfK0O4z,202202,2.9200655968341
cMWLZfK0O4z,202203,0.3795197192841527
cMWLZfK0O4z,202204,1.562008000399972
cMWLZfK0O4z,202205,6.957762459020618
cMWLZfK0O4z,202206,15.318143476168142
cMWLZfK0O4z,202207,14.952582472893964
cMWLZfK0O4z,202208,10.485035441136397
cMWLZfK0O4z,202209,6.626031535016855
cMWLZfK0O4z,202210,6.221228012035572
cMWLZfK0O4z,202211,0.3441526532665477
cMWLZfK0O4z,202212,0.0926964919605802
cMWLZfK0O4z,202301,0.0764133220580006
cMWLZfK0O4z,202302,0.2680608668690357
cMWLZfK0O4z,202303,1.2658427466523046
cMWLZfK0O4z,202304,0.8210828957207724
cMWLZfK0O4z,202305,1.8281147017806263
cMWLZfK0O4z,202306,4.5498865260135855
cMWLZfK0O4z,202307,13.099557031094651
cMWLZfK0O4z,202308,6.203572094631666
cMWLZfK0O4z,202309,5.843229138673614
cMWLZfK0O4z,202310,2.3441374844770926
cMWLZfK0O4z,202311,0.2977759280363058
cMWLZfK0O4z,202312,0.1745782848241378
cMWLZfK0O4z,202401,0.2335274282647206
cMWLZfK0O4z,202402,0.3487372014488241
cMWLZfK0O4z,202403,1.0211363660027135
cMWLZfK0O4z,202404,0.0373835206737668
cMWLZfK0O4z,202405,3.2234154137406588
cMWLZfK0O4z,202406,8.68483119581322
cMWLZfK0O4z,202407,31.74695142783236
cMWLZfK0O4z,202408,15.67509070626818
cMWLZfK0O4z,202409,18.715519140071624
cMWLZfK0O4z,202410,2.551237004410712
cMWLZfK0O4z,202411,1.1730787069384665
cMWLZfK0O4z,202412,0.2052315771478746
eW2b8SUYRWt,201601,1.3429334903850974
eW2b8SUYRWt,201602,0.4983774621597337
eW2b8SUYRWt,201603,1.7185054100851929
eW2b8SUYRWt,201604,1.5548960044012006
eW2b8SUYRWt,201605,9.110371474098027
eW2b8SUYRWt,201606,13.157031055534263
eW2b8SUYRWt,201607,34.397352423502355
eW2b8SUYRWt,201608,7.034966849233803
eW2b8SUYRWt,201609,17.23922978004806
eW2b8SUYRWt,201610,3.813679846253676
eW2b8SUYRWt,201611,0.0332603003883115
eW2b8SUYRWt,201612,0.1779272809177392
eW2b8SUYRWt,201701,0.6188178583305645
eW2b8SUYRWt,201702,0.6807695344114306
eW2b8SUYRWt,201703,3.800176422412088
eW2b8SUYRWt,201704,4.733722968134285
eW2b8SUYRWt,201705,6.552703596397668
eW2b8SUYRWt,201706,12.107187014369613
eW2b8SUYRWt,201707,17.735799692254602
eW2b8SUYRWt,201708,21.96693815389896
eW2b8SUYRWt,201709,6.99511663895421
eW2b8SUYRWt,201710,3.4227224180449274
eW2b8SUYRWt,201711,0.1072686696695839
eW2b8SUYRWt,201712,0.0716397295560915
eW2b8SUYRWt,201801,0.3729882561217918
eW2b8SUYRWt,201802,1.0015539122422283
eW2b8SUYRWt,201803,2.619828900892181
eW2b8SUYRWt,201804,6.276046012074797
eW2b8SUYRWt,201805,7.068785756386539
eW2b8SUYRWt,201806,18.48468335463126
eW2b8SUYRWt,201807,21.54885507003422
eW2b8SUYRWt,201808,14.999827604310592
eW2b8SUYRWt,201809,7.870058762123545
eW2b8SUYRWt,201810,1.6804836971842945
eW2b8SUYRWt,201811,0.3972037680207478
eW2b8SUYRWt,201812,0.2991214520766863
eW2b8SUYRWt,201901,0.3865926611421129
eW2b8SUYRWt,201902,2.589682256662017
eW2b8SUYRWt,201903,1.476722054653262
eW2b8SUYRWt,201904,5.296074613966077
eW2b8SUYRWt,201905,5.985787808180593
eW2b8SUYRWt,201906,13.519435821899444
eW2b8SUYRWt,201907,35.03545190619244
eW2b8SUYRWt,201908,10.126296931623338
eW2b8SUYRWt,201909,14.542481904256356
eW2b8SUYRWt,201910,1.811767819537606
eW2b8SUYRWt,201911,0.3475155705404549
eW2b8SUYRWt,201912,0.5501810770244261
eW2b8SUYRWt,202001,1.6231233178316524
eW2b8SUYRWt,202002,1.092209556569244
eW2b8SUYRWt,202003,2.117808578549208
eW2b8SUYRWt,202004,4.925110748658089
eW2b8SUYRWt,202005,6.905680039403307
eW2b8SUYRWt,202006,13.163886542077496
eW2b8SUYRWt,202007,26.034383753694414
eW2b8SUYRWt,202008,7.320532160037599
eW2b8SUYRWt,202009,19.439587502843438
eW2b8SUYRWt,202010,1.2996641935163933
eW2b8SUYRWt,202011,0.1733006920328982
eW2b8SUYRWt,202012,0.1658617760351995
eW2b8SUYRWt,202101,0.5112210127521698
eW2b8SUYRWt,202102,0.5539923672357192
eW2b8SUYRWt,202103,1.2272366627388906
eW2b8SUYRWt,202104,2.028136945907866
eW2b8SUYRWt,202105,11.753669203170274
eW2b8SUYRWt,202106,13.868670130856502
eW2b8SUYRWt,202107,21.049083572133608
eW2b8SUYRWt,202108,21.09289534375909
eW2b8SUYRWt,202109,5.463903890876689
eW2b8SUYRWt,202110,11.628404730783377
eW2b8SUYRWt,202111,0.0775831610434548
eW2b8SUYRWt,202112,0.793073174906629
eW2b8SUYRWt,202201,0.5072668985278274
eW2b8SUYRWt,202202,2.290468196999849
eW2b8SUYRWt,202203,0.6112885029651401
eW2b8SUYRWt,202204,5.008983322781575
eW2b8SUYRWt,202205,6.59231358720261
eW2b8SUYRWt,202206,18.49571119854506
eW2b8SUYRWt,202207,9.076335553373584
eW2b8SUYRWt,202208,8.246262345680453
eW2b8SUYRWt,202209,5.918336426453208
eW2b8SUYRWt,202210,1.8751997330299308
eW2b8SUYRWt,202211,0.142796486156925
eW2b8SUYRWt,202212,0.0328498402706729
eW2b8SUYRWt,202301,0.053357604960295
eW2b8SUYRWt,202302,0.4164682023984702
eW2b8SUYRWt,202303,1.725136617665277
eW2b8SUYRWt,202304,1.1341167651054227
eW2b8SUYRWt,202305,2.0512310027988
eW2b8SUYRWt,202306,6.22189630561056
eW2b8SUYRWt,202307,8.017435704948397
eW2b8SUYRWt,202308,7.604198228503561
eW2b8SUYRWt,202309,5.967302598680256
eW2b8SUYRWt,202310,2.068508487577877
eW2b8SUYRWt,202311,0.0974458635971345
eW2b8SUYRWt,202312,0.1794330555040527
eW2b8SUYRWt,202401,0.1181128651689117
eW2b8SUYRWt,202402,0.2975700423965559
eW2b8SUYRWt,202403,2.722467212288765
eW2b8SUYRWt,202404,0.1881006306653679
eW2b8SUYRWt,202405,4.26965612699866
eW2b8SUYRWt,202406,19.12750155325443
eW2b8SUYRWt,202407,21.518459351567888
eW2b8SUYRWt,202408,14.49801962193891
eW2b8SUYRWt,202409,15.223472477764506
eW2b8SUYRWt,202410,3.1041531895811456
eW2b8SUYRWt,202411,0.2115725870542039
eW2b8SUYRWt,202412,0.2008267809178303
ebbAyOhorzo,201601,0.2002490291221975
ebbAyOhorzo,201602,0.2025461942552636
ebbAyOhorzo,201603,0.5197366337044987
ebbAyOhorzo,201604,0.0809409798912671
ebbAyOhorzo,201605,4.221583072459923
ebbAyOhorzo,201606,11.366221572681662
ebbAyOhorzo,201607,25.52903322201491
ebbAyOhorzo,201608,7.045108416453591
ebbAyOhorzo,201609,7.619483655053252
ebbAyOhorzo,201610,2.039890309601168
ebbAyOhorzo,201611,0.0425562381491809
ebbAyOhorzo,201612,0.0931917741764999
ebbAyOhorzo,201701,0.211900496474832
ebbAyOhorzo,201702,0.0627946005612162
ebbAyOhorzo,201703,1.2380065304156027
ebbAyOhorzo,201704,1.916762957174554
ebbAyOhorzo,201705,4.797970899206917
ebbAyOhorzo,201706,8.036742784402888
ebbAyOhorzo,201707,14.512953208655642
ebbAyOhorzo,201708,25.982800028960717
ebbAyOhorzo,201709,5.636232732900033
ebbAyOhorzo,201710,0.801606676576476
ebbAyOhorzo,201711,0.0297148814369512
ebbAyOhorzo,201712,0.0153443314024001
ebbAyOhorzo,201801,0.1614586768855942
ebbAyOhorzo,201802,0.1209225374551212
ebbAyOhorzo,201803,0.1112468122056615
ebbAyOhorzo,201804,1.8038795843846616
ebbAyOhorzo,201805,3.281234168436
ebbAyOhorzo,201806,6.309736791976127
ebbAyOhorzo,201807,18.28263890798944
ebbAyOhorzo,201808,15.589910505129312
ebbAyOhorzo,201809,4.792071013562933
ebbAyOhorzo,201810,0.2949145708424969
ebbAyOhorzo,201811,0.0347820120529108
ebbAyOhorzo,201812,0.0203794193662863
ebbAyOhorzo,201901,0.6622031217907429
ebbAyOhorzo,201902,1.9957310429761548
ebbAyOhorzo,201903,0.2656636755074634
ebbAyOhorzo,201904,1.69761351464814
ebbAyOhorzo,201905,0.4724636710520503
ebbAyOhorzo,201906,4.624961247653717
ebbAyOhorzo,201907,17.183779950212266
ebbAyOhorzo,201908,7.984987193783684
ebbAyOhorzo,201909,19.29514753541584
ebbAyOhorzo,201910,0.8298543715363472
ebbAyOhorzo,201911,0.1917120619216762
ebbAyOhorzo,201912,0.6613435785326277
ebbAyOhorzo,202001,2.6875763312068157
ebbAyOhorzo,202002,1.1161491881145362
ebbAyOhorzo,202003,1.005849392111707
ebbAyOhorzo,202004,2.004001662687625
ebbAyOhorzo,202005,1.8277920110541437
ebbAyOhorzo,202006,14.994746714492129
ebbAyOhorzo,202007,27.202892926757517
ebbAyOhorzo,202008,8.918766835081698
ebbAyOhorzo,202009,15.27340790837714
ebbAyOhorzo,202010,0.3501512178454534
ebbAyOhorzo,202011,0.017293221672401
ebbAyOhorzo,202012,0.023893276710728
ebbAyOhorzo,202101,0.1013832099552911
ebbAyOhorzo,202102,0.1370704722348358
ebbAyOhorzo,202103,0.1245926038577692
ebbAyOhorzo,202104,0.264247636311291
ebbAyOhorzo,202105,14.384740082617606
ebbAyOhorzo,202106,17.519990429259416
ebbAyOhorzo,202107,12.47772803603874
ebbAyOhorzo,202108,17.092392612609334
ebbAyOhorzo,202109,8.544308627888753
ebbAyOhorzo,202110,4.429157895806511
ebbAyOhorzo,202111,0.0498274430649057
ebbAyOhorzo,202112,1.1862642463847763
ebbAyOhorzo,202201,0.5173916310964931
ebbAyOhorzo,202202,1.584525011547272
ebbAyOhorzo,202203,0.0610764163768506
ebbAyOhorzo,202204,0.5550028498828521
ebbAyOhorzo,202205,2.7361538080220678
ebbAyOhorzo,202206,11.937771120081315
ebbAyOhorzo,202207,8.557806165454203
ebbAyOhorzo,202208,7.356134781889937
ebbAyOhorzo,202209,4.538952149429143
ebbAyOhorzo,202210,2.65441428725735
ebbAyOhorzo,202211,0.0789619342484167
ebbAyOhorzo,202212,0.0512605798251005
ebbAyOhorzo,202301,0.0187926662741877
ebbAyOhorzo,202302,0.059709427926387
ebbAyOhorzo,202303,0.4249355152281829
ebbAyOhorzo,202304,0.2399138912218428
ebbAyOhorzo,202305,0.6579635898127701
ebbAyOhorzo,202306,2.229834356330991
ebbAyOhorzo,202307,5.719836786607467
ebbAyOhorzo,202308,3.675013197153406
ebbAyOhorzo,202309,3.10785817116701
ebbAyOhorzo,202310,1.028073594263116
ebbAyOhorzo,202311,0.0552736142366686
ebbAyOhorzo,202312,0.011301536182592
ebbAyOhorzo,202401,0.0269439053462791
ebbAyOhorzo,202402,0.1319070787033691
ebbAyOhorzo,202403,0.222254972570356
ebbAyOhorzo,202404,0.0074576657003477
ebbAyOhorzo,202405,2.1435402606718927
ebbAyOhorzo,202406,6.712496420186888
ebbAyOhorzo,202407,18.100175015308757
ebbAyOhorzo,202408,10.822920892674093
ebbAyOhorzo,202409,19.11900227345426
ebbAyOhorzo,202410,1.0442819150804163
ebbAyOhorzo,202411,0.2648786860026564
ebbAyOhorzo,202412,0.0898052511223467
elOK8Y2b3Qn,201601,1.2722011573161345
elOK8Y2b3Qn,201602,1.0917294350778604
elOK8Y2b3Qn,201603,2.2827520425570427
elOK8Y2b3Qn,201604,0.9010957263667856
elOK8Y2b3Qn,201605,8.140859335750871
elOK8Y2b3Qn,201606,15.80904380123317
elOK8Y2b3Qn,201607,29.295151158115072
elOK8Y2b3Qn,201608,10.356629616562548
elOK8Y2b3Qn,201609,19.406468128732158
elOK8Y2b3Qn,201610,5.050003559311218
elOK8Y2b3Qn,201611,0.312459004666012
elOK8Y2b3Qn,201612,0.5513909676402445
elOK8Y2b3Qn,201701,1.1001549471609695
elOK8Y2b3Qn,201702,0.5195808328605798
elOK8Y2b3Qn,201703,3.595471559590115
elOK8Y2b3Qn,201704,3.293170976138529
elOK8Y2b3Qn,201705,8.63722291074241
elOK8Y2b3Qn,201706,12.49159061413202
elOK8Y2b3Qn,201707,23.013116267554626
elOK8Y2b3Qn,201708,35.22455854854061
elOK8Y2b3Qn,201709,7.358792029378152
elOK8Y2b3Qn,201710,1.7470880534180728
elOK8Y2b3Qn,201711,0.6810686859281758
elOK8Y2b3Qn,201712,0.2508142070939308
elOK8Y2b3Qn,201801,0.5144763809157054
elOK8Y2b3Qn,201802,0.9036836559969093
elOK8Y2b3Qn,201803,1.4879949601680864
elOK8Y2b3Qn,201804,6.0153285766408295
elOK8Y2b3Qn,201805,6.737961702801772
elOK8Y2b3Qn,201806,16.257976583610674
elOK8Y2b3Qn,201807,28.097536600753937
elOK8Y2b3Qn,201808,24.72157230803389
elOK8Y2b3Qn,201809,8.734958176970476
elOK8Y2b3Qn,201810,0.9992368134879992
elOK8Y2b3Qn,201811,0.5626008355474464
elOK8Y2b3Qn,201812,0.7175393660709065
elOK8Y2b3Qn,201901,2.076445267974428
elOK8Y2b3Qn,201902,4.6275763244175465
elOK8Y2b3Qn,201903,1.9891271016036665
elOK8Y2b3Qn,201904,5.152496785018122
elOK8Y2b3Qn,201905,2.177000956239086
elOK8Y2b3Qn,201906,7.852142059147497
elOK8Y2b3Qn,201907,35.71650046505759
elOK8Y2b3Qn,201908,13.912918971169116
elOK8Y2b3Qn,201909,20.804649969456
elOK8Y2b3Qn,201910,1.659114149024249
elOK8Y2b3Qn,201911,0.5871262228396321
elOK8Y2b3Qn,201912,1.4925094104299432
elOK8Y2b3Qn,202001,4.797068667817484
elOK8Y2b3Qn,202002,2.712090293984049
elOK8Y2b3Qn,202003,2.75809852150993
elOK8Y2b3Qn,202004,6.242874395992255
elOK8Y2b3Qn,202005,8.704027670154158
elOK8Y2b3Qn,202006,24.66405365162586
elOK8Y2b3Qn,202007,35.19164170965427
elOK8Y2b3Qn,202008,17.446983158259687
elOK8Y2b3Qn,202009,13.3850343786261
elOK8Y2b3Qn,202010,0.9961145052378864
elOK8Y2b3Qn,202011,0.3267094897899324
elOK8Y2b3Qn,202012,0.1718327077293632
elOK8Y2b3Qn,202101,0.245316583974044
elOK8Y2b3Qn,202102,1.4850299259319122
elOK8Y2b3Qn,202103,0.918373969384826
elOK8Y2b3Qn,202104,1.1782025789328343
elOK8Y2b3Qn,202105,13.887916167451303
elOK8Y2b3Qn,202106,21.067923020887747
elOK8Y2b3Qn,202107,33.22682649090815
elOK8Y2b3Qn,202108,30.910837133382305
elOK8Y2b3Qn,202109,12.376941402011138
elOK8Y2b3Qn,202110,9.688702847568328
elOK8Y2b3Qn,202111,0.6233023959247528
elOK8Y2b3Qn,202112,2.122353840276634
elOK8Y2b3Qn,202201,1.937590270646628
elOK8Y2b3Qn,202202,3.991362157012953
elOK8Y2b3Qn,202203,0.8976189579853033
elOK8Y2b3Qn,202204,2.3755910017870057
elOK8Y2b3Qn,202205,8.195579122705619
elOK8Y2b3Qn,202206,15.339048763332809
elOK8Y2b3Qn,202207,19.3708483354804
elOK8Y2b3Qn,202208,14.894804249693252
elOK8Y2b3Qn,202209,7.739687980188703
elOK8Y2b3Qn,202210,3.3782338039001854
elOK8Y2b3Qn,202211,0.2668719368421993
elOK8Y2b3Qn,202212,0.1711337516156457
elOK8Y2b3Qn,202301,0.0758323633261861
elOK8Y2b3Qn,202302,0.3473905126558287
elOK8Y2b3Qn,202303,2.271727796298213
elOK8Y2b3Qn,202304,1.4256017435622257
elOK8Y2b3Qn,202305,2.87684394217116
elOK8Y2b3Qn,202306,6.411472203235211
elOK8Y2b3Qn,202307,10.420342744786506
elOK8Y2b3Qn,202308,11.931653342917018
elOK8Y2b3Qn,202309,5.060183097139868
elOK8Y2b3Qn,202310,2.745801102046268
elOK8Y2b3Qn,202311,0.4507105114979173
elOK8Y2b3Qn,202312,0.4302273756887536
elOK8Y2b3Qn,202401,0.4831673618008162
elOK8Y2b3Qn,202402,0.4001870487756153
elOK8Y2b3Qn,202403,2.319842595164437
elOK8Y2b3Qn,202404,0.1856588624141281
elOK8Y2b3Qn,202405,4.52372307044094
elOK8Y2b3Qn,202406,15.746591899781134
elOK8Y2b3Qn,202407,28.73860203536925
elOK8Y2b3Qn,202408,17.543215885054483
elOK8Y2b3Qn,202409,23.779863833737867
elOK8Y2b3Qn,202410,2.812532022744473
elOK8Y2b3Qn,202411,1.308414828319595
elOK8Y2b3Qn,202412,0.3463435471256243
ewPc6zXy53n,201601,1.6490769122987532
ewPc6zXy53n,201602,1.7550944572491218
ewPc6zXy53n,201603,1.8126727507350389
ewPc6zXy53n,201604,1.326604026764352
ewPc6zXy53n,201605,2.324961045846026
ewPc6zXy53n,201606,3.760725274916823
ewPc6zXy53n,201607,8.198392791113253
ewPc6zXy53n,201608,6.449154595538116
ewPc6zXy53n,201609,2.057133713155872
ewPc6zXy53n,201610,1.3332745466552254
ewPc6zXy53n,201611,0.2266412262326168
ewPc6zXy53n,201612,0.5755179153803527
ewPc6zXy53n,201701,2.8864278761657864
ewPc6zXy53n,201702,1.958063884376367
ewPc6zXy53n,201703,2.5596949204085018
ewPc6zXy53n,201704,2.3089433627837934
ewPc6zXy53n,201705,2.384236209703273
ewPc6zXy53n,201706,3.5926486634129984
ewPc6zXy53n,201707,9.587973261407114
ewPc6zXy53n,201708,6.547865803044791
ewPc6zXy53n,201709,3.2344738793568397
ewPc6zXy53n,201710,0.9160494292377438
ewPc6zXy53n,201711,0.9587654642001692
ewPc6zXy53n,201712,1.4043227298560623
ewPc6zXy53n,201801,0.9637806329594422
ewPc6zXy53n,201802,2.450273939159959
ewPc6zXy53n,201803,1.4826012946601688
ewPc6zXy53n,201804,1.1587284876403792
ewPc6zXy53n,201805,1.869234624342749
ewPc6zXy53n,201806,3.2789327036506646
ewPc6zXy53n,201807,8.89242117709654
ewPc6zXy53n,201808,9.719359471507747
ewPc6zXy53n,201809,3.4028771917010348
ewPc6zXy53n,201810,0.663871948690799
ewPc6zXy53n,201811,1.4400971478232412
ewPc6zXy53n,201812,0.8033278675948592
ewPc6zXy53n,201901,4.985142765757851
ewPc6zXy53n,201902,6.646225720610508
ewPc6zXy53n,201903,2.0762733335408026
ewPc6zXy53n,201904,1.1255804461365575
ewPc6zXy53n,201905,1.704428353420555
ewPc6zXy53n,201906,2.5994185653351733
ewPc6zXy53n,201907,6.653847219112393
ewPc6zXy53n,201908,7.270684016742036
ewPc6zXy53n,201909,4.701685436852558
ewPc6zXy53n,201910,0.938411147881438
ewPc6zXy53n,201911,2.387998937868163
ewPc6zXy53n,201912,2.38077902148714
ewPc6zXy53n,202001,5.629128902699472
ewPc6zXy53n,202002,0.4922043256145378
ewPc6zXy53n,202003,2.817008887540557
ewPc6zXy53n,202004,2.0406325655691826
ewPc6zXy53n,202005,1.9148794099468456
ewPc6zXy53n,202006,3.9978213852622826
ewPc6zXy53n,202007,7.961733499373325
ewPc6zXy53n,202008,6.94628989477198
ewPc6zXy53n,202009,3.120946693146199
ewPc6zXy53n,202010,0.2675753690136557
ewPc6zXy53n,202011,1.8805013882998276
ewPc6zXy53n,202012,0.4658101375356059
ewPc6zXy53n,202101,1.9070548254752804
ewPc6zXy53n,202102,1.1293189186166694
ewPc6zXy53n,202103,1.7472891284061909
ewPc6zXy53n,202104,3.260517054649789
ewPc6zXy53n,202105,4.760799484325139
ewPc6zXy53n,202106,7.271938925606487
ewPc6zXy53n,202107,7.165015185249424
ewPc6zXy53n,202108,6.377795139121823
ewPc6zXy53n,202109,4.91169346363004
ewPc6zXy53n,202110,4.437762484580282
ewPc6zXy53n,202111,0.5620967057394017
ewPc6zXy53n,202112,2.597774320767557
ewPc6zXy53n,202201,2.6501308056864774
ewPc6zXy53n,202202,2.85520220271534
ewPc6zXy53n,202203,0.4565759638964091
ewPc6zXy53n,202204,1.0413822013664369
ewPc6zXy53n,202205,3.4362558806237
ewPc6zXy53n,202206,3.672818330572148
ewPc6zXy53n,202207,6.474863267890714
ewPc6zXy53n,202208,7.328394904806216
ewPc6zXy53n,202209,3.040136508732198
ewPc6zXy53n,202210,3.548125547920447
ewPc6zXy53n,202211,0.3031106769686648
ewPc6zXy53n,202212,0.2269261755303904
ewPc6zXy53n,202301,1.6718433000750486
ewPc6zXy53n,202302,0.6018760739710254
ewPc6zXy53n,202303,0.713189459675858
ewPc6zXy53n,202304,1.0925939624087542
ewPc6zXy53n,202305,1.336078756710949
ewPc6zXy53n,202306,1.4452763056672828
ewPc6zXy53n,202307,4.363740350286977
ewPc6zXy53n,202308,4.072986740118987
ewPc6zXy53n,202309,2.032888103894959
ewPc6zXy53n,202310,0.7526290893220008
ewPc6zXy53n,202311,0.402684997971306
ewPc6zXy53n,202312,0.3596416772245794
ewPc6zXy53n,202401,0.4827114340012921
ewPc6zXy53n,202402,1.923133944875192
ewPc6zXy53n,202403,2.959404782191005
ewPc6zXy53n,202404,1.0833064099029948
ewPc6zXy53n,202405,1.9654754779309664
ewPc6zXy53n,202406,3.320107686910668
ewPc6zXy53n,202407,9.20466714369526
ewPc6zXy53n,202408,7.085866849371443
ewPc6zXy53n,202409,4.69976105103601
ewPc6zXy53n,202410,0.7145989014960132
ewPc6zXy53n,202411,0.978931505321624
ewPc6zXy53n,202412,1.5514699936722394
gannbFbizVo,201601,1.3615602513247589
gannbFbizVo,201602,1.170250004717922
gannbFbizVo,201603,1.6078693565501945
gannbFbizVo,201604,0.9058654157519735
gannbFbizVo,201605,7.15871764197429
gannbFbizVo,201606,14.5976099747564
gannbFbizVo,201607,30.190900672958836
gannbFbizVo,201608,13.102187258830275
gannbFbizVo,201609,18.320548845396587
gannbFbizVo,201610,5.764161258466991
gannbFbizVo,201611,0.3425990204563928
gannbFbizVo,201612,0.6601513840838498
gannbFbizVo,201701,1.020037774388842
gannbFbizVo,201702,0.6804199539854724
gannbFbizVo,201703,2.8294131277026544
gannbFbizVo,201704,2.5567624818009884
gannbFbizVo,201705,6.516310275207657
gannbFbizVo,201706,11.170937995772144
gannbFbizVo,201707,25.392190293957363
gannbFbizVo,201708,25.71079371015628
gannbFbizVo,201709,8.51100894330718
gannbFbizVo,201710,4.214588278072749
gannbFbizVo,201711,0.7301315012921812
gannbFbizVo,201712,0.207075634842268
gannbFbizVo,201801,0.5434380872600969
gannbFbizVo,201802,0.8619060396210402
gannbFbizVo,201803,1.5606032968801973
gannbFbizVo,201804,4.824564054535705
gannbFbizVo,201805,6.933441048881036
gannbFbizVo,201806,12.28194761342698
gannbFbizVo,201807,26.022515221307746
gannbFbizVo,201808,28.633494453152952
gannbFbizVo,201809,8.067002567979378
gannbFbizVo,201810,1.665434905642169
gannbFbizVo,201811,0.5915097866991487
gannbFbizVo,201812,1.0033797808582074
gannbFbizVo,201901,1.6206125594463665
gannbFbizVo,201902,3.054338489382287
gannbFbizVo,201903,1.1629791042414093
gannbFbizVo,201904,4.13486824985227
gannbFbizVo,201905,2.361306543743201
gannbFbizVo,201906,6.940233759207576
gannbFbizVo,201907,30.90276437126569
gannbFbizVo,201908,15.476961831938317
gannbFbizVo,201909,17.944164182061446
gannbFbizVo,201910,2.9325824087509025
gannbFbizVo,201911,0.690881689393392
gannbFbizVo,201912,1.1829947871526982
gannbFbizVo,202001,2.9969450756438194
gannbFbizVo,202002,1.9154750113591064
gannbFbizVo,202003,2.2272510034539983
gannbFbizVo,202004,4.235494696730264
gannbFbizVo,202005,6.567788343597152
gannbFbizVo,202006,17.264059078401004
gannbFbizVo,202007,35.03975950479353
gannbFbizVo,202008,20.582167986058725
gannbFbizVo,202009,12.605517002931336
gannbFbizVo,202010,2.154531121637414
gannbFbizVo,202011,0.410409723610923
gannbFbizVo,202012,0.3833988693195149
gannbFbizVo,202101,0.4284908660599672
gannbFbizVo,202102,1.1690897627519994
gannbFbizVo,202103,1.3094374343652309
gannbFbizVo,202104,1.5572164139844755
gannbFbizVo,202105,11.241878020245837
gannbFbizVo,202106,16.516042465122148
gannbFbizVo,202107,25.074243986161505
gannbFbizVo,202108,27.065722503555875
gannbFbizVo,202109,12.824086396023638
gannbFbizVo,202110,6.980661853542041
gannbFbizVo,202111,0.5263404256517346
gannbFbizVo,202112,1.8284635272755785
gannbFbizVo,202201,1.3145880841279116
gannbFbizVo,202202,2.398552518183535
gannbFbizVo,202203,1.618648566326241
gannbFbizVo,202204,3.053078816666647
gannbFbizVo,202205,7.737754004512291
gannbFbizVo,202206,17.42850173277717
gannbFbizVo,202207,25.157078323187864
gannbFbizVo,202208,17.03418487047389
gannbFbizVo,202209,7.6196971295853375
gannbFbizVo,202210,2.687190359811394
gannbFbizVo,202211,0.3624663349518827
gannbFbizVo,202212,0.1680001714440955
gannbFbizVo,202301,0.0733872885203789
gannbFbizVo,202302,0.5531428025852188
gannbFbizVo,202303,2.024242531248006
gannbFbizVo,202304,1.5803003016299064
gannbFbizVo,202305,2.7627149593303373
gannbFbizVo,202306,6.196233638954128
gannbFbizVo,202307,11.02193529296148
gannbFbizVo,202308,12.175364765277774
gannbFbizVo,202309,5.673504938610191
gannbFbizVo,202310,3.0357725152699917
gannbFbizVo,202311,0.6638088828299846
gannbFbizVo,202312,0.4395342859481218
gannbFbizVo,202401,0.5969335096230931
gannbFbizVo,202402,0.4139655921547032
gannbFbizVo,202403,2.6028104942842583
gannbFbizVo,202404,0.7355991894453215
gannbFbizVo,202405,6.116417877019049
gannbFbizVo,202406,14.574251252194456
gannbFbizVo,202407,26.32113917374934
gannbFbizVo,202408,20.88134509650126
gannbFbizVo,202409,17.64810602320759
gannbFbizVo,202410,5.103553940650534
gannbFbizVo,202411,1.7204912916152286
gannbFbizVo,202412,0.4651385732747234
grMJpaDdSrD,201601,0.7961203891634623
grMJpaDdSrD,201602,0.2175406653335992
grMJpaDdSrD,201603,0.9457546267428064
grMJpaDdSrD,201604,0.611947759730866
grMJpaDdSrD,201605,6.840936558590808
grMJpaDdSrD,201606,9.770343616271136
grMJpaDdSrD,201607,20.258448718237133
grMJpaDdSrD,201608,8.255010364519022
grMJpaDdSrD,201609,13.88271717959623
grMJpaDdSrD,201610,2.601528358099051
grMJpaDdSrD,201611,0.0476675865653923
grMJpaDdSrD,201612,0.1793903549692266
grMJpaDdSrD,201701,0.3481900965766092
grMJpaDdSrD,201702,0.2330953398793081
grMJpaDdSrD,201703,1.8788017445932568
grMJpaDdSrD,201704,2.256293465392059
grMJpaDdSrD,201705,4.254647802531395
grMJpaDdSrD,201706,8.343660539146414
grMJpaDdSrD,201707,16.464665306247568
grMJpaDdSrD,201708,20.846183530118363
grMJpaDdSrD,201709,6.488942293485043
grMJpaDdSrD,201710,2.549777002992493
grMJpaDdSrD,201711,0.0764601312496552
grMJpaDdSrD,201712,0.0985460893393371
grMJpaDdSrD,201801,0.230385595905049
grMJpaDdSrD,201802,0.4321274919267687
grMJpaDdSrD,201803,0.757409942592634
grMJpaDdSrD,201804,3.4658061974707297
grMJpaDdSrD,201805,3.622508480069416
grMJpaDdSrD,201806,12.793949212602543
grMJpaDdSrD,201807,15.059232033472764
grMJpaDdSrD,201808,13.410001636961502
grMJpaDdSrD,201809,4.94312487742538
grMJpaDdSrD,201810,1.2493799108726955
grMJpaDdSrD,201811,0.206287581480264
grMJpaDdSrD,201812,0.2241624350111607
grMJpaDdSrD,201901,0.2429023012917287
grMJpaDdSrD,201902,1.8660495472849947
grMJpaDdSrD,201903,0.5509265775545646
grMJpaDdSrD,201904,3.2477951755782453
grMJpaDdSrD,201905,2.7496675891735545
grMJpaDdSrD,201906,7.194408720774449
grMJpaDdSrD,201907,29.29764483235784
grMJpaDdSrD,201908,8.061059629406163
grMJpaDdSrD,201909,14.888069760503898
grMJpaDdSrD,201910,1.2055633087497275
grMJpaDdSrD,201911,0.4987326415955528
grMJpaDdSrD,201912,0.5575355527530056
grMJpaDdSrD,202001,1.1668845467204283
grMJpaDdSrD,202002,1.0092893349735972
grMJpaDdSrD,202003,1.347293474156623
grMJpaDdSrD,202004,2.471206288946429
grMJpaDdSrD,202005,5.213087314403508
grMJpaDdSrD,202006,11.5610304346592
grMJpaDdSrD,202007,29.855679998863703
grMJpaDdSrD,202008,7.337907846602641
grMJpaDdSrD,202009,18.165820681543178
grMJpaDdSrD,202010,1.19835266323447
grMJpaDdSrD,202011,0.174912214218831
grMJpaDdSrD,202012,0.2792214042665456
grMJpaDdSrD,202101,0.33047013170292
grMJpaDdSrD,202102,0.2645269745043397
grMJpaDdSrD,202103,0.3234833099099512
grMJpaDdSrD,202104,0.7159651201730748
grMJpaDdSrD,202105,11.28156699080836
grMJpaDdSrD,202106,10.039865412144009
grMJpaDdSrD,202107,12.97833261692804
grMJpaDdSrD,202108,15.955328067830326
grMJpaDdSrD,202109,5.231318660387425
grMJpaDdSrD,202110,7.838454929976786
grMJpaDdSrD,202111,0.2103602787265343
grMJpaDdSrD,202112,0.8015912546730535
grMJpaDdSrD,202201,0.561764157573253
grMJpaDdSrD,202202,1.2794169988068649
grMJpaDdSrD,202203,0.3459474278682591
grMJpaDdSrD,202204,2.696611490611656
grMJpaDdSrD,202205,4.203323293016919
grMJpaDdSrD,202206,13.630118171512995
grMJpaDdSrD,202207,8.360769106178893
grMJpaDdSrD,202208,8.769610723522577
grMJpaDdSrD,202209,4.611937111140998
grMJpaDdSrD,202210,1.4309996351608611
grMJpaDdSrD,202211,0.1109744552500033
grMJpaDdSrD,202212,0.0651015589314581
grMJpaDdSrD,202301,0.0702696017296107
grMJpaDdSrD,202302,0.1579673811862135
grMJpaDdSrD,202303,1.1328211402018502
grMJpaDdSrD,202304,0.5417320623571967
grMJpaDdSrD,202305,1.5713295520246542
grMJpaDdSrD,202306,3.9422607175947775
grMJpaDdSrD,202307,5.494812162961272
grMJpaDdSrD,202308,7.466333158409188
grMJpaDdSrD,202309,4.889020089203211
grMJpaDdSrD,202310,2.006377729994817
grMJpaDdSrD,202311,0.1333748853998916
grMJpaDdSrD,202312,0.1154399596905254
grMJpaDdSrD,202401,0.1160154613798758
grMJpaDdSrD,202402,0.2117330462253071
grMJpaDdSrD,202403,2.28360475836098
grMJpaDdSrD,202404,0.0483821675910989
grMJpaDdSrD,202405,2.868045264034411
grMJpaDdSrD,202406,11.04674024775458
grMJpaDdSrD,202407,18.735875652988938
grMJpaDdSrD,202408,10.458753559382409
grMJpaDdSrD,202409,10.070638509039965
grMJpaDdSrD,202410,2.3582059741681487
grMJpaDdSrD,202411,0.3575774437298121
grMJpaDdSrD,202412,0.2160354110182483
hasbXH0dTqM,201601,2.829430418560153
hasbXH0dTqM,201602,1.7419979398431191
hasbXH0dTqM,201603,2.5952043160077958
hasbXH0dTqM,201604,2.3045497295102417
hasbXH0dTqM,201605,10.925235733531746
hasbXH0dTqM,201606,19.91623688709453
hasbXH0dTqM,201607,32.96282367465216
hasbXH0dTqM,201608,12.509778103700578
hasbXH0dTqM,201609,25.127257636282927
hasbXH0dTqM,201610,3.972653065921981
hasbXH0dTqM,201611,0.4276005840106423
hasbXH0dTqM,201612,0.7685626487521222
hasbXH0dTqM,201701,1.513598822785715
hasbXH0dTqM,201702,1.6538948495774193
hasbXH0dTqM,201703,6.093779860060302
hasbXH0dTqM,201704,6.452261412862247
hasbXH0dTqM,201705,9.23074081957861
hasbXH0dTqM,201706,17.4731432516656
hasbXH0dTqM,201707,25.069171249062972
hasbXH0dTqM,201708,27.366733849531105
hasbXH0dTqM,201709,14.92066970840581
hasbXH0dTqM,201710,6.047097380880144
hasbXH0dTqM,201711,0.9064929164390668
hasbXH0dTqM,201712,0.3596504383353571
hasbXH0dTqM,201801,0.8787841730825033
hasbXH0dTqM,201802,2.580150715027563
hasbXH0dTqM,201803,3.84598791478154
hasbXH0dTqM,201804,9.036806369394188
hasbXH0dTqM,201805,10.38007293628404
hasbXH0dTqM,201806,20.06964888311237
hasbXH0dTqM,201807,27.161309355606832
hasbXH0dTqM,201808,27.00255181071557
hasbXH0dTqM,201809,10.539983680189364
hasbXH0dTqM,201810,5.235864026483438
hasbXH0dTqM,201811,1.8830309333313429
hasbXH0dTqM,201812,1.1327149657106312
hasbXH0dTqM,201901,1.4818358501560722
hasbXH0dTqM,201902,4.094628841199636
hasbXH0dTqM,201903,2.424431676858932
hasbXH0dTqM,201904,6.718809404140105
hasbXH0dTqM,201905,6.166323806761777
hasbXH0dTqM,201906,13.07426147905396
hasbXH0dTqM,201907,38.03790220705208
hasbXH0dTqM,201908,14.44090426030778
hasbXH0dTqM,201909,20.31319591663891
hasbXH0dTqM,201910,4.679922845526051
hasbXH0dTqM,201911,2.12903578103126
hasbXH0dTqM,201912,1.3304861281004632
hasbXH0dTqM,202001,3.269121189597916
hasbXH0dTqM,202002,2.870563856685353
hasbXH0dTqM,202003,4.260965496512417
hasbXH0dTqM,202004,6.449922555454512
hasbXH0dTqM,202005,10.245883323610604
hasbXH0dTqM,202006,17.663672658404064
hasbXH0dTqM,202007,38.96648802455605
hasbXH0dTqM,202008,13.94133453715967
hasbXH0dTqM,202009,26.055806908012485
hasbXH0dTqM,202010,2.056970436102262
hasbXH0dTqM,202011,1.3041250651926757
hasbXH0dTqM,202012,0.9739999867138118
hasbXH0dTqM,202101,1.2735178787673305
hasbXH0dTqM,202102,2.068079529054623
hasbXH0dTqM,202103,2.596311578474622
hasbXH0dTqM,202104,2.154329660138272
hasbXH0dTqM,202105,16.730009874110923
hasbXH0dTqM,202106,17.599960430821934
hasbXH0dTqM,202107,21.48808319506964
hasbXH0dTqM,202108,25.350817517335635
hasbXH0dTqM,202109,9.492460926983451
hasbXH0dTqM,202110,12.831889076434129
hasbXH0dTqM,202111,1.156372567821925
hasbXH0dTqM,202112,1.900609831914724
hasbXH0dTqM,202201,1.7827696372577495
hasbXH0dTqM,202202,4.686935931336867
hasbXH0dTqM,202203,1.81552167334564
hasbXH0dTqM,202204,7.438324604950861
hasbXH0dTqM,202205,10.384429741182489
hasbXH0dTqM,202206,22.96710000007891
hasbXH0dTqM,202207,16.596036302880762
hasbXH0dTqM,202208,14.431565947314198
hasbXH0dTqM,202209,9.265996741311852
hasbXH0dTqM,202210,2.5931595693342557
hasbXH0dTqM,202211,0.7368148757146211
hasbXH0dTqM,202212,0.333411415162561
hasbXH0dTqM,202301,0.2308326204178835
hasbXH0dTqM,202302,1.4676736079921675
hasbXH0dTqM,202303,2.864645868209788
hasbXH0dTqM,202304,1.6101446722562116
hasbXH0dTqM,202305,4.122297194277969
hasbXH0dTqM,202306,7.717398188936826
hasbXH0dTqM,202307,10.896459395256944
hasbXH0dTqM,202308,12.68711817011643
hasbXH0dTqM,202309,6.402270723950411
hasbXH0dTqM,202310,3.720315699556787
hasbXH0dTqM,202311,0.5483388915491416
hasbXH0dTqM,202312,0.5353629915759066
hasbXH0dTqM,202401,0.7268282481783445
hasbXH0dTqM,202402,0.855287449421526
hasbXH0dTqM,202403,4.667208068911223
hasbXH0dTqM,202404,0.4080031552106296
hasbXH0dTqM,202405,7.239725613121184
hasbXH0dTqM,202406,25.203135262759496
hasbXH0dTqM,202407,25.98346853174551
hasbXH0dTqM,202408,16.905708699650877
hasbXH0dTqM,202409,15.764792915577342
hasbXH0dTqM,202410,6.869810936382563
hasbXH0dTqM,202411,1.3666286553841205
hasbXH0dTqM,202412,1.062246321073857
i6gMyoP9ReK,201601,0.4923023249197498
i6gMyoP9ReK,201602,0.1947790221868406
i6gMyoP9ReK,201603,1.0818710193365852
i6gMyoP9ReK,201604,0.3786776435641591
i6gMyoP9ReK,201605,6.880624933347174
i6gMyoP9ReK,201606,9.973095093424622
i6gMyoP9ReK,201607,20.81747252451485
i6gMyoP9ReK,201608,6.246501401320784
i6gMyoP9ReK,201609,12.3435506152977
i6gMyoP9ReK,201610,3.339404855652828
i6gMyoP9ReK,201611,0.0045788579823471
i6gMyoP9ReK,201612,0.0737893737039904
i6gMyoP9ReK,201701,0.2060365926950549
i6gMyoP9ReK,201702,0.1138552267424048
i6gMyoP9ReK,201703,1.900453820350889
i6gMyoP9ReK,201704,2.3503808603224168
i6gMyoP9ReK,201705,3.235319794078828
i6gMyoP9ReK,201706,7.303957628948087
i6gMyoP9ReK,201707,11.700513460812688
i6gMyoP9ReK,201708,20.42236115331473
i6gMyoP9ReK,201709,5.3368265909536365
i6gMyoP9ReK,201710,2.1685160545817226
i6gMyoP9ReK,201711,0.0085735974398771
i6gMyoP9ReK,201712,0.0087771713372455
i6gMyoP9ReK,201801,0.0807643139953881
i6gMyoP9ReK,201802,0.2068609845747379
i6gMyoP9ReK,201803,0.6342564995956134
i6gMyoP9ReK,201804,3.085105141769683
i6gMyoP9ReK,201805,4.0807210878320745
i6gMyoP9ReK,201806,18.26316456034033
i6gMyoP9ReK,201807,11.88111265177958
i6gMyoP9ReK,201808,10.47565343712439
i6gMyoP9ReK,201809,5.853427209503107
i6gMyoP9ReK,201810,0.9721280294839324
i6gMyoP9ReK,201811,0.0558929594573072
i6gMyoP9ReK,201812,0.0924039607138154
i6gMyoP9ReK,201901,0.0753635303720305
i6gMyoP9ReK,201902,1.9896340227162568
i6gMyoP9ReK,201903,0.4437116383847254
i6gMyoP9ReK,201904,2.878487500026865
i6gMyoP9ReK,201905,2.8835116840165145
i6gMyoP9ReK,201906,9.104118778757584
i6gMyoP9ReK,201907,25.165909429767854
i6gMyoP9ReK,201908,9.822027499829534
i6gMyoP9ReK,201909,15.794220302513802
i6gMyoP9ReK,201910,1.0686708801492466
i6gMyoP9ReK,201911,0.0452016920361282
i6gMyoP9ReK,201912,0.3697594240488937
i6gMyoP9ReK,202001,0.8024791067676162
i6gMyoP9ReK,202002,0.9059194707383588
i6gMyoP9ReK,202003,0.8912475196712326
i6gMyoP9ReK,202004,2.84106011851464
i6gMyoP9ReK,202005,4.053432191715721
i6gMyoP9ReK,202006,11.978503915389153
i6gMyoP9ReK,202007,18.955808875686927
i6gMyoP9ReK,202008,6.248905969442483
i6gMyoP9ReK,202009,16.06457626100934
i6gMyoP9ReK,202010,1.299399456386123
i6gMyoP9ReK,202011,0.0335107739201225
i6gMyoP9ReK,202012,0.0655739658865251
i6gMyoP9ReK,202101,0.1643185722759891
i6gMyoP9ReK,202102,0.1091533502734229
i6gMyoP9ReK,202103,0.269211874712165
i6gMyoP9ReK,202104,0.8050597975815637
i6gMyoP9ReK,202105,9.33423650298471
i6gMyoP9ReK,202106,8.998038832709433
i6gMyoP9ReK,202107,13.629912246732651
i6gMyoP9ReK,202108,13.00558037671541
i6gMyoP9ReK,202109,4.088469157558332
i6gMyoP9ReK,202110,6.895151978061403
i6gMyoP9ReK,202111,0.0160342106497662
i6gMyoP9ReK,202112,0.5195799259219166
i6gMyoP9ReK,202201,0.2311965636050693
i6gMyoP9ReK,202202,1.2458189369740829
i6gMyoP9ReK,202203,0.1964485098799815
i6gMyoP9ReK,202204,2.138653093363428
i6gMyoP9ReK,202205,5.796065557983261
i6gMyoP9ReK,202206,13.417914036228872
i6gMyoP9ReK,202207,6.806419861685721
i6gMyoP9ReK,202208,7.111080900154036
i6gMyoP9ReK,202209,4.302357976558456
i6gMyoP9ReK,202210,1.3872981052998985
i6gMyoP9ReK,202211,0.0300975440760135
i6gMyoP9ReK,202212,0.0065428560446968
i6gMyoP9ReK,202301,0.0173519117842033
i6gMyoP9ReK,202302,0.0495327870300173
i6gMyoP9ReK,202303,1.071818856247326
i6gMyoP9ReK,202304,0.3957971067114665
i6gMyoP9ReK,202305,1.0323872065199864
i6gMyoP9ReK,202306,4.17357217006998
i6gMyoP9ReK,202307,5.515920576754323
i6gMyoP9ReK,202308,5.655848199779348
i6gMyoP9ReK,202309,5.810810513731192
i6gMyoP9ReK,202310,1.7418610587930112
i6gMyoP9ReK,202311,0.030864798001788
i6gMyoP9ReK,202312,0.1009185882760163
i6gMyoP9ReK,202401,0.0349277035601711
i6gMyoP9ReK,202402,0.1146695036546199
i6gMyoP9ReK,202403,2.175277442072127
i6gMyoP9ReK,202404,0.0425026569578341
i6gMyoP9ReK,202405,2.5447449302125844
i6gMyoP9ReK,202406,9.334397176205028
i6gMyoP9ReK,202407,16.93011312033132
i6gMyoP9ReK,202408,11.143487992543852
i6gMyoP9ReK,202409,12.3188339142375
i6gMyoP9ReK,202410,1.737100032234679
i6gMyoP9ReK,202411,0.1168769788859951
i6gMyoP9ReK,202412,0.0372491558604113
iqLM1XBMxyu,201601,4.637951343957978
iqLM1XBMxyu,201602,3.81763980291837
iqLM1XBMxyu,201603,3.7040303890476536
iqLM1XBMxyu,201604,3.46091646662659
iqLM1XBMxyu,201605,11.476395683519208
iqLM1XBMxyu,201606,25.46310556427872
iqLM1XBMxyu,201607,35.96678123935215
iqLM1XBMxyu,201608,12.812252213497334
iqLM1XBMxyu,201609,23.57965006296707
iqLM1XBMxyu,201610,7.395852874138313
iqLM1XBMxyu,201611,0.5882490740537188
iqLM1XBMxyu,201612,1.8074513114816009
iqLM1XBMxyu,201701,2.3952552197546253
iqLM1XBMxyu,201702,2.238495418983671
iqLM1XBMxyu,201703,9.534694376606904
iqLM1XBMxyu,201704,5.654919844797935
iqLM1XBMxyu,201705,7.496933215781793
iqLM1XBMxyu,201706,16.48309772126736
iqLM1XBMxyu,201707,25.157464955159643
iqLM1XBMxyu,201708,29.553047411297044
iqLM1XBMxyu,201709,11.169088196029216
iqLM1XBMxyu,201710,3.428681663048018
iqLM1XBMxyu,201711,1.8435825021474688
iqLM1XBMxyu,201712,1.06852899488225
iqLM1XBMxyu,201801,2.063602743907598
iqLM1XBMxyu,201802,3.9260586108378015
iqLM1XBMxyu,201803,3.0879312078925034
iqLM1XBMxyu,201804,6.771833249016679
iqLM1XBMxyu,201805,13.080529688278794
iqLM1XBMxyu,201806,20.22925460994852
iqLM1XBMxyu,201807,27.10096607204426
iqLM1XBMxyu,201808,29.689320535656343
iqLM1XBMxyu,201809,16.980306209666615
iqLM1XBMxyu,201810,2.480511526421456
iqLM1XBMxyu,201811,2.9659982108146696
iqLM1XBMxyu,201812,3.0000242445724026
iqLM1XBMxyu,201901,4.799468636945727
iqLM1XBMxyu,201902,7.126529531940573
iqLM1XBMxyu,201903,3.5081639317801847
iqLM1XBMxyu,201904,5.532223081251495
iqLM1XBMxyu,201905,4.487919882862516
iqLM1XBMxyu,201906,15.16990548328208
iqLM1XBMxyu,201907,32.02037422651951
iqLM1XBMxyu,201908,16.5548630885508
iqLM1XBMxyu,201909,25.320210839339456
iqLM1XBMxyu,201910,4.842025057228892
iqLM1XBMxyu,201911,2.1502457473229235
iqLM1XBMxyu,201912,3.2310493712568804
iqLM1XBMxyu,202001,7.012351250413152
iqLM1XBMxyu,202002,4.32902412504538
iqLM1XBMxyu,202003,3.341114533860837
iqLM1XBMxyu,202004,5.41595679526883
iqLM1XBMxyu,202005,8.259482314176223
iqLM1XBMxyu,202006,25.33521705659778
iqLM1XBMxyu,202007,38.34845983950338
iqLM1XBMxyu,202008,25.98236818625213
iqLM1XBMxyu,202009,26.403923696630777
iqLM1XBMxyu,202010,1.4524186869093807
iqLM1XBMxyu,202011,1.0823147472271966
iqLM1XBMxyu,202012,1.7976232989651817
iqLM1XBMxyu,202101,2.2726205207487906
iqLM1XBMxyu,202102,3.689837436464897
iqLM1XBMxyu,202103,3.358377461411289
iqLM1XBMxyu,202104,2.849987928313849
iqLM1XBMxyu,202105,12.956163822780356
iqLM1XBMxyu,202106,22.848388822726275
iqLM1XBMxyu,202107,36.7461893414751
iqLM1XBMxyu,202108,34.57441592388648
iqLM1XBMxyu,202109,17.799356371159416
iqLM1XBMxyu,202110,8.090114297523835
iqLM1XBMxyu,202111,3.587696511270209
iqLM1XBMxyu,202112,3.8815329903245095
iqLM1XBMxyu,202201,3.87494038522852
iqLM1XBMxyu,202202,5.856875664549491
iqLM1XBMxyu,202203,2.6089642766820877
iqLM1XBMxyu,202204,6.498305082326629
iqLM1XBMxyu,202205,9.731238095663896
iqLM1XBMxyu,202206,21.68515673604625
iqLM1XBMxyu,202207,21.96346134187057
iqLM1XBMxyu,202208,19.320255025132752
iqLM1XBMxyu,202209,9.73750457364537
iqLM1XBMxyu,202210,4.276583043142337
iqLM1XBMxyu,202211,0.740293298238804
iqLM1XBMxyu,202212,0.7637465499140438
iqLM1XBMxyu,202301,0.6026421099333127
iqLM1XBMxyu,202302,2.2516163602914863
iqLM1XBMxyu,202303,1.9650045012858963
iqLM1XBMxyu,202304,1.8087503850510087
iqLM1XBMxyu,202305,2.998330191807446
iqLM1XBMxyu,202306,8.376315058585277
iqLM1XBMxyu,202307,14.07449144230866
iqLM1XBMxyu,202308,13.095386813660228
iqLM1XBMxyu,202309,4.380891425879219
iqLM1XBMxyu,202310,2.990797118409592
iqLM1XBMxyu,202311,0.6288425319701664
iqLM1XBMxyu,202312,0.9993147993824456
iqLM1XBMxyu,202401,2.105618066466415
iqLM1XBMxyu,202402,1.4468755346998878
iqLM1XBMxyu,202403,5.574733144196656
iqLM1XBMxyu,202404,1.6551989411294945
iqLM1XBMxyu,202405,6.502131431330344
iqLM1XBMxyu,202406,21.515626008219037
iqLM1XBMxyu,202407,34.69541705658613
iqLM1XBMxyu,202408,23.09901077530717
iqLM1XBMxyu,202409,20.010632757640337
iqLM1XBMxyu,202410,6.14741377273425
iqLM1XBMxyu,202411,3.879680814828725
iqLM1XBMxyu,202412,1.39232619329004
j0gE31YxwHQ,201601,0.3339928969420692
j0gE31YxwHQ,201602,0.2831422799059299
j0gE31YxwHQ,201603,0.9596043152376552
j0gE31YxwHQ,201604,0.2237062444074311
j0gE31YxwHQ,201605,7.778315491582626
j0gE31YxwHQ,201606,11.605384876188282
j0gE31YxwHQ,201607,24.624522382756385
j0gE31YxwHQ,201608,7.831600247661283
j0gE31YxwHQ,201609,13.725687234417434
j0gE31YxwHQ,201610,2.069395718168564
j0gE31YxwHQ,201611,0.0388144524152295
j0gE31YxwHQ,201612,0.1637391623370109
j0gE31YxwHQ,201701,0.3338116250780281
j0gE31YxwHQ,201702,0.102206260670516
j0gE31YxwHQ,201703,2.0367005112117837
j0gE31YxwHQ,201704,2.4758942170666813
j0gE31YxwHQ,201705,7.959916967495708
j0gE31YxwHQ,201706,9.846246755548783
j0gE31YxwHQ,201707,14.569120083378582
j0gE31YxwHQ,201708,29.29528859300688
j0gE31YxwHQ,201709,5.694085458097294
j0gE31YxwHQ,201710,0.9769414862819272
j0gE31YxwHQ,201711,0.0386367106341951
j0gE31YxwHQ,201712,0.0178815616803046
j0gE31YxwHQ,201801,0.2636006827825464
j0gE31YxwHQ,201802,0.2542201489733962
j0gE31YxwHQ,201803,0.3619969503520209
j0gE31YxwHQ,201804,3.0873008061526908
j0gE31YxwHQ,201805,5.835359368176442
j0gE31YxwHQ,201806,10.243783975855097
j0gE31YxwHQ,201807,20.308784554533972
j0gE31YxwHQ,201808,13.196606293511753
j0gE31YxwHQ,201809,5.975331115528621
j0gE31YxwHQ,201810,0.4133422013952975
j0gE31YxwHQ,201811,0.0606602100108174
j0gE31YxwHQ,201812,0.0625370118530821
j0gE31YxwHQ,201901,0.6828849842489562
j0gE31YxwHQ,201902,1.988225114008839
j0gE31YxwHQ,201903,0.5044213108769482
j0gE31YxwHQ,201904,2.927142786921507
j0gE31YxwHQ,201905,1.1815080386956935
j0gE31YxwHQ,201906,5.4367967636198165
j0gE31YxwHQ,201907,22.361149569805185
j0gE31YxwHQ,201908,9.455887447211008
j0gE31YxwHQ,201909,17.758218639368412
j0gE31YxwHQ,201910,1.1555838564522518
j0gE31YxwHQ,201911,0.2989312222524564
j0gE31YxwHQ,201912,0.6742115086253726
j0gE31YxwHQ,202001,2.5549849771965434
j0gE31YxwHQ,202002,1.3860999342603963
j0gE31YxwHQ,202003,1.220563211989376
j0gE31YxwHQ,202004,3.9603673833655777
j0gE31YxwHQ,202005,3.334689957456961
j0gE31YxwHQ,202006,15.86872810002299
j0gE31YxwHQ,202007,23.82744419779333
j0gE31YxwHQ,202008,9.180636785317754
j0gE31YxwHQ,202009,16.4890172447007
j0gE31YxwHQ,202010,0.5100616204566673
j0gE31YxwHQ,202011,0.062596747513414
j0gE31YxwHQ,202012,0.0283338185860417
j0gE31YxwHQ,202101,0.1236785109187432
j0gE31YxwHQ,202102,0.2260676503515231
j0gE31YxwHQ,202103,0.207076809092238
j0gE31YxwHQ,202104,0.3916944204805717
j0gE31YxwHQ,202105,13.961320969647003
j0gE31YxwHQ,202106,15.947929172224129
j0gE31YxwHQ,202107,18.51642290102764
j0gE31YxwHQ,202108,19.83261849483039
j0gE31YxwHQ,202109,9.102866800431404
j0gE31YxwHQ,202110,9.678440036111862
j0gE31YxwHQ,202111,0.0880295194772758
j0gE31YxwHQ,202112,1.2497245030744892
j0gE31YxwHQ,202201,0.9644073162149724
j0gE31YxwHQ,202202,1.7403670388804613
j0gE31YxwHQ,202203,0.1263841615216709
j0gE31YxwHQ,202204,1.1976599524533509
j0gE31YxwHQ,202205,5.421071509395781
j0gE31YxwHQ,202206,11.88557457063946
j0gE31YxwHQ,202207,7.991261771464016
j0gE31YxwHQ,202208,9.319685595033729
j0gE31YxwHQ,202209,4.746032073707043
j0gE31YxwHQ,202210,2.204292925700208
j0gE31YxwHQ,202211,0.0725230223969116
j0gE31YxwHQ,202212,0.0335946183663772
j0gE31YxwHQ,202301,0.0363148322682012
j0gE31YxwHQ,202302,0.0879442675348912
j0gE31YxwHQ,202303,0.8229553013841879
j0gE31YxwHQ,202304,0.3965244902642874
j0gE31YxwHQ,202305,1.1373208480674202
j0gE31YxwHQ,202306,2.797414867815158
j0gE31YxwHQ,202307,5.39122876888568
j0gE31YxwHQ,202308,6.85016657816783
j0gE31YxwHQ,202309,3.127587318767808
j0gE31YxwHQ,202310,1.3920343621433309
j0gE31YxwHQ,202311,0.1648473741629084
j0gE31YxwHQ,202312,0.0232980501363423
j0gE31YxwHQ,202401,0.0714351812675475
j0gE31YxwHQ,202402,0.1161007532748039
j0gE31YxwHQ,202403,0.6020904632215065
j0gE31YxwHQ,202404,0.0206274841637922
j0gE31YxwHQ,202405,3.2805351135562035
j0gE31YxwHQ,202406,9.918049550917797
j0gE31YxwHQ,202407,18.14740528942337
j0gE31YxwHQ,202408,12.098457569570574
j0gE31YxwHQ,202409,23.1763456967124
j0gE31YxwHQ,202410,1.525735910556605
j0gE31YxwHQ,202411,0.5288217323097223
j0gE31YxwHQ,202412,0.0927867730322749
j4HVtKmVtwQ,201601,0.1544060174530527
j4HVtKmVtwQ,201602,0.1491546709175271
j4HVtKmVtwQ,201603,1.3139625350337154
j4HVtKmVtwQ,201604,0.0905436286113756
j4HVtKmVtwQ,201605,6.468619340666267
j4HVtKmVtwQ,201606,5.413169213553566
j4HVtKmVtwQ,201607,11.79339830792541
j4HVtKmVtwQ,201608,7.653918111155127
j4HVtKmVtwQ,201609,12.098059040299066
j4HVtKmVtwQ,201610,1.555688874777637
j4HVtKmVtwQ,201611,0.0142840372557559
j4HVtKmVtwQ,201612,0.0856530189219862
j4HVtKmVtwQ,201701,0.1089292485514164
j4HVtKmVtwQ,201702,0.0450665831259914
j4HVtKmVtwQ,201703,1.1766677113083208
j4HVtKmVtwQ,201704,1.7056842427801442
j4HVtKmVtwQ,201705,7.150435641367737
j4HVtKmVtwQ,201706,4.760026205430653
j4HVtKmVtwQ,201707,12.038988694305976
j4HVtKmVtwQ,201708,17.925234931511586
j4HVtKmVtwQ,201709,4.9487408178488455
j4HVtKmVtwQ,201710,0.5756729960601878
j4HVtKmVtwQ,201711,0.0086957213767899
j4HVtKmVtwQ,201712,0.0067612553430202
j4HVtKmVtwQ,201801,0.0937520697396248
j4HVtKmVtwQ,201802,0.0952614794779273
j4HVtKmVtwQ,201803,0.1397287937314701
j4HVtKmVtwQ,201804,1.821807095891796
j4HVtKmVtwQ,201805,3.463563699936046
j4HVtKmVtwQ,201806,5.718910696168308
j4HVtKmVtwQ,201807,13.941430718745297
j4HVtKmVtwQ,201808,10.04857923325452
j4HVtKmVtwQ,201809,4.46873984031737
j4HVtKmVtwQ,201810,0.3328667501377954
j4HVtKmVtwQ,201811,0.0153722893780205
j4HVtKmVtwQ,201812,0.0149061258388069
j4HVtKmVtwQ,201901,0.3258305282555843
j4HVtKmVtwQ,201902,2.011399186619796
j4HVtKmVtwQ,201903,0.2204503427731705
j4HVtKmVtwQ,201904,2.1770521400844447
j4HVtKmVtwQ,201905,0.6082423606698105
j4HVtKmVtwQ,201906,3.062201561392312
j4HVtKmVtwQ,201907,21.961276673785896
j4HVtKmVtwQ,201908,6.479743593246598
j4HVtKmVtwQ,201909,13.43048025341281
j4HVtKmVtwQ,201910,0.6893654626710239
j4HVtKmVtwQ,201911,0.0703033021111907
j4HVtKmVtwQ,201912,0.8759923193133731
j4HVtKmVtwQ,202001,1.819356135475536
j4HVtKmVtwQ,202002,1.3588573082168809
j4HVtKmVtwQ,202003,0.7250423272003657
j4HVtKmVtwQ,202004,2.402229321045024
j4HVtKmVtwQ,202005,2.030871487967217
j4HVtKmVtwQ,202006,10.814859044208026
j4HVtKmVtwQ,202007,22.183316654395544
j4HVtKmVtwQ,202008,7.164200050189035
j4HVtKmVtwQ,202009,10.617515472693691
j4HVtKmVtwQ,202010,0.3442557485432531
j4HVtKmVtwQ,202011,0.0044276221896094
j4HVtKmVtwQ,202012,0.0285611209679197
j4HVtKmVtwQ,202101,0.0632217984184692
j4HVtKmVtwQ,202102,0.0769387715021702
j4HVtKmVtwQ,202103,0.054112215791603
j4HVtKmVtwQ,202104,0.1973121314172695
j4HVtKmVtwQ,202105,12.618384828306684
j4HVtKmVtwQ,202106,12.234519392642277
j4HVtKmVtwQ,202107,11.534786970079365
j4HVtKmVtwQ,202108,14.415261964005856
j4HVtKmVtwQ,202109,6.21339804467573
j4HVtKmVtwQ,202110,6.875789399190786
j4HVtKmVtwQ,202111,0.0203710557524906
j4HVtKmVtwQ,202112,0.8577142991153515
j4HVtKmVtwQ,202201,0.6035321388009425
j4HVtKmVtwQ,202202,1.6677442945673202
j4HVtKmVtwQ,202203,0.0501611642876617
j4HVtKmVtwQ,202204,0.5391850525914127
j4HVtKmVtwQ,202205,2.2854811858995494
j4HVtKmVtwQ,202206,9.544453932091772
j4HVtKmVtwQ,202207,7.989462280016687
j4HVtKmVtwQ,202208,8.119695879047608
j4HVtKmVtwQ,202209,4.809500300330918
j4HVtKmVtwQ,202210,1.2594589379574566
j4HVtKmVtwQ,202211,0.0274979283652669
j4HVtKmVtwQ,202212,0.0123960037936019
j4HVtKmVtwQ,202301,0.0208977162411846
j4HVtKmVtwQ,202302,0.0384227539707486
j4HVtKmVtwQ,202303,0.6972802117913504
j4HVtKmVtwQ,202304,0.2286797109896985
j4HVtKmVtwQ,202305,0.7351960530700717
j4HVtKmVtwQ,202306,1.591971695102252
j4HVtKmVtwQ,202307,4.406572193860192
j4HVtKmVtwQ,202308,5.333787437453728
j4HVtKmVtwQ,202309,2.457428194416817
j4HVtKmVtwQ,202310,1.3253781633874104
j4HVtKmVtwQ,202311,0.09595328022034
j4HVtKmVtwQ,202312,0.0388130328298707
j4HVtKmVtwQ,202401,0.0266883060062423
j4HVtKmVtwQ,202402,0.1027106527050887
j4HVtKmVtwQ,202403,0.8671404963194687
j4HVtKmVtwQ,202404,0.0069695964643213
j4HVtKmVtwQ,202405,1.8347496357147488
j4HVtKmVtwQ,202406,4.514947430363409
j4HVtKmVtwQ,202407,11.682645171045932
j4HVtKmVtwQ,202408,8.258862417957548
j4HVtKmVtwQ,202409,16.81459328808676
j4HVtKmVtwQ,202410,0.7523191629916165
j4HVtKmVtwQ,202411,0.1178682669366592
j4HVtKmVtwQ,202412,0.0467822914732778
jJmNryYp6Mc,201601,1.871130102882606
jJmNryYp6Mc,201602,1.3761969346282523
jJmNryYp6Mc,201603,1.9785455689949296
jJmNryYp6Mc,201604,1.2875978067105829
jJmNryYp6Mc,201605,2.273685007106121
jJmNryYp6Mc,201606,4.052417033540107
jJmNryYp6Mc,201607,10.593064727790251
jJmNryYp6Mc,201608,7.513646855753955
jJmNryYp6Mc,201609,2.457312361277668
jJmNryYp6Mc,201610,0.9175638415924676
jJmNryYp6Mc,201611,0.0592463192591173
jJmNryYp6Mc,201612,0.4852357559307255
jJmNryYp6Mc,201701,2.01794776917725
jJmNryYp6Mc,201702,1.1130095923847625
jJmNryYp6Mc,201703,2.4528534442545453
jJmNryYp6Mc,201704,2.166139919316988
jJmNryYp6Mc,201705,2.967104830730565
jJmNryYp6Mc,201706,4.682460792807926
jJmNryYp6Mc,201707,11.505362139067252
jJmNryYp6Mc,201708,7.448411416689968
jJmNryYp6Mc,201709,3.388346431579888
jJmNryYp6Mc,201710,0.6207253941190444
jJmNryYp6Mc,201711,0.7341667619462853
jJmNryYp6Mc,201712,1.1583070503796629
jJmNryYp6Mc,201801,0.7408882911846326
jJmNryYp6Mc,201802,1.8220670267059844
jJmNryYp6Mc,201803,1.629778134601939
jJmNryYp6Mc,201804,1.6784121993398282
jJmNryYp6Mc,201805,1.5708516370397971
jJmNryYp6Mc,201806,3.751724033282714
jJmNryYp6Mc,201807,11.058023440250496
jJmNryYp6Mc,201808,11.69739560607379
jJmNryYp6Mc,201809,3.304020668520719
jJmNryYp6Mc,201810,0.3977294073847007
jJmNryYp6Mc,201811,0.6570290297708379
jJmNryYp6Mc,201812,0.8278074054422152
jJmNryYp6Mc,201901,4.29603228935098
jJmNryYp6Mc,201902,6.574337328580615
jJmNryYp6Mc,201903,1.5998647849655527
jJmNryYp6Mc,201904,1.0545192282613738
jJmNryYp6Mc,201905,1.3929107564833063
jJmNryYp6Mc,201906,2.7919171018640374
jJmNryYp6Mc,201907,8.873469077466705
jJmNryYp6Mc,201908,8.90817992842022
jJmNryYp6Mc,201909,5.789604575741617
jJmNryYp6Mc,201910,1.113688579265033
jJmNryYp6Mc,201911,1.652714378363616
jJmNryYp6Mc,201912,2.1941863300245283
jJmNryYp6Mc,202001,4.620416077878828
jJmNryYp6Mc,202002,0.5203678501245539
jJmNryYp6Mc,202003,2.2423526330257086
jJmNryYp6Mc,202004,2.0929571774389983
jJmNryYp6Mc,202005,2.4769436959317432
jJmNryYp6Mc,202006,5.779596033257288
jJmNryYp6Mc,202007,8.622896252039714
jJmNryYp6Mc,202008,7.903628034186639
jJmNryYp6Mc,202009,3.5560515747845374
jJmNryYp6Mc,202010,0.307081493657785
jJmNryYp6Mc,202011,1.4466941236679027
jJmNryYp6Mc,202012,0.2363568948101035
jJmNryYp6Mc,202101,1.2650039006746954
jJmNryYp6Mc,202102,0.8800802621913049
jJmNryYp6Mc,202103,1.47630473277054
jJmNryYp6Mc,202104,3.092245784681715
jJmNryYp6Mc,202105,5.650546520982198
jJmNryYp6Mc,202106,8.489625169850537
jJmNryYp6Mc,202107,9.428966316581205
jJmNryYp6Mc,202108,8.317323513997332
jJmNryYp6Mc,202109,5.862590975271614
jJmNryYp6Mc,202110,3.309631057149684
jJmNryYp6Mc,202111,0.3666637838638795
jJmNryYp6Mc,202112,2.8435878411315656
jJmNryYp6Mc,202201,1.820138374553173
jJmNryYp6Mc,202202,2.479967505079801
jJmNryYp6Mc,202203,0.1495192255404437
jJmNryYp6Mc,202204,0.8428185795830605
jJmNryYp6Mc,202205,3.10476804299254
jJmNryYp6Mc,202206,3.2788998371772538
jJmNryYp6Mc,202207,9.330135475719665
jJmNryYp6Mc,202208,8.42933094992
jJmNryYp6Mc,202209,3.5529891559282305
jJmNryYp6Mc,202210,4.05935681347457
jJmNryYp6Mc,202211,0.1790658696180937
jJmNryYp6Mc,202212,0.0775126944904566
jJmNryYp6Mc,202301,1.1717025616674737
jJmNryYp6Mc,202302,0.2327749054966356
jJmNryYp6Mc,202303,0.9847587437123322
jJmNryYp6Mc,202304,1.4250785320442514
jJmNryYp6Mc,202305,1.4937522649814967
jJmNryYp6Mc,202306,2.0980674060414493
jJmNryYp6Mc,202307,5.237359017466527
jJmNryYp6Mc,202308,5.206290870866366
jJmNryYp6Mc,202309,2.241243101053139
jJmNryYp6Mc,202310,1.0538625112610045
jJmNryYp6Mc,202311,0.3607830634042607
jJmNryYp6Mc,202312,0.3755197850852908
jJmNryYp6Mc,202401,0.375196194954958
jJmNryYp6Mc,202402,1.455897516692816
jJmNryYp6Mc,202403,2.3266013547468067
jJmNryYp6Mc,202404,1.3030488253710106
jJmNryYp6Mc,202405,1.5254657907798412
jJmNryYp6Mc,202406,2.6620336587015085
jJmNryYp6Mc,202407,10.026479331440406
jJmNryYp6Mc,202408,9.53120518781438
jJmNryYp6Mc,202409,7.156040125694569
jJmNryYp6Mc,202410,0.4653087395619916
jJmNryYp6Mc,202411,0.4907964109417815
jJmNryYp6Mc,202412,0.9066075965896052
kBRVmS9IKRE,201601,0.6444115345101095
kBRVmS9IKRE,201602,0.7494622718221069
kBRVmS9IKRE,201603,0.7375760543956307
kBRVmS9IKRE,201604,0.2742747023662855
kBRVmS9IKRE,201605,4.513350643130419
kBRVmS9IKRE,201606,12.11650985587329
kBRVmS9IKRE,201607,23.74437683960435
kBRVmS9IKRE,201608,9.633206281316207
kBRVmS9IKRE,201609,7.901457833626536
kBRVmS9IKRE,201610,1.642378466057126
kBRVmS9IKRE,201611,0.1164758529005029
kBRVmS9IKRE,201612,0.2069439532510189
kBRVmS9IKRE,201701,1.4272508774180217
kBRVmS9IKRE,201702,0.4070360940632007
kBRVmS9IKRE,201703,0.7906560395821007
kBRVmS9IKRE,201704,1.8054322952563024
kBRVmS9IKRE,201705,4.390092288796168
kBRVmS9IKRE,201706,7.442488476415364
kBRVmS9IKRE,201707,18.24813391686816
kBRVmS9IKRE,201708,15.716516542834798
kBRVmS9IKRE,201709,6.538269353650563
kBRVmS9IKRE,201710,0.6367475403058674
kBRVmS9IKRE,201711,0.1976176624930537
kBRVmS9IKRE,201712,0.21956850044936
kBRVmS9IKRE,201801,0.2983619025730028
kBRVmS9IKRE,201802,0.5084405036310305
kBRVmS9IKRE,201803,0.5130064382881385
kBRVmS9IKRE,201804,2.6656568880800813
kBRVmS9IKRE,201805,2.935835960976782
kBRVmS9IKRE,201806,7.399283726575753
kBRVmS9IKRE,201807,19.88970085318686
kBRVmS9IKRE,201808,21.774964156209496
kBRVmS9IKRE,201809,5.030555687250567
kBRVmS9IKRE,201810,0.2998926565719022
kBRVmS9IKRE,201811,0.1259732361263466
kBRVmS9IKRE,201812,0.2362864079655748
kBRVmS9IKRE,201901,1.8892227444603071
kBRVmS9IKRE,201902,4.0488825128911
kBRVmS9IKRE,201903,0.7809832713196768
kBRVmS9IKRE,201904,1.6782432688124538
kBRVmS9IKRE,201905,0.6783201637396769
kBRVmS9IKRE,201906,4.697464443572693
kBRVmS9IKRE,201907,19.402497849127965
kBRVmS9IKRE,201908,12.75216847596991
kBRVmS9IKRE,201909,11.362106855345354
kBRVmS9IKRE,201910,1.4943664582245657
kBRVmS9IKRE,201911,0.2681302087177
kBRVmS9IKRE,201912,1.3643100584772374
kBRVmS9IKRE,202001,2.9440908297263584
kBRVmS9IKRE,202002,1.2379648890749873
kBRVmS9IKRE,202003,2.2752954869585977
kBRVmS9IKRE,202004,3.4624174432088983
kBRVmS9IKRE,202005,2.6579916962378216
kBRVmS9IKRE,202006,15.911930401044966
kBRVmS9IKRE,202007,19.63090922370054
kBRVmS9IKRE,202008,12.372276107842458
kBRVmS9IKRE,202009,7.429931170330562
kBRVmS9IKRE,202010,0.3997755489573746
kBRVmS9IKRE,202011,0.3799412574006042
kBRVmS9IKRE,202012,0.0353734063631034
kBRVmS9IKRE,202101,0.1286469845293555
kBRVmS9IKRE,202102,0.5733500036392124
kBRVmS9IKRE,202103,0.3988330924125786
kBRVmS9IKRE,202104,0.894797936496183
kBRVmS9IKRE,202105,7.568935970046846
kBRVmS9IKRE,202106,18.92373587542636
kBRVmS9IKRE,202107,17.242615739286165
kBRVmS9IKRE,202108,16.895615758506096
kBRVmS9IKRE,202109,8.177418752601499
kBRVmS9IKRE,202110,7.141578601217444
kBRVmS9IKRE,202111,0.1595652323868182
kBRVmS9IKRE,202112,0.9908116230242432
kBRVmS9IKRE,202201,1.8897990532739843
kBRVmS9IKRE,202202,1.8462627946370296
kBRVmS9IKRE,202203,0.2143525012312461
kBRVmS9IKRE,202204,0.507848620578371
kBRVmS9IKRE,202205,4.418446732964751
kBRVmS9IKRE,202206,8.882479317611173
kBRVmS9IKRE,202207,16.27820746308126
kBRVmS9IKRE,202208,10.821401052092574
kBRVmS9IKRE,202209,7.932850623646052
kBRVmS9IKRE,202210,6.840492159189646
kBRVmS9IKRE,202211,0.13084927245628
kBRVmS9IKRE,202212,0.0091677769823295
kBRVmS9IKRE,202301,0.2590397870824091
kBRVmS9IKRE,202302,0.0717461019943321
kBRVmS9IKRE,202303,1.0563986783553911
kBRVmS9IKRE,202304,0.8958380357921997
kBRVmS9IKRE,202305,1.407171865143178
kBRVmS9IKRE,202306,3.7353203781205178
kBRVmS9IKRE,202307,8.128169081097349
kBRVmS9IKRE,202308,8.722030103654737
kBRVmS9IKRE,202309,3.5303931820417924
kBRVmS9IKRE,202310,1.3803600834693104
kBRVmS9IKRE,202311,0.1654819738566896
kBRVmS9IKRE,202312,0.165304800500317
kBRVmS9IKRE,202401,0.0973133305261286
kBRVmS9IKRE,202402,0.4912507644029781
kBRVmS9IKRE,202403,1.1189727598543762
kBRVmS9IKRE,202404,0.1574278422086574
kBRVmS9IKRE,202405,2.213341297484706
kBRVmS9IKRE,202406,4.09448561180647
kBRVmS9IKRE,202407,24.923779589800485
kBRVmS9IKRE,202408,14.753127343319004
kBRVmS9IKRE,202409,12.66432659372067
kBRVmS9IKRE,202410,0.858340976467048
kBRVmS9IKRE,202411,0.2949255763746709
kBRVmS9IKRE,202412,0.3363755845992733
kfrKchZfqGr,201601,2.641750145115861
kfrKchZfqGr,201602,1.5519741988582474
kfrKchZfqGr,201603,1.631218234664887
kfrKchZfqGr,201604,1.3399130401807473
kfrKchZfqGr,201605,7.644258079732825
kfrKchZfqGr,201606,19.075908985615516
kfrKchZfqGr,201607,35.36328654321371
kfrKchZfqGr,201608,9.411069930649266
kfrKchZfqGr,201609,20.21716576009685
kfrKchZfqGr,201610,3.796005893165197
kfrKchZfqGr,201611,0.3539851281645269
kfrKchZfqGr,201612,0.9923132803497008
kfrKchZfqGr,201701,1.09239135351041
kfrKchZfqGr,201702,1.3435478700348833
kfrKchZfqGr,201703,6.071134035997756
kfrKchZfqGr,201704,3.6401480080633055
kfrKchZfqGr,201705,6.254849950827112
kfrKchZfqGr,201706,14.234670785645088
kfrKchZfqGr,201707,21.371107187925997
kfrKchZfqGr,201708,33.208953736660355
kfrKchZfqGr,201709,8.302122178808393
kfrKchZfqGr,201710,1.5266018553433185
kfrKchZfqGr,201711,0.7581072039811775
kfrKchZfqGr,201712,0.4427180558848022
kfrKchZfqGr,201801,1.2378625802004826
kfrKchZfqGr,201802,1.807065625375304
kfrKchZfqGr,201803,1.061762222193168
kfrKchZfqGr,201804,4.32395768611498
kfrKchZfqGr,201805,10.856438512238295
kfrKchZfqGr,201806,18.579849707119624
kfrKchZfqGr,201807,24.50823765956739
kfrKchZfqGr,201808,21.69049153406641
kfrKchZfqGr,201809,11.402474553699497
kfrKchZfqGr,201810,0.9017108936823824
kfrKchZfqGr,201811,1.181856575143449
kfrKchZfqGr,201812,1.2301607678228768
kfrKchZfqGr,201901,1.6430689625959096
kfrKchZfqGr,201902,4.230315425000427
kfrKchZfqGr,201903,1.8763869633627523
kfrKchZfqGr,201904,3.396029928595254
kfrKchZfqGr,201905,2.064685047949288
kfrKchZfqGr,201906,12.285983235837126
kfrKchZfqGr,201907,30.028084831892297
kfrKchZfqGr,201908,12.079349852180574
kfrKchZfqGr,201909,25.436824359713867
kfrKchZfqGr,201910,2.347131642633132
kfrKchZfqGr,201911,0.9139476981630578
kfrKchZfqGr,201912,1.7471886054501342
kfrKchZfqGr,202001,4.692327607476723
kfrKchZfqGr,202002,3.8688398420285375
kfrKchZfqGr,202003,1.714825011748529
kfrKchZfqGr,202004,4.349536905201994
kfrKchZfqGr,202005,6.003524575991305
kfrKchZfqGr,202006,24.40468775030571
kfrKchZfqGr,202007,33.761377041007016
kfrKchZfqGr,202008,15.994476898944276
kfrKchZfqGr,202009,24.012483844513167
kfrKchZfqGr,202010,0.5659460140617835
kfrKchZfqGr,202011,0.2033758447347337
kfrKchZfqGr,202012,0.9197378044713692
kfrKchZfqGr,202101,1.4771267563528456
kfrKchZfqGr,202102,1.5558147359434864
kfrKchZfqGr,202103,1.1224697469916218
kfrKchZfqGr,202104,0.6081119064910806
kfrKchZfqGr,202105,12.56646549293148
kfrKchZfqGr,202106,20.83222205329516
kfrKchZfqGr,202107,29.38944393976215
kfrKchZfqGr,202108,31.43481571632687
kfrKchZfqGr,202109,15.201782668486404
kfrKchZfqGr,202110,8.484989634968228
kfrKchZfqGr,202111,1.6235962141667777
kfrKchZfqGr,202112,1.9517069584180164
kfrKchZfqGr,202201,3.1121026562818344
kfrKchZfqGr,202202,4.253267324856522
kfrKchZfqGr,202203,1.2803545456646557
kfrKchZfqGr,202204,3.633118862990021
kfrKchZfqGr,202205,8.683532169556711
kfrKchZfqGr,202206,20.583801986815203
kfrKchZfqGr,202207,14.259780139554971
kfrKchZfqGr,202208,13.6694162457716
kfrKchZfqGr,202209,9.007587767864688
kfrKchZfqGr,202210,3.478663273095604
kfrKchZfqGr,202211,0.2359878612195399
kfrKchZfqGr,202212,0.4548240853792508
kfrKchZfqGr,202301,0.2566594056132205
kfrKchZfqGr,202302,1.1938763718926158
kfrKchZfqGr,202303,0.9909361053316352
kfrKchZfqGr,202304,0.6337786602198436
kfrKchZfqGr,202305,1.69175405893765
kfrKchZfqGr,202306,5.745344473477328
kfrKchZfqGr,202307,9.884496599515993
kfrKchZfqGr,202308,9.61567623048606
kfrKchZfqGr,202309,3.351122051047723
kfrKchZfqGr,202310,1.7860841673457009
kfrKchZfqGr,202311,0.2334221939047379
kfrKchZfqGr,202312,0.3790299521227468
kfrKchZfqGr,202401,1.1409818666303817
kfrKchZfqGr,202402,0.8417364608378027
kfrKchZfqGr,202403,2.8181573662933017
kfrKchZfqGr,202404,0.055058555621854
kfrKchZfqGr,202405,4.040044882349381
kfrKchZfqGr,202406,19.50359631840591
kfrKchZfqGr,202407,28.791611375404177
kfrKchZfqGr,202408,19.123066463763703
kfrKchZfqGr,202409,23.731635199094445
kfrKchZfqGr,202410,3.4861975360258595
kfrKchZfqGr,202411,1.4917066543605828
kfrKchZfqGr,202412,0.661673247274888
l8tZrJ55yzg,201601,0.5208531596151187
l8tZrJ55yzg,201602,0.3694428806200143
l8tZrJ55yzg,201603,1.2074868277388071
l8tZrJ55yzg,201604,0.3495977849192613
l8tZrJ55yzg,201605,9.959277076772263
l8tZrJ55yzg,201606,18.15712225859383
l8tZrJ55yzg,201607,30.11016021221143
l8tZrJ55yzg,201608,9.97014592434392
l8tZrJ55yzg,201609,12.724437396380935
l8tZrJ55yzg,201610,2.968597291327648
l8tZrJ55yzg,201611,0.0743375399334884
l8tZrJ55yzg,201612,0.2430410478638613
l8tZrJ55yzg,201701,0.3940548601730329
l8tZrJ55yzg,201702,0.2007804116905244
l8tZrJ55yzg,201703,2.6963995242810426
l8tZrJ55yzg,201704,3.4067108051244746
l8tZrJ55yzg,201705,9.946976117737536
l8tZrJ55yzg,201706,15.23455340483839
l8tZrJ55yzg,201707,18.28426660028741
l8tZrJ55yzg,201708,31.777226672668125
l8tZrJ55yzg,201709,7.699289891023883
l8tZrJ55yzg,201710,1.346936762010217
l8tZrJ55yzg,201711,0.0603694347605078
l8tZrJ55yzg,201712,0.0384060492977378
l8tZrJ55yzg,201801,0.2728579765036314
l8tZrJ55yzg,201802,0.4669662312953871
l8tZrJ55yzg,201803,0.4892980321450734
l8tZrJ55yzg,201804,4.939867067083288
l8tZrJ55yzg,201805,8.73888062072588
l8tZrJ55yzg,201806,14.08156510752837
l8tZrJ55yzg,201807,23.176402361260667
l8tZrJ55yzg,201808,17.77589293733278
l8tZrJ55yzg,201809,7.133879631697472
l8tZrJ55yzg,201810,0.6694694229390444
l8tZrJ55yzg,201811,0.1340527719041015
l8tZrJ55yzg,201812,0.0939238568953964
l8tZrJ55yzg,201901,0.9459538608119834
l8tZrJ55yzg,201902,2.5794548473566903
l8tZrJ55yzg,201903,0.6859525813050396
l8tZrJ55yzg,201904,4.023193868547592
l8tZrJ55yzg,201905,1.5490031990604105
l8tZrJ55yzg,201906,9.214616255885998
l8tZrJ55yzg,201907,22.745918190401817
l8tZrJ55yzg,201908,11.02166621516791
l8tZrJ55yzg,201909,26.485606349429087
l8tZrJ55yzg,201910,1.4838837241976788
l8tZrJ55yzg,201911,0.3481103267983136
l8tZrJ55yzg,201912,0.7489017805753772
l8tZrJ55yzg,202001,3.16821264730204
l8tZrJ55yzg,202002,1.648050449290321
l8tZrJ55yzg,202003,1.79842418614217
l8tZrJ55yzg,202004,6.049852202984244
l8tZrJ55yzg,202005,4.466292555291384
l8tZrJ55yzg,202006,21.397168082464475
l8tZrJ55yzg,202007,30.773948107197636
l8tZrJ55yzg,202008,12.503422611161373
l8tZrJ55yzg,202009,20.37358979503622
l8tZrJ55yzg,202010,0.5771799076754286
l8tZrJ55yzg,202011,0.0463029601696617
l8tZrJ55yzg,202012,0.0631567665366268
l8tZrJ55yzg,202101,0.1619962682627454
l8tZrJ55yzg,202102,0.4030421024997802
l8tZrJ55yzg,202103,0.2953271508369621
l8tZrJ55yzg,202104,0.6746465306327718
l8tZrJ55yzg,202105,17.525369985869965
l8tZrJ55yzg,202106,18.915174629687755
l8tZrJ55yzg,202107,19.1101121523943
l8tZrJ55yzg,202108,22.794051388142847
l8tZrJ55yzg,202109,11.573668671602505
l8tZrJ55yzg,202110,7.810268611296253
l8tZrJ55yzg,202111,0.0662365079582893
l8tZrJ55yzg,202112,1.3536011311447067
l8tZrJ55yzg,202201,1.0864958450513984
l8tZrJ55yzg,202202,2.2170153557155463
l8tZrJ55yzg,202203,0.2581530687802503
l8tZrJ55yzg,202204,2.1023792702174258
l8tZrJ55yzg,202205,8.2064532253854
l8tZrJ55yzg,202206,14.6740801264778
l8tZrJ55yzg,202207,9.9312901893016
l8tZrJ55yzg,202208,10.28982732074555
l8tZrJ55yzg,202209,6.273682230175532
l8tZrJ55yzg,202210,3.2380123308251
l8tZrJ55yzg,202211,0.1138328886665128
l8tZrJ55yzg,202212,0.0450784550391245
l8tZrJ55yzg,202301,0.0239822625007765
l8tZrJ55yzg,202302,0.1925711751942062
l8tZrJ55yzg,202303,1.0784002430976072
l8tZrJ55yzg,202304,0.5949757050021698
l8tZrJ55yzg,202305,1.6625035461608428
l8tZrJ55yzg,202306,3.71921519085008
l8tZrJ55yzg,202307,7.522656675136731
l8tZrJ55yzg,202308,6.571300491403596
l8tZrJ55yzg,202309,4.186698113339545
l8tZrJ55yzg,202310,1.589360597166597
l8tZrJ55yzg,202311,0.19222511807217
l8tZrJ55yzg,202312,0.0433380509596705
l8tZrJ55yzg,202401,0.0743283950840661
l8tZrJ55yzg,202402,0.2066103659908568
l8tZrJ55yzg,202403,0.8135397329663038
l8tZrJ55yzg,202404,0.0317667602304745
l8tZrJ55yzg,202405,5.711758240105949
l8tZrJ55yzg,202406,14.356948856496246
l8tZrJ55yzg,202407,25.09422294559024
l8tZrJ55yzg,202408,13.855463595094378
l8tZrJ55yzg,202409,27.45923200262101
l8tZrJ55yzg,202410,2.119330632722773
l8tZrJ55yzg,202411,0.6357050116604663
l8tZrJ55yzg,202412,0.0901816715045192
mMGyx6JG7wj,201601,0.6771093318172523
mMGyx6JG7wj,201602,0.3426344974474686
mMGyx6JG7wj,201603,1.1639871525190175
mMGyx6JG7wj,201604,0.5054692533773459
mMGyx6JG7wj,201605,8.039914146349348
mMGyx6JG7wj,201606,10.464800544636873
mMGyx6JG7wj,201607,20.355027968658423
mMGyx6JG7wj,201608,10.386055238186282
mMGyx6JG7wj,201609,15.417472766568633
mMGyx6JG7wj,201610,2.3714471526469785
mMGyx6JG7wj,201611,0.0812887612243703
mMGyx6JG7wj,201612,0.2406703603367861
mMGyx6JG7wj,201701,0.4689016628976767
mMGyx6JG7wj,201702,0.2394003506454163
mMGyx6JG7wj,201703,1.9251352246322144
mMGyx6JG7wj,201704,2.21603133198145
mMGyx6JG7wj,201705,5.724804785084801
mMGyx6JG7wj,201706,7.093730622770079
mMGyx6JG7wj,201707,17.68635135950521
mMGyx6JG7wj,201708,22.03272756186153
mMGyx6JG7wj,201709,6.635474064448011
mMGyx6JG7wj,201710,2.1183290269076576
mMGyx6JG7wj,201711,0.1218410908259959
mMGyx6JG7wj,201712,0.1075873493065419
mMGyx6JG7wj,201801,0.2976808416480455
mMGyx6JG7wj,201802,0.5343670064908406
mMGyx6JG7wj,201803,0.8453094433978033
mMGyx6JG7wj,201804,3.4224436521658235
mMGyx6JG7wj,201805,4.567816288661184
mMGyx6JG7wj,201806,11.847034252566408
mMGyx6JG7wj,201807,18.81420770570868
mMGyx6JG7wj,201808,16.950851775402533
mMGyx6JG7wj,201809,5.187651430849361
mMGyx6JG7wj,201810,0.7707895011556902
mMGyx6JG7wj,201811,0.1782076718753526
mMGyx6JG7wj,201812,0.2768876455556165
mMGyx6JG7wj,201901,0.4510272003161784
mMGyx6JG7wj,201902,1.845032069835029
mMGyx6JG7wj,201903,0.7663592102539722
mMGyx6JG7wj,201904,3.714897459434492
mMGyx6JG7wj,201905,2.557775078963618
mMGyx6JG7wj,201906,5.153057936945287
mMGyx6JG7wj,201907,33.50807252119903
mMGyx6JG7wj,201908,9.396765244283324
mMGyx6JG7wj,201909,14.90176365327504
mMGyx6JG7wj,201910,1.490981992594653
mMGyx6JG7wj,201911,0.3899774062585559
mMGyx6JG7wj,201912,0.7043532057067567
mMGyx6JG7wj,202001,1.7369513053969314
mMGyx6JG7wj,202002,1.1026921437448929
mMGyx6JG7wj,202003,1.3194995447874744
mMGyx6JG7wj,202004,2.9986440530614824
mMGyx6JG7wj,202005,5.267033507034723
mMGyx6JG7wj,202006,11.61022052309833
mMGyx6JG7wj,202007,38.20992016093528
mMGyx6JG7wj,202008,11.031056472805126
mMGyx6JG7wj,202009,13.336034047643816
mMGyx6JG7wj,202010,1.0304608017695238
mMGyx6JG7wj,202011,0.1147477038308629
mMGyx6JG7wj,202012,0.2075646556812231
mMGyx6JG7wj,202101,0.2554543896410933
mMGyx6JG7wj,202102,0.3043008065629472
mMGyx6JG7wj,202103,0.3972163439778589
mMGyx6JG7wj,202104,0.8225804254584237
mMGyx6JG7wj,202105,12.765899551003915
mMGyx6JG7wj,202106,11.954661396212945
mMGyx6JG7wj,202107,18.047019155424717
mMGyx6JG7wj,202108,21.62011486755512
mMGyx6JG7wj,202109,7.35308063319863
mMGyx6JG7wj,202110,6.889753614372208
mMGyx6JG7wj,202111,0.1943381444747442
mMGyx6JG7wj,202112,0.9311100221909364
mMGyx6JG7wj,202201,0.7609369473250885
mMGyx6JG7wj,202202,1.578743757366948
mMGyx6JG7wj,202203,0.4243408026042761
mMGyx6JG7wj,202204,2.549358743347172
mMGyx6JG7wj,202205,4.670519274114876
mMGyx6JG7wj,202206,15.521844402998154
mMGyx6JG7wj,202207,14.762914626577691
mMGyx6JG7wj,202208,11.510039452973997
mMGyx6JG7wj,202209,6.077644488968666
mMGyx6JG7wj,202210,1.6024682768940073
mMGyx6JG7wj,202211,0.1293396134071719
mMGyx6JG7wj,202212,0.0708989786134799
mMGyx6JG7wj,202301,0.0516626623195945
mMGyx6JG7wj,202302,0.1623619041909088
mMGyx6JG7wj,202303,1.144805244891287
mMGyx6JG7wj,202304,0.7481506919875985
mMGyx6JG7wj,202305,1.6891917563701109
mMGyx6JG7wj,202306,4.146926256605077
mMGyx6JG7wj,202307,6.552710197088175
mMGyx6JG7wj,202308,9.18077556305384
mMGyx6JG7wj,202309,4.414274966950097
mMGyx6JG7wj,202310,2.111662853145853
mMGyx6JG7wj,202311,0.2247691592351697
mMGyx6JG7wj,202312,0.1823729498484813
mMGyx6JG7wj,202401,0.1366144462996396
mMGyx6JG7wj,202402,0.1676435337012997
mMGyx6JG7wj,202403,2.3042062796232683
mMGyx6JG7wj,202404,0.0685222748399046
mMGyx6JG7wj,202405,3.415721761205765
mMGyx6JG7wj,202406,11.75675761365328
mMGyx6JG7wj,202407,19.19458775572994
mMGyx6JG7wj,202408,14.587152170605144
mMGyx6JG7wj,202409,13.0290751669654
mMGyx6JG7wj,202410,3.0219245633298097
mMGyx6JG7wj,202411,0.5759155133474562
mMGyx6JG7wj,202412,0.1765086577809843
q7VB2VrUr83,201601,1.8880248660528025
q7VB2VrUr83,201602,1.9886760438178184
q7VB2VrUr83,201603,2.760271947797494
q7VB2VrUr83,201604,2.2130232790328708
q7VB2VrUr83,201605,8.975279299594174
q7VB2VrUr83,201606,15.615612256086372
q7VB2VrUr83,201607,24.0485868247066
q7VB2VrUr83,201608,8.9385871983958
q7VB2VrUr83,201609,11.571915123361798
q7VB2VrUr83,201610,4.276325963862991
q7VB2VrUr83,201611,0.2302796589228942
q7VB2VrUr83,201612,0.72109277046544
q7VB2VrUr83,201701,1.4025537330100957
q7VB2VrUr83,201702,1.3758535207199802
q7VB2VrUr83,201703,4.470473502289563
q7VB2VrUr83,201704,3.89876762732444
q7VB2VrUr83,201705,6.386796302550606
q7VB2VrUr83,201706,10.63392672872696
q7VB2VrUr83,201707,14.246826051352834
q7VB2VrUr83,201708,18.73702035931428
q7VB2VrUr83,201709,7.657324963682455
q7VB2VrUr83,201710,2.627163377980715
q7VB2VrUr83,201711,0.8135051821707021
q7VB2VrUr83,201712,0.3814084549225899
q7VB2VrUr83,201801,0.5708102194814789
q7VB2VrUr83,201802,1.7843425877867412
q7VB2VrUr83,201803,2.7774751344889697
q7VB2VrUr83,201804,4.832624400248334
q7VB2VrUr83,201805,6.311456706711086
q7VB2VrUr83,201806,11.520617592174744
q7VB2VrUr83,201807,19.811480639191306
q7VB2VrUr83,201808,20.00090447109026
q7VB2VrUr83,201809,7.665694816902056
q7VB2VrUr83,201810,1.4591715356613504
q7VB2VrUr83,201811,1.5374825981986897
q7VB2VrUr83,201812,1.2660097475542718
q7VB2VrUr83,201901,2.901389956813206
q7VB2VrUr83,201902,5.017573584470672
q7VB2VrUr83,201903,1.611282358394737
q7VB2VrUr83,201904,3.810775940457973
q7VB2VrUr83,201905,3.339161505357312
q7VB2VrUr83,201906,9.851922764767654
q7VB2VrUr83,201907,17.704661985366723
q7VB2VrUr83,201908,10.15239690992366
q7VB2VrUr83,201909,18.13614714637249
q7VB2VrUr83,201910,1.9024427953862053
q7VB2VrUr83,201911,1.0024481608331408
q7VB2VrUr83,201912,1.863867317890376
q7VB2VrUr83,202001,4.739985434617071
q7VB2VrUr83,202002,1.2344636347175693
q7VB2VrUr83,202003,2.476303525663272
q7VB2VrUr83,202004,5.158306822105347
q7VB2VrUr83,202005,6.697339139758876
q7VB2VrUr83,202006,17.2147883831834
q7VB2VrUr83,202007,25.3064768533814
q7VB2VrUr83,202008,18.381920851645592
q7VB2VrUr83,202009,15.99846236981047
q7VB2VrUr83,202010,2.41697498565644
q7VB2VrUr83,202011,0.610721138007041
q7VB2VrUr83,202012,1.044729566129714
q7VB2VrUr83,202101,0.8183394914431965
q7VB2VrUr83,202102,1.630447078527606
q7VB2VrUr83,202103,3.2385167188705286
q7VB2VrUr83,202104,3.185687271499758
q7VB2VrUr83,202105,10.717241519171845
q7VB2VrUr83,202106,16.993980234054398
q7VB2VrUr83,202107,23.450371788310164
q7VB2VrUr83,202108,20.89342291161572
q7VB2VrUr83,202109,10.07749011777875
q7VB2VrUr83,202110,5.83656618329876
q7VB2VrUr83,202111,1.6048199080801462
q7VB2VrUr83,202112,3.11902157565664
q7VB2VrUr83,202201,2.253156821455616
q7VB2VrUr83,202202,2.89735137689276
q7VB2VrUr83,202203,1.2938758692280696
q7VB2VrUr83,202204,3.389224174377148
q7VB2VrUr83,202205,8.526310596273944
q7VB2VrUr83,202206,13.412556195510067
q7VB2VrUr83,202207,16.625431551800624
q7VB2VrUr83,202208,12.50216968166101
q7VB2VrUr83,202209,6.348670824487416
q7VB2VrUr83,202210,4.648561550876975
q7VB2VrUr83,202211,0.3987707050583249
q7VB2VrUr83,202212,0.2230790985926742
q7VB2VrUr83,202301,0.3876920255239186
q7VB2VrUr83,202302,0.892461289775244
q7VB2VrUr83,202303,2.224264541770311
q7VB2VrUr83,202304,2.264058849154405
q7VB2VrUr83,202305,3.475240181436936
q7VB2VrUr83,202306,5.956165924674685
q7VB2VrUr83,202307,11.613905994595768
q7VB2VrUr83,202308,8.81678150636112
q7VB2VrUr83,202309,3.8165233106635688
q7VB2VrUr83,202310,2.684746967054644
q7VB2VrUr83,202311,0.5053066423913416
q7VB2VrUr83,202312,0.6898652828639558
q7VB2VrUr83,202401,0.7376037958201695
q7VB2VrUr83,202402,1.0100563016102622
q7VB2VrUr83,202403,3.2356864072526297
q7VB2VrUr83,202404,1.8530662633563408
q7VB2VrUr83,202405,5.083618585233467
q7VB2VrUr83,202406,12.492837623793545
q7VB2VrUr83,202407,28.95603372944553
q7VB2VrUr83,202408,17.585011702507337
q7VB2VrUr83,202409,14.451606397398548
q7VB2VrUr83,202410,3.544508268865474
q7VB2VrUr83,202411,3.3418048742235777
q7VB2VrUr83,202412,0.5122157733249184
qoayxucpZqH,201601,0.7590236107216762
qoayxucpZqH,201602,0.9042794909969032
qoayxucpZqH,201603,0.9967063683137414
qoayxucpZqH,201604,0.9288927774051872
qoayxucpZqH,201605,2.1006809218888205
qoayxucpZqH,201606,3.234584392641091
qoayxucpZqH,201607,9.740203985110544
qoayxucpZqH,201608,4.805752830308657
qoayxucpZqH,201609,2.8601280705955707
qoayxucpZqH,201610,1.151666993379155
qoayxucpZqH,201611,0.0372820298747672
qoayxucpZqH,201612,0.2122381362359879
qoayxucpZqH,201701,1.022597086128042
qoayxucpZqH,201702,0.4091572766903787
qoayxucpZqH,201703,2.036729682780072
qoayxucpZqH,201704,1.0349389305599048
qoayxucpZqH,201705,1.7534156403195356
qoayxucpZqH,201706,2.87018585805674
qoayxucpZqH,201707,7.481852990370307
qoayxucpZqH,201708,5.570876220615073
qoayxucpZqH,201709,2.463109171567321
qoayxucpZqH,201710,0.6514400441154311
qoayxucpZqH,201711,0.2407939833980903
qoayxucpZqH,201712,0.5508216438456304
qoayxucpZqH,201801,0.3364697508330694
qoayxucpZqH,201802,1.2823920864618568
qoayxucpZqH,201803,1.0101528594606946
qoayxucpZqH,201804,1.0389297984865042
qoayxucpZqH,201805,1.4481140199111358
qoayxucpZqH,201806,3.401673190836336
qoayxucpZqH,201807,7.436527697629243
qoayxucpZqH,201808,9.130891331905216
qoayxucpZqH,201809,2.7551485539017904
qoayxucpZqH,201810,0.4276696900728274
qoayxucpZqH,201811,0.3708696162851764
qoayxucpZqH,201812,0.5065006473468061
qoayxucpZqH,201901,2.567670305392365
qoayxucpZqH,201902,3.987061973643409
qoayxucpZqH,201903,0.8596183474449425
qoayxucpZqH,201904,0.8667222580973436
qoayxucpZqH,201905,0.7379443987195723
qoayxucpZqH,201906,2.608781445308806
qoayxucpZqH,201907,7.27157327787113
qoayxucpZqH,201908,5.92869295577166
qoayxucpZqH,201909,6.498052165317407
qoayxucpZqH,201910,0.6747968300886397
qoayxucpZqH,201911,0.7426310809317423
qoayxucpZqH,201912,1.337314353984404
qoayxucpZqH,202001,3.3830093596253654
qoayxucpZqH,202002,0.4969108195628158
qoayxucpZqH,202003,1.4201441105185908
qoayxucpZqH,202004,1.2076856583103506
qoayxucpZqH,202005,1.6008814627372134
qoayxucpZqH,202006,6.573437049307013
qoayxucpZqH,202007,8.051625206005804
qoayxucpZqH,202008,6.5487091936612485
qoayxucpZqH,202009,5.284432389854447
qoayxucpZqH,202010,0.4247739090576654
qoayxucpZqH,202011,0.5630794824478624
qoayxucpZqH,202012,0.2977775418150202
qoayxucpZqH,202101,0.4996000930022073
qoayxucpZqH,202102,0.7047149168931561
qoayxucpZqH,202103,0.8368896530642098
qoayxucpZqH,202104,1.567153750822628
qoayxucpZqH,202105,5.333915149494996
qoayxucpZqH,202106,7.169973319597968
qoayxucpZqH,202107,8.866050466424616
qoayxucpZqH,202108,8.10580978848019
qoayxucpZqH,202109,5.11865491228373
qoayxucpZqH,202110,2.065239170668489
qoayxucpZqH,202111,0.4636231160060224
qoayxucpZqH,202112,2.320395506773712
qoayxucpZqH,202201,1.1069957596132731
qoayxucpZqH,202202,1.5272316845307738
qoayxucpZqH,202203,0.1726743353290746
qoayxucpZqH,202204,1.155984618358886
qoayxucpZqH,202205,2.56724461028997
qoayxucpZqH,202206,3.199370383685765
qoayxucpZqH,202207,6.962200331268997
qoayxucpZqH,202208,6.743779764797994
qoayxucpZqH,202209,2.8372996090149942
qoayxucpZqH,202210,2.1623898220974858
qoayxucpZqH,202211,0.1149995079168351
qoayxucpZqH,202212,0.0495750549011857
qoayxucpZqH,202301,0.4724273477437162
qoayxucpZqH,202302,0.1394423303017618
qoayxucpZqH,202303,0.6468151484972967
qoayxucpZqH,202304,0.9208758126049748
qoayxucpZqH,202305,0.9699008986190752
qoayxucpZqH,202306,1.753673522234837
qoayxucpZqH,202307,4.07565596285114
qoayxucpZqH,202308,3.9715387949600656
qoayxucpZqH,202309,1.773782613382434
qoayxucpZqH,202310,1.0037944257973168
qoayxucpZqH,202311,0.2882879885346539
qoayxucpZqH,202312,0.4146934361630822
qoayxucpZqH,202401,0.2011091817818086
qoayxucpZqH,202402,0.7104282225598321
qoayxucpZqH,202403,1.334342335919822
qoayxucpZqH,202404,0.8656544896913339
qoayxucpZqH,202405,1.615620200299151
qoayxucpZqH,202406,3.537531258505791
qoayxucpZqH,202407,10.244792414606184
qoayxucpZqH,202408,7.373031771037409
qoayxucpZqH,202409,8.42365575361659
qoayxucpZqH,202410,0.6729029549613473
qoayxucpZqH,202411,0.61971311150216
qoayxucpZqH,202412,0.5394864523584739
rsZaqJl5R0A,201601,0.3971318656275602
rsZaqJl5R0A,201602,0.4446282982355732
rsZaqJl5R0A,201603,1.52736012531313
rsZaqJl5R0A,201604,0.4217626570539829
rsZaqJl5R0A,201605,10.5261273404056
rsZaqJl5R0A,201606,10.310750755512109
rsZaqJl5R0A,201607,21.171332749820888
rsZaqJl5R0A,201608,12.593129686884565
rsZaqJl5R0A,201609,14.683254398635954
rsZaqJl5R0A,201610,2.602702230330761
rsZaqJl5R0A,201611,0.0738339573928841
rsZaqJl5R0A,201612,0.1959759986197009
rsZaqJl5R0A,201701,0.6221897176227292
rsZaqJl5R0A,201702,0.2095962702757115
rsZaqJl5R0A,201703,2.485925950641049
rsZaqJl5R0A,201704,3.28017792119449
rsZaqJl5R0A,201705,9.697275885509873
rsZaqJl5R0A,201706,8.646196684881206
rsZaqJl5R0A,201707,16.48389438295562
rsZaqJl5R0A,201708,30.898836817670816
rsZaqJl5R0A,201709,6.586864160572576
rsZaqJl5R0A,201710,1.652908010065706
rsZaqJl5R0A,201711,0.1771188975673281
rsZaqJl5R0A,201712,0.0251505135623996
rsZaqJl5R0A,201801,0.2905108672550691
rsZaqJl5R0A,201802,0.4670123791157221
rsZaqJl5R0A,201803,0.8632972867940417
rsZaqJl5R0A,201804,4.478882555957916
rsZaqJl5R0A,201805,7.279663231731159
rsZaqJl5R0A,201806,14.122843243559185
rsZaqJl5R0A,201807,22.14354177141361
rsZaqJl5R0A,201808,18.53392802512107
rsZaqJl5R0A,201809,7.542091569174316
rsZaqJl5R0A,201810,0.6500423114315231
rsZaqJl5R0A,201811,0.1220753766161755
rsZaqJl5R0A,201812,0.1234702502701331
rsZaqJl5R0A,201901,0.9383231186646026
rsZaqJl5R0A,201902,2.473068676790433
rsZaqJl5R0A,201903,0.9372710293716352
rsZaqJl5R0A,201904,4.021424907993359
rsZaqJl5R0A,201905,2.1920406141165647
rsZaqJl5R0A,201906,6.217383440138221
rsZaqJl5R0A,201907,34.20119866366474
rsZaqJl5R0A,201908,11.70070500583958
rsZaqJl5R0A,201909,15.221116289847345
rsZaqJl5R0A,201910,1.1671559682906154
rsZaqJl5R0A,201911,0.3200292937628761
rsZaqJl5R0A,201912,0.7407426733059118
rsZaqJl5R0A,202001,2.696411012099547
rsZaqJl5R0A,202002,1.5183598542447332
rsZaqJl5R0A,202003,1.7287631297569994
rsZaqJl5R0A,202004,5.242697382555544
rsZaqJl5R0A,202005,5.718562525546439
rsZaqJl5R0A,202006,16.059568630640204
rsZaqJl5R0A,202007,28.82604917950797
rsZaqJl5R0A,202008,12.469430421766642
rsZaqJl5R0A,202009,14.453205324662711
rsZaqJl5R0A,202010,0.5925896225086685
rsZaqJl5R0A,202011,0.0967759980411074
rsZaqJl5R0A,202012,0.0581056888830543
rsZaqJl5R0A,202101,0.1170396891077546
rsZaqJl5R0A,202102,0.4796598244231729
rsZaqJl5R0A,202103,0.3905746248198103
rsZaqJl5R0A,202104,0.8124223128520615
rsZaqJl5R0A,202105,14.646401882241172
rsZaqJl5R0A,202106,17.298324659486983
rsZaqJl5R0A,202107,28.10114950197793
rsZaqJl5R0A,202108,24.076644599753944
rsZaqJl5R0A,202109,10.35803526877649
rsZaqJl5R0A,202110,11.11356489468294
rsZaqJl5R0A,202111,0.1192156807527034
rsZaqJl5R0A,202112,1.2862873667756214
rsZaqJl5R0A,202201,0.902259337487478
rsZaqJl5R0A,202202,2.113272223846237
rsZaqJl5R0A,202203,0.4961886119136039
rsZaqJl5R0A,202204,2.5395549590683126
rsZaqJl5R0A,202205,7.777026912426991
rsZaqJl5R0A,202206,12.128225235389383
rsZaqJl5R0A,202207,14.29661863032372
rsZaqJl5R0A,202208,12.65594695649669
rsZaqJl5R0A,202209,6.9004787603576245
rsZaqJl5R0A,202210,2.181227913826713
rsZaqJl5R0A,202211,0.0914793308434366
rsZaqJl5R0A,202212,0.0228554419625536
rsZaqJl5R0A,202301,0.0195437521450895
rsZaqJl5R0A,202302,0.1379718567203524
rsZaqJl5R0A,202303,1.304713882936391
rsZaqJl5R0A,202304,0.6941430087403953
rsZaqJl5R0A,202305,1.964109261279034
rsZaqJl5R0A,202306,4.102246336342116
rsZaqJl5R0A,202307,7.178174348322472
rsZaqJl5R0A,202308,10.473336885603734
rsZaqJl5R0A,202309,4.639493634359227
rsZaqJl5R0A,202310,2.205839978877046
rsZaqJl5R0A,202311,0.2481156376673348
rsZaqJl5R0A,202312,0.1452792302215574
rsZaqJl5R0A,202401,0.0853167485991694
rsZaqJl5R0A,202402,0.2148525379966506
rsZaqJl5R0A,202403,1.873221027604819
rsZaqJl5R0A,202404,0.0698242082932729
rsZaqJl5R0A,202405,4.301141004298221
rsZaqJl5R0A,202406,10.052687217083587
rsZaqJl5R0A,202407,20.39475473902141
rsZaqJl5R0A,202408,15.332416770603563
rsZaqJl5R0A,202409,24.022821125209983
rsZaqJl5R0A,202410,1.8211678212788531
rsZaqJl5R0A,202411,0.6272144401747696
rsZaqJl5R0A,202412,0.0948549916003695
t9XsLKdMwA1,201601,0.0762458263059608
t9XsLKdMwA1,201602,0.3376164420950666
t9XsLKdMwA1,201603,0.5685843502272424
t9XsLKdMwA1,201604,0.1342433163041636
t9XsLKdMwA1,201605,2.384998064549484
t9XsLKdMwA1,201606,6.306061154811326
t9XsLKdMwA1,201607,34.436625926924734
t9XsLKdMwA1,201608,7.735311876139912
t9XsLKdMwA1,201609,5.350755983737257
t9XsLKdMwA1,201610,0.9884921642278648
t9XsLKdMwA1,201611,0.0273161183632361
t9XsLKdMwA1,201612,0.0685496899234095
t9XsLKdMwA1,201701,1.2292822429947252
t9XsLKdMwA1,201702,0.1873531125337026
t9XsLKdMwA1,201703,0.2600455460568697
t9XsLKdMwA1,201704,0.9269378441801772
t9XsLKdMwA1,201705,1.7310607193189471
t9XsLKdMwA1,201706,3.674041909954133
t9XsLKdMwA1,201707,13.395029059446518
t9XsLKdMwA1,201708,8.425118328976042
t9XsLKdMwA1,201709,6.020768488157461
t9XsLKdMwA1,201710,0.1243938671828232
t9XsLKdMwA1,201711,0.0485434740263392
t9XsLKdMwA1,201712,0.0986439826101188
t9XsLKdMwA1,201801,0.1531659543957673
t9XsLKdMwA1,201802,0.3757771084383702
t9XsLKdMwA1,201803,0.3413729471747113
t9XsLKdMwA1,201804,0.7918438605646044
t9XsLKdMwA1,201805,0.8576711228485169
t9XsLKdMwA1,201806,2.374446335634334
t9XsLKdMwA1,201807,12.28426814563381
t9XsLKdMwA1,201808,15.564322328716049
t9XsLKdMwA1,201809,3.9390026791926553
t9XsLKdMwA1,201810,0.0573954161851168
t9XsLKdMwA1,201811,0.0487335932098339
t9XsLKdMwA1,201812,0.0328066876636774
t9XsLKdMwA1,201901,1.2520761191068963
t9XsLKdMwA1,201902,2.9464056396644955
t9XsLKdMwA1,201903,0.3468717824242726
t9XsLKdMwA1,201904,0.5000367736690787
t9XsLKdMwA1,201905,0.4148548572619371
t9XsLKdMwA1,201906,2.881026435562469
t9XsLKdMwA1,201907,13.396000544822604
t9XsLKdMwA1,201908,10.400801956908788
t9XsLKdMwA1,201909,7.286613079047326
t9XsLKdMwA1,201910,0.5659162776985415
t9XsLKdMwA1,201911,0.0725195354376499
t9XsLKdMwA1,201912,1.5798557195805678
t9XsLKdMwA1,202001,2.680397438408095
t9XsLKdMwA1,202002,0.5871719486890659
t9XsLKdMwA1,202003,2.3321862433281546
t9XsLKdMwA1,202004,1.7616432029382472
t9XsLKdMwA1,202005,0.8734313645052442
t9XsLKdMwA1,202006,6.325096921164471
t9XsLKdMwA1,202007,15.781917940598817
t9XsLKdMwA1,202008,9.1159729192886
t9XsLKdMwA1,202009,3.391759663426493
t9XsLKdMwA1,202010,0.019624839297192
t9XsLKdMwA1,202011,0.0955644583105933
t9XsLKdMwA1,202012,0.0369349737718544
t9XsLKdMwA1,202101,0.1507979017978455
t9XsLKdMwA1,202102,0.1057721181061724
t9XsLKdMwA1,202103,0.0835952339275861
t9XsLKdMwA1,202104,0.3200864941809799
t9XsLKdMwA1,202105,5.752784211835684
t9XsLKdMwA1,202106,8.015469970591983
t9XsLKdMwA1,202107,12.653828964721004
t9XsLKdMwA1,202108,9.727584411891844
t9XsLKdMwA1,202109,3.6449722910304927
t9XsLKdMwA1,202110,5.108131614735839
t9XsLKdMwA1,202111,0.0153626665516184
t9XsLKdMwA1,202112,0.2293351958115264
t9XsLKdMwA1,202201,1.8842849760830875
t9XsLKdMwA1,202202,1.897905632020411
t9XsLKdMwA1,202203,0.0222589087663731
t9XsLKdMwA1,202204,0.1780439125343726
t9XsLKdMwA1,202205,1.940695469510736
t9XsLKdMwA1,202206,2.9046077349840127
t9XsLKdMwA1,202207,6.75288684958965
t9XsLKdMwA1,202208,7.699127704189954
t9XsLKdMwA1,202209,4.509881851969084
t9XsLKdMwA1,202210,4.739612544963067
t9XsLKdMwA1,202211,0.0173712157379354
t9XsLKdMwA1,202212,0.0025565263449861
t9XsLKdMwA1,202301,0.3360316462097684
t9XsLKdMwA1,202302,0.0044717504687097
t9XsLKdMwA1,202303,0.5488750389920869
t9XsLKdMwA1,202304,0.4495214252638238
t9XsLKdMwA1,202305,0.7807924313957328
t9XsLKdMwA1,202306,1.9178322214487709
t9XsLKdMwA1,202307,10.255321502013478
t9XsLKdMwA1,202308,7.584710324775529
t9XsLKdMwA1,202309,1.8930340336918448
t9XsLKdMwA1,202310,0.1231116711054226
t9XsLKdMwA1,202311,0.0253997961225638
t9XsLKdMwA1,202312,0.0372885671905626
t9XsLKdMwA1,202401,0.047054143968556
t9XsLKdMwA1,202402,0.3339690542025672
t9XsLKdMwA1,202403,1.2473530575448075
t9XsLKdMwA1,202404,0.0455956686793355
t9XsLKdMwA1,202405,0.4044375686041832
t9XsLKdMwA1,202406,1.990252365658249
t9XsLKdMwA1,202407,19.611641219270403
t9XsLKdMwA1,202408,8.396552599776655
t9XsLKdMwA1,202409,9.669647897411568
t9XsLKdMwA1,202410,0.2301080230492548
t9XsLKdMwA1,202411,0.0779010507280567
t9XsLKdMwA1,202412,0.4559943988253406
tSE6ctwvZmP,201601,2.0889424440337145
tSE6ctwvZmP,201602,1.6380766505389304
tSE6ctwvZmP,201603,2.2242858197979745
tSE6ctwvZmP,201604,2.2784149035781853
tSE6ctwvZmP,201605,5.149863975881634
tSE6ctwvZmP,201606,13.303067859040222
tSE6ctwvZmP,201607,26.23458584088633
tSE6ctwvZmP,201608,9.448898527297084
tSE6ctwvZmP,201609,11.999415316662116
tSE6ctwvZmP,201610,3.3331417671455306
tSE6ctwvZmP,201611,0.4680325834576381
tSE6ctwvZmP,201612,0.8677100903974682
tSE6ctwvZmP,201701,1.2424892972331611
tSE6ctwvZmP,201702,1.3075138541459776
tSE6ctwvZmP,201703,4.990656196010772
tSE6ctwvZmP,201704,3.888437006811408
tSE6ctwvZmP,201705,5.918388207802435
tSE6ctwvZmP,201706,8.656025174220959
tSE6ctwvZmP,201707,18.51124058839435
tSE6ctwvZmP,201708,21.67202149374973
tSE6ctwvZmP,201709,6.231666173794099
tSE6ctwvZmP,201710,1.6959168007266
tSE6ctwvZmP,201711,1.095491359136877
tSE6ctwvZmP,201712,0.4368938455300992
tSE6ctwvZmP,201801,0.8809074441667134
tSE6ctwvZmP,201802,1.797885516269625
tSE6ctwvZmP,201803,2.1982768322737773
tSE6ctwvZmP,201804,5.006715914119384
tSE6ctwvZmP,201805,5.778874541037412
tSE6ctwvZmP,201806,14.30592021678604
tSE6ctwvZmP,201807,22.32794282429749
tSE6ctwvZmP,201808,19.523270748716524
tSE6ctwvZmP,201809,8.54387786693716
tSE6ctwvZmP,201810,1.32840391597315
tSE6ctwvZmP,201811,1.505963895594205
tSE6ctwvZmP,201812,1.4140774803647842
tSE6ctwvZmP,201901,2.928099836478762
tSE6ctwvZmP,201902,5.368751590966501
tSE6ctwvZmP,201903,2.0267829383698546
tSE6ctwvZmP,201904,2.8278529064095084
tSE6ctwvZmP,201905,2.8352602213360907
tSE6ctwvZmP,201906,7.339771426734374
tSE6ctwvZmP,201907,21.810930877503274
tSE6ctwvZmP,201908,13.377655376680986
tSE6ctwvZmP,201909,16.715700533672717
tSE6ctwvZmP,201910,1.6996148629660572
tSE6ctwvZmP,201911,0.8254489548309837
tSE6ctwvZmP,201912,1.8281205959287612
tSE6ctwvZmP,202001,4.800386177533782
tSE6ctwvZmP,202002,1.706541458006882
tSE6ctwvZmP,202003,2.0372430033789497
tSE6ctwvZmP,202004,4.402091509761542
tSE6ctwvZmP,202005,6.924181655309095
tSE6ctwvZmP,202006,16.89813193513457
tSE6ctwvZmP,202007,22.540984306456345
tSE6ctwvZmP,202008,18.851713318508825
tSE6ctwvZmP,202009,12.57195287365315
tSE6ctwvZmP,202010,1.0754313311614525
tSE6ctwvZmP,202011,0.500567062981238
tSE6ctwvZmP,202012,0.6040279175446144
tSE6ctwvZmP,202101,0.9439217562224512
tSE6ctwvZmP,202102,1.8051285601579647
tSE6ctwvZmP,202103,2.985361320265568
tSE6ctwvZmP,202104,2.324207874801845
tSE6ctwvZmP,202105,9.556012532678864
tSE6ctwvZmP,202106,15.411517548740743
tSE6ctwvZmP,202107,21.94059774935619
tSE6ctwvZmP,202108,20.358407955768307
tSE6ctwvZmP,202109,11.750473431480504
tSE6ctwvZmP,202110,6.696100868861408
tSE6ctwvZmP,202111,1.238598988091732
tSE6ctwvZmP,202112,2.653290482045068
tSE6ctwvZmP,202201,2.129969263384048
tSE6ctwvZmP,202202,3.6867624177141782
tSE6ctwvZmP,202203,0.8401599039344078
tSE6ctwvZmP,202204,3.541260915586017
tSE6ctwvZmP,202205,8.105500380557505
tSE6ctwvZmP,202206,17.542582975167555
tSE6ctwvZmP,202207,17.286571023039567
tSE6ctwvZmP,202208,14.33373977719936
tSE6ctwvZmP,202209,6.206683597360362
tSE6ctwvZmP,202210,2.460897365877259
tSE6ctwvZmP,202211,0.3922067779127212
tSE6ctwvZmP,202212,0.4267697554542373
tSE6ctwvZmP,202301,0.2756141392967937
tSE6ctwvZmP,202302,1.2051288290868345
tSE6ctwvZmP,202303,1.6924624781567643
tSE6ctwvZmP,202304,1.4707124801667624
tSE6ctwvZmP,202305,2.756043691104473
tSE6ctwvZmP,202306,6.899713080676593
tSE6ctwvZmP,202307,9.176125039919858
tSE6ctwvZmP,202308,9.579140871074848
tSE6ctwvZmP,202309,4.318113702644157
tSE6ctwvZmP,202310,2.138628955514353
tSE6ctwvZmP,202311,0.5947640266004669
tSE6ctwvZmP,202312,0.5618017093177352
tSE6ctwvZmP,202401,1.0331518384947225
tSE6ctwvZmP,202402,0.8954552542888241
tSE6ctwvZmP,202403,2.933566236101582
tSE6ctwvZmP,202404,1.353914180037119
tSE6ctwvZmP,202405,4.514871418279596
tSE6ctwvZmP,202406,15.587517356211032
tSE6ctwvZmP,202407,22.27434897614077
tSE6ctwvZmP,202408,16.72363575957113
tSE6ctwvZmP,202409,16.376642635883055
tSE6ctwvZmP,202410,1.982759341848347
tSE6ctwvZmP,202411,2.1679993818446106
tSE6ctwvZmP,202412,0.8482922602140216
uHEl9oRZm8L,201601,7.522393147345207
uHEl9oRZm8L,201602,8.101428880797954
uHEl9oRZm8L,201603,8.808919497272605
uHEl9oRZm8L,201604,5.719030630361389
uHEl9oRZm8L,201605,13.050806381168409
uHEl9oRZm8L,201606,20.12451942247097
uHEl9oRZm8L,201607,31.126185421624434
uHEl9oRZm8L,201608,10.697876675253784
uHEl9oRZm8L,201609,20.157799857408808
uHEl9oRZm8L,201610,5.32181354252021
uHEl9oRZm8L,201611,2.6604771339057063
uHEl9oRZm8L,201612,2.7554950259273188
uHEl9oRZm8L,201701,6.342631942692669
uHEl9oRZm8L,201702,9.156724475840916
uHEl9oRZm8L,201703,12.560738269416532
uHEl9oRZm8L,201704,10.839302469455282
uHEl9oRZm8L,201705,11.6940939233849
uHEl9oRZm8L,201706,16.52441430836013
uHEl9oRZm8L,201707,23.05055814211014
uHEl9oRZm8L,201708,25.43646430945011
uHEl9oRZm8L,201709,13.902410349563905
uHEl9oRZm8L,201710,7.065486031982286
uHEl9oRZm8L,201711,3.73855161244858
uHEl9oRZm8L,201712,3.855459185755111
uHEl9oRZm8L,201801,3.957281418776997
uHEl9oRZm8L,201802,10.377419381633194
uHEl9oRZm8L,201803,10.658949953472876
uHEl9oRZm8L,201804,11.20406019174458
uHEl9oRZm8L,201805,14.364771765142988
uHEl9oRZm8L,201806,22.592887427237464
uHEl9oRZm8L,201807,27.326958018272144
uHEl9oRZm8L,201808,22.099487407174312
uHEl9oRZm8L,201809,15.624495443313466
uHEl9oRZm8L,201810,9.805355209595254
uHEl9oRZm8L,201811,6.502562049128148
uHEl9oRZm8L,201812,3.94430167431635
uHEl9oRZm8L,201901,5.472971880069169
uHEl9oRZm8L,201902,12.420252270493544
uHEl9oRZm8L,201903,10.310884957082903
uHEl9oRZm8L,201904,6.909186489227397
uHEl9oRZm8L,201905,13.932583797552146
uHEl9oRZm8L,201906,20.477348565328786
uHEl9oRZm8L,201907,30.08758125480624
uHEl9oRZm8L,201908,12.831313131298742
uHEl9oRZm8L,201909,17.506275400584737
uHEl9oRZm8L,201910,6.3548166490271925
uHEl9oRZm8L,201911,6.522766272845676
uHEl9oRZm8L,201912,5.637384184471807
uHEl9oRZm8L,202001,10.268079946502304
uHEl9oRZm8L,202002,6.311068826391631
uHEl9oRZm8L,202003,10.75393222081258
uHEl9oRZm8L,202004,9.037577082890802
uHEl9oRZm8L,202005,15.3809848044667
uHEl9oRZm8L,202006,19.677587934588093
uHEl9oRZm8L,202007,33.88959937418644
uHEl9oRZm8L,202008,15.44545499181998
uHEl9oRZm8L,202009,26.53732478465849
uHEl9oRZm8L,202010,2.0654473551700407
uHEl9oRZm8L,202011,4.764284408734127
uHEl9oRZm8L,202012,6.0031931278258295
uHEl9oRZm8L,202101,5.575623005084856
uHEl9oRZm8L,202102,6.0476744092186365
uHEl9oRZm8L,202103,8.904750256561684
uHEl9oRZm8L,202104,6.69829877583684
uHEl9oRZm8L,202105,16.863333669647844
uHEl9oRZm8L,202106,18.84434528100341
uHEl9oRZm8L,202107,21.351597923477843
uHEl9oRZm8L,202108,24.33571044472949
uHEl9oRZm8L,202109,10.561214564690438
uHEl9oRZm8L,202110,10.509689078506176
uHEl9oRZm8L,202111,4.506730462646166
uHEl9oRZm8L,202112,4.667059259284196
uHEl9oRZm8L,202201,5.159849703893772
uHEl9oRZm8L,202202,11.0358461983166
uHEl9oRZm8L,202203,5.444227652073011
uHEl9oRZm8L,202204,11.388072319353672
uHEl9oRZm8L,202205,15.787513135975928
uHEl9oRZm8L,202206,29.920628914760204
uHEl9oRZm8L,202207,18.212345221016047
uHEl9oRZm8L,202208,14.287408330319312
uHEl9oRZm8L,202209,8.939461232099081
uHEl9oRZm8L,202210,4.035413963982466
uHEl9oRZm8L,202211,1.8583039770313747
uHEl9oRZm8L,202212,2.3903194537811023
uHEl9oRZm8L,202301,2.3072856816393483
uHEl9oRZm8L,202302,4.608488607022882
uHEl9oRZm8L,202303,4.795774763551062
uHEl9oRZm8L,202304,3.884239529965272
uHEl9oRZm8L,202305,6.611023453171887
uHEl9oRZm8L,202306,11.108298428752464
uHEl9oRZm8L,202307,10.507043428708618
uHEl9oRZm8L,202308,12.085039899600382
uHEl9oRZm8L,202309,4.482544823305442
uHEl9oRZm8L,202310,3.997669145716281
uHEl9oRZm8L,202311,1.3930879004236023
uHEl9oRZm8L,202312,1.663280710745247
uHEl9oRZm8L,202401,2.650254369687562
uHEl9oRZm8L,202402,4.257804674025551
uHEl9oRZm8L,202403,9.374934688155871
uHEl9oRZm8L,202404,4.403339936022569
uHEl9oRZm8L,202405,11.379206824760312
uHEl9oRZm8L,202406,31.78706723228625
uHEl9oRZm8L,202407,23.15062168783131
uHEl9oRZm8L,202408,15.889667685178484
uHEl9oRZm8L,202409,10.552774861713036
uHEl9oRZm8L,202410,8.17669699054664
uHEl9oRZm8L,202411,3.751687146707172
uHEl9oRZm8L,202412,5.228805583387456
uyGkoQ4F9rT,201601,0.4466502196059335
uyGkoQ4F9rT,201602,1.124783674376429
uyGkoQ4F9rT,201603,1.3365755051934798
uyGkoQ4F9rT,201604,0.3427883624113136
uyGkoQ4F9rT,201605,4.704767235291071
uyGkoQ4F9rT,201606,12.637966049735075
uyGkoQ4F9rT,201607,34.146375670053835
uyGkoQ4F9rT,201608,11.46490156230455
uyGkoQ4F9rT,201609,10.064922943069384
uyGkoQ4F9rT,201610,1.2125750646930364
uyGkoQ4F9rT,201611,0.0297893850782666
uyGkoQ4F9rT,201612,0.1393223536236228
uyGkoQ4F9rT,201701,1.9571827708721503
uyGkoQ4F9rT,201702,0.5753496699824834
uyGkoQ4F9rT,201703,1.1667542499555426
uyGkoQ4F9rT,201704,2.9707616787395423
uyGkoQ4F9rT,201705,4.889701540362344
uyGkoQ4F9rT,201706,7.173152144381811
uyGkoQ4F9rT,201707,19.90259117041905
uyGkoQ4F9rT,201708,13.462837175411186
uyGkoQ4F9rT,201709,6.656438407190986
uyGkoQ4F9rT,201710,0.4462023870915884
uyGkoQ4F9rT,201711,0.3016089839687361
uyGkoQ4F9rT,201712,0.3313939630949674
uyGkoQ4F9rT,201801,0.4192782060359128
uyGkoQ4F9rT,201802,0.5874277377336174
uyGkoQ4F9rT,201803,0.9154382614254264
uyGkoQ4F9rT,201804,2.4293324728152625
uyGkoQ4F9rT,201805,2.557147727775884
uyGkoQ4F9rT,201806,10.06317862466046
uyGkoQ4F9rT,201807,21.478857532563048
uyGkoQ4F9rT,201808,19.75815509683633
uyGkoQ4F9rT,201809,6.252921125678446
uyGkoQ4F9rT,201810,0.2697614826530712
uyGkoQ4F9rT,201811,0.1904170117051709
uyGkoQ4F9rT,201812,0.2835474106137399
uyGkoQ4F9rT,201901,3.093690677847861
uyGkoQ4F9rT,201902,4.520781040247223
uyGkoQ4F9rT,201903,1.228685227490632
uyGkoQ4F9rT,201904,2.3919765914124054
uyGkoQ4F9rT,201905,1.4969415494268767
uyGkoQ4F9rT,201906,4.590431427727541
uyGkoQ4F9rT,201907,20.85618028498837
uyGkoQ4F9rT,201908,13.205387609902049
uyGkoQ4F9rT,201909,12.571222167049052
uyGkoQ4F9rT,201910,0.8863929096632184
uyGkoQ4F9rT,201911,0.3696788684656536
uyGkoQ4F9rT,201912,1.87906817134934
uyGkoQ4F9rT,202001,4.149601054579955
uyGkoQ4F9rT,202002,1.4783469676759704
uyGkoQ4F9rT,202003,4.080320535983291
uyGkoQ4F9rT,202004,3.816438503722665
uyGkoQ4F9rT,202005,3.233918540912126
uyGkoQ4F9rT,202006,12.96163856619604
uyGkoQ4F9rT,202007,18.57468647834339
uyGkoQ4F9rT,202008,15.649223726273355
uyGkoQ4F9rT,202009,4.525984556732884
uyGkoQ4F9rT,202010,0.2783960624371503
uyGkoQ4F9rT,202011,0.3111006471049601
uyGkoQ4F9rT,202012,0.0466256810616544
uyGkoQ4F9rT,202101,0.3043361183163943
uyGkoQ4F9rT,202102,0.5553956178149454
uyGkoQ4F9rT,202103,0.4588360969137494
uyGkoQ4F9rT,202104,1.4809762018828787
uyGkoQ4F9rT,202105,8.34555356363677
uyGkoQ4F9rT,202106,12.496384051812438
uyGkoQ4F9rT,202107,16.471952948549962
uyGkoQ4F9rT,202108,17.07564896487666
uyGkoQ4F9rT,202109,7.105483457730976
uyGkoQ4F9rT,202110,9.073958166004823
uyGkoQ4F9rT,202111,0.0995619932310758
uyGkoQ4F9rT,202112,0.758234479244062
uyGkoQ4F9rT,202201,3.006160026236807
uyGkoQ4F9rT,202202,2.7053132473064503
uyGkoQ4F9rT,202203,0.2753109873959877
uyGkoQ4F9rT,202204,0.544036384071339
uyGkoQ4F9rT,202205,6.534055796896566
uyGkoQ4F9rT,202206,6.265345061316172
uyGkoQ4F9rT,202207,14.235360519840292
uyGkoQ4F9rT,202208,13.898014325921745
uyGkoQ4F9rT,202209,6.0155155800952524
uyGkoQ4F9rT,202210,5.898313149385832
uyGkoQ4F9rT,202211,0.0721204829702954
uyGkoQ4F9rT,202212,0.0113340123175331
uyGkoQ4F9rT,202301,0.369064076699294
uyGkoQ4F9rT,202302,0.1155383586949808
uyGkoQ4F9rT,202303,1.8103827104993728
uyGkoQ4F9rT,202304,1.4194806099031647
uyGkoQ4F9rT,202305,2.114846391431777
uyGkoQ4F9rT,202306,2.8277609875347416
uyGkoQ4F9rT,202307,11.277327036536647
uyGkoQ4F9rT,202308,9.239197575819356
uyGkoQ4F9rT,202309,4.1794203507236976
uyGkoQ4F9rT,202310,0.5166145448990072
uyGkoQ4F9rT,202311,0.2350084554484128
uyGkoQ4F9rT,202312,0.0804797328119469
uyGkoQ4F9rT,202401,0.1534661894484468
uyGkoQ4F9rT,202402,0.7821380850289675
uyGkoQ4F9rT,202403,1.8445300520505363
uyGkoQ4F9rT,202404,0.3519336752304564
uyGkoQ4F9rT,202405,2.2950985919592592
uyGkoQ4F9rT,202406,3.715365256554838
uyGkoQ4F9rT,202407,32.679537405094415
uyGkoQ4F9rT,202408,13.291876785294033
uyGkoQ4F9rT,202409,9.415078800786464
uyGkoQ4F9rT,202410,0.7003370990388473
uyGkoQ4F9rT,202411,0.2893162494208896
uyGkoQ4F9rT,202412,0.5388698675107246
vjL1uSC10Jh,201601,1.918027514579429
vjL1uSC10Jh,201602,1.6875687737658862
vjL1uSC10Jh,201603,2.3390622243344934
vjL1uSC10Jh,201604,1.173044994660214
vjL1uSC10Jh,201605,3.494799401612465
vjL1uSC10Jh,201606,6.567639934797823
vjL1uSC10Jh,201607,15.781193148692507
vjL1uSC10Jh,201608,9.969311251631185
vjL1uSC10Jh,201609,3.771024749817896
vjL1uSC10Jh,201610,1.236038566048434
vjL1uSC10Jh,201611,0.1757953247441346
vjL1uSC10Jh,201612,0.668060015419778
vjL1uSC10Jh,201701,3.0712888071488105
vjL1uSC10Jh,201702,1.7237782864158595
vjL1uSC10Jh,201703,2.74808315808154
vjL1uSC10Jh,201704,3.2714289239813583
vjL1uSC10Jh,201705,3.915705565128861
vjL1uSC10Jh,201706,5.273024109530747
vjL1uSC10Jh,201707,17.165513615634822
vjL1uSC10Jh,201708,11.213190424978713
vjL1uSC10Jh,201709,4.950748804709939
vjL1uSC10Jh,201710,0.8792226612316988
vjL1uSC10Jh,201711,1.045520162203559
vjL1uSC10Jh,201712,1.1580958748238286
vjL1uSC10Jh,201801,1.069983889541184
vjL1uSC10Jh,201802,2.070215247690387
vjL1uSC10Jh,201803,1.9057274998660343
vjL1uSC10Jh,201804,2.7364201760536595
vjL1uSC10Jh,201805,2.4543887079905207
vjL1uSC10Jh,201806,5.717881736767306
vjL1uSC10Jh,201807,17.899754632941594
vjL1uSC10Jh,201808,17.911542590923197
vjL1uSC10Jh,201809,5.528475198860014
vjL1uSC10Jh,201810,0.4314199627197111
vjL1uSC10Jh,201811,1.034737062002724
vjL1uSC10Jh,201812,0.8915521383177556
vjL1uSC10Jh,201901,5.487470897712307
vjL1uSC10Jh,201902,8.221644372033413
vjL1uSC10Jh,201903,2.152069230352495
vjL1uSC10Jh,201904,2.372054016387327
vjL1uSC10Jh,201905,2.062308059688809
vjL1uSC10Jh,201906,3.339945057046084
vjL1uSC10Jh,201907,14.344292280527396
vjL1uSC10Jh,201908,12.102895371120182
vjL1uSC10Jh,201909,9.34949505914729
vjL1uSC10Jh,201910,1.1249780434402503
vjL1uSC10Jh,201911,1.723726786244153
vjL1uSC10Jh,201912,2.5407051010091584
vjL1uSC10Jh,202001,5.9258222287529945
vjL1uSC10Jh,202002,0.7870162325617335
vjL1uSC10Jh,202003,3.283374007569469
vjL1uSC10Jh,202004,3.137038907819187
vjL1uSC10Jh,202005,3.394774528511373
vjL1uSC10Jh,202006,7.910708282416731
vjL1uSC10Jh,202007,13.18173992072458
vjL1uSC10Jh,202008,12.836789829639171
vjL1uSC10Jh,202009,4.360017946076177
vjL1uSC10Jh,202010,0.3727657584381026
vjL1uSC10Jh,202011,1.298175437191115
vjL1uSC10Jh,202012,0.2904102603890576
vjL1uSC10Jh,202101,1.3330974703139418
vjL1uSC10Jh,202102,1.1663301757505609
vjL1uSC10Jh,202103,1.9054017871966764
vjL1uSC10Jh,202104,3.7057188541244086
vjL1uSC10Jh,202105,7.06051218693654
vjL1uSC10Jh,202106,12.050784026848596
vjL1uSC10Jh,202107,12.853983574581113
vjL1uSC10Jh,202108,12.55265178377313
vjL1uSC10Jh,202109,7.307751922594192
vjL1uSC10Jh,202110,6.268705718570738
vjL1uSC10Jh,202111,0.4451760408161592
vjL1uSC10Jh,202112,2.586451396547835
vjL1uSC10Jh,202201,2.880574527056512
vjL1uSC10Jh,202202,3.361123525890576
vjL1uSC10Jh,202203,0.3790723270091992
vjL1uSC10Jh,202204,1.006614291726437
vjL1uSC10Jh,202205,3.555191763316987
vjL1uSC10Jh,202206,5.427114586730294
vjL1uSC10Jh,202207,12.07193611189889
vjL1uSC10Jh,202208,10.954388478094977
vjL1uSC10Jh,202209,5.270324283025682
vjL1uSC10Jh,202210,5.538568867561327
vjL1uSC10Jh,202211,0.2458533546038806
vjL1uSC10Jh,202212,0.111370329319851
vjL1uSC10Jh,202301,1.310115912820665
vjL1uSC10Jh,202302,0.5200415152866714
vjL1uSC10Jh,202303,1.5905951265475216
vjL1uSC10Jh,202304,1.8669748844894445
vjL1uSC10Jh,202305,2.1604547459492784
vjL1uSC10Jh,202306,3.1951673637275886
vjL1uSC10Jh,202307,6.722962448259596
vjL1uSC10Jh,202308,7.161377087856194
vjL1uSC10Jh,202309,2.965894756673133
vjL1uSC10Jh,202310,0.9644014847236898
vjL1uSC10Jh,202311,0.5086986895494422
vjL1uSC10Jh,202312,0.3111472355575111
vjL1uSC10Jh,202401,0.6652676448170565
vjL1uSC10Jh,202402,2.0000305691021474
vjL1uSC10Jh,202403,3.177548567644227
vjL1uSC10Jh,202404,1.294690858434385
vjL1uSC10Jh,202405,2.2149916327787924
vjL1uSC10Jh,202406,3.848400879387892
vjL1uSC10Jh,202407,17.587817298033855
vjL1uSC10Jh,202408,13.557096441286523
vjL1uSC10Jh,202409,7.813318308442589
vjL1uSC10Jh,202410,0.8485246963517065
vjL1uSC10Jh,202411,1.103480440402146
vjL1uSC10Jh,202412,1.1090994199808215
wYKHZ0iyjfd,201601,0.2918512220871093
wYKHZ0iyjfd,201602,0.2283569272620869
wYKHZ0iyjfd,201603,0.6880069145500683
wYKHZ0iyjfd,201604,0.0857163398463372
wYKHZ0iyjfd,201605,2.3101264925653653
wYKHZ0iyjfd,201606,8.06754105807674
wYKHZ0iyjfd,201607,17.202768452613913
wYKHZ0iyjfd,201608,8.16074202401637
wYKHZ0iyjfd,201609,5.041749992506054
wYKHZ0iyjfd,201610,1.314264200315167
wYKHZ0iyjfd,201611,0.0180517836989512
wYKHZ0iyjfd,201612,0.0733767128238656
wYKHZ0iyjfd,201701,1.1853561219434032
wYKHZ0iyjfd,201702,0.2171271377915075
wYKHZ0iyjfd,201703,0.44170359079829
wYKHZ0iyjfd,201704,0.8922691076044542
wYKHZ0iyjfd,201705,1.7704346096642518
wYKHZ0iyjfd,201706,4.888798554869675
wYKHZ0iyjfd,201707,14.530103107155092
wYKHZ0iyjfd,201708,11.705762257781076
wYKHZ0iyjfd,201709,5.045445804512041
wYKHZ0iyjfd,201710,0.3248183221548025
wYKHZ0iyjfd,201711,0.0837994329986981
wYKHZ0iyjfd,201712,0.1298466295870999
wYKHZ0iyjfd,201801,0.1420372008132536
wYKHZ0iyjfd,201802,0.197608378038542
wYKHZ0iyjfd,201803,0.3092424587697616
wYKHZ0iyjfd,201804,1.3256088953768477
wYKHZ0iyjfd,201805,1.43191451770417
wYKHZ0iyjfd,201806,3.082690732001226
wYKHZ0iyjfd,201807,14.207566870040155
wYKHZ0iyjfd,201808,18.55885272937705
wYKHZ0iyjfd,201809,4.106063537237273
wYKHZ0iyjfd,201810,0.0911293111770244
wYKHZ0iyjfd,201811,0.0107888598672036
wYKHZ0iyjfd,201812,0.0633379077287037
wYKHZ0iyjfd,201901,1.3876152390151455
wYKHZ0iyjfd,201902,2.863033415746494
wYKHZ0iyjfd,201903,0.2284304726954062
wYKHZ0iyjfd,201904,0.568459587992803
wYKHZ0iyjfd,201905,0.2999077577376158
wYKHZ0iyjfd,201906,4.457515274455191
wYKHZ0iyjfd,201907,15.303237003127698
wYKHZ0iyjfd,201908,9.699568265866462
wYKHZ0iyjfd,201909,10.262747052958993
wYKHZ0iyjfd,201910,0.8682419166365274
wYKHZ0iyjfd,201911,0.0902509199039652
wYKHZ0iyjfd,201912,1.0768280326328667
wYKHZ0iyjfd,202001,2.1228225857770826
wYKHZ0iyjfd,202002,0.788059782888611
wYKHZ0iyjfd,202003,1.2369987441540125
wYKHZ0iyjfd,202004,1.6113183594021965
wYKHZ0iyjfd,202005,1.25039950421657
wYKHZ0iyjfd,202006,9.65354946374778
wYKHZ0iyjfd,202007,15.564534666917124
wYKHZ0iyjfd,202008,8.389204206168301
wYKHZ0iyjfd,202009,8.393656522603777
wYKHZ0iyjfd,202010,0.1283270978627878
wYKHZ0iyjfd,202011,0.2894442864062351
wYKHZ0iyjfd,202012,0.0045708445740851
wYKHZ0iyjfd,202101,0.0490448849795939
wYKHZ0iyjfd,202102,0.1870945878114311
wYKHZ0iyjfd,202103,0.0641511202826117
wYKHZ0iyjfd,202104,0.3235919212554694
wYKHZ0iyjfd,202105,5.191504185809134
wYKHZ0iyjfd,202106,16.490095513205805
wYKHZ0iyjfd,202107,15.648220760144516
wYKHZ0iyjfd,202108,11.63867433395835
wYKHZ0iyjfd,202109,6.870752662828409
wYKHZ0iyjfd,202110,3.855557224765668
wYKHZ0iyjfd,202111,0.0284352779835953
wYKHZ0iyjfd,202112,0.92798302756268
wYKHZ0iyjfd,202201,1.3700258391115143
wYKHZ0iyjfd,202202,1.316101461444497
wYKHZ0iyjfd,202203,0.0249562963069583
wYKHZ0iyjfd,202204,0.1336027061864691
wYKHZ0iyjfd,202205,1.5409648310718782
wYKHZ0iyjfd,202206,5.842969739467197
wYKHZ0iyjfd,202207,11.093225910698104
wYKHZ0iyjfd,202208,7.879702667764791
wYKHZ0iyjfd,202209,7.175643646284335
wYKHZ0iyjfd,202210,7.208727009775065
wYKHZ0iyjfd,202211,0.0552841186878559
wYKHZ0iyjfd,202212,0.0017757204293075
wYKHZ0iyjfd,202301,0.1786814404407274
wYKHZ0iyjfd,202302,0.0038188531340933
wYKHZ0iyjfd,202303,0.528841405538613
wYKHZ0iyjfd,202304,0.5103310761666766
wYKHZ0iyjfd,202305,0.8586481143582816
wYKHZ0iyjfd,202306,2.7846598748829576
wYKHZ0iyjfd,202307,6.951216803565772
wYKHZ0iyjfd,202308,6.552577850608115
wYKHZ0iyjfd,202309,2.636489356972407
wYKHZ0iyjfd,202310,1.1659695712161242
wYKHZ0iyjfd,202311,0.0286372413976553
wYKHZ0iyjfd,202312,0.0878481444266976
wYKHZ0iyjfd,202401,0.0347369004233092
wYKHZ0iyjfd,202402,0.3678667274233264
wYKHZ0iyjfd,202403,1.0143453364259434
wYKHZ0iyjfd,202404,0.0087505307019485
wYKHZ0iyjfd,202405,0.4031538015178587
wYKHZ0iyjfd,202406,2.6166067501538515
wYKHZ0iyjfd,202407,16.909989340628016
wYKHZ0iyjfd,202408,11.524018799745964
wYKHZ0iyjfd,202409,10.69743461052798
wYKHZ0iyjfd,202410,0.5262022197218287
wYKHZ0iyjfd,202411,0.1678840584025434
wYKHZ0iyjfd,202412,0.1890375729273633
xGQwwqLQ819,201601,1.1458044982197289
xGQwwqLQ819,201602,1.1238106432139885
xGQwwqLQ819,201603,1.1416711455646698
xGQwwqLQ819,201604,0.3047016721904237
xGQwwqLQ819,201605,5.518021178496914
xGQwwqLQ819,201606,11.589045535724482
xGQwwqLQ819,201607,30.68676936390759
xGQwwqLQ819,201608,9.645033502510763
xGQwwqLQ819,201609,10.800979943503265
xGQwwqLQ819,201610,2.4901107754265994
xGQwwqLQ819,201611,0.2020729822011704
xGQwwqLQ819,201612,0.362690323958139
xGQwwqLQ819,201701,0.980909561565346
xGQwwqLQ819,201702,0.4652156719276293
xGQwwqLQ819,201703,1.9206702016132384
xGQwwqLQ819,201704,1.8552388708203165
xGQwwqLQ819,201705,6.420522859903243
xGQwwqLQ819,201706,8.520693553817228
xGQwwqLQ819,201707,18.82604294634786
xGQwwqLQ819,201708,18.42994764312397
xGQwwqLQ819,201709,6.888667838420131
xGQwwqLQ819,201710,1.1789134105648136
xGQwwqLQ819,201711,0.3221173503955896
xGQwwqLQ819,201712,0.1540973269736616
xGQwwqLQ819,201801,0.321896804521584
xGQwwqLQ819,201802,0.6338132941759734
xGQwwqLQ819,201803,0.8004631789008382
xGQwwqLQ819,201804,3.729467128284232
xGQwwqLQ819,201805,4.55821012295122
xGQwwqLQ819,201806,8.568101425006507
xGQwwqLQ819,201807,22.96930983413789
xGQwwqLQ819,201808,19.28735385281067
xGQwwqLQ819,201809,5.695020178307252
xGQwwqLQ819,201810,0.641459638869056
xGQwwqLQ819,201811,0.5668604377443187
xGQwwqLQ819,201812,0.5071818668301364
xGQwwqLQ819,201901,1.7425983964293317
xGQwwqLQ819,201902,4.1296850824333
xGQwwqLQ819,201903,1.2583849446855084
xGQwwqLQ819,201904,2.5655601086963475
xGQwwqLQ819,201905,0.9940092597800706
xGQwwqLQ819,201906,6.133820637178396
xGQwwqLQ819,201907,17.31604908007617
xGQwwqLQ819,201908,12.285355157152331
xGQwwqLQ819,201909,17.39715424344053
xGQwwqLQ819,201910,2.1394732960503986
xGQwwqLQ819,201911,0.5708134374386581
xGQwwqLQ819,201912,1.0368743801390343
xGQwwqLQ819,202001,3.781194522702912
xGQwwqLQ819,202002,1.926365068165486
xGQwwqLQ819,202003,2.4814536702072
xGQwwqLQ819,202004,4.926663105271934
xGQwwqLQ819,202005,3.734227538917355
xGQwwqLQ819,202006,24.192238475191463
xGQwwqLQ819,202007,17.80827848526545
xGQwwqLQ819,202008,14.074091984436585
xGQwwqLQ819,202009,11.931052249915446
xGQwwqLQ819,202010,0.9641414247695912
xGQwwqLQ819,202011,0.5659352643178364
xGQwwqLQ819,202012,0.2257709899177142
xGQwwqLQ819,202101,0.2153977817512119
xGQwwqLQ819,202102,0.9338344475842444
xGQwwqLQ819,202103,0.7339687431988113
xGQwwqLQ819,202104,1.0993963974597294
xGQwwqLQ819,202105,10.460380216725534
xGQwwqLQ819,202106,21.755836137483787
xGQwwqLQ819,202107,15.440738533203778
xGQwwqLQ819,202108,18.76584637685263
xGQwwqLQ819,202109,8.460689722224538
xGQwwqLQ819,202110,5.939073094091892
xGQwwqLQ819,202111,0.5357185574999141
xGQwwqLQ819,202112,1.4722002992046677
xGQwwqLQ819,202201,1.614924482526065
xGQwwqLQ819,202202,2.431619687334817
xGQwwqLQ819,202203,0.4891325094000205
xGQwwqLQ819,202204,0.9046986342893948
xGQwwqLQ819,202205,7.278039125191548
xGQwwqLQ819,202206,13.535369760814968
xGQwwqLQ819,202207,15.732769791759845
xGQwwqLQ819,202208,8.279174090237603
xGQwwqLQ819,202209,5.640284387766044
xGQwwqLQ819,202210,5.98353505727283
xGQwwqLQ819,202211,0.2732109169965184
xGQwwqLQ819,202212,0.0635127383873055
xGQwwqLQ819,202301,0.2274607570717146
xGQwwqLQ819,202302,0.1724888799797068
xGQwwqLQ819,202303,1.632605221989631
xGQwwqLQ819,202304,1.265456465501258
xGQwwqLQ819,202305,1.98032675491082
xGQwwqLQ819,202306,4.978639289866884
xGQwwqLQ819,202307,11.290657621554358
xGQwwqLQ819,202308,6.6498646179814935
xGQwwqLQ819,202309,4.052586482618931
xGQwwqLQ819,202310,2.3214969789003166
xGQwwqLQ819,202311,0.3481287497810711
xGQwwqLQ819,202312,0.4406894140817157
xGQwwqLQ819,202401,0.319890191298777
xGQwwqLQ819,202402,0.5692522743402482
xGQwwqLQ819,202403,1.1553398803464063
xGQwwqLQ819,202404,0.1830201153408137
xGQwwqLQ819,202405,3.527238731015625
xGQwwqLQ819,202406,5.453451300295734
xGQwwqLQ819,202407,25.346961180298205
xGQwwqLQ819,202408,13.79656489735108
xGQwwqLQ819,202409,12.632327282241183
xGQwwqLQ819,202410,1.391050958454058
xGQwwqLQ819,202411,1.1142991698351148
xGQwwqLQ819,202412,0.3090734305526174
yP2GELa6inf,201601,0.2693648995274922
yP2GELa6inf,201602,0.2135883101366318
yP2GELa6inf,201603,0.5404664381100389
yP2GELa6inf,201604,0.0968627824937434
yP2GELa6inf,201605,2.2125503677672365
yP2GELa6inf,201606,6.511729152248412
yP2GELa6inf,201607,23.937573513213916
yP2GELa6inf,201608,6.043286419196071
yP2GELa6inf,201609,6.1301473946431
yP2GELa6inf,201610,2.0706903850284792
yP2GELa6inf,201611,0.0717670056420254
yP2GELa6inf,201612,0.0749576397125702
yP2GELa6inf,201701,0.4485667016045686
yP2GELa6inf,201702,0.1053147464599206
yP2GELa6inf,201703,0.7206840524543942
yP2GELa6inf,201704,0.7495179449518521
yP2GELa6inf,201705,3.2175263735538517
yP2GELa6inf,201706,7.233576778188352
yP2GELa6inf,201707,15.389168361120989
yP2GELa6inf,201708,14.22470793239562
yP2GELa6inf,201709,4.762175802907451
yP2GELa6inf,201710,0.729457954892291
yP2GELa6inf,201711,0.0464517457027938
yP2GELa6inf,201712,0.0306524539284768
yP2GELa6inf,201801,0.0880956108080198
yP2GELa6inf,201802,0.0826411055502688
yP2GELa6inf,201803,0.1098074758282446
yP2GELa6inf,201804,0.911451361134895
yP2GELa6inf,201805,1.8294231834722248
yP2GELa6inf,201806,2.818627283339615
yP2GELa6inf,201807,15.868782039568291
yP2GELa6inf,201808,15.576009838886003
yP2GELa6inf,201809,3.2661922339249507
yP2GELa6inf,201810,0.1157468456916462
yP2GELa6inf,201811,0.0271812350491605
yP2GELa6inf,201812,0.0500162279292772
yP2GELa6inf,201901,0.8330083929948244
yP2GELa6inf,201902,2.224803482007176
yP2GELa6inf,201903,0.2955496855259071
yP2GELa6inf,201904,1.2229833404429264
yP2GELa6inf,201905,0.3857275278820115
yP2GELa6inf,201906,4.502701077668472
yP2GELa6inf,201907,17.668320263717924
yP2GELa6inf,201908,8.649959003524064
yP2GELa6inf,201909,19.053264517323303
yP2GELa6inf,201910,0.7401814602971377
yP2GELa6inf,201911,0.1205828452628838
yP2GELa6inf,201912,0.6328469841391894
yP2GELa6inf,202001,3.3763757471460383
yP2GELa6inf,202002,0.8135802710675344
yP2GELa6inf,202003,1.0509521640132415
yP2GELa6inf,202004,1.3401196168909812
yP2GELa6inf,202005,1.615644532715178
yP2GELa6inf,202006,16.18931904568461
yP2GELa6inf,202007,26.26844847906781
yP2GELa6inf,202008,8.745652002056396
yP2GELa6inf,202009,14.445179805411067
yP2GELa6inf,202010,0.2066106602674316
yP2GELa6inf,202011,0.1123348507942159
yP2GELa6inf,202012,0.0282726790069123
yP2GELa6inf,202101,0.0972322121856045
yP2GELa6inf,202102,0.1360134676170381
yP2GELa6inf,202103,0.0776679451228698
yP2GELa6inf,202104,0.1679396523106285
yP2GELa6inf,202105,11.511394661556375
yP2GELa6inf,202106,15.493711598269314
yP2GELa6inf,202107,11.420948664014633
yP2GELa6inf,202108,14.68325413601134
yP2GELa6inf,202109,8.293483514829708
yP2GELa6inf,202110,4.864535784174925
yP2GELa6inf,202111,0.0322843046452915
yP2GELa6inf,202112,0.9079544502258372
yP2GELa6inf,202201,0.6832153193274803
yP2GELa6inf,202202,1.4654395245548386
yP2GELa6inf,202203,0.0368173012503888
yP2GELa6inf,202204,0.3426859445190311
yP2GELa6inf,202205,1.6949826235341532
yP2GELa6inf,202206,10.12091394076515
yP2GELa6inf,202207,13.126728751047803
yP2GELa6inf,202208,6.322538929378743
yP2GELa6inf,202209,5.609318041512387
yP2GELa6inf,202210,3.7193178110910585
yP2GELa6inf,202211,0.0843462597504256
yP2GELa6inf,202212,0.0292361773747278
yP2GELa6inf,202301,0.0211678204190536
yP2GELa6inf,202302,0.0212352845473902
yP2GELa6inf,202303,0.3114496868676674
yP2GELa6inf,202304,0.2308263232054066
yP2GELa6inf,202305,0.6440344012155522
yP2GELa6inf,202306,2.423435050149974
yP2GELa6inf,202307,7.818284466656311
yP2GELa6inf,202308,3.931986423568431
yP2GELa6inf,202309,2.550516516285698
yP2GELa6inf,202310,2.0073684386557065
yP2GELa6inf,202311,0.0701702549966726
yP2GELa6inf,202312,0.0176388890076698
yP2GELa6inf,202401,0.038199631572037
yP2GELa6inf,202402,0.1424162105408536
yP2GELa6inf,202403,0.3300444204233001
yP2GELa6inf,202404,0.009998514064978
yP2GELa6inf,202405,1.0470632198115162
yP2GELa6inf,202406,5.166941330692685
yP2GELa6inf,202407,20.15701219538104
yP2GELa6inf,202408,10.407052717821468
yP2GELa6inf,202409,15.764660764535952
yP2GELa6inf,202410,0.9025971126881724
yP2GELa6inf,202411,0.2459264809916649
yP2GELa6inf,202412,0.0650274908403288
ycBkX3TlIrL,201601,0.8424410541764334
ycBkX3TlIrL,201602,1.0630817781730748
ycBkX3TlIrL,201603,0.835541008778708
ycBkX3TlIrL,201604,0.2643199990886002
ycBkX3TlIrL,201605,2.8972286068592523
ycBkX3TlIrL,201606,9.641139125829636
ycBkX3TlIrL,201607,22.458405706580194
ycBkX3TlIrL,201608,10.135827548326125
ycBkX3TlIrL,201609,7.210405383886595
ycBkX3TlIrL,201610,1.5248913515485163
ycBkX3TlIrL,201611,0.1476921701482103
ycBkX3TlIrL,201612,0.1895659822663012
ycBkX3TlIrL,201701,1.6022233692169328
ycBkX3TlIrL,201702,0.4026046762797752
ycBkX3TlIrL,201703,0.8764966656205541
ycBkX3TlIrL,201704,1.211819977581769
ycBkX3TlIrL,201705,2.992007762637624
ycBkX3TlIrL,201706,5.7588598329109
ycBkX3TlIrL,201707,20.10269668269722
ycBkX3TlIrL,201708,15.422086906905944
ycBkX3TlIrL,201709,5.597547958716956
ycBkX3TlIrL,201710,0.853206038576927
ycBkX3TlIrL,201711,0.2640067043532151
ycBkX3TlIrL,201712,0.2338380285744736
ycBkX3TlIrL,201801,0.4413245030073893
ycBkX3TlIrL,201802,0.629164799857147
ycBkX3TlIrL,201803,0.5652715642645898
ycBkX3TlIrL,201804,2.090253767398487
ycBkX3TlIrL,201805,1.9147435514391973
ycBkX3TlIrL,201806,7.602345305956006
ycBkX3TlIrL,201807,21.00749741477911
ycBkX3TlIrL,201808,21.641089166650715
ycBkX3TlIrL,201809,5.256129026152113
ycBkX3TlIrL,201810,0.4285465056084416
ycBkX3TlIrL,201811,0.1978810202900287
ycBkX3TlIrL,201812,0.3026705403429175
ycBkX3TlIrL,201901,2.0991385870507244
ycBkX3TlIrL,201902,4.014612557043888
ycBkX3TlIrL,201903,0.902976507008007
ycBkX3TlIrL,201904,1.7449995943878922
ycBkX3TlIrL,201905,0.6271174539865421
ycBkX3TlIrL,201906,3.6760572495428168
ycBkX3TlIrL,201907,18.670775891236804
ycBkX3TlIrL,201908,14.645209670278703
ycBkX3TlIrL,201909,10.956671687150116
ycBkX3TlIrL,201910,1.7608644078670974
ycBkX3TlIrL,201911,0.3214696844804217
ycBkX3TlIrL,201912,1.3967182321073028
ycBkX3TlIrL,202001,2.7659721932496324
ycBkX3TlIrL,202002,1.2733595242078903
ycBkX3TlIrL,202003,2.366895182448083
ycBkX3TlIrL,202004,2.2611927209064007
ycBkX3TlIrL,202005,1.9421608133664916
ycBkX3TlIrL,202006,11.957688506895664
ycBkX3TlIrL,202007,18.827902614402188
ycBkX3TlIrL,202008,14.614509791960058
ycBkX3TlIrL,202009,6.513679503273009
ycBkX3TlIrL,202010,0.5763466647248686
ycBkX3TlIrL,202011,0.6436037913751996
ycBkX3TlIrL,202012,0.0532131803547508
ycBkX3TlIrL,202101,0.1629706678104614
ycBkX3TlIrL,202102,0.5305731103670582
ycBkX3TlIrL,202103,0.3250270942076269
ycBkX3TlIrL,202104,0.9703789282799526
ycBkX3TlIrL,202105,5.535178849552391
ycBkX3TlIrL,202106,17.213152501194475
ycBkX3TlIrL,202107,16.83235854912343
ycBkX3TlIrL,202108,17.45884984049337
ycBkX3TlIrL,202109,9.065191237684424
ycBkX3TlIrL,202110,7.976206258601942
ycBkX3TlIrL,202111,0.1866173430629001
ycBkX3TlIrL,202112,1.1809009236959356
ycBkX3TlIrL,202201,1.5971566819784253
ycBkX3TlIrL,202202,1.878754156451412
ycBkX3TlIrL,202203,0.4531687847547512
ycBkX3TlIrL,202204,0.3241771851548828
ycBkX3TlIrL,202205,2.87212465960008
ycBkX3TlIrL,202206,8.158591470154432
ycBkX3TlIrL,202207,16.995484057410465
ycBkX3TlIrL,202208,11.252418879424075
ycBkX3TlIrL,202209,7.778329357845807
ycBkX3TlIrL,202210,6.38116651632303
ycBkX3TlIrL,202211,0.1590434789584892
ycBkX3TlIrL,202212,0.0105553959409096
ycBkX3TlIrL,202301,0.3152045094449104
ycBkX3TlIrL,202302,0.1026357745582877
ycBkX3TlIrL,202303,1.2538773445756266
ycBkX3TlIrL,202304,1.0265477019344464
ycBkX3TlIrL,202305,1.2655548735998574
ycBkX3TlIrL,202306,3.61884848561898
ycBkX3TlIrL,202307,7.762694296104399
ycBkX3TlIrL,202308,8.69725488287511
ycBkX3TlIrL,202309,3.5342514942748675
ycBkX3TlIrL,202310,1.7251298728391724
ycBkX3TlIrL,202311,0.2945353742318589
ycBkX3TlIrL,202312,0.2873878192601015
ycBkX3TlIrL,202401,0.1321483284823563
ycBkX3TlIrL,202402,0.5875183140102224
ycBkX3TlIrL,202403,1.368584169639358
ycBkX3TlIrL,202404,0.206949260949969
ycBkX3TlIrL,202405,1.5579660852910298
ycBkX3TlIrL,202406,3.643931683356543
ycBkX3TlIrL,202407,23.38002068155753
ycBkX3TlIrL,202408,15.913823309147556
ycBkX3TlIrL,202409,10.86025315506121
ycBkX3TlIrL,202410,1.044404736473875
ycBkX3TlIrL,202411,0.5903005848442374
ycBkX3TlIrL,202412,0.4126594221833059
zkFZKX5RX1A,201601,1.2665889418244165
zkFZKX5RX1A,201602,1.1631376537181015
zkFZKX5RX1A,201603,1.55370428820333
zkFZKX5RX1A,201604,0.70178766688769
zkFZKX5RX1A,201605,4.027266694214656
zkFZKX5RX1A,201606,10.604389181581684
zkFZKX5RX1A,201607,24.139331856871333
zkFZKX5RX1A,201608,9.65548044725138
zkFZKX5RX1A,201609,7.757387594167806
zkFZKX5RX1A,201610,1.9076967069923991
zkFZKX5RX1A,201611,0.087901118467491
zkFZKX5RX1A,201612,0.2897523592971516
zkFZKX5RX1A,201701,1.289102653941712
zkFZKX5RX1A,201702,0.4314324413169088
zkFZKX5RX1A,201703,2.5112566826956777
zkFZKX5RX1A,201704,1.8151724171298529
zkFZKX5RX1A,201705,4.3650465554978
zkFZKX5RX1A,201706,8.249494862796606
zkFZKX5RX1A,201707,16.66297505482559
zkFZKX5RX1A,201708,15.049134878058927
zkFZKX5RX1A,201709,5.963912101989621
zkFZKX5RX1A,201710,1.2657302324422444
zkFZKX5RX1A,201711,0.3766369151395113
zkFZKX5RX1A,201712,0.4015566943707246
zkFZKX5RX1A,201801,0.4021095121937823
zkFZKX5RX1A,201802,0.9948658031493348
zkFZKX5RX1A,201803,1.3709842656648683
zkFZKX5RX1A,201804,3.0553017973526746
zkFZKX5RX1A,201805,2.693621184451215
zkFZKX5RX1A,201806,7.458556008217325
zkFZKX5RX1A,201807,19.700308444653466
zkFZKX5RX1A,201808,18.45448434403384
zkFZKX5RX1A,201809,5.469775006025877
zkFZKX5RX1A,201810,0.7506354346941152
zkFZKX5RX1A,201811,0.3894367090010699
zkFZKX5RX1A,201812,0.524209397284418
zkFZKX5RX1A,201901,2.347171679815516
zkFZKX5RX1A,201902,5.410444034422186
zkFZKX5RX1A,201903,1.2177772216387353
zkFZKX5RX1A,201904,2.03386856661215
zkFZKX5RX1A,201905,1.5703788132871617
zkFZKX5RX1A,201906,4.7986501349426085
zkFZKX5RX1A,201907,16.034164793476897
zkFZKX5RX1A,201908,11.86972771051664
zkFZKX5RX1A,201909,14.906048988859226
zkFZKX5RX1A,201910,1.7130211870411298
zkFZKX5RX1A,201911,0.4986024469720753
zkFZKX5RX1A,201912,1.4629160708919091
zkFZKX5RX1A,202001,3.67650730297934
zkFZKX5RX1A,202002,1.2875323692157772
zkFZKX5RX1A,202003,2.555743784148421
zkFZKX5RX1A,202004,3.028472712594297
zkFZKX5RX1A,202005,3.2447364669253127
zkFZKX5RX1A,202006,16.359532719785925
zkFZKX5RX1A,202007,15.663970874746916
zkFZKX5RX1A,202008,16.51861577393856
zkFZKX5RX1A,202009,10.018133393096798
zkFZKX5RX1A,202010,0.9232084053531134
zkFZKX5RX1A,202011,0.8091964797305512
zkFZKX5RX1A,202012,0.1415873546367516
zkFZKX5RX1A,202101,0.2089787743075275
zkFZKX5RX1A,202102,0.9556118469377516
zkFZKX5RX1A,202103,1.4360246649983122
zkFZKX5RX1A,202104,2.1759387452352508
zkFZKX5RX1A,202105,8.146582959776735
zkFZKX5RX1A,202106,16.438170277827272
zkFZKX5RX1A,202107,15.315902097304583
zkFZKX5RX1A,202108,16.135525972274102
zkFZKX5RX1A,202109,8.986151360788318
zkFZKX5RX1A,202110,4.374535781585946
zkFZKX5RX1A,202111,0.2977934345077415
zkFZKX5RX1A,202112,2.5234042152727425
zkFZKX5RX1A,202201,1.4278032842967214
zkFZKX5RX1A,202202,2.6433518678667838
zkFZKX5RX1A,202203,0.4646913651438881
zkFZKX5RX1A,202204,1.1599698794839357
zkFZKX5RX1A,202205,5.191278536865499
zkFZKX5RX1A,202206,8.011859951795502
zkFZKX5RX1A,202207,18.264446027807928
zkFZKX5RX1A,202208,10.095622712335164
zkFZKX5RX1A,202209,5.71325582519994
zkFZKX5RX1A,202210,5.102021713726844
zkFZKX5RX1A,202211,0.2403746501610354
zkFZKX5RX1A,202212,0.0262803934455169
zkFZKX5RX1A,202301,0.4692976697241304
zkFZKX5RX1A,202302,0.2256705638572596
zkFZKX5RX1A,202303,1.8429940616372655
zkFZKX5RX1A,202304,1.926127917709732
zkFZKX5RX1A,202305,2.3202506682756323
zkFZKX5RX1A,202306,4.780097839893487
zkFZKX5RX1A,202307,10.659489271809374
zkFZKX5RX1A,202308,7.621399668935494
zkFZKX5RX1A,202309,3.803515856149458
zkFZKX5RX1A,202310,2.1023626891556546
zkFZKX5RX1A,202311,0.4428123291702484
zkFZKX5RX1A,202312,0.6139461183397553
zkFZKX5RX1A,202401,0.4727154206336851
zkFZKX5RX1A,202402,0.8029568102744745
zkFZKX5RX1A,202403,1.7008753844453546
zkFZKX5RX1A,202404,0.8791453440206831
zkFZKX5RX1A,202405,3.455103474352146
zkFZKX5RX1A,202406,5.435789863645146
zkFZKX5RX1A,202407,24.84227508697078
zkFZKX5RX1A,202408,13.400676488696842
zkFZKX5RX1A,202409,11.78063236771493
zkFZKX5RX1A,202410,1.0929015677644078
zkFZKX5RX1A,202411,0.9546198945158948
zkFZKX5RX1A,202412,0.5031544511633547
