location,population,time_period
A3R7UT64jHf,813807,201601
A3R7UT64jHf,813807,201602
A3R7UT64jHf,813807,201603
A3R7UT64jHf,813807,201604
A3R7UT64jHf,813807,201605
A3R7UT64jHf,813807,201606
A3R7UT64jHf,813807,201607
A3R7UT64jHf,813807,201608
A3R7UT64jHf,813807,201609
A3R7UT64jHf,813807,201610
A3R7UT64jHf,813807,201611
A3R7UT64jHf,813807,201612
A3R7UT64jHf,813807,201701
A3R7UT64jHf,813807,201702
A3R7UT64jHf,813807,201703
A3R7UT64jHf,813807,201704
A3R7UT64jHf,813807,201705
A3R7UT64jHf,813807,201706
A3R7UT64jHf,813807,201707
A3R7UT64jHf,813807,201708
A3R7UT64jHf,813807,201709
A3R7UT64jHf,813807,201710
A3R7UT64jHf,813807,201711
A3R7UT64jHf,813807,201712
A3R7UT64jHf,813807,201801
A3R7UT64jHf,813807,201802
A3R7UT64jHf,813807,201803
A3R7UT64jHf,813807,201804
A3R7UT64jHf,813807,201805
A3R7UT64jHf,813807,201806
A3R7UT64jHf,813807,201807
A3R7UT64jHf,813807,201808
A3R7UT64jHf,813807,201809
A3R7UT64jHf,813807,201810
A3R7UT64jHf,813807,201811
A3R7UT64jHf,813807,201812
A3R7UT64jHf,813807,201901
A3R7UT64jHf,813807,201902
A3R7UT64jHf,813807,201903
A3R7UT64jHf,813807,201904
A3R7UT64jHf,813807,201905
A3R7UT64jHf,813807,201906
A3R7UT64jHf,813807,201907
A3R7UT64jHf,813807,201908
A3R7UT64jHf,813807,201909
A3R7UT64jHf,813807,201910
A3R7UT64jHf,813807,201911
A3R7UT64jHf,813807,201912
A3R7UT64jHf,813807,202001
A3R7UT64jHf,813807,202002
A3R7UT64jHf,813807,202003
A3R7UT64jHf,813807,202004
A3R7UT64jHf,813807,202005
A3R7UT64jHf,813807,202006
A3R7UT64jHf,813807,202007
A3R7UT64jHf,813807,202008
A3R7UT64jHf,813807,202009
A3R7UT64jHf,813807,202010
A3R7UT64jHf,813807,202011
A3R7UT64jHf,813807,202012
A3R7UT64jHf,813807,202101
A3R7UT64jHf,813807,202102
A3R7UT64jHf,813807,202103
A3R7UT64jHf,813807,202104
A3R7UT64jHf,813807,202105
A3R7UT64jHf,813807,202106
A3R7UT64jHf,813807,202107
A3R7UT64jHf,813807,202108
A3R7UT64jHf,813807,202109
A3R7UT64jHf,813807,202110
A3R7UT64jHf,813807,202111
A3R7UT64jHf,813807,202112
A3R7UT64jHf,813807,202201
A3R7UT64jHf,813807,202202
A3R7UT64jHf,813807,202203
A3R7UT64jHf,813807,202204
A3R7UT64jHf,813807,202205
A3R7UT64jHf,813807,202206
A3R7UT64jHf,813807,202207
A3R7UT64jHf,813807,202208
A3R7UT64jHf,813807,202209
A3R7UT64jHf,813807,202210
A3R7UT64jHf,813807,202211
A3R7UT64jHf,813807,202212
A3R7UT64jHf,813807,202301
A3R7UT64jHf,813807,202302
A3R7UT64jHf,813807,202303
A3R7UT64jHf,813807,202304
A3R7UT64jHf,813807,202305
A3R7UT64jHf,813807,202306
A3R7UT64jHf,813807,202307
A3R7UT64jHf,813807,202308
A3R7UT64jHf,813807,202309
A3R7UT64jHf,813807,202310
A3R7UT64jHf,813807,202311
A3R7UT64jHf,813807,202312
A3R7UT64jHf,813807,202401
A3R7UT64jHf,813807,202402
A3R7UT64jHf,813807,202403
A3R7UT64jHf,813807,202404
A3R7UT64jHf,813807,202405
A3R7UT64jHf,813807,202406
A3R7UT64jHf,813807,202407
A3R7UT64jHf,813807,202408
A3R7UT64jHf,813807,202409
A3R7UT64jHf,813807,202410
A3R7UT64jHf,813807,202411
A3R7UT64jHf,813807,202412
A3TeVhjjS2u,246826,201601
A3TeVhjjS2u,246826,201602
A3TeVhjjS2u,246826,201603
A3TeVhjjS2u,246826,201604
A3TeVhjjS2u,246826,201605
A3TeVhjjS2u,246826,201606
A3TeVhjjS2u,246826,201607
A3TeVhjjS2u,246826,201608
A3TeVhjjS2u,246826,201609
A3TeVhjjS2u,246826,201610
A3TeVhjjS2u,246826,201611
A3TeVhjjS2u,246826,201612
A3TeVhjjS2u,246826,201701
A3TeVhjjS2u,246826,201702
A3TeVhjjS2u,246826,201703
A3TeVhjjS2u,246826,201704
A3TeVhjjS2u,246826,201705
A3TeVhjjS2u,246826,201706
A3TeVhjjS2u,246826,201707
A3TeVhjjS2u,246826,201708
A3TeVhjjS2u,246826,201709
A3TeVhjjS2u,246826,201710
A3TeVhjjS2u,246826,201711
A3TeVhjjS2u,246826,201712
A3TeVhjjS2u,246826,201801
A3TeVhjjS2u,246826,201802
A3TeVhjjS2u,246826,201803
A3TeVhjjS2u,246826,201804
A3TeVhjjS2u,246826,201805
A3TeVhjjS2u,246826,201806
A3TeVhjjS2u,246826,201807
A3TeVhjjS2u,246826,201808
A3TeVhjjS2u,246826,201809
A3TeVhjjS2u,246826,201810
A3TeVhjjS2u,246826,201811
A3TeVhjjS2u,246826,201812
A3TeVhjjS2u,246826,201901
A3TeVhjjS2u,246826,201902
A3TeVhjjS2u,246826,201903
A3TeVhjjS2u,246826,201904
A3TeVhjjS2u,246826,201905
A3TeVhjjS2u,246826,201906
A3TeVhjjS2u,246826,201907
A3TeVhjjS2u,246826,201908
A3TeVhjjS2u,246826,201909
A3TeVhjjS2u,246826,201910
A3TeVhjjS2u,246826,201911
A3TeVhjjS2u,246826,201912
A3TeVhjjS2u,246826,202001
A3TeVhjjS2u,246826,202002
A3TeVhjjS2u,246826,202003
A3TeVhjjS2u,246826,202004
A3TeVhjjS2u,246826,202005
A3TeVhjjS2u,246826,202006
A3TeVhjjS2u,246826,202007
A3TeVhjjS2u,246826,202008
A3TeVhjjS2u,246826,202009
A3TeVhjjS2u,246826,202010
A3TeVhjjS2u,246826,202011
A3TeVhjjS2u,246826,202012
A3TeVhjjS2u,246826,202101
A3TeVhjjS2u,246826,202102
A3TeVhjjS2u,246826,202103
A3TeVhjjS2u,246826,202104
A3TeVhjjS2u,246826,202105
A3TeVhjjS2u,246826,202106
A3TeVhjjS2u,246826,202107
A3TeVhjjS2u,246826,202108
A3TeVhjjS2u,246826,202109
A3TeVhjjS2u,246826,202110
A3TeVhjjS2u,246826,202111
A3TeVhjjS2u,246826,202112
A3TeVhjjS2u,246826,202201
A3TeVhjjS2u,246826,202202
A3TeVhjjS2u,246826,202203
A3TeVhjjS2u,246826,202204
A3TeVhjjS2u,246826,202205
A3TeVhjjS2u,246826,202206
A3TeVhjjS2u,246826,202207
A3TeVhjjS2u,246826,202208
A3TeVhjjS2u,246826,202209
A3TeVhjjS2u,246826,202210
A3TeVhjjS2u,246826,202211
A3TeVhjjS2u,246826,202212
A3TeVhjjS2u,246826,202301
A3TeVhjjS2u,246826,202302
A3TeVhjjS2u,246826,202303
A3TeVhjjS2u,246826,202304
A3TeVhjjS2u,246826,202305
A3TeVhjjS2u,246826,202306
A3TeVhjjS2u,246826,202307
A3TeVhjjS2u,246826,202308
A3TeVhjjS2u,246826,202309
A3TeVhjjS2u,246826,202310
A3TeVhjjS2u,246826,202311
A3TeVhjjS2u,246826,202312
A3TeVhjjS2u,246826,202401
A3TeVhjjS2u,246826,202402
A3TeVhjjS2u,246826,202403
A3TeVhjjS2u,246826,202404
A3TeVhjjS2u,246826,202405
A3TeVhjjS2u,246826,202406
A3TeVhjjS2u,246826,202407
A3TeVhjjS2u,246826,202408
A3TeVhjjS2u,246826,202409
A3TeVhjjS2u,246826,202410
A3TeVhjjS2u,246826,202411
A3TeVhjjS2u,246826,202412
B7X957nA1lM,136628,201601
B7X957nA1lM,136628,201602
B7X957nA1lM,136628,201603
B7X957nA1lM,136628,201604
B7X957nA1lM,136628,201605
B7X957nA1lM,136628,201606
B7X957nA1lM,136628,201607
B7X957nA1lM,136628,201608
B7X957nA1lM,136628,201609
B7X957nA1lM,136628,201610
B7X957nA1lM,136628,201611
B7X957nA1lM,136628,201612
B7X957nA1lM,136628,201701
B7X957nA1lM,136628,201702
B7X957nA1lM,136628,201703
B7X957nA1lM,136628,201704
B7X957nA1lM,136628,201705
B7X957nA1lM,136628,201706
B7X957nA1lM,136628,201707
B7X957nA1lM,136628,201708
B7X957nA1lM,136628,201709
B7X957nA1lM,136628,201710
B7X957nA1lM,136628,201711
B7X957nA1lM,136628,201712
B7X957nA1lM,136628,201801
B7X957nA1lM,136628,201802
B7X957nA1lM,136628,201803
B7X957nA1lM,136628,201804
B7X957nA1lM,136628,201805
B7X957nA1lM,136628,201806
B7X957nA1lM,136628,201807
B7X957nA1lM,136628,201808
B7X957nA1lM,136628,201809
B7X957nA1lM,136628,201810
B7X957nA1lM,136628,201811
B7X957nA1lM,136628,201812
B7X957nA1lM,136628,201901
B7X957nA1lM,136628,201902
B7X957nA1lM,136628,201903
B7X957nA1lM,136628,201904
B7X957nA1lM,136628,201905
B7X957nA1lM,136628,201906
B7X957nA1lM,136628,201907
B7X957nA1lM,136628,201908
B7X957nA1lM,136628,201909
B7X957nA1lM,136628,201910
B7X957nA1lM,136628,201911
B7X957nA1lM,136628,201912
B7X957nA1lM,136628,202001
B7X957nA1lM,136628,202002
B7X957nA1lM,136628,202003
B7X957nA1lM,136628,202004
B7X957nA1lM,136628,202005
B7X957nA1lM,136628,202006
B7X957nA1lM,136628,202007
B7X957nA1lM,136628,202008
B7X957nA1lM,136628,202009
B7X957nA1lM,136628,202010
B7X957nA1lM,136628,202011
B7X957nA1lM,136628,202012
B7X957nA1lM,136628,202101
B7X957nA1lM,136628,202102
B7X957nA1lM,136628,202103
B7X957nA1lM,136628,202104
B7X957nA1lM,136628,202105
B7X957nA1lM,136628,202106
B7X957nA1lM,136628,202107
B7X957nA1lM,136628,202108
B7X957nA1lM,136628,202109
B7X957nA1lM,136628,202110
B7X957nA1lM,136628,202111
B7X957nA1lM,136628,202112
B7X957nA1lM,136628,202201
B7X957nA1lM,136628,202202
B7X957nA1lM,136628,202203
B7X957nA1lM,136628,202204
B7X957nA1lM,136628,202205
B7X957nA1lM,136628,202206
B7X957nA1lM,136628,202207
B7X957nA1lM,136628,202208
B7X957nA1lM,136628,202209
B7X957nA1lM,136628,202210
B7X957nA1lM,136628,202211
B7X957nA1lM,136628,202212
B7X957nA1lM,136628,202301
B7X957nA1lM,136628,202302
B7X957nA1lM,136628,202303
B7X957nA1lM,136628,202304
B7X957nA1lM,136628,202305
B7X957nA1lM,136628,202306
B7X957nA1lM,136628,202307
B7X957nA1lM,136628,202308
B7X957nA1lM,136628,202309
B7X957nA1lM,136628,202310
B7X957nA1lM,136628,202311
B7X957nA1lM,136628,202312
B7X957nA1lM,136628,202401
B7X957nA1lM,136628,202402
B7X957nA1lM,136628,202403
B7X957nA1lM,136628,202404
B7X957nA1lM,136628,202405
B7X957nA1lM,136628,202406
B7X957nA1lM,136628,202407
B7X957nA1lM,136628,202408
B7X957nA1lM,136628,202409
B7X957nA1lM,136628,202410
B7X957nA1lM,136628,202411
B7X957nA1lM,136628,202412
BITtrV4c0xf,173575,201601
BITtrV4c0xf,173575,201602
BITtrV4c0xf,173575,201603
BITtrV4c0xf,173575,201604
BITtrV4c0xf,173575,201605
BITtrV4c0xf,173575,201606
BITtrV4c0xf,173575,201607
BITtrV4c0xf,173575,201608
BITtrV4c0xf,173575,201609
BITtrV4c0xf,173575,201610
BITtrV4c0xf,173575,201611
BITtrV4c0xf,173575,201612
BITtrV4c0xf,173575,201701
BITtrV4c0xf,173575,201702
BITtrV4c0xf,173575,201703
BITtrV4c0xf,173575,201704
BITtrV4c0xf,173575,201705
BITtrV4c0xf,173575,201706
BITtrV4c0xf,173575,201707
BITtrV4c0xf,173575,201708
BITtrV4c0xf,173575,201709
BITtrV4c0xf,173575,201710
BITtrV4c0xf,173575,201711
BITtrV4c0xf,173575,201712
BITtrV4c0xf,173575,201801
BITtrV4c0xf,173575,201802
BITtrV4c0xf,173575,201803
BITtrV4c0xf,173575,201804
BITtrV4c0xf,173575,201805
BITtrV4c0xf,173575,201806
BITtrV4c0xf,173575,201807
BITtrV4c0xf,173575,201808
BITtrV4c0xf,173575,201809
BITtrV4c0xf,173575,201810
BITtrV4c0xf,173575,201811
BITtrV4c0xf,173575,201812
BITtrV4c0xf,173575,201901
BITtrV4c0xf,173575,201902
BITtrV4c0xf,173575,201903
BITtrV4c0xf,173575,201904
BITtrV4c0xf,173575,201905
BITtrV4c0xf,173575,201906
BITtrV4c0xf,173575,201907
BITtrV4c0xf,173575,201908
BITtrV4c0xf,173575,201909
BITtrV4c0xf,173575,201910
BITtrV4c0xf,173575,201911
BITtrV4c0xf,173575,201912
BITtrV4c0xf,173575,202001
BITtrV4c0xf,173575,202002
BITtrV4c0xf,173575,202003
BITtrV4c0xf,173575,202004
BITtrV4c0xf,173575,202005
BITtrV4c0xf,173575,202006
BITtrV4c0xf,173575,202007
BITtrV4c0xf,173575,202008
BITtrV4c0xf,173575,202009
BITtrV4c0xf,173575,202010
BITtrV4c0xf,173575,202011
BITtrV4c0xf,173575,202012
BITtrV4c0xf,173575,202101
BITtrV4c0xf,173575,202102
BITtrV4c0xf,173575,202103
BITtrV4c0xf,173575,202104
BITtrV4c0xf,173575,202105
BITtrV4c0xf,173575,202106
BITtrV4c0xf,173575,202107
BITtrV4c0xf,173575,202108
BITtrV4c0xf,173575,202109
BITtrV4c0xf,173575,202110
BITtrV4c0xf,173575,202111
BITtrV4c0xf,173575,202112
BITtrV4c0xf,173575,202201
BITtrV4c0xf,173575,202202
BITtrV4c0xf,173575,202203
BITtrV4c0xf,173575,202204
BITtrV4c0xf,173575,202205
BITtrV4c0xf,173575,202206
BITtrV4c0xf,173575,202207
BITtrV4c0xf,173575,202208
BITtrV4c0xf,173575,202209
BITtrV4c0xf,173575,202210
BITtrV4c0xf,173575,202211
BITtrV4c0xf,173575,202212
BITtrV4c0xf,173575,202301
BITtrV4c0xf,173575,202302
BITtrV4c0xf,173575,202303
BITtrV4c0xf,173575,202304
BITtrV4c0xf,173575,202305
BITtrV4c0xf,173575,202306
BITtrV4c0xf,173575,202307
BITtrV4c0xf,173575,202308
BITtrV4c0xf,173575,202309
BITtrV4c0xf,173575,202310
BITtrV4c0xf,173575,202311
BITtrV4c0xf,173575,202312
BITtrV4c0xf,173575,202401
BITtrV4c0xf,173575,202402
BITtrV4c0xf,173575,202403
BITtrV4c0xf,173575,202404
BITtrV4c0xf,173575,202405
BITtrV4c0xf,173575,202406
BITtrV4c0xf,173575,202407
BITtrV4c0xf,173575,202408
BITtrV4c0xf,173575,202409
BITtrV4c0xf,173575,202410
BITtrV4c0xf,173575,202411
BITtrV4c0xf,173575,202412
BdLcDbLQd88,118280,201601
BdLcDbLQd88,118280,201602
BdLcDbLQd88,118280,201603
BdLcDbLQd88,118280,201604
BdLcDbLQd88,118280,201605
BdLcDbLQd88,118280,201606
BdLcDbLQd88,118280,201607
BdLcDbLQd88,118280,201608
BdLcDbLQd88,118280,201609
BdLcDbLQd88,118280,201610
BdLcDbLQd88,118280,201611
BdLcDbLQd88,118280,201612
BdLcDbLQd88,118280,201701
BdLcDbLQd88,118280,201702
BdLcDbLQd88,118280,201703
BdLcDbLQd88,118280,201704
BdLcDbLQd88,118280,201705
BdLcDbLQd88,118280,201706
BdLcDbLQd88,118280,201707
BdLcDbLQd88,118280,201708
BdLcDbLQd88,118280,201709
BdLcDbLQd88,118280,201710
BdLcDbLQd88,118280,201711
BdLcDbLQd88,118280,201712
BdLcDbLQd88,118280,201801
BdLcDbLQd88,118280,201802
BdLcDbLQd88,118280,201803
BdLcDbLQd88,118280,201804
BdLcDbLQd88,118280,201805
BdLcDbLQd88,118280,201806
BdLcDbLQd88,118280,201807
BdLcDbLQd88,118280,201808
BdLcDbLQd88,118280,201809
BdLcDbLQd88,118280,201810
BdLcDbLQd88,118280,201811
BdLcDbLQd88,118280,201812
BdLcDbLQd88,118280,201901
BdLcDbLQd88,118280,201902
BdLcDbLQd88,118280,201903
BdLcDbLQd88,118280,201904
BdLcDbLQd88,118280,201905
BdLcDbLQd88,118280,201906
BdLcDbLQd88,118280,201907
BdLcDbLQd88,118280,201908
BdLcDbLQd88,118280,201909
BdLcDbLQd88,118280,201910
BdLcDbLQd88,118280,201911
BdLcDbLQd88,118280,201912
BdLcDbLQd88,118280,202001
BdLcDbLQd88,118280,202002
BdLcDbLQd88,118280,202003
BdLcDbLQd88,118280,202004
BdLcDbLQd88,118280,202005
BdLcDbLQd88,118280,202006
BdLcDbLQd88,118280,202007
BdLcDbLQd88,118280,202008
BdLcDbLQd88,118280,202009
BdLcDbLQd88,118280,202010
BdLcDbLQd88,118280,202011
BdLcDbLQd88,118280,202012
BdLcDbLQd88,118280,202101
BdLcDbLQd88,118280,202102
BdLcDbLQd88,118280,202103
BdLcDbLQd88,118280,202104
BdLcDbLQd88,118280,202105
BdLcDbLQd88,118280,202106
BdLcDbLQd88,118280,202107
BdLcDbLQd88,118280,202108
BdLcDbLQd88,118280,202109
BdLcDbLQd88,118280,202110
BdLcDbLQd88,118280,202111
BdLcDbLQd88,118280,202112
BdLcDbLQd88,118280,202201
BdLcDbLQd88,118280,202202
BdLcDbLQd88,118280,202203
BdLcDbLQd88,118280,202204
BdLcDbLQd88,118280,202205
BdLcDbLQd88,118280,202206
BdLcDbLQd88,118280,202207
BdLcDbLQd88,118280,202208
BdLcDbLQd88,118280,202209
BdLcDbLQd88,118280,202210
BdLcDbLQd88,118280,202211
BdLcDbLQd88,118280,202212
BdLcDbLQd88,118280,202301
BdLcDbLQd88,118280,202302
BdLcDbLQd88,118280,202303
BdLcDbLQd88,118280,202304
BdLcDbLQd88,118280,202305
BdLcDbLQd88,118280,202306
BdLcDbLQd88,118280,202307
BdLcDbLQd88,118280,202308
BdLcDbLQd88,118280,202309
BdLcDbLQd88,118280,202310
BdLcDbLQd88,118280,202311
BdLcDbLQd88,118280,202312
BdLcDbLQd88,118280,202401
BdLcDbLQd88,118280,202402
BdLcDbLQd88,118280,202403
BdLcDbLQd88,118280,202404
BdLcDbLQd88,118280,202405
BdLcDbLQd88,118280,202406
BdLcDbLQd88,118280,202407
BdLcDbLQd88,118280,202408
BdLcDbLQd88,118280,202409
BdLcDbLQd88,118280,202410
BdLcDbLQd88,118280,202411
BdLcDbLQd88,118280,202412
BywOwm8jUhf,129248,201601
BywOwm8jUhf,129248,201602
BywOwm8jUhf,129248,201603
BywOwm8jUhf,129248,201604
BywOwm8jUhf,129248,201605
BywOwm8jUhf,129248,201606
BywOwm8jUhf,129248,201607
BywOwm8jUhf,129248,201608
BywOwm8jUhf,129248,201609
BywOwm8jUhf,129248,201610
BywOwm8jUhf,129248,201611
BywOwm8jUhf,129248,201612
BywOwm8jUhf,129248,201701
BywOwm8jUhf,129248,201702
BywOwm8jUhf,129248,201703
BywOwm8jUhf,129248,201704
BywOwm8jUhf,129248,201705
BywOwm8jUhf,129248,201706
BywOwm8jUhf,129248,201707
BywOwm8jUhf,129248,201708
BywOwm8jUhf,129248,201709
BywOwm8jUhf,129248,201710
BywOwm8jUhf,129248,201711
BywOwm8jUhf,129248,201712
BywOwm8jUhf,129248,201801
BywOwm8jUhf,129248,201802
BywOwm8jUhf,129248,201803
BywOwm8jUhf,129248,201804
BywOwm8jUhf,129248,201805
BywOwm8jUhf,129248,201806
BywOwm8jUhf,129248,201807
BywOwm8jUhf,129248,201808
BywOwm8jUhf,129248,201809
BywOwm8jUhf,129248,201810
BywOwm8jUhf,129248,201811
BywOwm8jUhf,129248,201812
BywOwm8jUhf,129248,201901
BywOwm8jUhf,129248,201902
BywOwm8jUhf,129248,201903
BywOwm8jUhf,129248,201904
BywOwm8jUhf,129248,201905
BywOwm8jUhf,129248,201906
BywOwm8jUhf,129248,201907
BywOwm8jUhf,129248,201908
BywOwm8jUhf,129248,201909
BywOwm8jUhf,129248,201910
BywOwm8jUhf,129248,201911
BywOwm8jUhf,129248,201912
BywOwm8jUhf,129248,202001
BywOwm8jUhf,129248,202002
BywOwm8jUhf,129248,202003
BywOwm8jUhf,129248,202004
BywOwm8jUhf,129248,202005
BywOwm8jUhf,129248,202006
BywOwm8jUhf,129248,202007
BywOwm8jUhf,129248,202008
BywOwm8jUhf,129248,202009
BywOwm8jUhf,129248,202010
BywOwm8jUhf,129248,202011
BywOwm8jUhf,129248,202012
BywOwm8jUhf,129248,202101
BywOwm8jUhf,129248,202102
BywOwm8jUhf,129248,202103
BywOwm8jUhf,129248,202104
BywOwm8jUhf,129248,202105
BywOwm8jUhf,129248,202106
BywOwm8jUhf,129248,202107
BywOwm8jUhf,129248,202108
BywOwm8jUhf,129248,202109
BywOwm8jUhf,129248,202110
BywOwm8jUhf,129248,202111
BywOwm8jUhf,129248,202112
BywOwm8jUhf,129248,202201
BywOwm8jUhf,129248,202202
BywOwm8jUhf,129248,202203
BywOwm8jUhf,129248,202204
BywOwm8jUhf,129248,202205
BywOwm8jUhf,129248,202206
BywOwm8jUhf,129248,202207
BywOwm8jUhf,129248,202208
BywOwm8jUhf,129248,202209
BywOwm8jUhf,129248,202210
BywOwm8jUhf,129248,202211
BywOwm8jUhf,129248,202212
BywOwm8jUhf,129248,202301
BywOwm8jUhf,129248,202302
BywOwm8jUhf,129248,202303
BywOwm8jUhf,129248,202304
BywOwm8jUhf,129248,202305
BywOwm8jUhf,129248,202306
BywOwm8jUhf,129248,202307
BywOwm8jUhf,129248,202308
BywOwm8jUhf,129248,202309
BywOwm8jUhf,129248,202310
BywOwm8jUhf,129248,202311
BywOwm8jUhf,129248,202312
BywOwm8jUhf,129248,202401
BywOwm8jUhf,129248,202402
BywOwm8jUhf,129248,202403
BywOwm8jUhf,129248,202404
BywOwm8jUhf,129248,202405
BywOwm8jUhf,129248,202406
BywOwm8jUhf,129248,202407
BywOwm8jUhf,129248,202408
BywOwm8jUhf,129248,202409
BywOwm8jUhf,129248,202410
BywOwm8jUhf,129248,202411
BywOwm8jUhf,129248,202412
CNFRaFUfLjo,973321,201601
CNFRaFUfLjo,973321,201602
CNFRaFUfLjo,973321,201603
CNFRaFUfLjo,973321,201604
CNFRaFUfLjo,973321,201605
CNFRaFUfLjo,973321,201606
CNFRaFUfLjo,973321,201607
CNFRaFUfLjo,973321,201608
CNFRaFUfLjo,973321,201609
CNFRaFUfLjo,973321,201610
CNFRaFUfLjo,973321,201611
CNFRaFUfLjo,973321,201612
CNFRaFUfLjo,973321,201701
CNFRaFUfLjo,973321,201702
CNFRaFUfLjo,973321,201703
CNFRaFUfLjo,973321,201704
CNFRaFUfLjo,973321,201705
CNFRaFUfLjo,973321,201706
CNFRaFUfLjo,973321,201707
CNFRaFUfLjo,973321,201708
CNFRaFUfLjo,973321,201709
CNFRaFUfLjo,973321,201710
CNFRaFUfLjo,973321,201711
CNFRaFUfLjo,973321,201712
CNFRaFUfLjo,973321,201801
CNFRaFUfLjo,973321,201802
CNFRaFUfLjo,973321,201803
CNFRaFUfLjo,973321,201804
CNFRaFUfLjo,973321,201805
CNFRaFUfLjo,973321,201806
CNFRaFUfLjo,973321,201807
CNFRaFUfLjo,973321,201808
CNFRaFUfLjo,973321,201809
CNFRaFUfLjo,973321,201810
CNFRaFUfLjo,973321,201811
CNFRaFUfLjo,973321,201812
CNFRaFUfLjo,973321,201901
CNFRaFUfLjo,973321,201902
CNFRaFUfLjo,973321,201903
CNFRaFUfLjo,973321,201904
CNFRaFUfLjo,973321,201905
CNFRaFUfLjo,973321,201906
CNFRaFUfLjo,973321,201907
CNFRaFUfLjo,973321,201908
CNFRaFUfLjo,973321,201909
CNFRaFUfLjo,973321,201910
CNFRaFUfLjo,973321,201911
CNFRaFUfLjo,973321,201912
CNFRaFUfLjo,973321,202001
CNFRaFUfLjo,973321,202002
CNFRaFUfLjo,973321,202003
CNFRaFUfLjo,973321,202004
CNFRaFUfLjo,973321,202005
CNFRaFUfLjo,973321,202006
CNFRaFUfLjo,973321,202007
CNFRaFUfLjo,973321,202008
CNFRaFUfLjo,973321,202009
CNFRaFUfLjo,973321,202010
CNFRaFUfLjo,973321,202011
CNFRaFUfLjo,973321,202012
CNFRaFUfLjo,973321,202101
CNFRaFUfLjo,973321,202102
CNFRaFUfLjo,973321,202103
CNFRaFUfLjo,973321,202104
CNFRaFUfLjo,973321,202105
CNFRaFUfLjo,973321,202106
CNFRaFUfLjo,973321,202107
CNFRaFUfLjo,973321,202108
CNFRaFUfLjo,973321,202109
CNFRaFUfLjo,973321,202110
CNFRaFUfLjo,973321,202111
CNFRaFUfLjo,973321,202112
CNFRaFUfLjo,973321,202201
CNFRaFUfLjo,973321,202202
CNFRaFUfLjo,973321,202203
CNFRaFUfLjo,973321,202204
CNFRaFUfLjo,973321,202205
CNFRaFUfLjo,973321,202206
CNFRaFUfLjo,973321,202207
CNFRaFUfLjo,973321,202208
CNFRaFUfLjo,973321,202209
CNFRaFUfLjo,973321,202210
CNFRaFUfLjo,973321,202211
CNFRaFUfLjo,973321,202212
CNFRaFUfLjo,973321,202301
CNFRaFUfLjo,973321,202302
CNFRaFUfLjo,973321,202303
CNFRaFUfLjo,973321,202304
CNFRaFUfLjo,973321,202305
CNFRaFUfLjo,973321,202306
CNFRaFUfLjo,973321,202307
CNFRaFUfLjo,973321,202308
CNFRaFUfLjo,973321,202309
CNFRaFUfLjo,973321,202310
CNFRaFUfLjo,973321,202311
CNFRaFUfLjo,973321,202312
CNFRaFUfLjo,973321,202401
CNFRaFUfLjo,973321,202402
CNFRaFUfLjo,973321,202403
CNFRaFUfLjo,973321,202404
CNFRaFUfLjo,973321,202405
CNFRaFUfLjo,973321,202406
CNFRaFUfLjo,973321,202407
CNFRaFUfLjo,973321,202408
CNFRaFUfLjo,973321,202409
CNFRaFUfLjo,973321,202410
CNFRaFUfLjo,973321,202411
CNFRaFUfLjo,973321,202412
D51gR5DC5vt,117171,201601
D51gR5DC5vt,117171,201602
D51gR5DC5vt,117171,201603
D51gR5DC5vt,117171,201604
D51gR5DC5vt,117171,201605
D51gR5DC5vt,117171,201606
D51gR5DC5vt,117171,201607
D51gR5DC5vt,117171,201608
D51gR5DC5vt,117171,201609
D51gR5DC5vt,117171,201610
D51gR5DC5vt,117171,201611
D51gR5DC5vt,117171,201612
D51gR5DC5vt,117171,201701
D51gR5DC5vt,117171,201702
D51gR5DC5vt,117171,201703
D51gR5DC5vt,117171,201704
D51gR5DC5vt,117171,201705
D51gR5DC5vt,117171,201706
D51gR5DC5vt,117171,201707
D51gR5DC5vt,117171,201708
D51gR5DC5vt,117171,201709
D51gR5DC5vt,117171,201710
D51gR5DC5vt,117171,201711
D51gR5DC5vt,117171,201712
D51gR5DC5vt,117171,201801
D51gR5DC5vt,117171,201802
D51gR5DC5vt,117171,201803
D51gR5DC5vt,117171,201804
D51gR5DC5vt,117171,201805
D51gR5DC5vt,117171,201806
D51gR5DC5vt,117171,201807
D51gR5DC5vt,117171,201808
D51gR5DC5vt,117171,201809
D51gR5DC5vt,117171,201810
D51gR5DC5vt,117171,201811
D51gR5DC5vt,117171,201812
D51gR5DC5vt,117171,201901
D51gR5DC5vt,117171,201902
D51gR5DC5vt,117171,201903
D51gR5DC5vt,117171,201904
D51gR5DC5vt,117171,201905
D51gR5DC5vt,117171,201906
D51gR5DC5vt,117171,201907
D51gR5DC5vt,117171,201908
D51gR5DC5vt,117171,201909
D51gR5DC5vt,117171,201910
D51gR5DC5vt,117171,201911
D51gR5DC5vt,117171,201912
D51gR5DC5vt,117171,202001
D51gR5DC5vt,117171,202002
D51gR5DC5vt,117171,202003
D51gR5DC5vt,117171,202004
D51gR5DC5vt,117171,202005
D51gR5DC5vt,117171,202006
D51gR5DC5vt,117171,202007
D51gR5DC5vt,117171,202008
D51gR5DC5vt,117171,202009
D51gR5DC5vt,117171,202010
D51gR5DC5vt,117171,202011
D51gR5DC5vt,117171,202012
D51gR5DC5vt,117171,202101
D51gR5DC5vt,117171,202102
D51gR5DC5vt,117171,202103
D51gR5DC5vt,117171,202104
D51gR5DC5vt,117171,202105
D51gR5DC5vt,117171,202106
D51gR5DC5vt,117171,202107
D51gR5DC5vt,117171,202108
D51gR5DC5vt,117171,202109
D51gR5DC5vt,117171,202110
D51gR5DC5vt,117171,202111
D51gR5DC5vt,117171,202112
D51gR5DC5vt,117171,202201
D51gR5DC5vt,117171,202202
D51gR5DC5vt,117171,202203
D51gR5DC5vt,117171,202204
D51gR5DC5vt,117171,202205
D51gR5DC5vt,117171,202206
D51gR5DC5vt,117171,202207
D51gR5DC5vt,117171,202208
D51gR5DC5vt,117171,202209
D51gR5DC5vt,117171,202210
D51gR5DC5vt,117171,202211
D51gR5DC5vt,117171,202212
D51gR5DC5vt,117171,202301
D51gR5DC5vt,117171,202302
D51gR5DC5vt,117171,202303
D51gR5DC5vt,117171,202304
D51gR5DC5vt,117171,202305
D51gR5DC5vt,117171,202306
D51gR5DC5vt,117171,202307
D51gR5DC5vt,117171,202308
D51gR5DC5vt,117171,202309
D51gR5DC5vt,117171,202310
D51gR5DC5vt,117171,202311
D51gR5DC5vt,117171,202312
D51gR5DC5vt,117171,202401
D51gR5DC5vt,117171,202402
D51gR5DC5vt,117171,202403
D51gR5DC5vt,117171,202404
D51gR5DC5vt,117171,202405
D51gR5DC5vt,117171,202406
D51gR5DC5vt,117171,202407
D51gR5DC5vt,117171,202408
D51gR5DC5vt,117171,202409
D51gR5DC5vt,117171,202410
D51gR5DC5vt,117171,202411
D51gR5DC5vt,117171,202412
DLyaDAF00hm,697089,201601
DLyaDAF00hm,697089,201602
DLyaDAF00hm,697089,201603
DLyaDAF00hm,697089,201604
DLyaDAF00hm,697089,201605
DLyaDAF00hm,697089,201606
DLyaDAF00hm,697089,201607
DLyaDAF00hm,697089,201608
DLyaDAF00hm,697089,201609
DLyaDAF00hm,697089,201610
DLyaDAF00hm,697089,201611
DLyaDAF00hm,697089,201612
DLyaDAF00hm,697089,201701
DLyaDAF00hm,697089,201702
DLyaDAF00hm,697089,201703
DLyaDAF00hm,697089,201704
DLyaDAF00hm,697089,201705
DLyaDAF00hm,697089,201706
DLyaDAF00hm,697089,201707
DLyaDAF00hm,697089,201708
DLyaDAF00hm,697089,201709
DLyaDAF00hm,697089,201710
DLyaDAF00hm,697089,201711
DLyaDAF00hm,697089,201712
DLyaDAF00hm,697089,201801
DLyaDAF00hm,697089,201802
DLyaDAF00hm,697089,201803
DLyaDAF00hm,697089,201804
DLyaDAF00hm,697089,201805
DLyaDAF00hm,697089,201806
DLyaDAF00hm,697089,201807
DLyaDAF00hm,697089,201808
DLyaDAF00hm,697089,201809
DLyaDAF00hm,697089,201810
DLyaDAF00hm,697089,201811
DLyaDAF00hm,697089,201812
DLyaDAF00hm,697089,201901
DLyaDAF00hm,697089,201902
DLyaDAF00hm,697089,201903
DLyaDAF00hm,697089,201904
DLyaDAF00hm,697089,201905
DLyaDAF00hm,697089,201906
DLyaDAF00hm,697089,201907
DLyaDAF00hm,697089,201908
DLyaDAF00hm,697089,201909
DLyaDAF00hm,697089,201910
DLyaDAF00hm,697089,201911
DLyaDAF00hm,697089,201912
DLyaDAF00hm,697089,202001
DLyaDAF00hm,697089,202002
DLyaDAF00hm,697089,202003
DLyaDAF00hm,697089,202004
DLyaDAF00hm,697089,202005
DLyaDAF00hm,697089,202006
DLyaDAF00hm,697089,202007
DLyaDAF00hm,697089,202008
DLyaDAF00hm,697089,202009
DLyaDAF00hm,697089,202010
DLyaDAF00hm,697089,202011
DLyaDAF00hm,697089,202012
DLyaDAF00hm,697089,202101
DLyaDAF00hm,697089,202102
DLyaDAF00hm,697089,202103
DLyaDAF00hm,697089,202104
DLyaDAF00hm,697089,202105
DLyaDAF00hm,697089,202106
DLyaDAF00hm,697089,202107
DLyaDAF00hm,697089,202108
DLyaDAF00hm,697089,202109
DLyaDAF00hm,697089,202110
DLyaDAF00hm,697089,202111
DLyaDAF00hm,697089,202112
DLyaDAF00hm,697089,202201
DLyaDAF00hm,697089,202202
DLyaDAF00hm,697089,202203
DLyaDAF00hm,697089,202204
DLyaDAF00hm,697089,202205
DLyaDAF00hm,697089,202206
DLyaDAF00hm,697089,202207
DLyaDAF00hm,697089,202208
DLyaDAF00hm,697089,202209
DLyaDAF00hm,697089,202210
DLyaDAF00hm,697089,202211
DLyaDAF00hm,697089,202212
DLyaDAF00hm,697089,202301
DLyaDAF00hm,697089,202302
DLyaDAF00hm,697089,202303
DLyaDAF00hm,697089,202304
DLyaDAF00hm,697089,202305
DLyaDAF00hm,697089,202306
DLyaDAF00hm,697089,202307
DLyaDAF00hm,697089,202308
DLyaDAF00hm,697089,202309
DLyaDAF00hm,697089,202310
DLyaDAF00hm,697089,202311
DLyaDAF00hm,697089,202312
DLyaDAF00hm,697089,202401
DLyaDAF00hm,697089,202402
DLyaDAF00hm,697089,202403
DLyaDAF00hm,697089,202404
DLyaDAF00hm,697089,202405
DLyaDAF00hm,697089,202406
DLyaDAF00hm,697089,202407
DLyaDAF00hm,697089,202408
DLyaDAF00hm,697089,202409
DLyaDAF00hm,697089,202410
DLyaDAF00hm,697089,202411
DLyaDAF00hm,697089,202412
EXKX4gJ9D6Y,854768,201601
EXKX4gJ9D6Y,854768,201602
EXKX4gJ9D6Y,854768,201603
EXKX4gJ9D6Y,854768,201604
EXKX4gJ9D6Y,854768,201605
EXKX4gJ9D6Y,854768,201606
EXKX4gJ9D6Y,854768,201607
EXKX4gJ9D6Y,854768,201608
EXKX4gJ9D6Y,854768,201609
EXKX4gJ9D6Y,854768,201610
EXKX4gJ9D6Y,854768,201611
EXKX4gJ9D6Y,854768,201612
EXKX4gJ9D6Y,854768,201701
EXKX4gJ9D6Y,854768,201702
EXKX4gJ9D6Y,854768,201703
EXKX4gJ9D6Y,854768,201704
EXKX4gJ9D6Y,854768,201705
EXKX4gJ9D6Y,854768,201706
EXKX4gJ9D6Y,854768,201707
EXKX4gJ9D6Y,854768,201708
EXKX4gJ9D6Y,854768,201709
EXKX4gJ9D6Y,854768,201710
EXKX4gJ9D6Y,854768,201711
EXKX4gJ9D6Y,854768,201712
EXKX4gJ9D6Y,854768,201801
EXKX4gJ9D6Y,854768,201802
EXKX4gJ9D6Y,854768,201803
EXKX4gJ9D6Y,854768,201804
EXKX4gJ9D6Y,854768,201805
EXKX4gJ9D6Y,854768,201806
EXKX4gJ9D6Y,854768,201807
EXKX4gJ9D6Y,854768,201808
EXKX4gJ9D6Y,854768,201809
EXKX4gJ9D6Y,854768,201810
EXKX4gJ9D6Y,854768,201811
EXKX4gJ9D6Y,854768,201812
EXKX4gJ9D6Y,854768,201901
EXKX4gJ9D6Y,854768,201902
EXKX4gJ9D6Y,854768,201903
EXKX4gJ9D6Y,854768,201904
EXKX4gJ9D6Y,854768,201905
EXKX4gJ9D6Y,854768,201906
EXKX4gJ9D6Y,854768,201907
EXKX4gJ9D6Y,854768,201908
EXKX4gJ9D6Y,854768,201909
EXKX4gJ9D6Y,854768,201910
EXKX4gJ9D6Y,854768,201911
EXKX4gJ9D6Y,854768,201912
EXKX4gJ9D6Y,854768,202001
EXKX4gJ9D6Y,854768,202002
EXKX4gJ9D6Y,854768,202003
EXKX4gJ9D6Y,854768,202004
EXKX4gJ9D6Y,854768,202005
EXKX4gJ9D6Y,854768,202006
EXKX4gJ9D6Y,854768,202007
EXKX4gJ9D6Y,854768,202008
EXKX4gJ9D6Y,854768,202009
EXKX4gJ9D6Y,854768,202010
EXKX4gJ9D6Y,854768,202011
EXKX4gJ9D6Y,854768,202012
EXKX4gJ9D6Y,854768,202101
EXKX4gJ9D6Y,854768,202102
EXKX4gJ9D6Y,854768,202103
EXKX4gJ9D6Y,854768,202104
EXKX4gJ9D6Y,854768,202105
EXKX4gJ9D6Y,854768,202106
EXKX4gJ9D6Y,854768,202107
EXKX4gJ9D6Y,854768,202108
EXKX4gJ9D6Y,854768,202109
EXKX4gJ9D6Y,854768,202110
EXKX4gJ9D6Y,854768,202111
EXKX4gJ9D6Y,854768,202112
EXKX4gJ9D6Y,854768,202201
EXKX4gJ9D6Y,854768,202202
EXKX4gJ9D6Y,854768,202203
EXKX4gJ9D6Y,854768,202204
EXKX4gJ9D6Y,854768,202205
EXKX4gJ9D6Y,854768,202206
EXKX4gJ9D6Y,854768,202207
EXKX4gJ9D6Y,854768,202208
EXKX4gJ9D6Y,854768,202209
EXKX4gJ9D6Y,854768,202210
EXKX4gJ9D6Y,854768,202211
EXKX4gJ9D6Y,854768,202212
EXKX4gJ9D6Y,854768,202301
EXKX4gJ9D6Y,854768,202302
EXKX4gJ9D6Y,854768,202303
EXKX4gJ9D6Y,854768,202304
EXKX4gJ9D6Y,854768,202305
EXKX4gJ9D6Y,854768,202306
EXKX4gJ9D6Y,854768,202307
EXKX4gJ9D6Y,854768,202308
EXKX4gJ9D6Y,854768,202309
EXKX4gJ9D6Y,854768,202310
EXKX4gJ9D6Y,854768,202311
EXKX4gJ9D6Y,854768,202312
EXKX4gJ9D6Y,854768,202401
EXKX4gJ9D6Y,854768,202402
EXKX4gJ9D6Y,854768,202403
EXKX4gJ9D6Y,854768,202404
EXKX4gJ9D6Y,854768,202405
EXKX4gJ9D6Y,854768,202406
EXKX4gJ9D6Y,854768,202407
EXKX4gJ9D6Y,854768,202408
EXKX4gJ9D6Y,854768,202409
EXKX4gJ9D6Y,854768,202410
EXKX4gJ9D6Y,854768,202411
EXKX4gJ9D6Y,854768,202412
F5xI4hl77mT,1101158,201601
F5xI4hl77mT,1101158,201602
F5xI4hl77mT,1101158,201603
F5xI4hl77mT,1101158,201604
F5xI4hl77mT,1101158,201605
F5xI4hl77mT,1101158,201606
F5xI4hl77mT,1101158,201607
F5xI4hl77mT,1101158,201608
F5xI4hl77mT,1101158,201609
F5xI4hl77mT,1101158,201610
F5xI4hl77mT,1101158,201611
F5xI4hl77mT,1101158,201612
F5xI4hl77mT,1101158,201701
F5xI4hl77mT,1101158,201702
F5xI4hl77mT,1101158,201703
F5xI4hl77mT,1101158,201704
F5xI4hl77mT,1101158,201705
F5xI4hl77mT,1101158,201706
F5xI4hl77mT,1101158,201707
F5xI4hl77mT,1101158,201708
F5xI4hl77mT,1101158,201709
F5xI4hl77mT,1101158,201710
F5xI4hl77mT,1101158,201711
F5xI4hl77mT,1101158,201712
F5xI4hl77mT,1101158,201801
F5xI4hl77mT,1101158,201802
F5xI4hl77mT,1101158,201803
F5xI4hl77mT,1101158,201804
F5xI4hl77mT,1101158,201805
F5xI4hl77mT,1101158,201806
F5xI4hl77mT,1101158,201807
F5xI4hl77mT,1101158,201808
F5xI4hl77mT,1101158,201809
F5xI4hl77mT,1101158,201810
F5xI4hl77mT,1101158,201811
F5xI4hl77mT,1101158,201812
F5xI4hl77mT,1101158,201901
F5xI4hl77mT,1101158,201902
F5xI4hl77mT,1101158,201903
F5xI4hl77mT,1101158,201904
F5xI4hl77mT,1101158,201905
F5xI4hl77mT,1101158,201906
F5xI4hl77mT,1101158,201907
F5xI4hl77mT,1101158,201908
F5xI4hl77mT,1101158,201909
F5xI4hl77mT,1101158,201910
F5xI4hl77mT,1101158,201911
F5xI4hl77mT,1101158,201912
F5xI4hl77mT,1101158,202001
F5xI4hl77mT,1101158,202002
F5xI4hl77mT,1101158,202003
F5xI4hl77mT,1101158,202004
F5xI4hl77mT,1101158,202005
F5xI4hl77mT,1101158,202006
F5xI4hl77mT,1101158,202007
F5xI4hl77mT,1101158,202008
F5xI4hl77mT,1101158,202009
F5xI4hl77mT,1101158,202010
F5xI4hl77mT,1101158,202011
F5xI4hl77mT,1101158,202012
F5xI4hl77mT,1101158,202101
F5xI4hl77mT,1101158,202102
F5xI4hl77mT,1101158,202103
F5xI4hl77mT,1101158,202104
F5xI4hl77mT,1101158,202105
F5xI4hl77mT,1101158,202106
F5xI4hl77mT,1101158,202107
F5xI4hl77mT,1101158,202108
F5xI4hl77mT,1101158,202109
F5xI4hl77mT,1101158,202110
F5xI4hl77mT,1101158,202111
F5xI4hl77mT,1101158,202112
F5xI4hl77mT,1101158,202201
F5xI4hl77mT,1101158,202202
F5xI4hl77mT,1101158,202203
F5xI4hl77mT,1101158,202204
F5xI4hl77mT,1101158,202205
F5xI4hl77mT,1101158,202206
F5xI4hl77mT,1101158,202207
F5xI4hl77mT,1101158,202208
F5xI4hl77mT,1101158,202209
F5xI4hl77mT,1101158,202210
F5xI4hl77mT,1101158,202211
F5xI4hl77mT,1101158,202212
F5xI4hl77mT,1101158,202301
F5xI4hl77mT,1101158,202302
F5xI4hl77mT,1101158,202303
F5xI4hl77mT,1101158,202304
F5xI4hl77mT,1101158,202305
F5xI4hl77mT,1101158,202306
F5xI4hl77mT,1101158,202307
F5xI4hl77mT,1101158,202308
F5xI4hl77mT,1101158,202309
F5xI4hl77mT,1101158,202310
F5xI4hl77mT,1101158,202311
F5xI4hl77mT,1101158,202312
F5xI4hl77mT,1101158,202401
F5xI4hl77mT,1101158,202402
F5xI4hl77mT,1101158,202403
F5xI4hl77mT,1101158,202404
F5xI4hl77mT,1101158,202405
F5xI4hl77mT,1101158,202406
F5xI4hl77mT,1101158,202407
F5xI4hl77mT,1101158,202408
F5xI4hl77mT,1101158,202409
F5xI4hl77mT,1101158,202410
F5xI4hl77mT,1101158,202411
F5xI4hl77mT,1101158,202412
Fh294RrB7an,644539,201601
Fh294RrB7an,644539,201602
Fh294RrB7an,644539,201603
Fh294RrB7an,644539,201604
Fh294RrB7an,644539,201605
Fh294RrB7an,644539,201606
Fh294RrB7an,644539,201607
Fh294RrB7an,644539,201608
Fh294RrB7an,644539,201609
Fh294RrB7an,644539,201610
Fh294RrB7an,644539,201611
Fh294RrB7an,644539,201612
Fh294RrB7an,644539,201701
Fh294RrB7an,644539,201702
Fh294RrB7an,644539,201703
Fh294RrB7an,644539,201704
Fh294RrB7an,644539,201705
Fh294RrB7an,644539,201706
Fh294RrB7an,644539,201707
Fh294RrB7an,644539,201708
Fh294RrB7an,644539,201709
Fh294RrB7an,644539,201710
Fh294RrB7an,644539,201711
Fh294RrB7an,644539,201712
Fh294RrB7an,644539,201801
Fh294RrB7an,644539,201802
Fh294RrB7an,644539,201803
Fh294RrB7an,644539,201804
Fh294RrB7an,644539,201805
Fh294RrB7an,644539,201806
Fh294RrB7an,644539,201807
Fh294RrB7an,644539,201808
Fh294RrB7an,644539,201809
Fh294RrB7an,644539,201810
Fh294RrB7an,644539,201811
Fh294RrB7an,644539,201812
Fh294RrB7an,644539,201901
Fh294RrB7an,644539,201902
Fh294RrB7an,644539,201903
Fh294RrB7an,644539,201904
Fh294RrB7an,644539,201905
Fh294RrB7an,644539,201906
Fh294RrB7an,644539,201907
Fh294RrB7an,644539,201908
Fh294RrB7an,644539,201909
Fh294RrB7an,644539,201910
Fh294RrB7an,644539,201911
Fh294RrB7an,644539,201912
Fh294RrB7an,644539,202001
Fh294RrB7an,644539,202002
Fh294RrB7an,644539,202003
Fh294RrB7an,644539,202004
Fh294RrB7an,644539,202005
Fh294RrB7an,644539,202006
Fh294RrB7an,644539,202007
Fh294RrB7an,644539,202008
Fh294RrB7an,644539,202009
Fh294RrB7an,644539,202010
Fh294RrB7an,644539,202011
Fh294RrB7an,644539,202012
Fh294RrB7an,644539,202101
Fh294RrB7an,644539,202102
Fh294RrB7an,644539,202103
Fh294RrB7an,644539,202104
Fh294RrB7an,644539,202105
Fh294RrB7an,644539,202106
Fh294RrB7an,644539,202107
Fh294RrB7an,644539,202108
Fh294RrB7an,644539,202109
Fh294RrB7an,644539,202110
Fh294RrB7an,644539,202111
Fh294RrB7an,644539,202112
Fh294RrB7an,644539,202201
Fh294RrB7an,644539,202202
Fh294RrB7an,644539,202203
Fh294RrB7an,644539,202204
Fh294RrB7an,644539,202205
Fh294RrB7an,644539,202206
Fh294RrB7an,644539,202207
Fh294RrB7an,644539,202208
Fh294RrB7an,644539,202209
Fh294RrB7an,644539,202210
Fh294RrB7an,644539,202211
Fh294RrB7an,644539,202212
Fh294RrB7an,644539,202301
Fh294RrB7an,644539,202302
Fh294RrB7an,644539,202303
Fh294RrB7an,644539,202304
Fh294RrB7an,644539,202305
Fh294RrB7an,644539,202306
Fh294RrB7an,644539,202307
Fh294RrB7an,644539,202308
Fh294RrB7an,644539,202309
Fh294RrB7an,644539,202310
Fh294RrB7an,644539,202311
Fh294RrB7an,644539,202312
Fh294RrB7an,644539,202401
Fh294RrB7an,644539,202402
Fh294RrB7an,644539,202403
Fh294RrB7an,644539,202404
Fh294RrB7an,644539,202405
Fh294RrB7an,644539,202406
Fh294RrB7an,644539,202407
Fh294RrB7an,644539,202408
Fh294RrB7an,644539,202409
Fh294RrB7an,644539,202410
Fh294RrB7an,644539,202411
Fh294RrB7an,644539,202412
GnpIwWbdxdl,229846,201601
GnpIwWbdxdl,229846,201602
GnpIwWbdxdl,229846,201603
GnpIwWbdxdl,229846,201604
GnpIwWbdxdl,229846,201605
GnpIwWbdxdl,229846,201606
GnpIwWbdxdl,229846,201607
GnpIwWbdxdl,229846,201608
GnpIwWbdxdl,229846,201609
GnpIwWbdxdl,229846,201610
GnpIwWbdxdl,229846,201611
GnpIwWbdxdl,229846,201612
GnpIwWbdxdl,229846,201701
GnpIwWbdxdl,229846,201702
GnpIwWbdxdl,229846,201703
GnpIwWbdxdl,229846,201704
GnpIwWbdxdl,229846,201705
GnpIwWbdxdl,229846,201706
GnpIwWbdxdl,229846,201707
GnpIwWbdxdl,229846,201708
GnpIwWbdxdl,229846,201709
GnpIwWbdxdl,229846,201710
GnpIwWbdxdl,229846,201711
GnpIwWbdxdl,229846,201712
GnpIwWbdxdl,229846,201801
GnpIwWbdxdl,229846,201802
GnpIwWbdxdl,229846,201803
GnpIwWbdxdl,229846,201804
GnpIwWbdxdl,229846,201805
GnpIwWbdxdl,229846,201806
GnpIwWbdxdl,229846,201807
GnpIwWbdxdl,229846,201808
GnpIwWbdxdl,229846,201809
GnpIwWbdxdl,229846,201810
GnpIwWbdxdl,229846,201811
GnpIwWbdxdl,229846,201812
GnpIwWbdxdl,229846,201901
GnpIwWbdxdl,229846,201902
GnpIwWbdxdl,229846,201903
GnpIwWbdxdl,229846,201904
GnpIwWbdxdl,229846,201905
GnpIwWbdxdl,229846,201906
GnpIwWbdxdl,229846,201907
GnpIwWbdxdl,229846,201908
GnpIwWbdxdl,229846,201909
GnpIwWbdxdl,229846,201910
GnpIwWbdxdl,229846,201911
GnpIwWbdxdl,229846,201912
GnpIwWbdxdl,229846,202001
GnpIwWbdxdl,229846,202002
GnpIwWbdxdl,229846,202003
GnpIwWbdxdl,229846,202004
GnpIwWbdxdl,229846,202005
GnpIwWbdxdl,229846,202006
GnpIwWbdxdl,229846,202007
GnpIwWbdxdl,229846,202008
GnpIwWbdxdl,229846,202009
GnpIwWbdxdl,229846,202010
GnpIwWbdxdl,229846,202011
GnpIwWbdxdl,229846,202012
GnpIwWbdxdl,229846,202101
GnpIwWbdxdl,229846,202102
GnpIwWbdxdl,229846,202103
GnpIwWbdxdl,229846,202104
GnpIwWbdxdl,229846,202105
GnpIwWbdxdl,229846,202106
GnpIwWbdxdl,229846,202107
GnpIwWbdxdl,229846,202108
GnpIwWbdxdl,229846,202109
GnpIwWbdxdl,229846,202110
GnpIwWbdxdl,229846,202111
GnpIwWbdxdl,229846,202112
GnpIwWbdxdl,229846,202201
GnpIwWbdxdl,229846,202202
GnpIwWbdxdl,229846,202203
GnpIwWbdxdl,229846,202204
GnpIwWbdxdl,229846,202205
GnpIwWbdxdl,229846,202206
GnpIwWbdxdl,229846,202207
GnpIwWbdxdl,229846,202208
GnpIwWbdxdl,229846,202209
GnpIwWbdxdl,229846,202210
GnpIwWbdxdl,229846,202211
GnpIwWbdxdl,229846,202212
GnpIwWbdxdl,229846,202301
GnpIwWbdxdl,229846,202302
GnpIwWbdxdl,229846,202303
GnpIwWbdxdl,229846,202304
GnpIwWbdxdl,229846,202305
GnpIwWbdxdl,229846,202306
GnpIwWbdxdl,229846,202307
GnpIwWbdxdl,229846,202308
GnpIwWbdxdl,229846,202309
GnpIwWbdxdl,229846,202310
GnpIwWbdxdl,229846,202311
GnpIwWbdxdl,229846,202312
GnpIwWbdxdl,229846,202401
GnpIwWbdxdl,229846,202402
GnpIwWbdxdl,229846,202403
GnpIwWbdxdl,229846,202404
GnpIwWbdxdl,229846,202405
GnpIwWbdxdl,229846,202406
GnpIwWbdxdl,229846,202407
GnpIwWbdxdl,229846,202408
GnpIwWbdxdl,229846,202409
GnpIwWbdxdl,229846,202410
GnpIwWbdxdl,229846,202411
GnpIwWbdxdl,229846,202412
HL5fSUsp2vJ,237743,201601
HL5fSUsp2vJ,237743,201602
HL5fSUsp2vJ,237743,201603
HL5fSUsp2vJ,237743,201604
HL5fSUsp2vJ,237743,201605
HL5fSUsp2vJ,237743,201606
HL5fSUsp2vJ,237743,201607
HL5fSUsp2vJ,237743,201608
HL5fSUsp2vJ,237743,201609
HL5fSUsp2vJ,237743,201610
HL5fSUsp2vJ,237743,201611
HL5fSUsp2vJ,237743,201612
HL5fSUsp2vJ,237743,201701
HL5fSUsp2vJ,237743,201702
HL5fSUsp2vJ,237743,201703
HL5fSUsp2vJ,237743,201704
HL5fSUsp2vJ,237743,201705
HL5fSUsp2vJ,237743,201706
HL5fSUsp2vJ,237743,201707
HL5fSUsp2vJ,237743,201708
HL5fSUsp2vJ,237743,201709
HL5fSUsp2vJ,237743,201710
HL5fSUsp2vJ,237743,201711
HL5fSUsp2vJ,237743,201712
HL5fSUsp2vJ,237743,201801
HL5fSUsp2vJ,237743,201802
HL5fSUsp2vJ,237743,201803
HL5fSUsp2vJ,237743,201804
HL5fSUsp2vJ,237743,201805
HL5fSUsp2vJ,237743,201806
HL5fSUsp2vJ,237743,201807
HL5fSUsp2vJ,237743,201808
HL5fSUsp2vJ,237743,201809
HL5fSUsp2vJ,237743,201810
HL5fSUsp2vJ,237743,201811
HL5fSUsp2vJ,237743,201812
HL5fSUsp2vJ,237743,201901
HL5fSUsp2vJ,237743,201902
HL5fSUsp2vJ,237743,201903
HL5fSUsp2vJ,237743,201904
HL5fSUsp2vJ,237743,201905
HL5fSUsp2vJ,237743,201906
HL5fSUsp2vJ,237743,201907
HL5fSUsp2vJ,237743,201908
HL5fSUsp2vJ,237743,201909
HL5fSUsp2vJ,237743,201910
HL5fSUsp2vJ,237743,201911
HL5fSUsp2vJ,237743,201912
HL5fSUsp2vJ,237743,202001
HL5fSUsp2vJ,237743,202002
HL5fSUsp2vJ,237743,202003
HL5fSUsp2vJ,237743,202004
HL5fSUsp2vJ,237743,202005
HL5fSUsp2vJ,237743,202006
HL5fSUsp2vJ,237743,202007
HL5fSUsp2vJ,237743,202008
HL5fSUsp2vJ,237743,202009
HL5fSUsp2vJ,237743,202010
HL5fSUsp2vJ,237743,202011
HL5fSUsp2vJ,237743,202012
HL5fSUsp2vJ,237743,202101
HL5fSUsp2vJ,237743,202102
HL5fSUsp2vJ,237743,202103
HL5fSUsp2vJ,237743,202104
HL5fSUsp2vJ,237743,202105
HL5fSUsp2vJ,237743,202106
HL5fSUsp2vJ,237743,202107
HL5fSUsp2vJ,237743,202108
HL5fSUsp2vJ,237743,202109
HL5fSUsp2vJ,237743,202110
HL5fSUsp2vJ,237743,202111
HL5fSUsp2vJ,237743,202112
HL5fSUsp2vJ,237743,202201
HL5fSUsp2vJ,237743,202202
HL5fSUsp2vJ,237743,202203
HL5fSUsp2vJ,237743,202204
HL5fSUsp2vJ,237743,202205
HL5fSUsp2vJ,237743,202206
HL5fSUsp2vJ,237743,202207
HL5fSUsp2vJ,237743,202208
HL5fSUsp2vJ,237743,202209
HL5fSUsp2vJ,237743,202210
HL5fSUsp2vJ,237743,202211
HL5fSUsp2vJ,237743,202212
HL5fSUsp2vJ,237743,202301
HL5fSUsp2vJ,237743,202302
HL5fSUsp2vJ,237743,202303
HL5fSUsp2vJ,237743,202304
HL5fSUsp2vJ,237743,202305
HL5fSUsp2vJ,237743,202306
HL5fSUsp2vJ,237743,202307
HL5fSUsp2vJ,237743,202308
HL5fSUsp2vJ,237743,202309
HL5fSUsp2vJ,237743,202310
HL5fSUsp2vJ,237743,202311
HL5fSUsp2vJ,237743,202312
HL5fSUsp2vJ,237743,202401
HL5fSUsp2vJ,237743,202402
HL5fSUsp2vJ,237743,202403
HL5fSUsp2vJ,237743,202404
HL5fSUsp2vJ,237743,202405
HL5fSUsp2vJ,237743,202406
HL5fSUsp2vJ,237743,202407
HL5fSUsp2vJ,237743,202408
HL5fSUsp2vJ,237743,202409
HL5fSUsp2vJ,237743,202410
HL5fSUsp2vJ,237743,202411
HL5fSUsp2vJ,237743,202412
HfIRB3HRHvk,427668,201601
HfIRB3HRHvk,427668,201602
HfIRB3HRHvk,427668,201603
HfIRB3HRHvk,427668,201604
HfIRB3HRHvk,427668,201605
HfIRB3HRHvk,427668,201606
HfIRB3HRHvk,427668,201607
HfIRB3HRHvk,427668,201608
HfIRB3HRHvk,427668,201609
HfIRB3HRHvk,427668,201610
HfIRB3HRHvk,427668,201611
HfIRB3HRHvk,427668,201612
HfIRB3HRHvk,427668,201701
HfIRB3HRHvk,427668,201702
HfIRB3HRHvk,427668,201703
HfIRB3HRHvk,427668,201704
HfIRB3HRHvk,427668,201705
HfIRB3HRHvk,427668,201706
HfIRB3HRHvk,427668,201707
HfIRB3HRHvk,427668,201708
HfIRB3HRHvk,427668,201709
HfIRB3HRHvk,427668,201710
HfIRB3HRHvk,427668,201711
HfIRB3HRHvk,427668,201712
HfIRB3HRHvk,427668,201801
HfIRB3HRHvk,427668,201802
HfIRB3HRHvk,427668,201803
HfIRB3HRHvk,427668,201804
HfIRB3HRHvk,427668,201805
HfIRB3HRHvk,427668,201806
HfIRB3HRHvk,427668,201807
HfIRB3HRHvk,427668,201808
HfIRB3HRHvk,427668,201809
HfIRB3HRHvk,427668,201810
HfIRB3HRHvk,427668,201811
HfIRB3HRHvk,427668,201812
HfIRB3HRHvk,427668,201901
HfIRB3HRHvk,427668,201902
HfIRB3HRHvk,427668,201903
HfIRB3HRHvk,427668,201904
HfIRB3HRHvk,427668,201905
HfIRB3HRHvk,427668,201906
HfIRB3HRHvk,427668,201907
HfIRB3HRHvk,427668,201908
HfIRB3HRHvk,427668,201909
HfIRB3HRHvk,427668,201910
HfIRB3HRHvk,427668,201911
HfIRB3HRHvk,427668,201912
HfIRB3HRHvk,427668,202001
HfIRB3HRHvk,427668,202002
HfIRB3HRHvk,427668,202003
HfIRB3HRHvk,427668,202004
HfIRB3HRHvk,427668,202005
HfIRB3HRHvk,427668,202006
HfIRB3HRHvk,427668,202007
HfIRB3HRHvk,427668,202008
HfIRB3HRHvk,427668,202009
HfIRB3HRHvk,427668,202010
HfIRB3HRHvk,427668,202011
HfIRB3HRHvk,427668,202012
HfIRB3HRHvk,427668,202101
HfIRB3HRHvk,427668,202102
HfIRB3HRHvk,427668,202103
HfIRB3HRHvk,427668,202104
HfIRB3HRHvk,427668,202105
HfIRB3HRHvk,427668,202106
HfIRB3HRHvk,427668,202107
HfIRB3HRHvk,427668,202108
HfIRB3HRHvk,427668,202109
HfIRB3HRHvk,427668,202110
HfIRB3HRHvk,427668,202111
HfIRB3HRHvk,427668,202112
HfIRB3HRHvk,427668,202201
HfIRB3HRHvk,427668,202202
HfIRB3HRHvk,427668,202203
HfIRB3HRHvk,427668,202204
HfIRB3HRHvk,427668,202205
HfIRB3HRHvk,427668,202206
HfIRB3HRHvk,427668,202207
HfIRB3HRHvk,427668,202208
HfIRB3HRHvk,427668,202209
HfIRB3HRHvk,427668,202210
HfIRB3HRHvk,427668,202211
HfIRB3HRHvk,427668,202212
HfIRB3HRHvk,427668,202301
HfIRB3HRHvk,427668,202302
HfIRB3HRHvk,427668,202303
HfIRB3HRHvk,427668,202304
HfIRB3HRHvk,427668,202305
HfIRB3HRHvk,427668,202306
HfIRB3HRHvk,427668,202307
HfIRB3HRHvk,427668,202308
HfIRB3HRHvk,427668,202309
HfIRB3HRHvk,427668,202310
HfIRB3HRHvk,427668,202311
HfIRB3HRHvk,427668,202312
HfIRB3HRHvk,427668,202401
HfIRB3HRHvk,427668,202402
HfIRB3HRHvk,427668,202403
HfIRB3HRHvk,427668,202404
HfIRB3HRHvk,427668,202405
HfIRB3HRHvk,427668,202406
HfIRB3HRHvk,427668,202407
HfIRB3HRHvk,427668,202408
HfIRB3HRHvk,427668,202409
HfIRB3HRHvk,427668,202410
HfIRB3HRHvk,427668,202411
HfIRB3HRHvk,427668,202412
HkwA8YQgJK6,202487,201601
HkwA8YQgJK6,202487,201602
HkwA8YQgJK6,202487,201603
HkwA8YQgJK6,202487,201604
HkwA8YQgJK6,202487,201605
HkwA8YQgJK6,202487,201606
HkwA8YQgJK6,202487,201607
HkwA8YQgJK6,202487,201608
HkwA8YQgJK6,202487,201609
HkwA8YQgJK6,202487,201610
HkwA8YQgJK6,202487,201611
HkwA8YQgJK6,202487,201612
HkwA8YQgJK6,202487,201701
HkwA8YQgJK6,202487,201702
HkwA8YQgJK6,202487,201703
HkwA8YQgJK6,202487,201704
HkwA8YQgJK6,202487,201705
HkwA8YQgJK6,202487,201706
HkwA8YQgJK6,202487,201707
HkwA8YQgJK6,202487,201708
HkwA8YQgJK6,202487,201709
HkwA8YQgJK6,202487,201710
HkwA8YQgJK6,202487,201711
HkwA8YQgJK6,202487,201712
HkwA8YQgJK6,202487,201801
HkwA8YQgJK6,202487,201802
HkwA8YQgJK6,202487,201803
HkwA8YQgJK6,202487,201804
HkwA8YQgJK6,202487,201805
HkwA8YQgJK6,202487,201806
HkwA8YQgJK6,202487,201807
HkwA8YQgJK6,202487,201808
HkwA8YQgJK6,202487,201809
HkwA8YQgJK6,202487,201810
HkwA8YQgJK6,202487,201811
HkwA8YQgJK6,202487,201812
HkwA8YQgJK6,202487,201901
HkwA8YQgJK6,202487,201902
HkwA8YQgJK6,202487,201903
HkwA8YQgJK6,202487,201904
HkwA8YQgJK6,202487,201905
HkwA8YQgJK6,202487,201906
HkwA8YQgJK6,202487,201907
HkwA8YQgJK6,202487,201908
HkwA8YQgJK6,202487,201909
HkwA8YQgJK6,202487,201910
HkwA8YQgJK6,202487,201911
HkwA8YQgJK6,202487,201912
HkwA8YQgJK6,202487,202001
HkwA8YQgJK6,202487,202002
HkwA8YQgJK6,202487,202003
HkwA8YQgJK6,202487,202004
HkwA8YQgJK6,202487,202005
HkwA8YQgJK6,202487,202006
HkwA8YQgJK6,202487,202007
HkwA8YQgJK6,202487,202008
HkwA8YQgJK6,202487,202009
HkwA8YQgJK6,202487,202010
HkwA8YQgJK6,202487,202011
HkwA8YQgJK6,202487,202012
HkwA8YQgJK6,202487,202101
HkwA8YQgJK6,202487,202102
HkwA8YQgJK6,202487,202103
HkwA8YQgJK6,202487,202104
HkwA8YQgJK6,202487,202105
HkwA8YQgJK6,202487,202106
HkwA8YQgJK6,202487,202107
HkwA8YQgJK6,202487,202108
HkwA8YQgJK6,202487,202109
HkwA8YQgJK6,202487,202110
HkwA8YQgJK6,202487,202111
HkwA8YQgJK6,202487,202112
HkwA8YQgJK6,202487,202201
HkwA8YQgJK6,202487,202202
HkwA8YQgJK6,202487,202203
HkwA8YQgJK6,202487,202204
HkwA8YQgJK6,202487,202205
HkwA8YQgJK6,202487,202206
HkwA8YQgJK6,202487,202207
HkwA8YQgJK6,202487,202208
HkwA8YQgJK6,202487,202209
HkwA8YQgJK6,202487,202210
HkwA8YQgJK6,202487,202211
HkwA8YQgJK6,202487,202212
HkwA8YQgJK6,202487,202301
HkwA8YQgJK6,202487,202302
HkwA8YQgJK6,202487,202303
HkwA8YQgJK6,202487,202304
HkwA8YQgJK6,202487,202305
HkwA8YQgJK6,202487,202306
HkwA8YQgJK6,202487,202307
HkwA8YQgJK6,202487,202308
HkwA8YQgJK6,202487,202309
HkwA8YQgJK6,202487,202310
HkwA8YQgJK6,202487,202311
HkwA8YQgJK6,202487,202312
HkwA8YQgJK6,202487,202401
HkwA8YQgJK6,202487,202402
HkwA8YQgJK6,202487,202403
HkwA8YQgJK6,202487,202404
HkwA8YQgJK6,202487,202405
HkwA8YQgJK6,202487,202406
HkwA8YQgJK6,202487,202407
HkwA8YQgJK6,202487,202408
HkwA8YQgJK6,202487,202409
HkwA8YQgJK6,202487,202410
HkwA8YQgJK6,202487,202411
HkwA8YQgJK6,202487,202412
ICSVN3EZGcy,129003,201601
ICSVN3EZGcy,129003,201602
ICSVN3EZGcy,129003,201603
ICSVN3EZGcy,129003,201604
ICSVN3EZGcy,129003,201605
ICSVN3EZGcy,129003,201606
ICSVN3EZGcy,129003,201607
ICSVN3EZGcy,129003,201608
ICSVN3EZGcy,129003,201609
ICSVN3EZGcy,129003,201610
ICSVN3EZGcy,129003,201611
ICSVN3EZGcy,129003,201612
ICSVN3EZGcy,129003,201701
ICSVN3EZGcy,129003,201702
ICSVN3EZGcy,129003,201703
ICSVN3EZGcy,129003,201704
ICSVN3EZGcy,129003,201705
ICSVN3EZGcy,129003,201706
ICSVN3EZGcy,129003,201707
ICSVN3EZGcy,129003,201708
ICSVN3EZGcy,129003,201709
ICSVN3EZGcy,129003,201710
ICSVN3EZGcy,129003,201711
ICSVN3EZGcy,129003,201712
ICSVN3EZGcy,129003,201801
ICSVN3EZGcy,129003,201802
ICSVN3EZGcy,129003,201803
ICSVN3EZGcy,129003,201804
ICSVN3EZGcy,129003,201805
ICSVN3EZGcy,129003,201806
ICSVN3EZGcy,129003,201807
ICSVN3EZGcy,129003,201808
ICSVN3EZGcy,129003,201809
ICSVN3EZGcy,129003,201810
ICSVN3EZGcy,129003,201811
ICSVN3EZGcy,129003,201812
ICSVN3EZGcy,129003,201901
ICSVN3EZGcy,129003,201902
ICSVN3EZGcy,129003,201903
ICSVN3EZGcy,129003,201904
ICSVN3EZGcy,129003,201905
ICSVN3EZGcy,129003,201906
ICSVN3EZGcy,129003,201907
ICSVN3EZGcy,129003,201908
ICSVN3EZGcy,129003,201909
ICSVN3EZGcy,129003,201910
ICSVN3EZGcy,129003,201911
ICSVN3EZGcy,129003,201912
ICSVN3EZGcy,129003,202001
ICSVN3EZGcy,129003,202002
ICSVN3EZGcy,129003,202003
ICSVN3EZGcy,129003,202004
ICSVN3EZGcy,129003,202005
ICSVN3EZGcy,129003,202006
ICSVN3EZGcy,129003,202007
ICSVN3EZGcy,129003,202008
ICSVN3EZGcy,129003,202009
ICSVN3EZGcy,129003,202010
ICSVN3EZGcy,129003,202011
ICSVN3EZGcy,129003,202012
ICSVN3EZGcy,129003,202101
ICSVN3EZGcy,129003,202102
ICSVN3EZGcy,129003,202103
ICSVN3EZGcy,129003,202104
ICSVN3EZGcy,129003,202105
ICSVN3EZGcy,129003,202106
ICSVN3EZGcy,129003,202107
ICSVN3EZGcy,129003,202108
ICSVN3EZGcy,129003,202109
ICSVN3EZGcy,129003,202110
ICSVN3EZGcy,129003,202111
ICSVN3EZGcy,129003,202112
ICSVN3EZGcy,129003,202201
ICSVN3EZGcy,129003,202202
ICSVN3EZGcy,129003,202203
ICSVN3EZGcy,129003,202204
ICSVN3EZGcy,129003,202205
ICSVN3EZGcy,129003,202206
ICSVN3EZGcy,129003,202207
ICSVN3EZGcy,129003,202208
ICSVN3EZGcy,129003,202209
ICSVN3EZGcy,129003,202210
ICSVN3EZGcy,129003,202211
ICSVN3EZGcy,129003,202212
ICSVN3EZGcy,129003,202301
ICSVN3EZGcy,129003,202302
ICSVN3EZGcy,129003,202303
ICSVN3EZGcy,129003,202304
ICSVN3EZGcy,129003,202305
ICSVN3EZGcy,129003,202306
ICSVN3EZGcy,129003,202307
ICSVN3EZGcy,129003,202308
ICSVN3EZGcy,129003,202309
ICSVN3EZGcy,129003,202310
ICSVN3EZGcy,129003,202311
ICSVN3EZGcy,129003,202312
ICSVN3EZGcy,129003,202401
ICSVN3EZGcy,129003,202402
ICSVN3EZGcy,129003,202403
ICSVN3EZGcy,129003,202404
ICSVN3EZGcy,129003,202405
ICSVN3EZGcy,129003,202406
ICSVN3EZGcy,129003,202407
ICSVN3EZGcy,129003,202408
ICSVN3EZGcy,129003,202409
ICSVN3EZGcy,129003,202410
ICSVN3EZGcy,129003,202411
ICSVN3EZGcy,129003,202412
IOHIfpVUJGp,167719,201601
IOHIfpVUJGp,167719,201602
IOHIfpVUJGp,167719,201603
IOHIfpVUJGp,167719,201604
IOHIfpVUJGp,167719,201605
IOHIfpVUJGp,167719,201606
IOHIfpVUJGp,167719,201607
IOHIfpVUJGp,167719,201608
IOHIfpVUJGp,167719,201609
IOHIfpVUJGp,167719,201610
IOHIfpVUJGp,167719,201611
IOHIfpVUJGp,167719,201612
IOHIfpVUJGp,167719,201701
IOHIfpVUJGp,167719,201702
IOHIfpVUJGp,167719,201703
IOHIfpVUJGp,167719,201704
IOHIfpVUJGp,167719,201705
IOHIfpVUJGp,167719,201706
IOHIfpVUJGp,167719,201707
IOHIfpVUJGp,167719,201708
IOHIfpVUJGp,167719,201709
IOHIfpVUJGp,167719,201710
IOHIfpVUJGp,167719,201711
IOHIfpVUJGp,167719,201712
IOHIfpVUJGp,167719,201801
IOHIfpVUJGp,167719,201802
IOHIfpVUJGp,167719,201803
IOHIfpVUJGp,167719,201804
IOHIfpVUJGp,167719,201805
IOHIfpVUJGp,167719,201806
IOHIfpVUJGp,167719,201807
IOHIfpVUJGp,167719,201808
IOHIfpVUJGp,167719,201809
IOHIfpVUJGp,167719,201810
IOHIfpVUJGp,167719,201811
IOHIfpVUJGp,167719,201812
IOHIfpVUJGp,167719,201901
IOHIfpVUJGp,167719,201902
IOHIfpVUJGp,167719,201903
IOHIfpVUJGp,167719,201904
IOHIfpVUJGp,167719,201905
IOHIfpVUJGp,167719,201906
IOHIfpVUJGp,167719,201907
IOHIfpVUJGp,167719,201908
IOHIfpVUJGp,167719,201909
IOHIfpVUJGp,167719,201910
IOHIfpVUJGp,167719,201911
IOHIfpVUJGp,167719,201912
IOHIfpVUJGp,167719,202001
IOHIfpVUJGp,167719,202002
IOHIfpVUJGp,167719,202003
IOHIfpVUJGp,167719,202004
IOHIfpVUJGp,167719,202005
IOHIfpVUJGp,167719,202006
IOHIfpVUJGp,167719,202007
IOHIfpVUJGp,167719,202008
IOHIfpVUJGp,167719,202009
IOHIfpVUJGp,167719,202010
IOHIfpVUJGp,167719,202011
IOHIfpVUJGp,167719,202012
IOHIfpVUJGp,167719,202101
IOHIfpVUJGp,167719,202102
IOHIfpVUJGp,167719,202103
IOHIfpVUJGp,167719,202104
IOHIfpVUJGp,167719,202105
IOHIfpVUJGp,167719,202106
IOHIfpVUJGp,167719,202107
IOHIfpVUJGp,167719,202108
IOHIfpVUJGp,167719,202109
IOHIfpVUJGp,167719,202110
IOHIfpVUJGp,167719,202111
IOHIfpVUJGp,167719,202112
IOHIfpVUJGp,167719,202201
IOHIfpVUJGp,167719,202202
IOHIfpVUJGp,167719,202203
IOHIfpVUJGp,167719,202204
IOHIfpVUJGp,167719,202205
IOHIfpVUJGp,167719,202206
IOHIfpVUJGp,167719,202207
IOHIfpVUJGp,167719,202208
IOHIfpVUJGp,167719,202209
IOHIfpVUJGp,167719,202210
IOHIfpVUJGp,167719,202211
IOHIfpVUJGp,167719,202212
IOHIfpVUJGp,167719,202301
IOHIfpVUJGp,167719,202302
IOHIfpVUJGp,167719,202303
IOHIfpVUJGp,167719,202304
IOHIfpVUJGp,167719,202305
IOHIfpVUJGp,167719,202306
IOHIfpVUJGp,167719,202307
IOHIfpVUJGp,167719,202308
IOHIfpVUJGp,167719,202309
IOHIfpVUJGp,167719,202310
IOHIfpVUJGp,167719,202311
IOHIfpVUJGp,167719,202312
IOHIfpVUJGp,167719,202401
IOHIfpVUJGp,167719,202402
IOHIfpVUJGp,167719,202403
IOHIfpVUJGp,167719,202404
IOHIfpVUJGp,167719,202405
IOHIfpVUJGp,167719,202406
IOHIfpVUJGp,167719,202407
IOHIfpVUJGp,167719,202408
IOHIfpVUJGp,167719,202409
IOHIfpVUJGp,167719,202410
IOHIfpVUJGp,167719,202411
IOHIfpVUJGp,167719,202412
Iqy9A4jXY9l,247028,201601
Iqy9A4jXY9l,247028,201602
Iqy9A4jXY9l,247028,201603
Iqy9A4jXY9l,247028,201604
Iqy9A4jXY9l,247028,201605
Iqy9A4jXY9l,247028,201606
Iqy9A4jXY9l,247028,201607
Iqy9A4jXY9l,247028,201608
Iqy9A4jXY9l,247028,201609
Iqy9A4jXY9l,247028,201610
Iqy9A4jXY9l,247028,201611
Iqy9A4jXY9l,247028,201612
Iqy9A4jXY9l,247028,201701
Iqy9A4jXY9l,247028,201702
Iqy9A4jXY9l,247028,201703
Iqy9A4jXY9l,247028,201704
Iqy9A4jXY9l,247028,201705
Iqy9A4jXY9l,247028,201706
Iqy9A4jXY9l,247028,201707
Iqy9A4jXY9l,247028,201708
Iqy9A4jXY9l,247028,201709
Iqy9A4jXY9l,247028,201710
Iqy9A4jXY9l,247028,201711
Iqy9A4jXY9l,247028,201712
Iqy9A4jXY9l,247028,201801
Iqy9A4jXY9l,247028,201802
Iqy9A4jXY9l,247028,201803
Iqy9A4jXY9l,247028,201804
Iqy9A4jXY9l,247028,201805
Iqy9A4jXY9l,247028,201806
Iqy9A4jXY9l,247028,201807
Iqy9A4jXY9l,247028,201808
Iqy9A4jXY9l,247028,201809
Iqy9A4jXY9l,247028,201810
Iqy9A4jXY9l,247028,201811
Iqy9A4jXY9l,247028,201812
Iqy9A4jXY9l,247028,201901
Iqy9A4jXY9l,247028,201902
Iqy9A4jXY9l,247028,201903
Iqy9A4jXY9l,247028,201904
Iqy9A4jXY9l,247028,201905
Iqy9A4jXY9l,247028,201906
Iqy9A4jXY9l,247028,201907
Iqy9A4jXY9l,247028,201908
Iqy9A4jXY9l,247028,201909
Iqy9A4jXY9l,247028,201910
Iqy9A4jXY9l,247028,201911
Iqy9A4jXY9l,247028,201912
Iqy9A4jXY9l,247028,202001
Iqy9A4jXY9l,247028,202002
Iqy9A4jXY9l,247028,202003
Iqy9A4jXY9l,247028,202004
Iqy9A4jXY9l,247028,202005
Iqy9A4jXY9l,247028,202006
Iqy9A4jXY9l,247028,202007
Iqy9A4jXY9l,247028,202008
Iqy9A4jXY9l,247028,202009
Iqy9A4jXY9l,247028,202010
Iqy9A4jXY9l,247028,202011
Iqy9A4jXY9l,247028,202012
Iqy9A4jXY9l,247028,202101
Iqy9A4jXY9l,247028,202102
Iqy9A4jXY9l,247028,202103
Iqy9A4jXY9l,247028,202104
Iqy9A4jXY9l,247028,202105
Iqy9A4jXY9l,247028,202106
Iqy9A4jXY9l,247028,202107
Iqy9A4jXY9l,247028,202108
Iqy9A4jXY9l,247028,202109
Iqy9A4jXY9l,247028,202110
Iqy9A4jXY9l,247028,202111
Iqy9A4jXY9l,247028,202112
Iqy9A4jXY9l,247028,202201
Iqy9A4jXY9l,247028,202202
Iqy9A4jXY9l,247028,202203
Iqy9A4jXY9l,247028,202204
Iqy9A4jXY9l,247028,202205
Iqy9A4jXY9l,247028,202206
Iqy9A4jXY9l,247028,202207
Iqy9A4jXY9l,247028,202208
Iqy9A4jXY9l,247028,202209
Iqy9A4jXY9l,247028,202210
Iqy9A4jXY9l,247028,202211
Iqy9A4jXY9l,247028,202212
Iqy9A4jXY9l,247028,202301
Iqy9A4jXY9l,247028,202302
Iqy9A4jXY9l,247028,202303
Iqy9A4jXY9l,247028,202304
Iqy9A4jXY9l,247028,202305
Iqy9A4jXY9l,247028,202306
Iqy9A4jXY9l,247028,202307
Iqy9A4jXY9l,247028,202308
Iqy9A4jXY9l,247028,202309
Iqy9A4jXY9l,247028,202310
Iqy9A4jXY9l,247028,202311
Iqy9A4jXY9l,247028,202312
Iqy9A4jXY9l,247028,202401
Iqy9A4jXY9l,247028,202402
Iqy9A4jXY9l,247028,202403
Iqy9A4jXY9l,247028,202404
Iqy9A4jXY9l,247028,202405
Iqy9A4jXY9l,247028,202406
Iqy9A4jXY9l,247028,202407
Iqy9A4jXY9l,247028,202408
Iqy9A4jXY9l,247028,202409
Iqy9A4jXY9l,247028,202410
Iqy9A4jXY9l,247028,202411
Iqy9A4jXY9l,247028,202412
JBTkOU5m0Bu,193708,201601
JBTkOU5m0Bu,193708,201602
JBTkOU5m0Bu,193708,201603
JBTkOU5m0Bu,193708,201604
JBTkOU5m0Bu,193708,201605
JBTkOU5m0Bu,193708,201606
JBTkOU5m0Bu,193708,201607
JBTkOU5m0Bu,193708,201608
JBTkOU5m0Bu,193708,201609
JBTkOU5m0Bu,193708,201610
JBTkOU5m0Bu,193708,201611
JBTkOU5m0Bu,193708,201612
JBTkOU5m0Bu,193708,201701
JBTkOU5m0Bu,193708,201702
JBTkOU5m0Bu,193708,201703
JBTkOU5m0Bu,193708,201704
JBTkOU5m0Bu,193708,201705
JBTkOU5m0Bu,193708,201706
JBTkOU5m0Bu,193708,201707
JBTkOU5m0Bu,193708,201708
JBTkOU5m0Bu,193708,201709
JBTkOU5m0Bu,193708,201710
JBTkOU5m0Bu,193708,201711
JBTkOU5m0Bu,193708,201712
JBTkOU5m0Bu,193708,201801
JBTkOU5m0Bu,193708,201802
JBTkOU5m0Bu,193708,201803
JBTkOU5m0Bu,193708,201804
JBTkOU5m0Bu,193708,201805
JBTkOU5m0Bu,193708,201806
JBTkOU5m0Bu,193708,201807
JBTkOU5m0Bu,193708,201808
JBTkOU5m0Bu,193708,201809
JBTkOU5m0Bu,193708,201810
JBTkOU5m0Bu,193708,201811
JBTkOU5m0Bu,193708,201812
JBTkOU5m0Bu,193708,201901
JBTkOU5m0Bu,193708,201902
JBTkOU5m0Bu,193708,201903
JBTkOU5m0Bu,193708,201904
JBTkOU5m0Bu,193708,201905
JBTkOU5m0Bu,193708,201906
JBTkOU5m0Bu,193708,201907
JBTkOU5m0Bu,193708,201908
JBTkOU5m0Bu,193708,201909
JBTkOU5m0Bu,193708,201910
JBTkOU5m0Bu,193708,201911
JBTkOU5m0Bu,193708,201912
JBTkOU5m0Bu,193708,202001
JBTkOU5m0Bu,193708,202002
JBTkOU5m0Bu,193708,202003
JBTkOU5m0Bu,193708,202004
JBTkOU5m0Bu,193708,202005
JBTkOU5m0Bu,193708,202006
JBTkOU5m0Bu,193708,202007
JBTkOU5m0Bu,193708,202008
JBTkOU5m0Bu,193708,202009
JBTkOU5m0Bu,193708,202010
JBTkOU5m0Bu,193708,202011
JBTkOU5m0Bu,193708,202012
JBTkOU5m0Bu,193708,202101
JBTkOU5m0Bu,193708,202102
JBTkOU5m0Bu,193708,202103
JBTkOU5m0Bu,193708,202104
JBTkOU5m0Bu,193708,202105
JBTkOU5m0Bu,193708,202106
JBTkOU5m0Bu,193708,202107
JBTkOU5m0Bu,193708,202108
JBTkOU5m0Bu,193708,202109
JBTkOU5m0Bu,193708,202110
JBTkOU5m0Bu,193708,202111
JBTkOU5m0Bu,193708,202112
JBTkOU5m0Bu,193708,202201
JBTkOU5m0Bu,193708,202202
JBTkOU5m0Bu,193708,202203
JBTkOU5m0Bu,193708,202204
JBTkOU5m0Bu,193708,202205
JBTkOU5m0Bu,193708,202206
JBTkOU5m0Bu,193708,202207
JBTkOU5m0Bu,193708,202208
JBTkOU5m0Bu,193708,202209
JBTkOU5m0Bu,193708,202210
JBTkOU5m0Bu,193708,202211
JBTkOU5m0Bu,193708,202212
JBTkOU5m0Bu,193708,202301
JBTkOU5m0Bu,193708,202302
JBTkOU5m0Bu,193708,202303
JBTkOU5m0Bu,193708,202304
JBTkOU5m0Bu,193708,202305
JBTkOU5m0Bu,193708,202306
JBTkOU5m0Bu,193708,202307
JBTkOU5m0Bu,193708,202308
JBTkOU5m0Bu,193708,202309
JBTkOU5m0Bu,193708,202310
JBTkOU5m0Bu,193708,202311
JBTkOU5m0Bu,193708,202312
JBTkOU5m0Bu,193708,202401
JBTkOU5m0Bu,193708,202402
JBTkOU5m0Bu,193708,202403
JBTkOU5m0Bu,193708,202404
JBTkOU5m0Bu,193708,202405
JBTkOU5m0Bu,193708,202406
JBTkOU5m0Bu,193708,202407
JBTkOU5m0Bu,193708,202408
JBTkOU5m0Bu,193708,202409
JBTkOU5m0Bu,193708,202410
JBTkOU5m0Bu,193708,202411
JBTkOU5m0Bu,193708,202412
JH8RPnwv8kB,544024,201601
JH8RPnwv8kB,544024,201602
JH8RPnwv8kB,544024,201603
JH8RPnwv8kB,544024,201604
JH8RPnwv8kB,544024,201605
JH8RPnwv8kB,544024,201606
JH8RPnwv8kB,544024,201607
JH8RPnwv8kB,544024,201608
JH8RPnwv8kB,544024,201609
JH8RPnwv8kB,544024,201610
JH8RPnwv8kB,544024,201611
JH8RPnwv8kB,544024,201612
JH8RPnwv8kB,544024,201701
JH8RPnwv8kB,544024,201702
JH8RPnwv8kB,544024,201703
JH8RPnwv8kB,544024,201704
JH8RPnwv8kB,544024,201705
JH8RPnwv8kB,544024,201706
JH8RPnwv8kB,544024,201707
JH8RPnwv8kB,544024,201708
JH8RPnwv8kB,544024,201709
JH8RPnwv8kB,544024,201710
JH8RPnwv8kB,544024,201711
JH8RPnwv8kB,544024,201712
JH8RPnwv8kB,544024,201801
JH8RPnwv8kB,544024,201802
JH8RPnwv8kB,544024,201803
JH8RPnwv8kB,544024,201804
JH8RPnwv8kB,544024,201805
JH8RPnwv8kB,544024,201806
JH8RPnwv8kB,544024,201807
JH8RPnwv8kB,544024,201808
JH8RPnwv8kB,544024,201809
JH8RPnwv8kB,544024,201810
JH8RPnwv8kB,544024,201811
JH8RPnwv8kB,544024,201812
JH8RPnwv8kB,544024,201901
JH8RPnwv8kB,544024,201902
JH8RPnwv8kB,544024,201903
JH8RPnwv8kB,544024,201904
JH8RPnwv8kB,544024,201905
JH8RPnwv8kB,544024,201906
JH8RPnwv8kB,544024,201907
JH8RPnwv8kB,544024,201908
JH8RPnwv8kB,544024,201909
JH8RPnwv8kB,544024,201910
JH8RPnwv8kB,544024,201911
JH8RPnwv8kB,544024,201912
JH8RPnwv8kB,544024,202001
JH8RPnwv8kB,544024,202002
JH8RPnwv8kB,544024,202003
JH8RPnwv8kB,544024,202004
JH8RPnwv8kB,544024,202005
JH8RPnwv8kB,544024,202006
JH8RPnwv8kB,544024,202007
JH8RPnwv8kB,544024,202008
JH8RPnwv8kB,544024,202009
JH8RPnwv8kB,544024,202010
JH8RPnwv8kB,544024,202011
JH8RPnwv8kB,544024,202012
JH8RPnwv8kB,544024,202101
JH8RPnwv8kB,544024,202102
JH8RPnwv8kB,544024,202103
JH8RPnwv8kB,544024,202104
JH8RPnwv8kB,544024,202105
JH8RPnwv8kB,544024,202106
JH8RPnwv8kB,544024,202107
JH8RPnwv8kB,544024,202108
JH8RPnwv8kB,544024,202109
JH8RPnwv8kB,544024,202110
JH8RPnwv8kB,544024,202111
JH8RPnwv8kB,544024,202112
JH8RPnwv8kB,544024,202201
JH8RPnwv8kB,544024,202202
JH8RPnwv8kB,544024,202203
JH8RPnwv8kB,544024,202204
JH8RPnwv8kB,544024,202205
JH8RPnwv8kB,544024,202206
JH8RPnwv8kB,544024,202207
JH8RPnwv8kB,544024,202208
JH8RPnwv8kB,544024,202209
JH8RPnwv8kB,544024,202210
JH8RPnwv8kB,544024,202211
JH8RPnwv8kB,544024,202212
JH8RPnwv8kB,544024,202301
JH8RPnwv8kB,544024,202302
JH8RPnwv8kB,544024,202303
JH8RPnwv8kB,544024,202304
JH8RPnwv8kB,544024,202305
JH8RPnwv8kB,544024,202306
JH8RPnwv8kB,544024,202307
JH8RPnwv8kB,544024,202308
JH8RPnwv8kB,544024,202309
JH8RPnwv8kB,544024,202310
JH8RPnwv8kB,544024,202311
JH8RPnwv8kB,544024,202312
JH8RPnwv8kB,544024,202401
JH8RPnwv8kB,544024,202402
JH8RPnwv8kB,544024,202403
JH8RPnwv8kB,544024,202404
JH8RPnwv8kB,544024,202405
JH8RPnwv8kB,544024,202406
JH8RPnwv8kB,544024,202407
JH8RPnwv8kB,544024,202408
JH8RPnwv8kB,544024,202409
JH8RPnwv8kB,544024,202410
JH8RPnwv8kB,544024,202411
JH8RPnwv8kB,544024,202412
LnJ8MTOmgGa,171514,201601
LnJ8MTOmgGa,171514,201602
LnJ8MTOmgGa,171514,201603
LnJ8MTOmgGa,171514,201604
LnJ8MTOmgGa,171514,201605
LnJ8MTOmgGa,171514,201606
LnJ8MTOmgGa,171514,201607
LnJ8MTOmgGa,171514,201608
LnJ8MTOmgGa,171514,201609
LnJ8MTOmgGa,171514,201610
LnJ8MTOmgGa,171514,201611
LnJ8MTOmgGa,171514,201612
LnJ8MTOmgGa,171514,201701
LnJ8MTOmgGa,171514,201702
LnJ8MTOmgGa,171514,201703
LnJ8MTOmgGa,171514,201704
LnJ8MTOmgGa,171514,201705
LnJ8MTOmgGa,171514,201706
LnJ8MTOmgGa,171514,201707
LnJ8MTOmgGa,171514,201708
LnJ8MTOmgGa,171514,201709
LnJ8MTOmgGa,171514,201710
LnJ8MTOmgGa,171514,201711
LnJ8MTOmgGa,171514,201712
LnJ8MTOmgGa,171514,201801
LnJ8MTOmgGa,171514,201802
LnJ8MTOmgGa,171514,201803
LnJ8MTOmgGa,171514,201804
LnJ8MTOmgGa,171514,201805
LnJ8MTOmgGa,171514,201806
LnJ8MTOmgGa,171514,201807
LnJ8MTOmgGa,171514,201808
LnJ8MTOmgGa,171514,201809
LnJ8MTOmgGa,171514,201810
LnJ8MTOmgGa,171514,201811
LnJ8MTOmgGa,171514,201812
LnJ8MTOmgGa,171514,201901
LnJ8MTOmgGa,171514,201902
LnJ8MTOmgGa,171514,201903
LnJ8MTOmgGa,171514,201904
LnJ8MTOmgGa,171514,201905
LnJ8MTOmgGa,171514,201906
LnJ8MTOmgGa,171514,201907
LnJ8MTOmgGa,171514,201908
LnJ8MTOmgGa,171514,201909
LnJ8MTOmgGa,171514,201910
LnJ8MTOmgGa,171514,201911
LnJ8MTOmgGa,171514,201912
LnJ8MTOmgGa,171514,202001
LnJ8MTOmgGa,171514,202002
LnJ8MTOmgGa,171514,202003
LnJ8MTOmgGa,171514,202004
LnJ8MTOmgGa,171514,202005
LnJ8MTOmgGa,171514,202006
LnJ8MTOmgGa,171514,202007
LnJ8MTOmgGa,171514,202008
LnJ8MTOmgGa,171514,202009
LnJ8MTOmgGa,171514,202010
LnJ8MTOmgGa,171514,202011
LnJ8MTOmgGa,171514,202012
LnJ8MTOmgGa,171514,202101
LnJ8MTOmgGa,171514,202102
LnJ8MTOmgGa,171514,202103
LnJ8MTOmgGa,171514,202104
LnJ8MTOmgGa,171514,202105
LnJ8MTOmgGa,171514,202106
LnJ8MTOmgGa,171514,202107
LnJ8MTOmgGa,171514,202108
LnJ8MTOmgGa,171514,202109
LnJ8MTOmgGa,171514,202110
LnJ8MTOmgGa,171514,202111
LnJ8MTOmgGa,171514,202112
LnJ8MTOmgGa,171514,202201
LnJ8MTOmgGa,171514,202202
LnJ8MTOmgGa,171514,202203
LnJ8MTOmgGa,171514,202204
LnJ8MTOmgGa,171514,202205
LnJ8MTOmgGa,171514,202206
LnJ8MTOmgGa,171514,202207
LnJ8MTOmgGa,171514,202208
LnJ8MTOmgGa,171514,202209
LnJ8MTOmgGa,171514,202210
LnJ8MTOmgGa,171514,202211
LnJ8MTOmgGa,171514,202212
LnJ8MTOmgGa,171514,202301
LnJ8MTOmgGa,171514,202302
LnJ8MTOmgGa,171514,202303
LnJ8MTOmgGa,171514,202304
LnJ8MTOmgGa,171514,202305
LnJ8MTOmgGa,171514,202306
LnJ8MTOmgGa,171514,202307
LnJ8MTOmgGa,171514,202308
LnJ8MTOmgGa,171514,202309
LnJ8MTOmgGa,171514,202310
LnJ8MTOmgGa,171514,202311
LnJ8MTOmgGa,171514,202312
LnJ8MTOmgGa,171514,202401
LnJ8MTOmgGa,171514,202402
LnJ8MTOmgGa,171514,202403
LnJ8MTOmgGa,171514,202404
LnJ8MTOmgGa,171514,202405
LnJ8MTOmgGa,171514,202406
LnJ8MTOmgGa,171514,202407
LnJ8MTOmgGa,171514,202408
LnJ8MTOmgGa,171514,202409
LnJ8MTOmgGa,171514,202410
LnJ8MTOmgGa,171514,202411
LnJ8MTOmgGa,171514,202412
N7ioObCpMP3,230250,201601
N7ioObCpMP3,230250,201602
N7ioObCpMP3,230250,201603
N7ioObCpMP3,230250,201604
N7ioObCpMP3,230250,201605
N7ioObCpMP3,230250,201606
N7ioObCpMP3,230250,201607
N7ioObCpMP3,230250,201608
N7ioObCpMP3,230250,201609
N7ioObCpMP3,230250,201610
N7ioObCpMP3,230250,201611
N7ioObCpMP3,230250,201612
N7ioObCpMP3,230250,201701
N7ioObCpMP3,230250,201702
N7ioObCpMP3,230250,201703
N7ioObCpMP3,230250,201704
N7ioObCpMP3,230250,201705
N7ioObCpMP3,230250,201706
N7ioObCpMP3,230250,201707
N7ioObCpMP3,230250,201708
N7ioObCpMP3,230250,201709
N7ioObCpMP3,230250,201710
N7ioObCpMP3,230250,201711
N7ioObCpMP3,230250,201712
N7ioObCpMP3,230250,201801
N7ioObCpMP3,230250,201802
N7ioObCpMP3,230250,201803
N7ioObCpMP3,230250,201804
N7ioObCpMP3,230250,201805
N7ioObCpMP3,230250,201806
N7ioObCpMP3,230250,201807
N7ioObCpMP3,230250,201808
N7ioObCpMP3,230250,201809
N7ioObCpMP3,230250,201810
N7ioObCpMP3,230250,201811
N7ioObCpMP3,230250,201812
N7ioObCpMP3,230250,201901
N7ioObCpMP3,230250,201902
N7ioObCpMP3,230250,201903
N7ioObCpMP3,230250,201904
N7ioObCpMP3,230250,201905
N7ioObCpMP3,230250,201906
N7ioObCpMP3,230250,201907
N7ioObCpMP3,230250,201908
N7ioObCpMP3,230250,201909
N7ioObCpMP3,230250,201910
N7ioObCpMP3,230250,201911
N7ioObCpMP3,230250,201912
N7ioObCpMP3,230250,202001
N7ioObCpMP3,230250,202002
N7ioObCpMP3,230250,202003
N7ioObCpMP3,230250,202004
N7ioObCpMP3,230250,202005
N7ioObCpMP3,230250,202006
N7ioObCpMP3,230250,202007
N7ioObCpMP3,230250,202008
N7ioObCpMP3,230250,202009
N7ioObCpMP3,230250,202010
N7ioObCpMP3,230250,202011
N7ioObCpMP3,230250,202012
N7ioObCpMP3,230250,202101
N7ioObCpMP3,230250,202102
N7ioObCpMP3,230250,202103
N7ioObCpMP3,230250,202104
N7ioObCpMP3,230250,202105
N7ioObCpMP3,230250,202106
N7ioObCpMP3,230250,202107
N7ioObCpMP3,230250,202108
N7ioObCpMP3,230250,202109
N7ioObCpMP3,230250,202110
N7ioObCpMP3,230250,202111
N7ioObCpMP3,230250,202112
N7ioObCpMP3,230250,202201
N7ioObCpMP3,230250,202202
N7ioObCpMP3,230250,202203
N7ioObCpMP3,230250,202204
N7ioObCpMP3,230250,202205
N7ioObCpMP3,230250,202206
N7ioObCpMP3,230250,202207
N7ioObCpMP3,230250,202208
N7ioObCpMP3,230250,202209
N7ioObCpMP3,230250,202210
N7ioObCpMP3,230250,202211
N7ioObCpMP3,230250,202212
N7ioObCpMP3,230250,202301
N7ioObCpMP3,230250,202302
N7ioObCpMP3,230250,202303
N7ioObCpMP3,230250,202304
N7ioObCpMP3,230250,202305
N7ioObCpMP3,230250,202306
N7ioObCpMP3,230250,202307
N7ioObCpMP3,230250,202308
N7ioObCpMP3,230250,202309
N7ioObCpMP3,230250,202310
N7ioObCpMP3,230250,202311
N7ioObCpMP3,230250,202312
N7ioObCpMP3,230250,202401
N7ioObCpMP3,230250,202402
N7ioObCpMP3,230250,202403
N7ioObCpMP3,230250,202404
N7ioObCpMP3,230250,202405
N7ioObCpMP3,230250,202406
N7ioObCpMP3,230250,202407
N7ioObCpMP3,230250,202408
N7ioObCpMP3,230250,202409
N7ioObCpMP3,230250,202410
N7ioObCpMP3,230250,202411
N7ioObCpMP3,230250,202412
NSLL7YIXBJH,240339,201601
NSLL7YIXBJH,240339,201602
NSLL7YIXBJH,240339,201603
NSLL7YIXBJH,240339,201604
NSLL7YIXBJH,240339,201605
NSLL7YIXBJH,240339,201606
NSLL7YIXBJH,240339,201607
NSLL7YIXBJH,240339,201608
NSLL7YIXBJH,240339,201609
NSLL7YIXBJH,240339,201610
NSLL7YIXBJH,240339,201611
NSLL7YIXBJH,240339,201612
NSLL7YIXBJH,240339,201701
NSLL7YIXBJH,240339,201702
NSLL7YIXBJH,240339,201703
NSLL7YIXBJH,240339,201704
NSLL7YIXBJH,240339,201705
NSLL7YIXBJH,240339,201706
NSLL7YIXBJH,240339,201707
NSLL7YIXBJH,240339,201708
NSLL7YIXBJH,240339,201709
NSLL7YIXBJH,240339,201710
NSLL7YIXBJH,240339,201711
NSLL7YIXBJH,240339,201712
NSLL7YIXBJH,240339,201801
NSLL7YIXBJH,240339,201802
NSLL7YIXBJH,240339,201803
NSLL7YIXBJH,240339,201804
NSLL7YIXBJH,240339,201805
NSLL7YIXBJH,240339,201806
NSLL7YIXBJH,240339,201807
NSLL7YIXBJH,240339,201808
NSLL7YIXBJH,240339,201809
NSLL7YIXBJH,240339,201810
NSLL7YIXBJH,240339,201811
NSLL7YIXBJH,240339,201812
NSLL7YIXBJH,240339,201901
NSLL7YIXBJH,240339,201902
NSLL7YIXBJH,240339,201903
NSLL7YIXBJH,240339,201904
NSLL7YIXBJH,240339,201905
NSLL7YIXBJH,240339,201906
NSLL7YIXBJH,240339,201907
NSLL7YIXBJH,240339,201908
NSLL7YIXBJH,240339,201909
NSLL7YIXBJH,240339,201910
NSLL7YIXBJH,240339,201911
NSLL7YIXBJH,240339,201912
NSLL7YIXBJH,240339,202001
NSLL7YIXBJH,240339,202002
NSLL7YIXBJH,240339,202003
NSLL7YIXBJH,240339,202004
NSLL7YIXBJH,240339,202005
NSLL7YIXBJH,240339,202006
NSLL7YIXBJH,240339,202007
NSLL7YIXBJH,240339,202008
NSLL7YIXBJH,240339,202009
NSLL7YIXBJH,240339,202010
NSLL7YIXBJH,240339,202011
NSLL7YIXBJH,240339,202012
NSLL7YIXBJH,240339,202101
NSLL7YIXBJH,240339,202102
NSLL7YIXBJH,240339,202103
NSLL7YIXBJH,240339,202104
NSLL7YIXBJH,240339,202105
NSLL7YIXBJH,240339,202106
NSLL7YIXBJH,240339,202107
NSLL7YIXBJH,240339,202108
NSLL7YIXBJH,240339,202109
NSLL7YIXBJH,240339,202110
NSLL7YIXBJH,240339,202111
NSLL7YIXBJH,240339,202112
NSLL7YIXBJH,240339,202201
NSLL7YIXBJH,240339,202202
NSLL7YIXBJH,240339,202203
NSLL7YIXBJH,240339,202204
NSLL7YIXBJH,240339,202205
NSLL7YIXBJH,240339,202206
NSLL7YIXBJH,240339,202207
NSLL7YIXBJH,240339,202208
NSLL7YIXBJH,240339,202209
NSLL7YIXBJH,240339,202210
NSLL7YIXBJH,240339,202211
NSLL7YIXBJH,240339,202212
NSLL7YIXBJH,240339,202301
NSLL7YIXBJH,240339,202302
NSLL7YIXBJH,240339,202303
NSLL7YIXBJH,240339,202304
NSLL7YIXBJH,240339,202305
NSLL7YIXBJH,240339,202306
NSLL7YIXBJH,240339,202307
NSLL7YIXBJH,240339,202308
NSLL7YIXBJH,240339,202309
NSLL7YIXBJH,240339,202310
NSLL7YIXBJH,240339,202311
NSLL7YIXBJH,240339,202312
NSLL7YIXBJH,240339,202401
NSLL7YIXBJH,240339,202402
NSLL7YIXBJH,240339,202403
NSLL7YIXBJH,240339,202404
NSLL7YIXBJH,240339,202405
NSLL7YIXBJH,240339,202406
NSLL7YIXBJH,240339,202407
NSLL7YIXBJH,240339,202408
NSLL7YIXBJH,240339,202409
NSLL7YIXBJH,240339,202410
NSLL7YIXBJH,240339,202411
NSLL7YIXBJH,240339,202412
O5p5idrXdiw,1120673,201601
O5p5idrXdiw,1120673,201602
O5p5idrXdiw,1120673,201603
O5p5idrXdiw,1120673,201604
O5p5idrXdiw,1120673,201605
O5p5idrXdiw,1120673,201606
O5p5idrXdiw,1120673,201607
O5p5idrXdiw,1120673,201608
O5p5idrXdiw,1120673,201609
O5p5idrXdiw,1120673,201610
O5p5idrXdiw,1120673,201611
O5p5idrXdiw,1120673,201612
O5p5idrXdiw,1120673,201701
O5p5idrXdiw,1120673,201702
O5p5idrXdiw,1120673,201703
O5p5idrXdiw,1120673,201704
O5p5idrXdiw,1120673,201705
O5p5idrXdiw,1120673,201706
O5p5idrXdiw,1120673,201707
O5p5idrXdiw,1120673,201708
O5p5idrXdiw,1120673,201709
O5p5idrXdiw,1120673,201710
O5p5idrXdiw,1120673,201711
O5p5idrXdiw,1120673,201712
O5p5idrXdiw,1120673,201801
O5p5idrXdiw,1120673,201802
O5p5idrXdiw,1120673,201803
O5p5idrXdiw,1120673,201804
O5p5idrXdiw,1120673,201805
O5p5idrXdiw,1120673,201806
O5p5idrXdiw,1120673,201807
O5p5idrXdiw,1120673,201808
O5p5idrXdiw,1120673,201809
O5p5idrXdiw,1120673,201810
O5p5idrXdiw,1120673,201811
O5p5idrXdiw,1120673,201812
O5p5idrXdiw,1120673,201901
O5p5idrXdiw,1120673,201902
O5p5idrXdiw,1120673,201903
O5p5idrXdiw,1120673,201904
O5p5idrXdiw,1120673,201905
O5p5idrXdiw,1120673,201906
O5p5idrXdiw,1120673,201907
O5p5idrXdiw,1120673,201908
O5p5idrXdiw,1120673,201909
O5p5idrXdiw,1120673,201910
O5p5idrXdiw,1120673,201911
O5p5idrXdiw,1120673,201912
O5p5idrXdiw,1120673,202001
O5p5idrXdiw,1120673,202002
O5p5idrXdiw,1120673,202003
O5p5idrXdiw,1120673,202004
O5p5idrXdiw,1120673,202005
O5p5idrXdiw,1120673,202006
O5p5idrXdiw,1120673,202007
O5p5idrXdiw,1120673,202008
O5p5idrXdiw,1120673,202009
O5p5idrXdiw,1120673,202010
O5p5idrXdiw,1120673,202011
O5p5idrXdiw,1120673,202012
O5p5idrXdiw,1120673,202101
O5p5idrXdiw,1120673,202102
O5p5idrXdiw,1120673,202103
O5p5idrXdiw,1120673,202104
O5p5idrXdiw,1120673,202105
O5p5idrXdiw,1120673,202106
O5p5idrXdiw,1120673,202107
O5p5idrXdiw,1120673,202108
O5p5idrXdiw,1120673,202109
O5p5idrXdiw,1120673,202110
O5p5idrXdiw,1120673,202111
O5p5idrXdiw,1120673,202112
O5p5idrXdiw,1120673,202201
O5p5idrXdiw,1120673,202202
O5p5idrXdiw,1120673,202203
O5p5idrXdiw,1120673,202204
O5p5idrXdiw,1120673,202205
O5p5idrXdiw,1120673,202206
O5p5idrXdiw,1120673,202207
O5p5idrXdiw,1120673,202208
O5p5idrXdiw,1120673,202209
O5p5idrXdiw,1120673,202210
O5p5idrXdiw,1120673,202211
O5p5idrXdiw,1120673,202212
O5p5idrXdiw,1120673,202301
O5p5idrXdiw,1120673,202302
O5p5idrXdiw,1120673,202303
O5p5idrXdiw,1120673,202304
O5p5idrXdiw,1120673,202305
O5p5idrXdiw,1120673,202306
O5p5idrXdiw,1120673,202307
O5p5idrXdiw,1120673,202308
O5p5idrXdiw,1120673,202309
O5p5idrXdiw,1120673,202310
O5p5idrXdiw,1120673,202311
O5p5idrXdiw,1120673,202312
O5p5idrXdiw,1120673,202401
O5p5idrXdiw,1120673,202402
O5p5idrXdiw,1120673,202403
O5p5idrXdiw,1120673,202404
O5p5idrXdiw,1120673,202405
O5p5idrXdiw,1120673,202406
O5p5idrXdiw,1120673,202407
O5p5idrXdiw,1120673,202408
O5p5idrXdiw,1120673,202409
O5p5idrXdiw,1120673,202410
O5p5idrXdiw,1120673,202411
O5p5idrXdiw,1120673,202412
P53hVYydxdc,190322,201601
P53hVYydxdc,190322,201602
P53hVYydxdc,190322,201603
P53hVYydxdc,190322,201604
P53hVYydxdc,190322,201605
P53hVYydxdc,190322,201606
P53hVYydxdc,190322,201607
P53hVYydxdc,190322,201608
P53hVYydxdc,190322,201609
P53hVYydxdc,190322,201610
P53hVYydxdc,190322,201611
P53hVYydxdc,190322,201612
P53hVYydxdc,190322,201701
P53hVYydxdc,190322,201702
P53hVYydxdc,190322,201703
P53hVYydxdc,190322,201704
P53hVYydxdc,190322,201705
P53hVYydxdc,190322,201706
P53hVYydxdc,190322,201707
P53hVYydxdc,190322,201708
P53hVYydxdc,190322,201709
P53hVYydxdc,190322,201710
P53hVYydxdc,190322,201711
P53hVYydxdc,190322,201712
P53hVYydxdc,190322,201801
P53hVYydxdc,190322,201802
P53hVYydxdc,190322,201803
P53hVYydxdc,190322,201804
P53hVYydxdc,190322,201805
P53hVYydxdc,190322,201806
P53hVYydxdc,190322,201807
P53hVYydxdc,190322,201808
P53hVYydxdc,190322,201809
P53hVYydxdc,190322,201810
P53hVYydxdc,190322,201811
P53hVYydxdc,190322,201812
P53hVYydxdc,190322,201901
P53hVYydxdc,190322,201902
P53hVYydxdc,190322,201903
P53hVYydxdc,190322,201904
P53hVYydxdc,190322,201905
P53hVYydxdc,190322,201906
P53hVYydxdc,190322,201907
P53hVYydxdc,190322,201908
P53hVYydxdc,190322,201909
P53hVYydxdc,190322,201910
P53hVYydxdc,190322,201911
P53hVYydxdc,190322,201912
P53hVYydxdc,190322,202001
P53hVYydxdc,190322,202002
P53hVYydxdc,190322,202003
P53hVYydxdc,190322,202004
P53hVYydxdc,190322,202005
P53hVYydxdc,190322,202006
P53hVYydxdc,190322,202007
P53hVYydxdc,190322,202008
P53hVYydxdc,190322,202009
P53hVYydxdc,190322,202010
P53hVYydxdc,190322,202011
P53hVYydxdc,190322,202012
P53hVYydxdc,190322,202101
P53hVYydxdc,190322,202102
P53hVYydxdc,190322,202103
P53hVYydxdc,190322,202104
P53hVYydxdc,190322,202105
P53hVYydxdc,190322,202106
P53hVYydxdc,190322,202107
P53hVYydxdc,190322,202108
P53hVYydxdc,190322,202109
P53hVYydxdc,190322,202110
P53hVYydxdc,190322,202111
P53hVYydxdc,190322,202112
P53hVYydxdc,190322,202201
P53hVYydxdc,190322,202202
P53hVYydxdc,190322,202203
P53hVYydxdc,190322,202204
P53hVYydxdc,190322,202205
P53hVYydxdc,190322,202206
P53hVYydxdc,190322,202207
P53hVYydxdc,190322,202208
P53hVYydxdc,190322,202209
P53hVYydxdc,190322,202210
P53hVYydxdc,190322,202211
P53hVYydxdc,190322,202212
P53hVYydxdc,190322,202301
P53hVYydxdc,190322,202302
P53hVYydxdc,190322,202303
P53hVYydxdc,190322,202304
P53hVYydxdc,190322,202305
P53hVYydxdc,190322,202306
P53hVYydxdc,190322,202307
P53hVYydxdc,190322,202308
P53hVYydxdc,190322,202309
P53hVYydxdc,190322,202310
P53hVYydxdc,190322,202311
P53hVYydxdc,190322,202312
P53hVYydxdc,190322,202401
P53hVYydxdc,190322,202402
P53hVYydxdc,190322,202403
P53hVYydxdc,190322,202404
P53hVYydxdc,190322,202405
P53hVYydxdc,190322,202406
P53hVYydxdc,190322,202407
P53hVYydxdc,190322,202408
P53hVYydxdc,190322,202409
P53hVYydxdc,190322,202410
P53hVYydxdc,190322,202411
P53hVYydxdc,190322,202412
PUPCyKcUwlS,693218,201601
PUPCyKcUwlS,693218,201602
PUPCyKcUwlS,693218,201603
PUPCyKcUwlS,693218,201604
PUPCyKcUwlS,693218,201605
PUPCyKcUwlS,693218,201606
PUPCyKcUwlS,693218,201607
PUPCyKcUwlS,693218,201608
PUPCyKcUwlS,693218,201609
PUPCyKcUwlS,693218,201610
PUPCyKcUwlS,693218,201611
PUPCyKcUwlS,693218,201612
PUPCyKcUwlS,693218,201701
PUPCyKcUwlS,693218,201702
PUPCyKcUwlS,693218,201703
PUPCyKcUwlS,693218,201704
PUPCyKcUwlS,693218,201705
PUPCyKcUwlS,693218,201706
PUPCyKcUwlS,693218,201707
PUPCyKcUwlS,693218,201708
PUPCyKcUwlS,693218,201709
PUPCyKcUwlS,693218,201710
PUPCyKcUwlS,693218,201711
PUPCyKcUwlS,693218,201712
PUPCyKcUwlS,693218,201801
PUPCyKcUwlS,693218,201802
PUPCyKcUwlS,693218,201803
PUPCyKcUwlS,693218,201804
PUPCyKcUwlS,693218,201805
PUPCyKcUwlS,693218,201806
PUPCyKcUwlS,693218,201807
PUPCyKcUwlS,693218,201808
PUPCyKcUwlS,693218,201809
PUPCyKcUwlS,693218,201810
PUPCyKcUwlS,693218,201811
PUPCyKcUwlS,693218,201812
PUPCyKcUwlS,693218,201901
PUPCyKcUwlS,693218,201902
PUPCyKcUwlS,693218,201903
PUPCyKcUwlS,693218,201904
PUPCyKcUwlS,693218,201905
PUPCyKcUwlS,693218,201906
PUPCyKcUwlS,693218,201907
PUPCyKcUwlS,693218,201908
PUPCyKcUwlS,693218,201909
PUPCyKcUwlS,693218,201910
PUPCyKcUwlS,693218,201911
PUPCyKcUwlS,693218,201912
PUPCyKcUwlS,693218,202001
PUPCyKcUwlS,693218,202002
PUPCyKcUwlS,693218,202003
PUPCyKcUwlS,693218,202004
PUPCyKcUwlS,693218,202005
PUPCyKcUwlS,693218,202006
PUPCyKcUwlS,693218,202007
PUPCyKcUwlS,693218,202008
PUPCyKcUwlS,693218,202009
PUPCyKcUwlS,693218,202010
PUPCyKcUwlS,693218,202011
PUPCyKcUwlS,693218,202012
PUPCyKcUwlS,693218,202101
PUPCyKcUwlS,693218,202102
PUPCyKcUwlS,693218,202103
PUPCyKcUwlS,693218,202104
PUPCyKcUwlS,693218,202105
PUPCyKcUwlS,693218,202106
PUPCyKcUwlS,693218,202107
PUPCyKcUwlS,693218,202108
PUPCyKcUwlS,693218,202109
PUPCyKcUwlS,693218,202110
PUPCyKcUwlS,693218,202111
PUPCyKcUwlS,693218,202112
PUPCyKcUwlS,693218,202201
PUPCyKcUwlS,693218,202202
PUPCyKcUwlS,693218,202203
PUPCyKcUwlS,693218,202204
PUPCyKcUwlS,693218,202205
PUPCyKcUwlS,693218,202206
PUPCyKcUwlS,693218,202207
PUPCyKcUwlS,693218,202208
PUPCyKcUwlS,693218,202209
PUPCyKcUwlS,693218,202210
PUPCyKcUwlS,693218,202211
PUPCyKcUwlS,693218,202212
PUPCyKcUwlS,693218,202301
PUPCyKcUwlS,693218,202302
PUPCyKcUwlS,693218,202303
PUPCyKcUwlS,693218,202304
PUPCyKcUwlS,693218,202305
PUPCyKcUwlS,693218,202306
PUPCyKcUwlS,693218,202307
PUPCyKcUwlS,693218,202308
PUPCyKcUwlS,693218,202309
PUPCyKcUwlS,693218,202310
PUPCyKcUwlS,693218,202311
PUPCyKcUwlS,693218,202312
PUPCyKcUwlS,693218,202401
PUPCyKcUwlS,693218,202402
PUPCyKcUwlS,693218,202403
PUPCyKcUwlS,693218,202404
PUPCyKcUwlS,693218,202405
PUPCyKcUwlS,693218,202406
PUPCyKcUwlS,693218,202407
PUPCyKcUwlS,693218,202408
PUPCyKcUwlS,693218,202409
PUPCyKcUwlS,693218,202410
PUPCyKcUwlS,693218,202411
PUPCyKcUwlS,693218,202412
PdRpVxkVd9a,592406,201601
PdRpVxkVd9a,592406,201602
PdRpVxkVd9a,592406,201603
PdRpVxkVd9a,592406,201604
PdRpVxkVd9a,592406,201605
PdRpVxkVd9a,592406,201606
PdRpVxkVd9a,592406,201607
PdRpVxkVd9a,592406,201608
PdRpVxkVd9a,592406,201609
PdRpVxkVd9a,592406,201610
PdRpVxkVd9a,592406,201611
PdRpVxkVd9a,592406,201612
PdRpVxkVd9a,592406,201701
PdRpVxkVd9a,592406,201702
PdRpVxkVd9a,592406,201703
PdRpVxkVd9a,592406,201704
PdRpVxkVd9a,592406,201705
PdRpVxkVd9a,592406,201706
PdRpVxkVd9a,592406,201707
PdRpVxkVd9a,592406,201708
PdRpVxkVd9a,592406,201709
PdRpVxkVd9a,592406,201710
PdRpVxkVd9a,592406,201711
PdRpVxkVd9a,592406,201712
PdRpVxkVd9a,592406,201801
PdRpVxkVd9a,592406,201802
PdRpVxkVd9a,592406,201803
PdRpVxkVd9a,592406,201804
PdRpVxkVd9a,592406,201805
PdRpVxkVd9a,592406,201806
PdRpVxkVd9a,592406,201807
PdRpVxkVd9a,592406,201808
PdRpVxkVd9a,592406,201809
PdRpVxkVd9a,592406,201810
PdRpVxkVd9a,592406,201811
PdRpVxkVd9a,592406,201812
PdRpVxkVd9a,592406,201901
PdRpVxkVd9a,592406,201902
PdRpVxkVd9a,592406,201903
PdRpVxkVd9a,592406,201904
PdRpVxkVd9a,592406,201905
PdRpVxkVd9a,592406,201906
PdRpVxkVd9a,592406,201907
PdRpVxkVd9a,592406,201908
PdRpVxkVd9a,592406,201909
PdRpVxkVd9a,592406,201910
PdRpVxkVd9a,592406,201911
PdRpVxkVd9a,592406,201912
PdRpVxkVd9a,592406,202001
PdRpVxkVd9a,592406,202002
PdRpVxkVd9a,592406,202003
PdRpVxkVd9a,592406,202004
PdRpVxkVd9a,592406,202005
PdRpVxkVd9a,592406,202006
PdRpVxkVd9a,592406,202007
PdRpVxkVd9a,592406,202008
PdRpVxkVd9a,592406,202009
PdRpVxkVd9a,592406,202010
PdRpVxkVd9a,592406,202011
PdRpVxkVd9a,592406,202012
PdRpVxkVd9a,592406,202101
PdRpVxkVd9a,592406,202102
PdRpVxkVd9a,592406,202103
PdRpVxkVd9a,592406,202104
PdRpVxkVd9a,592406,202105
PdRpVxkVd9a,592406,202106
PdRpVxkVd9a,592406,202107
PdRpVxkVd9a,592406,202108
PdRpVxkVd9a,592406,202109
PdRpVxkVd9a,592406,202110
PdRpVxkVd9a,592406,202111
PdRpVxkVd9a,592406,202112
PdRpVxkVd9a,592406,202201
PdRpVxkVd9a,592406,202202
PdRpVxkVd9a,592406,202203
PdRpVxkVd9a,592406,202204
PdRpVxkVd9a,592406,202205
PdRpVxkVd9a,592406,202206
PdRpVxkVd9a,592406,202207
PdRpVxkVd9a,592406,202208
PdRpVxkVd9a,592406,202209
PdRpVxkVd9a,592406,202210
PdRpVxkVd9a,592406,202211
PdRpVxkVd9a,592406,202212
PdRpVxkVd9a,592406,202301
PdRpVxkVd9a,592406,202302
PdRpVxkVd9a,592406,202303
PdRpVxkVd9a,592406,202304
PdRpVxkVd9a,592406,202305
PdRpVxkVd9a,592406,202306
PdRpVxkVd9a,592406,202307
PdRpVxkVd9a,592406,202308
PdRpVxkVd9a,592406,202309
PdRpVxkVd9a,592406,202310
PdRpVxkVd9a,592406,202311
PdRpVxkVd9a,592406,202312
PdRpVxkVd9a,592406,202401
PdRpVxkVd9a,592406,202402
PdRpVxkVd9a,592406,202403
PdRpVxkVd9a,592406,202404
PdRpVxkVd9a,592406,202405
PdRpVxkVd9a,592406,202406
PdRpVxkVd9a,592406,202407
PdRpVxkVd9a,592406,202408
PdRpVxkVd9a,592406,202409
PdRpVxkVd9a,592406,202410
PdRpVxkVd9a,592406,202411
PdRpVxkVd9a,592406,202412
QfZ2pVPRFmz,318571,201601
QfZ2pVPRFmz,318571,201602
QfZ2pVPRFmz,318571,201603
QfZ2pVPRFmz,318571,201604
QfZ2pVPRFmz,318571,201605
QfZ2pVPRFmz,318571,201606
QfZ2pVPRFmz,318571,201607
QfZ2pVPRFmz,318571,201608
QfZ2pVPRFmz,318571,201609
QfZ2pVPRFmz,318571,201610
QfZ2pVPRFmz,318571,201611
QfZ2pVPRFmz,318571,201612
QfZ2pVPRFmz,318571,201701
QfZ2pVPRFmz,318571,201702
QfZ2pVPRFmz,318571,201703
QfZ2pVPRFmz,318571,201704
QfZ2pVPRFmz,318571,201705
QfZ2pVPRFmz,318571,201706
QfZ2pVPRFmz,318571,201707
QfZ2pVPRFmz,318571,201708
QfZ2pVPRFmz,318571,201709
QfZ2pVPRFmz,318571,201710
QfZ2pVPRFmz,318571,201711
QfZ2pVPRFmz,318571,201712
QfZ2pVPRFmz,318571,201801
QfZ2pVPRFmz,318571,201802
QfZ2pVPRFmz,318571,201803
QfZ2pVPRFmz,318571,201804
QfZ2pVPRFmz,318571,201805
QfZ2pVPRFmz,318571,201806
QfZ2pVPRFmz,318571,201807
QfZ2pVPRFmz,318571,201808
QfZ2pVPRFmz,318571,201809
QfZ2pVPRFmz,318571,201810
QfZ2pVPRFmz,318571,201811
QfZ2pVPRFmz,318571,201812
QfZ2pVPRFmz,318571,201901
QfZ2pVPRFmz,318571,201902
QfZ2pVPRFmz,318571,201903
QfZ2pVPRFmz,318571,201904
QfZ2pVPRFmz,318571,201905
QfZ2pVPRFmz,318571,201906
QfZ2pVPRFmz,318571,201907
QfZ2pVPRFmz,318571,201908
QfZ2pVPRFmz,318571,201909
QfZ2pVPRFmz,318571,201910
QfZ2pVPRFmz,318571,201911
QfZ2pVPRFmz,318571,201912
QfZ2pVPRFmz,318571,202001
QfZ2pVPRFmz,318571,202002
QfZ2pVPRFmz,318571,202003
QfZ2pVPRFmz,318571,202004
QfZ2pVPRFmz,318571,202005
QfZ2pVPRFmz,318571,202006
QfZ2pVPRFmz,318571,202007
QfZ2pVPRFmz,318571,202008
QfZ2pVPRFmz,318571,202009
QfZ2pVPRFmz,318571,202010
QfZ2pVPRFmz,318571,202011
QfZ2pVPRFmz,318571,202012
QfZ2pVPRFmz,318571,202101
QfZ2pVPRFmz,318571,202102
QfZ2pVPRFmz,318571,202103
QfZ2pVPRFmz,318571,202104
QfZ2pVPRFmz,318571,202105
QfZ2pVPRFmz,318571,202106
QfZ2pVPRFmz,318571,202107
QfZ2pVPRFmz,318571,202108
QfZ2pVPRFmz,318571,202109
QfZ2pVPRFmz,318571,202110
QfZ2pVPRFmz,318571,202111
QfZ2pVPRFmz,318571,202112
QfZ2pVPRFmz,318571,202201
QfZ2pVPRFmz,318571,202202
QfZ2pVPRFmz,318571,202203
QfZ2pVPRFmz,318571,202204
QfZ2pVPRFmz,318571,202205
QfZ2pVPRFmz,318571,202206
QfZ2pVPRFmz,318571,202207
QfZ2pVPRFmz,318571,202208
QfZ2pVPRFmz,318571,202209
QfZ2pVPRFmz,318571,202210
QfZ2pVPRFmz,318571,202211
QfZ2pVPRFmz,318571,202212
QfZ2pVPRFmz,318571,202301
QfZ2pVPRFmz,318571,202302
QfZ2pVPRFmz,318571,202303
QfZ2pVPRFmz,318571,202304
QfZ2pVPRFmz,318571,202305
QfZ2pVPRFmz,318571,202306
QfZ2pVPRFmz,318571,202307
QfZ2pVPRFmz,318571,202308
QfZ2pVPRFmz,318571,202309
QfZ2pVPRFmz,318571,202310
QfZ2pVPRFmz,318571,202311
QfZ2pVPRFmz,318571,202312
QfZ2pVPRFmz,318571,202401
QfZ2pVPRFmz,318571,202402
QfZ2pVPRFmz,318571,202403
QfZ2pVPRFmz,318571,202404
QfZ2pVPRFmz,318571,202405
QfZ2pVPRFmz,318571,202406
QfZ2pVPRFmz,318571,202407
QfZ2pVPRFmz,318571,202408
QfZ2pVPRFmz,318571,202409
QfZ2pVPRFmz,318571,202410
QfZ2pVPRFmz,318571,202411
QfZ2pVPRFmz,318571,202412
QzI3Btz60Ne,269920,201601
QzI3Btz60Ne,269920,201602
QzI3Btz60Ne,269920,201603
QzI3Btz60Ne,269920,201604
QzI3Btz60Ne,269920,201605
QzI3Btz60Ne,269920,201606
QzI3Btz60Ne,269920,201607
QzI3Btz60Ne,269920,201608
QzI3Btz60Ne,269920,201609
QzI3Btz60Ne,269920,201610
QzI3Btz60Ne,269920,201611
QzI3Btz60Ne,269920,201612
QzI3Btz60Ne,269920,201701
QzI3Btz60Ne,269920,201702
QzI3Btz60Ne,269920,201703
QzI3Btz60Ne,269920,201704
QzI3Btz60Ne,269920,201705
QzI3Btz60Ne,269920,201706
QzI3Btz60Ne,269920,201707
QzI3Btz60Ne,269920,201708
QzI3Btz60Ne,269920,201709
QzI3Btz60Ne,269920,201710
QzI3Btz60Ne,269920,201711
QzI3Btz60Ne,269920,201712
QzI3Btz60Ne,269920,201801
QzI3Btz60Ne,269920,201802
QzI3Btz60Ne,269920,201803
QzI3Btz60Ne,269920,201804
QzI3Btz60Ne,269920,201805
QzI3Btz60Ne,269920,201806
QzI3Btz60Ne,269920,201807
QzI3Btz60Ne,269920,201808
QzI3Btz60Ne,269920,201809
QzI3Btz60Ne,269920,201810
QzI3Btz60Ne,269920,201811
QzI3Btz60Ne,269920,201812
QzI3Btz60Ne,269920,201901
QzI3Btz60Ne,269920,201902
QzI3Btz60Ne,269920,201903
QzI3Btz60Ne,269920,201904
QzI3Btz60Ne,269920,201905
QzI3Btz60Ne,269920,201906
QzI3Btz60Ne,269920,201907
QzI3Btz60Ne,269920,201908
QzI3Btz60Ne,269920,201909
QzI3Btz60Ne,269920,201910
QzI3Btz60Ne,269920,201911
QzI3Btz60Ne,269920,201912
QzI3Btz60Ne,269920,202001
QzI3Btz60Ne,269920,202002
QzI3Btz60Ne,269920,202003
QzI3Btz60Ne,269920,202004
QzI3Btz60Ne,269920,202005
QzI3Btz60Ne,269920,202006
QzI3Btz60Ne,269920,202007
QzI3Btz60Ne,269920,202008
QzI3Btz60Ne,269920,202009
QzI3Btz60Ne,269920,202010
QzI3Btz60Ne,269920,202011
QzI3Btz60Ne,269920,202012
QzI3Btz60Ne,269920,202101
QzI3Btz60Ne,269920,202102
QzI3Btz60Ne,269920,202103
QzI3Btz60Ne,269920,202104
QzI3Btz60Ne,269920,202105
QzI3Btz60Ne,269920,202106
QzI3Btz60Ne,269920,202107
QzI3Btz60Ne,269920,202108
QzI3Btz60Ne,269920,202109
QzI3Btz60Ne,269920,202110
QzI3Btz60Ne,269920,202111
QzI3Btz60Ne,269920,202112
QzI3Btz60Ne,269920,202201
QzI3Btz60Ne,269920,202202
QzI3Btz60Ne,269920,202203
QzI3Btz60Ne,269920,202204
QzI3Btz60Ne,269920,202205
QzI3Btz60Ne,269920,202206
QzI3Btz60Ne,269920,202207
QzI3Btz60Ne,269920,202208
QzI3Btz60Ne,269920,202209
QzI3Btz60Ne,269920,202210
QzI3Btz60Ne,269920,202211
QzI3Btz60Ne,269920,202212
QzI3Btz60Ne,269920,202301
QzI3Btz60Ne,269920,202302
QzI3Btz60Ne,269920,202303
QzI3Btz60Ne,269920,202304
QzI3Btz60Ne,269920,202305
QzI3Btz60Ne,269920,202306
QzI3Btz60Ne,269920,202307
QzI3Btz60Ne,269920,202308
QzI3Btz60Ne,269920,202309
QzI3Btz60Ne,269920,202310
QzI3Btz60Ne,269920,202311
QzI3Btz60Ne,269920,202312
QzI3Btz60Ne,269920,202401
QzI3Btz60Ne,269920,202402
QzI3Btz60Ne,269920,202403
QzI3Btz60Ne,269920,202404
QzI3Btz60Ne,269920,202405
QzI3Btz60Ne,269920,202406
QzI3Btz60Ne,269920,202407
QzI3Btz60Ne,269920,202408
QzI3Btz60Ne,269920,202409
QzI3Btz60Ne,269920,202410
QzI3Btz60Ne,269920,202411
QzI3Btz60Ne,269920,202412
RSAZqrdfXy5,891560,201601
RSAZqrdfXy5,891560,201602
RSAZqrdfXy5,891560,201603
RSAZqrdfXy5,891560,201604
RSAZqrdfXy5,891560,201605
RSAZqrdfXy5,891560,201606
RSAZqrdfXy5,891560,201607
RSAZqrdfXy5,891560,201608
RSAZqrdfXy5,891560,201609
RSAZqrdfXy5,891560,201610
RSAZqrdfXy5,891560,201611
RSAZqrdfXy5,891560,201612
RSAZqrdfXy5,891560,201701
RSAZqrdfXy5,891560,201702
RSAZqrdfXy5,891560,201703
RSAZqrdfXy5,891560,201704
RSAZqrdfXy5,891560,201705
RSAZqrdfXy5,891560,201706
RSAZqrdfXy5,891560,201707
RSAZqrdfXy5,891560,201708
RSAZqrdfXy5,891560,201709
RSAZqrdfXy5,891560,201710
RSAZqrdfXy5,891560,201711
RSAZqrdfXy5,891560,201712
RSAZqrdfXy5,891560,201801
RSAZqrdfXy5,891560,201802
RSAZqrdfXy5,891560,201803
RSAZqrdfXy5,891560,201804
RSAZqrdfXy5,891560,201805
RSAZqrdfXy5,891560,201806
RSAZqrdfXy5,891560,201807
RSAZqrdfXy5,891560,201808
RSAZqrdfXy5,891560,201809
RSAZqrdfXy5,891560,201810
RSAZqrdfXy5,891560,201811
RSAZqrdfXy5,891560,201812
RSAZqrdfXy5,891560,201901
RSAZqrdfXy5,891560,201902
RSAZqrdfXy5,891560,201903
RSAZqrdfXy5,891560,201904
RSAZqrdfXy5,891560,201905
RSAZqrdfXy5,891560,201906
RSAZqrdfXy5,891560,201907
RSAZqrdfXy5,891560,201908
RSAZqrdfXy5,891560,201909
RSAZqrdfXy5,891560,201910
RSAZqrdfXy5,891560,201911
RSAZqrdfXy5,891560,201912
RSAZqrdfXy5,891560,202001
RSAZqrdfXy5,891560,202002
RSAZqrdfXy5,891560,202003
RSAZqrdfXy5,891560,202004
RSAZqrdfXy5,891560,202005
RSAZqrdfXy5,891560,202006
RSAZqrdfXy5,891560,202007
RSAZqrdfXy5,891560,202008
RSAZqrdfXy5,891560,202009
RSAZqrdfXy5,891560,202010
RSAZqrdfXy5,891560,202011
RSAZqrdfXy5,891560,202012
RSAZqrdfXy5,891560,202101
RSAZqrdfXy5,891560,202102
RSAZqrdfXy5,891560,202103
RSAZqrdfXy5,891560,202104
RSAZqrdfXy5,891560,202105
RSAZqrdfXy5,891560,202106
RSAZqrdfXy5,891560,202107
RSAZqrdfXy5,891560,202108
RSAZqrdfXy5,891560,202109
RSAZqrdfXy5,891560,202110
RSAZqrdfXy5,891560,202111
RSAZqrdfXy5,891560,202112
RSAZqrdfXy5,891560,202201
RSAZqrdfXy5,891560,202202
RSAZqrdfXy5,891560,202203
RSAZqrdfXy5,891560,202204
RSAZqrdfXy5,891560,202205
RSAZqrdfXy5,891560,202206
RSAZqrdfXy5,891560,202207
RSAZqrdfXy5,891560,202208
RSAZqrdfXy5,891560,202209
RSAZqrdfXy5,891560,202210
RSAZqrdfXy5,891560,202211
RSAZqrdfXy5,891560,202212
RSAZqrdfXy5,891560,202301
RSAZqrdfXy5,891560,202302
RSAZqrdfXy5,891560,202303
RSAZqrdfXy5,891560,202304
RSAZqrdfXy5,891560,202305
RSAZqrdfXy5,891560,202306
RSAZqrdfXy5,891560,202307
RSAZqrdfXy5,891560,202308
RSAZqrdfXy5,891560,202309
RSAZqrdfXy5,891560,202310
RSAZqrdfXy5,891560,202311
RSAZqrdfXy5,891560,202312
RSAZqrdfXy5,891560,202401
RSAZqrdfXy5,891560,202402
RSAZqrdfXy5,891560,202403
RSAZqrdfXy5,891560,202404
RSAZqrdfXy5,891560,202405
RSAZqrdfXy5,891560,202406
RSAZqrdfXy5,891560,202407
RSAZqrdfXy5,891560,202408
RSAZqrdfXy5,891560,202409
RSAZqrdfXy5,891560,202410
RSAZqrdfXy5,891560,202411
RSAZqrdfXy5,891560,202412
RZxElQxEbZN,42077,201601
RZxElQxEbZN,42077,201602
RZxElQxEbZN,42077,201603
RZxElQxEbZN,42077,201604
RZxElQxEbZN,42077,201605
RZxElQxEbZN,42077,201606
RZxElQxEbZN,42077,201607
RZxElQxEbZN,42077,201608
RZxElQxEbZN,42077,201609
RZxElQxEbZN,42077,201610
RZxElQxEbZN,42077,201611
RZxElQxEbZN,42077,201612
RZxElQxEbZN,42077,201701
RZxElQxEbZN,42077,201702
RZxElQxEbZN,42077,201703
RZxElQxEbZN,42077,201704
RZxElQxEbZN,42077,201705
RZxElQxEbZN,42077,201706
RZxElQxEbZN,42077,201707
RZxElQxEbZN,42077,201708
RZxElQxEbZN,42077,201709
RZxElQxEbZN,42077,201710
RZxElQxEbZN,42077,201711
RZxElQxEbZN,42077,201712
RZxElQxEbZN,42077,201801
RZxElQxEbZN,42077,201802
RZxElQxEbZN,42077,201803
RZxElQxEbZN,42077,201804
RZxElQxEbZN,42077,201805
RZxElQxEbZN,42077,201806
RZxElQxEbZN,42077,201807
RZxElQxEbZN,42077,201808
RZxElQxEbZN,42077,201809
RZxElQxEbZN,42077,201810
RZxElQxEbZN,42077,201811
RZxElQxEbZN,42077,201812
RZxElQxEbZN,42077,201901
RZxElQxEbZN,42077,201902
RZxElQxEbZN,42077,201903
RZxElQxEbZN,42077,201904
RZxElQxEbZN,42077,201905
RZxElQxEbZN,42077,201906
RZxElQxEbZN,42077,201907
RZxElQxEbZN,42077,201908
RZxElQxEbZN,42077,201909
RZxElQxEbZN,42077,201910
RZxElQxEbZN,42077,201911
RZxElQxEbZN,42077,201912
RZxElQxEbZN,42077,202001
RZxElQxEbZN,42077,202002
RZxElQxEbZN,42077,202003
RZxElQxEbZN,42077,202004
RZxElQxEbZN,42077,202005
RZxElQxEbZN,42077,202006
RZxElQxEbZN,42077,202007
RZxElQxEbZN,42077,202008
RZxElQxEbZN,42077,202009
RZxElQxEbZN,42077,202010
RZxElQxEbZN,42077,202011
RZxElQxEbZN,42077,202012
RZxElQxEbZN,42077,202101
RZxElQxEbZN,42077,202102
RZxElQxEbZN,42077,202103
RZxElQxEbZN,42077,202104
RZxElQxEbZN,42077,202105
RZxElQxEbZN,42077,202106
RZxElQxEbZN,42077,202107
RZxElQxEbZN,42077,202108
RZxElQxEbZN,42077,202109
RZxElQxEbZN,42077,202110
RZxElQxEbZN,42077,202111
RZxElQxEbZN,42077,202112
RZxElQxEbZN,42077,202201
RZxElQxEbZN,42077,202202
RZxElQxEbZN,42077,202203
RZxElQxEbZN,42077,202204
RZxElQxEbZN,42077,202205
RZxElQxEbZN,42077,202206
RZxElQxEbZN,42077,202207
RZxElQxEbZN,42077,202208
RZxElQxEbZN,42077,202209
RZxElQxEbZN,42077,202210
RZxElQxEbZN,42077,202211
RZxElQxEbZN,42077,202212
RZxElQxEbZN,42077,202301
RZxElQxEbZN,42077,202302
RZxElQxEbZN,42077,202303
RZxElQxEbZN,42077,202304
RZxElQxEbZN,42077,202305
RZxElQxEbZN,42077,202306
RZxElQxEbZN,42077,202307
RZxElQxEbZN,42077,202308
RZxElQxEbZN,42077,202309
RZxElQxEbZN,42077,202310
RZxElQxEbZN,42077,202311
RZxElQxEbZN,42077,202312
RZxElQxEbZN,42077,202401
RZxElQxEbZN,42077,202402
RZxElQxEbZN,42077,202403
RZxElQxEbZN,42077,202404
RZxElQxEbZN,42077,202405
RZxElQxEbZN,42077,202406
RZxElQxEbZN,42077,202407
RZxElQxEbZN,42077,202408
RZxElQxEbZN,42077,202409
RZxElQxEbZN,42077,202410
RZxElQxEbZN,42077,202411
RZxElQxEbZN,42077,202412
S8J6p6tGXNb,86866,201601
S8J6p6tGXNb,86866,201602
S8J6p6tGXNb,86866,201603
S8J6p6tGXNb,86866,201604
S8J6p6tGXNb,86866,201605
S8J6p6tGXNb,86866,201606
S8J6p6tGXNb,86866,201607
S8J6p6tGXNb,86866,201608
S8J6p6tGXNb,86866,201609
S8J6p6tGXNb,86866,201610
S8J6p6tGXNb,86866,201611
S8J6p6tGXNb,86866,201612
S8J6p6tGXNb,86866,201701
S8J6p6tGXNb,86866,201702
S8J6p6tGXNb,86866,201703
S8J6p6tGXNb,86866,201704
S8J6p6tGXNb,86866,201705
S8J6p6tGXNb,86866,201706
S8J6p6tGXNb,86866,201707
S8J6p6tGXNb,86866,201708
S8J6p6tGXNb,86866,201709
S8J6p6tGXNb,86866,201710
S8J6p6tGXNb,86866,201711
S8J6p6tGXNb,86866,201712
S8J6p6tGXNb,86866,201801
S8J6p6tGXNb,86866,201802
S8J6p6tGXNb,86866,201803
S8J6p6tGXNb,86866,201804
S8J6p6tGXNb,86866,201805
S8J6p6tGXNb,86866,201806
S8J6p6tGXNb,86866,201807
S8J6p6tGXNb,86866,201808
S8J6p6tGXNb,86866,201809
S8J6p6tGXNb,86866,201810
S8J6p6tGXNb,86866,201811
S8J6p6tGXNb,86866,201812
S8J6p6tGXNb,86866,201901
S8J6p6tGXNb,86866,201902
S8J6p6tGXNb,86866,201903
S8J6p6tGXNb,86866,201904
S8J6p6tGXNb,86866,201905
S8J6p6tGXNb,86866,201906
S8J6p6tGXNb,86866,201907
S8J6p6tGXNb,86866,201908
S8J6p6tGXNb,86866,201909
S8J6p6tGXNb,86866,201910
S8J6p6tGXNb,86866,201911
S8J6p6tGXNb,86866,201912
S8J6p6tGXNb,86866,202001
S8J6p6tGXNb,86866,202002
S8J6p6tGXNb,86866,202003
S8J6p6tGXNb,86866,202004
S8J6p6tGXNb,86866,202005
S8J6p6tGXNb,86866,202006
S8J6p6tGXNb,86866,202007
S8J6p6tGXNb,86866,202008
S8J6p6tGXNb,86866,202009
S8J6p6tGXNb,86866,202010
S8J6p6tGXNb,86866,202011
S8J6p6tGXNb,86866,202012
S8J6p6tGXNb,86866,202101
S8J6p6tGXNb,86866,202102
S8J6p6tGXNb,86866,202103
S8J6p6tGXNb,86866,202104
S8J6p6tGXNb,86866,202105
S8J6p6tGXNb,86866,202106
S8J6p6tGXNb,86866,202107
S8J6p6tGXNb,86866,202108
S8J6p6tGXNb,86866,202109
S8J6p6tGXNb,86866,202110
S8J6p6tGXNb,86866,202111
S8J6p6tGXNb,86866,202112
S8J6p6tGXNb,86866,202201
S8J6p6tGXNb,86866,202202
S8J6p6tGXNb,86866,202203
S8J6p6tGXNb,86866,202204
S8J6p6tGXNb,86866,202205
S8J6p6tGXNb,86866,202206
S8J6p6tGXNb,86866,202207
S8J6p6tGXNb,86866,202208
S8J6p6tGXNb,86866,202209
S8J6p6tGXNb,86866,202210
S8J6p6tGXNb,86866,202211
S8J6p6tGXNb,86866,202212
S8J6p6tGXNb,86866,202301
S8J6p6tGXNb,86866,202302
S8J6p6tGXNb,86866,202303
S8J6p6tGXNb,86866,202304
S8J6p6tGXNb,86866,202305
S8J6p6tGXNb,86866,202306
S8J6p6tGXNb,86866,202307
S8J6p6tGXNb,86866,202308
S8J6p6tGXNb,86866,202309
S8J6p6tGXNb,86866,202310
S8J6p6tGXNb,86866,202311
S8J6p6tGXNb,86866,202312
S8J6p6tGXNb,86866,202401
S8J6p6tGXNb,86866,202402
S8J6p6tGXNb,86866,202403
S8J6p6tGXNb,86866,202404
S8J6p6tGXNb,86866,202405
S8J6p6tGXNb,86866,202406
S8J6p6tGXNb,86866,202407
S8J6p6tGXNb,86866,202408
S8J6p6tGXNb,86866,202409
S8J6p6tGXNb,86866,202410
S8J6p6tGXNb,86866,202411
S8J6p6tGXNb,86866,202412
SJQ2e9HUvaG,145514,201601
SJQ2e9HUvaG,145514,201602
SJQ2e9HUvaG,145514,201603
SJQ2e9HUvaG,145514,201604
SJQ2e9HUvaG,145514,201605
SJQ2e9HUvaG,145514,201606
SJQ2e9HUvaG,145514,201607
SJQ2e9HUvaG,145514,201608
SJQ2e9HUvaG,145514,201609
SJQ2e9HUvaG,145514,201610
SJQ2e9HUvaG,145514,201611
SJQ2e9HUvaG,145514,201612
SJQ2e9HUvaG,145514,201701
SJQ2e9HUvaG,145514,201702
SJQ2e9HUvaG,145514,201703
SJQ2e9HUvaG,145514,201704
SJQ2e9HUvaG,145514,201705
SJQ2e9HUvaG,145514,201706
SJQ2e9HUvaG,145514,201707
SJQ2e9HUvaG,145514,201708
SJQ2e9HUvaG,145514,201709
SJQ2e9HUvaG,145514,201710
SJQ2e9HUvaG,145514,201711
SJQ2e9HUvaG,145514,201712
SJQ2e9HUvaG,145514,201801
SJQ2e9HUvaG,145514,201802
SJQ2e9HUvaG,145514,201803
SJQ2e9HUvaG,145514,201804
SJQ2e9HUvaG,145514,201805
SJQ2e9HUvaG,145514,201806
SJQ2e9HUvaG,145514,201807
SJQ2e9HUvaG,145514,201808
SJQ2e9HUvaG,145514,201809
SJQ2e9HUvaG,145514,201810
SJQ2e9HUvaG,145514,201811
SJQ2e9HUvaG,145514,201812
SJQ2e9HUvaG,145514,201901
SJQ2e9HUvaG,145514,201902
SJQ2e9HUvaG,145514,201903
SJQ2e9HUvaG,145514,201904
SJQ2e9HUvaG,145514,201905
SJQ2e9HUvaG,145514,201906
SJQ2e9HUvaG,145514,201907
SJQ2e9HUvaG,145514,201908
SJQ2e9HUvaG,145514,201909
SJQ2e9HUvaG,145514,201910
SJQ2e9HUvaG,145514,201911
SJQ2e9HUvaG,145514,201912
SJQ2e9HUvaG,145514,202001
SJQ2e9HUvaG,145514,202002
SJQ2e9HUvaG,145514,202003
SJQ2e9HUvaG,145514,202004
SJQ2e9HUvaG,145514,202005
SJQ2e9HUvaG,145514,202006
SJQ2e9HUvaG,145514,202007
SJQ2e9HUvaG,145514,202008
SJQ2e9HUvaG,145514,202009
SJQ2e9HUvaG,145514,202010
SJQ2e9HUvaG,145514,202011
SJQ2e9HUvaG,145514,202012
SJQ2e9HUvaG,145514,202101
SJQ2e9HUvaG,145514,202102
SJQ2e9HUvaG,145514,202103
SJQ2e9HUvaG,145514,202104
SJQ2e9HUvaG,145514,202105
SJQ2e9HUvaG,145514,202106
SJQ2e9HUvaG,145514,202107
SJQ2e9HUvaG,145514,202108
SJQ2e9HUvaG,145514,202109
SJQ2e9HUvaG,145514,202110
SJQ2e9HUvaG,145514,202111
SJQ2e9HUvaG,145514,202112
SJQ2e9HUvaG,145514,202201
SJQ2e9HUvaG,145514,202202
SJQ2e9HUvaG,145514,202203
SJQ2e9HUvaG,145514,202204
SJQ2e9HUvaG,145514,202205
SJQ2e9HUvaG,145514,202206
SJQ2e9HUvaG,145514,202207
SJQ2e9HUvaG,145514,202208
SJQ2e9HUvaG,145514,202209
SJQ2e9HUvaG,145514,202210
SJQ2e9HUvaG,145514,202211
SJQ2e9HUvaG,145514,202212
SJQ2e9HUvaG,145514,202301
SJQ2e9HUvaG,145514,202302
SJQ2e9HUvaG,145514,202303
SJQ2e9HUvaG,145514,202304
SJQ2e9HUvaG,145514,202305
SJQ2e9HUvaG,145514,202306
SJQ2e9HUvaG,145514,202307
SJQ2e9HUvaG,145514,202308
SJQ2e9HUvaG,145514,202309
SJQ2e9HUvaG,145514,202310
SJQ2e9HUvaG,145514,202311
SJQ2e9HUvaG,145514,202312
SJQ2e9HUvaG,145514,202401
SJQ2e9HUvaG,145514,202402
SJQ2e9HUvaG,145514,202403
SJQ2e9HUvaG,145514,202404
SJQ2e9HUvaG,145514,202405
SJQ2e9HUvaG,145514,202406
SJQ2e9HUvaG,145514,202407
SJQ2e9HUvaG,145514,202408
SJQ2e9HUvaG,145514,202409
SJQ2e9HUvaG,145514,202410
SJQ2e9HUvaG,145514,202411
SJQ2e9HUvaG,145514,202412
U8Rk7sYzFmK,254868,201601
U8Rk7sYzFmK,254868,201602
U8Rk7sYzFmK,254868,201603
U8Rk7sYzFmK,254868,201604
U8Rk7sYzFmK,254868,201605
U8Rk7sYzFmK,254868,201606
U8Rk7sYzFmK,254868,201607
U8Rk7sYzFmK,254868,201608
U8Rk7sYzFmK,254868,201609
U8Rk7sYzFmK,254868,201610
U8Rk7sYzFmK,254868,201611
U8Rk7sYzFmK,254868,201612
U8Rk7sYzFmK,254868,201701
U8Rk7sYzFmK,254868,201702
U8Rk7sYzFmK,254868,201703
U8Rk7sYzFmK,254868,201704
U8Rk7sYzFmK,254868,201705
U8Rk7sYzFmK,254868,201706
U8Rk7sYzFmK,254868,201707
U8Rk7sYzFmK,254868,201708
U8Rk7sYzFmK,254868,201709
U8Rk7sYzFmK,254868,201710
U8Rk7sYzFmK,254868,201711
U8Rk7sYzFmK,254868,201712
U8Rk7sYzFmK,254868,201801
U8Rk7sYzFmK,254868,201802
U8Rk7sYzFmK,254868,201803
U8Rk7sYzFmK,254868,201804
U8Rk7sYzFmK,254868,201805
U8Rk7sYzFmK,254868,201806
U8Rk7sYzFmK,254868,201807
U8Rk7sYzFmK,254868,201808
U8Rk7sYzFmK,254868,201809
U8Rk7sYzFmK,254868,201810
U8Rk7sYzFmK,254868,201811
U8Rk7sYzFmK,254868,201812
U8Rk7sYzFmK,254868,201901
U8Rk7sYzFmK,254868,201902
U8Rk7sYzFmK,254868,201903
U8Rk7sYzFmK,254868,201904
U8Rk7sYzFmK,254868,201905
U8Rk7sYzFmK,254868,201906
U8Rk7sYzFmK,254868,201907
U8Rk7sYzFmK,254868,201908
U8Rk7sYzFmK,254868,201909
U8Rk7sYzFmK,254868,201910
U8Rk7sYzFmK,254868,201911
U8Rk7sYzFmK,254868,201912
U8Rk7sYzFmK,254868,202001
U8Rk7sYzFmK,254868,202002
U8Rk7sYzFmK,254868,202003
U8Rk7sYzFmK,254868,202004
U8Rk7sYzFmK,254868,202005
U8Rk7sYzFmK,254868,202006
U8Rk7sYzFmK,254868,202007
U8Rk7sYzFmK,254868,202008
U8Rk7sYzFmK,254868,202009
U8Rk7sYzFmK,254868,202010
U8Rk7sYzFmK,254868,202011
U8Rk7sYzFmK,254868,202012
U8Rk7sYzFmK,254868,202101
U8Rk7sYzFmK,254868,202102
U8Rk7sYzFmK,254868,202103
U8Rk7sYzFmK,254868,202104
U8Rk7sYzFmK,254868,202105
U8Rk7sYzFmK,254868,202106
U8Rk7sYzFmK,254868,202107
U8Rk7sYzFmK,254868,202108
U8Rk7sYzFmK,254868,202109
U8Rk7sYzFmK,254868,202110
U8Rk7sYzFmK,254868,202111
U8Rk7sYzFmK,254868,202112
U8Rk7sYzFmK,254868,202201
U8Rk7sYzFmK,254868,202202
U8Rk7sYzFmK,254868,202203
U8Rk7sYzFmK,254868,202204
U8Rk7sYzFmK,254868,202205
U8Rk7sYzFmK,254868,202206
U8Rk7sYzFmK,254868,202207
U8Rk7sYzFmK,254868,202208
U8Rk7sYzFmK,254868,202209
U8Rk7sYzFmK,254868,202210
U8Rk7sYzFmK,254868,202211
U8Rk7sYzFmK,254868,202212
U8Rk7sYzFmK,254868,202301
U8Rk7sYzFmK,254868,202302
U8Rk7sYzFmK,254868,202303
U8Rk7sYzFmK,254868,202304
U8Rk7sYzFmK,254868,202305
U8Rk7sYzFmK,254868,202306
U8Rk7sYzFmK,254868,202307
U8Rk7sYzFmK,254868,202308
U8Rk7sYzFmK,254868,202309
U8Rk7sYzFmK,254868,202310
U8Rk7sYzFmK,254868,202311
U8Rk7sYzFmK,254868,202312
U8Rk7sYzFmK,254868,202401
U8Rk7sYzFmK,254868,202402
U8Rk7sYzFmK,254868,202403
U8Rk7sYzFmK,254868,202404
U8Rk7sYzFmK,254868,202405
U8Rk7sYzFmK,254868,202406
U8Rk7sYzFmK,254868,202407
U8Rk7sYzFmK,254868,202408
U8Rk7sYzFmK,254868,202409
U8Rk7sYzFmK,254868,202410
U8Rk7sYzFmK,254868,202411
U8Rk7sYzFmK,254868,202412
VoOb1wMwKp0,273762,201601
VoOb1wMwKp0,273762,201602
VoOb1wMwKp0,273762,201603
VoOb1wMwKp0,273762,201604
VoOb1wMwKp0,273762,201605
VoOb1wMwKp0,273762,201606
VoOb1wMwKp0,273762,201607
VoOb1wMwKp0,273762,201608
VoOb1wMwKp0,273762,201609
VoOb1wMwKp0,273762,201610
VoOb1wMwKp0,273762,201611
VoOb1wMwKp0,273762,201612
VoOb1wMwKp0,273762,201701
VoOb1wMwKp0,273762,201702
VoOb1wMwKp0,273762,201703
VoOb1wMwKp0,273762,201704
VoOb1wMwKp0,273762,201705
VoOb1wMwKp0,273762,201706
VoOb1wMwKp0,273762,201707
VoOb1wMwKp0,273762,201708
VoOb1wMwKp0,273762,201709
VoOb1wMwKp0,273762,201710
VoOb1wMwKp0,273762,201711
VoOb1wMwKp0,273762,201712
VoOb1wMwKp0,273762,201801
VoOb1wMwKp0,273762,201802
VoOb1wMwKp0,273762,201803
VoOb1wMwKp0,273762,201804
VoOb1wMwKp0,273762,201805
VoOb1wMwKp0,273762,201806
VoOb1wMwKp0,273762,201807
VoOb1wMwKp0,273762,201808
VoOb1wMwKp0,273762,201809
VoOb1wMwKp0,273762,201810
VoOb1wMwKp0,273762,201811
VoOb1wMwKp0,273762,201812
VoOb1wMwKp0,273762,201901
VoOb1wMwKp0,273762,201902
VoOb1wMwKp0,273762,201903
VoOb1wMwKp0,273762,201904
VoOb1wMwKp0,273762,201905
VoOb1wMwKp0,273762,201906
VoOb1wMwKp0,273762,201907
VoOb1wMwKp0,273762,201908
VoOb1wMwKp0,273762,201909
VoOb1wMwKp0,273762,201910
VoOb1wMwKp0,273762,201911
VoOb1wMwKp0,273762,201912
VoOb1wMwKp0,273762,202001
VoOb1wMwKp0,273762,202002
VoOb1wMwKp0,273762,202003
VoOb1wMwKp0,273762,202004
VoOb1wMwKp0,273762,202005
VoOb1wMwKp0,273762,202006
VoOb1wMwKp0,273762,202007
VoOb1wMwKp0,273762,202008
VoOb1wMwKp0,273762,202009
VoOb1wMwKp0,273762,202010
VoOb1wMwKp0,273762,202011
VoOb1wMwKp0,273762,202012
VoOb1wMwKp0,273762,202101
VoOb1wMwKp0,273762,202102
VoOb1wMwKp0,273762,202103
VoOb1wMwKp0,273762,202104
VoOb1wMwKp0,273762,202105
VoOb1wMwKp0,273762,202106
VoOb1wMwKp0,273762,202107
VoOb1wMwKp0,273762,202108
VoOb1wMwKp0,273762,202109
VoOb1wMwKp0,273762,202110
VoOb1wMwKp0,273762,202111
VoOb1wMwKp0,273762,202112
VoOb1wMwKp0,273762,202201
VoOb1wMwKp0,273762,202202
VoOb1wMwKp0,273762,202203
VoOb1wMwKp0,273762,202204
VoOb1wMwKp0,273762,202205
VoOb1wMwKp0,273762,202206
VoOb1wMwKp0,273762,202207
VoOb1wMwKp0,273762,202208
VoOb1wMwKp0,273762,202209
VoOb1wMwKp0,273762,202210
VoOb1wMwKp0,273762,202211
VoOb1wMwKp0,273762,202212
VoOb1wMwKp0,273762,202301
VoOb1wMwKp0,273762,202302
VoOb1wMwKp0,273762,202303
VoOb1wMwKp0,273762,202304
VoOb1wMwKp0,273762,202305
VoOb1wMwKp0,273762,202306
VoOb1wMwKp0,273762,202307
VoOb1wMwKp0,273762,202308
VoOb1wMwKp0,273762,202309
VoOb1wMwKp0,273762,202310
VoOb1wMwKp0,273762,202311
VoOb1wMwKp0,273762,202312
VoOb1wMwKp0,273762,202401
VoOb1wMwKp0,273762,202402
VoOb1wMwKp0,273762,202403
VoOb1wMwKp0,273762,202404
VoOb1wMwKp0,273762,202405
VoOb1wMwKp0,273762,202406
VoOb1wMwKp0,273762,202407
VoOb1wMwKp0,273762,202408
VoOb1wMwKp0,273762,202409
VoOb1wMwKp0,273762,202410
VoOb1wMwKp0,273762,202411
VoOb1wMwKp0,273762,202412
Wep3D4POB3H,101540,201601
Wep3D4POB3H,101540,201602
Wep3D4POB3H,101540,201603
Wep3D4POB3H,101540,201604
Wep3D4POB3H,101540,201605
Wep3D4POB3H,101540,201606
Wep3D4POB3H,101540,201607
Wep3D4POB3H,101540,201608
Wep3D4POB3H,101540,201609
Wep3D4POB3H,101540,201610
Wep3D4POB3H,101540,201611
Wep3D4POB3H,101540,201612
Wep3D4POB3H,101540,201701
Wep3D4POB3H,101540,201702
Wep3D4POB3H,101540,201703
Wep3D4POB3H,101540,201704
Wep3D4POB3H,101540,201705
Wep3D4POB3H,101540,201706
Wep3D4POB3H,101540,201707
Wep3D4POB3H,101540,201708
Wep3D4POB3H,101540,201709
Wep3D4POB3H,101540,201710
Wep3D4POB3H,101540,201711
Wep3D4POB3H,101540,201712
Wep3D4POB3H,101540,201801
Wep3D4POB3H,101540,201802
Wep3D4POB3H,101540,201803
Wep3D4POB3H,101540,201804
Wep3D4POB3H,101540,201805
Wep3D4POB3H,101540,201806
Wep3D4POB3H,101540,201807
Wep3D4POB3H,101540,201808
Wep3D4POB3H,101540,201809
Wep3D4POB3H,101540,201810
Wep3D4POB3H,101540,201811
Wep3D4POB3H,101540,201812
Wep3D4POB3H,101540,201901
Wep3D4POB3H,101540,201902
Wep3D4POB3H,101540,201903
Wep3D4POB3H,101540,201904
Wep3D4POB3H,101540,201905
Wep3D4POB3H,101540,201906
Wep3D4POB3H,101540,201907
Wep3D4POB3H,101540,201908
Wep3D4POB3H,101540,201909
Wep3D4POB3H,101540,201910
Wep3D4POB3H,101540,201911
Wep3D4POB3H,101540,201912
Wep3D4POB3H,101540,202001
Wep3D4POB3H,101540,202002
Wep3D4POB3H,101540,202003
Wep3D4POB3H,101540,202004
Wep3D4POB3H,101540,202005
Wep3D4POB3H,101540,202006
Wep3D4POB3H,101540,202007
Wep3D4POB3H,101540,202008
Wep3D4POB3H,101540,202009
Wep3D4POB3H,101540,202010
Wep3D4POB3H,101540,202011
Wep3D4POB3H,101540,202012
Wep3D4POB3H,101540,202101
Wep3D4POB3H,101540,202102
Wep3D4POB3H,101540,202103
Wep3D4POB3H,101540,202104
Wep3D4POB3H,101540,202105
Wep3D4POB3H,101540,202106
Wep3D4POB3H,101540,202107
Wep3D4POB3H,101540,202108
Wep3D4POB3H,101540,202109
Wep3D4POB3H,101540,202110
Wep3D4POB3H,101540,202111
Wep3D4POB3H,101540,202112
Wep3D4POB3H,101540,202201
Wep3D4POB3H,101540,202202
Wep3D4POB3H,101540,202203
Wep3D4POB3H,101540,202204
Wep3D4POB3H,101540,202205
Wep3D4POB3H,101540,202206
Wep3D4POB3H,101540,202207
Wep3D4POB3H,101540,202208
Wep3D4POB3H,101540,202209
Wep3D4POB3H,101540,202210
Wep3D4POB3H,101540,202211
Wep3D4POB3H,101540,202212
Wep3D4POB3H,101540,202301
Wep3D4POB3H,101540,202302
Wep3D4POB3H,101540,202303
Wep3D4POB3H,101540,202304
Wep3D4POB3H,101540,202305
Wep3D4POB3H,101540,202306
Wep3D4POB3H,101540,202307
Wep3D4POB3H,101540,202308
Wep3D4POB3H,101540,202309
Wep3D4POB3H,101540,202310
Wep3D4POB3H,101540,202311
Wep3D4POB3H,101540,202312
Wep3D4POB3H,101540,202401
Wep3D4POB3H,101540,202402
Wep3D4POB3H,101540,202403
Wep3D4POB3H,101540,202404
Wep3D4POB3H,101540,202405
Wep3D4POB3H,101540,202406
Wep3D4POB3H,101540,202407
Wep3D4POB3H,101540,202408
Wep3D4POB3H,101540,202409
Wep3D4POB3H,101540,202410
Wep3D4POB3H,101540,202411
Wep3D4POB3H,101540,202412
WfE2smSUNDt,243470,201601
WfE2smSUNDt,243470,201602
WfE2smSUNDt,243470,201603
WfE2smSUNDt,243470,201604
WfE2smSUNDt,243470,201605
WfE2smSUNDt,243470,201606
WfE2smSUNDt,243470,201607
WfE2smSUNDt,243470,201608
WfE2smSUNDt,243470,201609
WfE2smSUNDt,243470,201610
WfE2smSUNDt,243470,201611
WfE2smSUNDt,243470,201612
WfE2smSUNDt,243470,201701
WfE2smSUNDt,243470,201702
WfE2smSUNDt,243470,201703
WfE2smSUNDt,243470,201704
WfE2smSUNDt,243470,201705
WfE2smSUNDt,243470,201706
WfE2smSUNDt,243470,201707
WfE2smSUNDt,243470,201708
WfE2smSUNDt,243470,201709
WfE2smSUNDt,243470,201710
WfE2smSUNDt,243470,201711
WfE2smSUNDt,243470,201712
WfE2smSUNDt,243470,201801
WfE2smSUNDt,243470,201802
WfE2smSUNDt,243470,201803
WfE2smSUNDt,243470,201804
WfE2smSUNDt,243470,201805
WfE2smSUNDt,243470,201806
WfE2smSUNDt,243470,201807
WfE2smSUNDt,243470,201808
WfE2smSUNDt,243470,201809
WfE2smSUNDt,243470,201810
WfE2smSUNDt,243470,201811
WfE2smSUNDt,243470,201812
WfE2smSUNDt,243470,201901
WfE2smSUNDt,243470,201902
WfE2smSUNDt,243470,201903
WfE2smSUNDt,243470,201904
WfE2smSUNDt,243470,201905
WfE2smSUNDt,243470,201906
WfE2smSUNDt,243470,201907
WfE2smSUNDt,243470,201908
WfE2smSUNDt,243470,201909
WfE2smSUNDt,243470,201910
WfE2smSUNDt,243470,201911
WfE2smSUNDt,243470,201912
WfE2smSUNDt,243470,202001
WfE2smSUNDt,243470,202002
WfE2smSUNDt,243470,202003
WfE2smSUNDt,243470,202004
WfE2smSUNDt,243470,202005
WfE2smSUNDt,243470,202006
WfE2smSUNDt,243470,202007
WfE2smSUNDt,243470,202008
WfE2smSUNDt,243470,202009
WfE2smSUNDt,243470,202010
WfE2smSUNDt,243470,202011
WfE2smSUNDt,243470,202012
WfE2smSUNDt,243470,202101
WfE2smSUNDt,243470,202102
WfE2smSUNDt,243470,202103
WfE2smSUNDt,243470,202104
WfE2smSUNDt,243470,202105
WfE2smSUNDt,243470,202106
WfE2smSUNDt,243470,202107
WfE2smSUNDt,243470,202108
WfE2smSUNDt,243470,202109
WfE2smSUNDt,243470,202110
WfE2smSUNDt,243470,202111
WfE2smSUNDt,243470,202112
WfE2smSUNDt,243470,202201
WfE2smSUNDt,243470,202202
WfE2smSUNDt,243470,202203
WfE2smSUNDt,243470,202204
WfE2smSUNDt,243470,202205
WfE2smSUNDt,243470,202206
WfE2smSUNDt,243470,202207
WfE2smSUNDt,243470,202208
WfE2smSUNDt,243470,202209
WfE2smSUNDt,243470,202210
WfE2smSUNDt,243470,202211
WfE2smSUNDt,243470,202212
WfE2smSUNDt,243470,202301
WfE2smSUNDt,243470,202302
WfE2smSUNDt,243470,202303
WfE2smSUNDt,243470,202304
WfE2smSUNDt,243470,202305
WfE2smSUNDt,243470,202306
WfE2smSUNDt,243470,202307
WfE2smSUNDt,243470,202308
WfE2smSUNDt,243470,202309
WfE2smSUNDt,243470,202310
WfE2smSUNDt,243470,202311
WfE2smSUNDt,243470,202312
WfE2smSUNDt,243470,202401
WfE2smSUNDt,243470,202402
WfE2smSUNDt,243470,202403
WfE2smSUNDt,243470,202404
WfE2smSUNDt,243470,202405
WfE2smSUNDt,243470,202406
WfE2smSUNDt,243470,202407
WfE2smSUNDt,243470,202408
WfE2smSUNDt,243470,202409
WfE2smSUNDt,243470,202410
WfE2smSUNDt,243470,202411
WfE2smSUNDt,243470,202412
Yacp1fLlWut,4782,201601
Yacp1fLlWut,4782,201602
Yacp1fLlWut,4782,201603
Yacp1fLlWut,4782,201604
Yacp1fLlWut,4782,201605
Yacp1fLlWut,4782,201606
Yacp1fLlWut,4782,201607
Yacp1fLlWut,4782,201608
Yacp1fLlWut,4782,201609
Yacp1fLlWut,4782,201610
Yacp1fLlWut,4782,201611
Yacp1fLlWut,4782,201612
Yacp1fLlWut,4782,201701
Yacp1fLlWut,4782,201702
Yacp1fLlWut,4782,201703
Yacp1fLlWut,4782,201704
Yacp1fLlWut,4782,201705
Yacp1fLlWut,4782,201706
Yacp1fLlWut,4782,201707
Yacp1fLlWut,4782,201708
Yacp1fLlWut,4782,201709
Yacp1fLlWut,4782,201710
Yacp1fLlWut,4782,201711
Yacp1fLlWut,4782,201712
Yacp1fLlWut,4782,201801
Yacp1fLlWut,4782,201802
Yacp1fLlWut,4782,201803
Yacp1fLlWut,4782,201804
Yacp1fLlWut,4782,201805
Yacp1fLlWut,4782,201806
Yacp1fLlWut,4782,201807
Yacp1fLlWut,4782,201808
Yacp1fLlWut,4782,201809
Yacp1fLlWut,4782,201810
Yacp1fLlWut,4782,201811
Yacp1fLlWut,4782,201812
Yacp1fLlWut,4782,201901
Yacp1fLlWut,4782,201902
Yacp1fLlWut,4782,201903
Yacp1fLlWut,4782,201904
Yacp1fLlWut,4782,201905
Yacp1fLlWut,4782,201906
Yacp1fLlWut,4782,201907
Yacp1fLlWut,4782,201908
Yacp1fLlWut,4782,201909
Yacp1fLlWut,4782,201910
Yacp1fLlWut,4782,201911
Yacp1fLlWut,4782,201912
Yacp1fLlWut,4782,202001
Yacp1fLlWut,4782,202002
Yacp1fLlWut,4782,202003
Yacp1fLlWut,4782,202004
Yacp1fLlWut,4782,202005
Yacp1fLlWut,4782,202006
Yacp1fLlWut,4782,202007
Yacp1fLlWut,4782,202008
Yacp1fLlWut,4782,202009
Yacp1fLlWut,4782,202010
Yacp1fLlWut,4782,202011
Yacp1fLlWut,4782,202012
Yacp1fLlWut,4782,202101
Yacp1fLlWut,4782,202102
Yacp1fLlWut,4782,202103
Yacp1fLlWut,4782,202104
Yacp1fLlWut,4782,202105
Yacp1fLlWut,4782,202106
Yacp1fLlWut,4782,202107
Yacp1fLlWut,4782,202108
Yacp1fLlWut,4782,202109
Yacp1fLlWut,4782,202110
Yacp1fLlWut,4782,202111
Yacp1fLlWut,4782,202112
Yacp1fLlWut,4782,202201
Yacp1fLlWut,4782,202202
Yacp1fLlWut,4782,202203
Yacp1fLlWut,4782,202204
Yacp1fLlWut,4782,202205
Yacp1fLlWut,4782,202206
Yacp1fLlWut,4782,202207
Yacp1fLlWut,4782,202208
Yacp1fLlWut,4782,202209
Yacp1fLlWut,4782,202210
Yacp1fLlWut,4782,202211
Yacp1fLlWut,4782,202212
Yacp1fLlWut,4782,202301
Yacp1fLlWut,4782,202302
Yacp1fLlWut,4782,202303
Yacp1fLlWut,4782,202304
Yacp1fLlWut,4782,202305
Yacp1fLlWut,4782,202306
Yacp1fLlWut,4782,202307
Yacp1fLlWut,4782,202308
Yacp1fLlWut,4782,202309
Yacp1fLlWut,4782,202310
Yacp1fLlWut,4782,202311
Yacp1fLlWut,4782,202312
Yacp1fLlWut,4782,202401
Yacp1fLlWut,4782,202402
Yacp1fLlWut,4782,202403
Yacp1fLlWut,4782,202404
Yacp1fLlWut,4782,202405
Yacp1fLlWut,4782,202406
Yacp1fLlWut,4782,202407
Yacp1fLlWut,4782,202408
Yacp1fLlWut,4782,202409
Yacp1fLlWut,4782,202410
Yacp1fLlWut,4782,202411
Yacp1fLlWut,4782,202412
YmFSl06J6cs,860580,201601
YmFSl06J6cs,860580,201602
YmFSl06J6cs,860580,201603
YmFSl06J6cs,860580,201604
YmFSl06J6cs,860580,201605
YmFSl06J6cs,860580,201606
YmFSl06J6cs,860580,201607
YmFSl06J6cs,860580,201608
YmFSl06J6cs,860580,201609
YmFSl06J6cs,860580,201610
YmFSl06J6cs,860580,201611
YmFSl06J6cs,860580,201612
YmFSl06J6cs,860580,201701
YmFSl06J6cs,860580,201702
YmFSl06J6cs,860580,201703
YmFSl06J6cs,860580,201704
YmFSl06J6cs,860580,201705
YmFSl06J6cs,860580,201706
YmFSl06J6cs,860580,201707
YmFSl06J6cs,860580,201708
YmFSl06J6cs,860580,201709
YmFSl06J6cs,860580,201710
YmFSl06J6cs,860580,201711
YmFSl06J6cs,860580,201712
YmFSl06J6cs,860580,201801
YmFSl06J6cs,860580,201802
YmFSl06J6cs,860580,201803
YmFSl06J6cs,860580,201804
YmFSl06J6cs,860580,201805
YmFSl06J6cs,860580,201806
YmFSl06J6cs,860580,201807
YmFSl06J6cs,860580,201808
YmFSl06J6cs,860580,201809
YmFSl06J6cs,860580,201810
YmFSl06J6cs,860580,201811
YmFSl06J6cs,860580,201812
YmFSl06J6cs,860580,201901
YmFSl06J6cs,860580,201902
YmFSl06J6cs,860580,201903
YmFSl06J6cs,860580,201904
YmFSl06J6cs,860580,201905
YmFSl06J6cs,860580,201906
YmFSl06J6cs,860580,201907
YmFSl06J6cs,860580,201908
YmFSl06J6cs,860580,201909
YmFSl06J6cs,860580,201910
YmFSl06J6cs,860580,201911
YmFSl06J6cs,860580,201912
YmFSl06J6cs,860580,202001
YmFSl06J6cs,860580,202002
YmFSl06J6cs,860580,202003
YmFSl06J6cs,860580,202004
YmFSl06J6cs,860580,202005
YmFSl06J6cs,860580,202006
YmFSl06J6cs,860580,202007
YmFSl06J6cs,860580,202008
YmFSl06J6cs,860580,202009
YmFSl06J6cs,860580,202010
YmFSl06J6cs,860580,202011
YmFSl06J6cs,860580,202012
YmFSl06J6cs,860580,202101
YmFSl06J6cs,860580,202102
YmFSl06J6cs,860580,202103
YmFSl06J6cs,860580,202104
YmFSl06J6cs,860580,202105
YmFSl06J6cs,860580,202106
YmFSl06J6cs,860580,202107
YmFSl06J6cs,860580,202108
YmFSl06J6cs,860580,202109
YmFSl06J6cs,860580,202110
YmFSl06J6cs,860580,202111
YmFSl06J6cs,860580,202112
YmFSl06J6cs,860580,202201
YmFSl06J6cs,860580,202202
YmFSl06J6cs,860580,202203
YmFSl06J6cs,860580,202204
YmFSl06J6cs,860580,202205
YmFSl06J6cs,860580,202206
YmFSl06J6cs,860580,202207
YmFSl06J6cs,860580,202208
YmFSl06J6cs,860580,202209
YmFSl06J6cs,860580,202210
YmFSl06J6cs,860580,202211
YmFSl06J6cs,860580,202212
YmFSl06J6cs,860580,202301
YmFSl06J6cs,860580,202302
YmFSl06J6cs,860580,202303
YmFSl06J6cs,860580,202304
YmFSl06J6cs,860580,202305
YmFSl06J6cs,860580,202306
YmFSl06J6cs,860580,202307
YmFSl06J6cs,860580,202308
YmFSl06J6cs,860580,202309
YmFSl06J6cs,860580,202310
YmFSl06J6cs,860580,202311
YmFSl06J6cs,860580,202312
YmFSl06J6cs,860580,202401
YmFSl06J6cs,860580,202402
YmFSl06J6cs,860580,202403
YmFSl06J6cs,860580,202404
YmFSl06J6cs,860580,202405
YmFSl06J6cs,860580,202406
YmFSl06J6cs,860580,202407
YmFSl06J6cs,860580,202408
YmFSl06J6cs,860580,202409
YmFSl06J6cs,860580,202410
YmFSl06J6cs,860580,202411
YmFSl06J6cs,860580,202412
YnUoe8z0OJY,243154,201601
YnUoe8z0OJY,243154,201602
YnUoe8z0OJY,243154,201603
YnUoe8z0OJY,243154,201604
YnUoe8z0OJY,243154,201605
YnUoe8z0OJY,243154,201606
YnUoe8z0OJY,243154,201607
YnUoe8z0OJY,243154,201608
YnUoe8z0OJY,243154,201609
YnUoe8z0OJY,243154,201610
YnUoe8z0OJY,243154,201611
YnUoe8z0OJY,243154,201612
YnUoe8z0OJY,243154,201701
YnUoe8z0OJY,243154,201702
YnUoe8z0OJY,243154,201703
YnUoe8z0OJY,243154,201704
YnUoe8z0OJY,243154,201705
YnUoe8z0OJY,243154,201706
YnUoe8z0OJY,243154,201707
YnUoe8z0OJY,243154,201708
YnUoe8z0OJY,243154,201709
YnUoe8z0OJY,243154,201710
YnUoe8z0OJY,243154,201711
YnUoe8z0OJY,243154,201712
YnUoe8z0OJY,243154,201801
YnUoe8z0OJY,243154,201802
YnUoe8z0OJY,243154,201803
YnUoe8z0OJY,243154,201804
YnUoe8z0OJY,243154,201805
YnUoe8z0OJY,243154,201806
YnUoe8z0OJY,243154,201807
YnUoe8z0OJY,243154,201808
YnUoe8z0OJY,243154,201809
YnUoe8z0OJY,243154,201810
YnUoe8z0OJY,243154,201811
YnUoe8z0OJY,243154,201812
YnUoe8z0OJY,243154,201901
YnUoe8z0OJY,243154,201902
YnUoe8z0OJY,243154,201903
YnUoe8z0OJY,243154,201904
YnUoe8z0OJY,243154,201905
YnUoe8z0OJY,243154,201906
YnUoe8z0OJY,243154,201907
YnUoe8z0OJY,243154,201908
YnUoe8z0OJY,243154,201909
YnUoe8z0OJY,243154,201910
YnUoe8z0OJY,243154,201911
YnUoe8z0OJY,243154,201912
YnUoe8z0OJY,243154,202001
YnUoe8z0OJY,243154,202002
YnUoe8z0OJY,243154,202003
YnUoe8z0OJY,243154,202004
YnUoe8z0OJY,243154,202005
YnUoe8z0OJY,243154,202006
YnUoe8z0OJY,243154,202007
YnUoe8z0OJY,243154,202008
YnUoe8z0OJY,243154,202009
YnUoe8z0OJY,243154,202010
YnUoe8z0OJY,243154,202011
YnUoe8z0OJY,243154,202012
YnUoe8z0OJY,243154,202101
YnUoe8z0OJY,243154,202102
YnUoe8z0OJY,243154,202103
YnUoe8z0OJY,243154,202104
YnUoe8z0OJY,243154,202105
YnUoe8z0OJY,243154,202106
YnUoe8z0OJY,243154,202107
YnUoe8z0OJY,243154,202108
YnUoe8z0OJY,243154,202109
YnUoe8z0OJY,243154,202110
YnUoe8z0OJY,243154,202111
YnUoe8z0OJY,243154,202112
YnUoe8z0OJY,243154,202201
YnUoe8z0OJY,243154,202202
YnUoe8z0OJY,243154,202203
YnUoe8z0OJY,243154,202204
YnUoe8z0OJY,243154,202205
YnUoe8z0OJY,243154,202206
YnUoe8z0OJY,243154,202207
YnUoe8z0OJY,243154,202208
YnUoe8z0OJY,243154,202209
YnUoe8z0OJY,243154,202210
YnUoe8z0OJY,243154,202211
YnUoe8z0OJY,243154,202212
YnUoe8z0OJY,243154,202301
YnUoe8z0OJY,243154,202302
YnUoe8z0OJY,243154,202303
YnUoe8z0OJY,243154,202304
YnUoe8z0OJY,243154,202305
YnUoe8z0OJY,243154,202306
YnUoe8z0OJY,243154,202307
YnUoe8z0OJY,243154,202308
YnUoe8z0OJY,243154,202309
YnUoe8z0OJY,243154,202310
YnUoe8z0OJY,243154,202311
YnUoe8z0OJY,243154,202312
YnUoe8z0OJY,243154,202401
YnUoe8z0OJY,243154,202402
YnUoe8z0OJY,243154,202403
YnUoe8z0OJY,243154,202404
YnUoe8z0OJY,243154,202405
YnUoe8z0OJY,243154,202406
YnUoe8z0OJY,243154,202407
YnUoe8z0OJY,243154,202408
YnUoe8z0OJY,243154,202409
YnUoe8z0OJY,243154,202410
YnUoe8z0OJY,243154,202411
YnUoe8z0OJY,243154,202412
ZIo35uAAfZo,150675,201601
ZIo35uAAfZo,150675,201602
ZIo35uAAfZo,150675,201603
ZIo35uAAfZo,150675,201604
ZIo35uAAfZo,150675,201605
ZIo35uAAfZo,150675,201606
ZIo35uAAfZo,150675,201607
ZIo35uAAfZo,150675,201608
ZIo35uAAfZo,150675,201609
ZIo35uAAfZo,150675,201610
ZIo35uAAfZo,150675,201611
ZIo35uAAfZo,150675,201612
ZIo35uAAfZo,150675,201701
ZIo35uAAfZo,150675,201702
ZIo35uAAfZo,150675,201703
ZIo35uAAfZo,150675,201704
ZIo35uAAfZo,150675,201705
ZIo35uAAfZo,150675,201706
ZIo35uAAfZo,150675,201707
ZIo35uAAfZo,150675,201708
ZIo35uAAfZo,150675,201709
ZIo35uAAfZo,150675,201710
ZIo35uAAfZo,150675,201711
ZIo35uAAfZo,150675,201712
ZIo35uAAfZo,150675,201801
ZIo35uAAfZo,150675,201802
ZIo35uAAfZo,150675,201803
ZIo35uAAfZo,150675,201804
ZIo35uAAfZo,150675,201805
ZIo35uAAfZo,150675,201806
ZIo35uAAfZo,150675,201807
ZIo35uAAfZo,150675,201808
ZIo35uAAfZo,150675,201809
ZIo35uAAfZo,150675,201810
ZIo35uAAfZo,150675,201811
ZIo35uAAfZo,150675,201812
ZIo35uAAfZo,150675,201901
ZIo35uAAfZo,150675,201902
ZIo35uAAfZo,150675,201903
ZIo35uAAfZo,150675,201904
ZIo35uAAfZo,150675,201905
ZIo35uAAfZo,150675,201906
ZIo35uAAfZo,150675,201907
ZIo35uAAfZo,150675,201908
ZIo35uAAfZo,150675,201909
ZIo35uAAfZo,150675,201910
ZIo35uAAfZo,150675,201911
ZIo35uAAfZo,150675,201912
ZIo35uAAfZo,150675,202001
ZIo35uAAfZo,150675,202002
ZIo35uAAfZo,150675,202003
ZIo35uAAfZo,150675,202004
ZIo35uAAfZo,150675,202005
ZIo35uAAfZo,150675,202006
ZIo35uAAfZo,150675,202007
ZIo35uAAfZo,150675,202008
ZIo35uAAfZo,150675,202009
ZIo35uAAfZo,150675,202010
ZIo35uAAfZo,150675,202011
ZIo35uAAfZo,150675,202012
ZIo35uAAfZo,150675,202101
ZIo35uAAfZo,150675,202102
ZIo35uAAfZo,150675,202103
ZIo35uAAfZo,150675,202104
ZIo35uAAfZo,150675,202105
ZIo35uAAfZo,150675,202106
ZIo35uAAfZo,150675,202107
ZIo35uAAfZo,150675,202108
ZIo35uAAfZo,150675,202109
ZIo35uAAfZo,150675,202110
ZIo35uAAfZo,150675,202111
ZIo35uAAfZo,150675,202112
ZIo35uAAfZo,150675,202201
ZIo35uAAfZo,150675,202202
ZIo35uAAfZo,150675,202203
ZIo35uAAfZo,150675,202204
ZIo35uAAfZo,150675,202205
ZIo35uAAfZo,150675,202206
ZIo35uAAfZo,150675,202207
ZIo35uAAfZo,150675,202208
ZIo35uAAfZo,150675,202209
ZIo35uAAfZo,150675,202210
ZIo35uAAfZo,150675,202211
ZIo35uAAfZo,150675,202212
ZIo35uAAfZo,150675,202301
ZIo35uAAfZo,150675,202302
ZIo35uAAfZo,150675,202303
ZIo35uAAfZo,150675,202304
ZIo35uAAfZo,150675,202305
ZIo35uAAfZo,150675,202306
ZIo35uAAfZo,150675,202307
ZIo35uAAfZo,150675,202308
ZIo35uAAfZo,150675,202309
ZIo35uAAfZo,150675,202310
ZIo35uAAfZo,150675,202311
ZIo35uAAfZo,150675,202312
ZIo35uAAfZo,150675,202401
ZIo35uAAfZo,150675,202402
ZIo35uAAfZo,150675,202403
ZIo35uAAfZo,150675,202404
ZIo35uAAfZo,150675,202405
ZIo35uAAfZo,150675,202406
ZIo35uAAfZo,150675,202407
ZIo35uAAfZo,150675,202408
ZIo35uAAfZo,150675,202409
ZIo35uAAfZo,150675,202410
ZIo35uAAfZo,150675,202411
ZIo35uAAfZo,150675,202412
ZULmwVN4Zfv,169156,201601
ZULmwVN4Zfv,169156,201602
ZULmwVN4Zfv,169156,201603
ZULmwVN4Zfv,169156,201604
ZULmwVN4Zfv,169156,201605
ZULmwVN4Zfv,169156,201606
ZULmwVN4Zfv,169156,201607
ZULmwVN4Zfv,169156,201608
ZULmwVN4Zfv,169156,201609
ZULmwVN4Zfv,169156,201610
ZULmwVN4Zfv,169156,201611
ZULmwVN4Zfv,169156,201612
ZULmwVN4Zfv,169156,201701
ZULmwVN4Zfv,169156,201702
ZULmwVN4Zfv,169156,201703
ZULmwVN4Zfv,169156,201704
ZULmwVN4Zfv,169156,201705
ZULmwVN4Zfv,169156,201706
ZULmwVN4Zfv,169156,201707
ZULmwVN4Zfv,169156,201708
ZULmwVN4Zfv,169156,201709
ZULmwVN4Zfv,169156,201710
ZULmwVN4Zfv,169156,201711
ZULmwVN4Zfv,169156,201712
ZULmwVN4Zfv,169156,201801
ZULmwVN4Zfv,169156,201802
ZULmwVN4Zfv,169156,201803
ZULmwVN4Zfv,169156,201804
ZULmwVN4Zfv,169156,201805
ZULmwVN4Zfv,169156,201806
ZULmwVN4Zfv,169156,201807
ZULmwVN4Zfv,169156,201808
ZULmwVN4Zfv,169156,201809
ZULmwVN4Zfv,169156,201810
ZULmwVN4Zfv,169156,201811
ZULmwVN4Zfv,169156,201812
ZULmwVN4Zfv,169156,201901
ZULmwVN4Zfv,169156,201902
ZULmwVN4Zfv,169156,201903
ZULmwVN4Zfv,169156,201904
ZULmwVN4Zfv,169156,201905
ZULmwVN4Zfv,169156,201906
ZULmwVN4Zfv,169156,201907
ZULmwVN4Zfv,169156,201908
ZULmwVN4Zfv,169156,201909
ZULmwVN4Zfv,169156,201910
ZULmwVN4Zfv,169156,201911
ZULmwVN4Zfv,169156,201912
ZULmwVN4Zfv,169156,202001
ZULmwVN4Zfv,169156,202002
ZULmwVN4Zfv,169156,202003
ZULmwVN4Zfv,169156,202004
ZULmwVN4Zfv,169156,202005
ZULmwVN4Zfv,169156,202006
ZULmwVN4Zfv,169156,202007
ZULmwVN4Zfv,169156,202008
ZULmwVN4Zfv,169156,202009
ZULmwVN4Zfv,169156,202010
ZULmwVN4Zfv,169156,202011
ZULmwVN4Zfv,169156,202012
ZULmwVN4Zfv,169156,202101
ZULmwVN4Zfv,169156,202102
ZULmwVN4Zfv,169156,202103
ZULmwVN4Zfv,169156,202104
ZULmwVN4Zfv,169156,202105
ZULmwVN4Zfv,169156,202106
ZULmwVN4Zfv,169156,202107
ZULmwVN4Zfv,169156,202108
ZULmwVN4Zfv,169156,202109
ZULmwVN4Zfv,169156,202110
ZULmwVN4Zfv,169156,202111
ZULmwVN4Zfv,169156,202112
ZULmwVN4Zfv,169156,202201
ZULmwVN4Zfv,169156,202202
ZULmwVN4Zfv,169156,202203
ZULmwVN4Zfv,169156,202204
ZULmwVN4Zfv,169156,202205
ZULmwVN4Zfv,169156,202206
ZULmwVN4Zfv,169156,202207
ZULmwVN4Zfv,169156,202208
ZULmwVN4Zfv,169156,202209
ZULmwVN4Zfv,169156,202210
ZULmwVN4Zfv,169156,202211
ZULmwVN4Zfv,169156,202212
ZULmwVN4Zfv,169156,202301
ZULmwVN4Zfv,169156,202302
ZULmwVN4Zfv,169156,202303
ZULmwVN4Zfv,169156,202304
ZULmwVN4Zfv,169156,202305
ZULmwVN4Zfv,169156,202306
ZULmwVN4Zfv,169156,202307
ZULmwVN4Zfv,169156,202308
ZULmwVN4Zfv,169156,202309
ZULmwVN4Zfv,169156,202310
ZULmwVN4Zfv,169156,202311
ZULmwVN4Zfv,169156,202312
ZULmwVN4Zfv,169156,202401
ZULmwVN4Zfv,169156,202402
ZULmwVN4Zfv,169156,202403
ZULmwVN4Zfv,169156,202404
ZULmwVN4Zfv,169156,202405
ZULmwVN4Zfv,169156,202406
ZULmwVN4Zfv,169156,202407
ZULmwVN4Zfv,169156,202408
ZULmwVN4Zfv,169156,202409
ZULmwVN4Zfv,169156,202410
ZULmwVN4Zfv,169156,202411
ZULmwVN4Zfv,169156,202412
ZVmULoI6vcV,352620,201601
ZVmULoI6vcV,352620,201602
ZVmULoI6vcV,352620,201603
ZVmULoI6vcV,352620,201604
ZVmULoI6vcV,352620,201605
ZVmULoI6vcV,352620,201606
ZVmULoI6vcV,352620,201607
ZVmULoI6vcV,352620,201608
ZVmULoI6vcV,352620,201609
ZVmULoI6vcV,352620,201610
ZVmULoI6vcV,352620,201611
ZVmULoI6vcV,352620,201612
ZVmULoI6vcV,352620,201701
ZVmULoI6vcV,352620,201702
ZVmULoI6vcV,352620,201703
ZVmULoI6vcV,352620,201704
ZVmULoI6vcV,352620,201705
ZVmULoI6vcV,352620,201706
ZVmULoI6vcV,352620,201707
ZVmULoI6vcV,352620,201708
ZVmULoI6vcV,352620,201709
ZVmULoI6vcV,352620,201710
ZVmULoI6vcV,352620,201711
ZVmULoI6vcV,352620,201712
ZVmULoI6vcV,352620,201801
ZVmULoI6vcV,352620,201802
ZVmULoI6vcV,352620,201803
ZVmULoI6vcV,352620,201804
ZVmULoI6vcV,352620,201805
ZVmULoI6vcV,352620,201806
ZVmULoI6vcV,352620,201807
ZVmULoI6vcV,352620,201808
ZVmULoI6vcV,352620,201809
ZVmULoI6vcV,352620,201810
ZVmULoI6vcV,352620,201811
ZVmULoI6vcV,352620,201812
ZVmULoI6vcV,352620,201901
ZVmULoI6vcV,352620,201902
ZVmULoI6vcV,352620,201903
ZVmULoI6vcV,352620,201904
ZVmULoI6vcV,352620,201905
ZVmULoI6vcV,352620,201906
ZVmULoI6vcV,352620,201907
ZVmULoI6vcV,352620,201908
ZVmULoI6vcV,352620,201909
ZVmULoI6vcV,352620,201910
ZVmULoI6vcV,352620,201911
ZVmULoI6vcV,352620,201912
ZVmULoI6vcV,352620,202001
ZVmULoI6vcV,352620,202002
ZVmULoI6vcV,352620,202003
ZVmULoI6vcV,352620,202004
ZVmULoI6vcV,352620,202005
ZVmULoI6vcV,352620,202006
ZVmULoI6vcV,352620,202007
ZVmULoI6vcV,352620,202008
ZVmULoI6vcV,352620,202009
ZVmULoI6vcV,352620,202010
ZVmULoI6vcV,352620,202011
ZVmULoI6vcV,352620,202012
ZVmULoI6vcV,352620,202101
ZVmULoI6vcV,352620,202102
ZVmULoI6vcV,352620,202103
ZVmULoI6vcV,352620,202104
ZVmULoI6vcV,352620,202105
ZVmULoI6vcV,352620,202106
ZVmULoI6vcV,352620,202107
ZVmULoI6vcV,352620,202108
ZVmULoI6vcV,352620,202109
ZVmULoI6vcV,352620,202110
ZVmULoI6vcV,352620,202111
ZVmULoI6vcV,352620,202112
ZVmULoI6vcV,352620,202201
ZVmULoI6vcV,352620,202202
ZVmULoI6vcV,352620,202203
ZVmULoI6vcV,352620,202204
ZVmULoI6vcV,352620,202205
ZVmULoI6vcV,352620,202206
ZVmULoI6vcV,352620,202207
ZVmULoI6vcV,352620,202208
ZVmULoI6vcV,352620,202209
ZVmULoI6vcV,352620,202210
ZVmULoI6vcV,352620,202211
ZVmULoI6vcV,352620,202212
ZVmULoI6vcV,352620,202301
ZVmULoI6vcV,352620,202302
ZVmULoI6vcV,352620,202303
ZVmULoI6vcV,352620,202304
ZVmULoI6vcV,352620,202305
ZVmULoI6vcV,352620,202306
ZVmULoI6vcV,352620,202307
ZVmULoI6vcV,352620,202308
ZVmULoI6vcV,352620,202309
ZVmULoI6vcV,352620,202310
ZVmULoI6vcV,352620,202311
ZVmULoI6vcV,352620,202312
ZVmULoI6vcV,352620,202401
ZVmULoI6vcV,352620,202402
ZVmULoI6vcV,352620,202403
ZVmULoI6vcV,352620,202404
ZVmULoI6vcV,352620,202405
ZVmULoI6vcV,352620,202406
ZVmULoI6vcV,352620,202407
ZVmULoI6vcV,352620,202408
ZVmULoI6vcV,352620,202409
ZVmULoI6vcV,352620,202410
ZVmULoI6vcV,352620,202411
ZVmULoI6vcV,352620,202412
bWmwn3sMsG0,238795,201601
bWmwn3sMsG0,238795,201602
bWmwn3sMsG0,238795,201603
bWmwn3sMsG0,238795,201604
bWmwn3sMsG0,238795,201605
bWmwn3sMsG0,238795,201606
bWmwn3sMsG0,238795,201607
bWmwn3sMsG0,238795,201608
bWmwn3sMsG0,238795,201609
bWmwn3sMsG0,238795,201610
bWmwn3sMsG0,238795,201611
bWmwn3sMsG0,238795,201612
bWmwn3sMsG0,238795,201701
bWmwn3sMsG0,238795,201702
bWmwn3sMsG0,238795,201703
bWmwn3sMsG0,238795,201704
bWmwn3sMsG0,238795,201705
bWmwn3sMsG0,238795,201706
bWmwn3sMsG0,238795,201707
bWmwn3sMsG0,238795,201708
bWmwn3sMsG0,238795,201709
bWmwn3sMsG0,238795,201710
bWmwn3sMsG0,238795,201711
bWmwn3sMsG0,238795,201712
bWmwn3sMsG0,238795,201801
bWmwn3sMsG0,238795,201802
bWmwn3sMsG0,238795,201803
bWmwn3sMsG0,238795,201804
bWmwn3sMsG0,238795,201805
bWmwn3sMsG0,238795,201806
bWmwn3sMsG0,238795,201807
bWmwn3sMsG0,238795,201808
bWmwn3sMsG0,238795,201809
bWmwn3sMsG0,238795,201810
bWmwn3sMsG0,238795,201811
bWmwn3sMsG0,238795,201812
bWmwn3sMsG0,238795,201901
bWmwn3sMsG0,238795,201902
bWmwn3sMsG0,238795,201903
bWmwn3sMsG0,238795,201904
bWmwn3sMsG0,238795,201905
bWmwn3sMsG0,238795,201906
bWmwn3sMsG0,238795,201907
bWmwn3sMsG0,238795,201908
bWmwn3sMsG0,238795,201909
bWmwn3sMsG0,238795,201910
bWmwn3sMsG0,238795,201911
bWmwn3sMsG0,238795,201912
bWmwn3sMsG0,238795,202001
bWmwn3sMsG0,238795,202002
bWmwn3sMsG0,238795,202003
bWmwn3sMsG0,238795,202004
bWmwn3sMsG0,238795,202005
bWmwn3sMsG0,238795,202006
bWmwn3sMsG0,238795,202007
bWmwn3sMsG0,238795,202008
bWmwn3sMsG0,238795,202009
bWmwn3sMsG0,238795,202010
bWmwn3sMsG0,238795,202011
bWmwn3sMsG0,238795,202012
bWmwn3sMsG0,238795,202101
bWmwn3sMsG0,238795,202102
bWmwn3sMsG0,238795,202103
bWmwn3sMsG0,238795,202104
bWmwn3sMsG0,238795,202105
bWmwn3sMsG0,238795,202106
bWmwn3sMsG0,238795,202107
bWmwn3sMsG0,238795,202108
bWmwn3sMsG0,238795,202109
bWmwn3sMsG0,238795,202110
bWmwn3sMsG0,238795,202111
bWmwn3sMsG0,238795,202112
bWmwn3sMsG0,238795,202201
bWmwn3sMsG0,238795,202202
bWmwn3sMsG0,238795,202203
bWmwn3sMsG0,238795,202204
bWmwn3sMsG0,238795,202205
bWmwn3sMsG0,238795,202206
bWmwn3sMsG0,238795,202207
bWmwn3sMsG0,238795,202208
bWmwn3sMsG0,238795,202209
bWmwn3sMsG0,238795,202210
bWmwn3sMsG0,238795,202211
bWmwn3sMsG0,238795,202212
bWmwn3sMsG0,238795,202301
bWmwn3sMsG0,238795,202302
bWmwn3sMsG0,238795,202303
bWmwn3sMsG0,238795,202304
bWmwn3sMsG0,238795,202305
bWmwn3sMsG0,238795,202306
bWmwn3sMsG0,238795,202307
bWmwn3sMsG0,238795,202308
bWmwn3sMsG0,238795,202309
bWmwn3sMsG0,238795,202310
bWmwn3sMsG0,238795,202311
bWmwn3sMsG0,238795,202312
bWmwn3sMsG0,238795,202401
bWmwn3sMsG0,238795,202402
bWmwn3sMsG0,238795,202403
bWmwn3sMsG0,238795,202404
bWmwn3sMsG0,238795,202405
bWmwn3sMsG0,238795,202406
bWmwn3sMsG0,238795,202407
bWmwn3sMsG0,238795,202408
bWmwn3sMsG0,238795,202409
bWmwn3sMsG0,238795,202410
bWmwn3sMsG0,238795,202411
bWmwn3sMsG0,238795,202412
bX87SmYR3TJ,734510,201601
bX87SmYR3TJ,734510,201602
bX87SmYR3TJ,734510,201603
bX87SmYR3TJ,734510,201604
bX87SmYR3TJ,734510,201605
bX87SmYR3TJ,734510,201606
bX87SmYR3TJ,734510,201607
bX87SmYR3TJ,734510,201608
bX87SmYR3TJ,734510,201609
bX87SmYR3TJ,734510,201610
bX87SmYR3TJ,734510,201611
bX87SmYR3TJ,734510,201612
bX87SmYR3TJ,734510,201701
bX87SmYR3TJ,734510,201702
bX87SmYR3TJ,734510,201703
bX87SmYR3TJ,734510,201704
bX87SmYR3TJ,734510,201705
bX87SmYR3TJ,734510,201706
bX87SmYR3TJ,734510,201707
bX87SmYR3TJ,734510,201708
bX87SmYR3TJ,734510,201709
bX87SmYR3TJ,734510,201710
bX87SmYR3TJ,734510,201711
bX87SmYR3TJ,734510,201712
bX87SmYR3TJ,734510,201801
bX87SmYR3TJ,734510,201802
bX87SmYR3TJ,734510,201803
bX87SmYR3TJ,734510,201804
bX87SmYR3TJ,734510,201805
bX87SmYR3TJ,734510,201806
bX87SmYR3TJ,734510,201807
bX87SmYR3TJ,734510,201808
bX87SmYR3TJ,734510,201809
bX87SmYR3TJ,734510,201810
bX87SmYR3TJ,734510,201811
bX87SmYR3TJ,734510,201812
bX87SmYR3TJ,734510,201901
bX87SmYR3TJ,734510,201902
bX87SmYR3TJ,734510,201903
bX87SmYR3TJ,734510,201904
bX87SmYR3TJ,734510,201905
bX87SmYR3TJ,734510,201906
bX87SmYR3TJ,734510,201907
bX87SmYR3TJ,734510,201908
bX87SmYR3TJ,734510,201909
bX87SmYR3TJ,734510,201910
bX87SmYR3TJ,734510,201911
bX87SmYR3TJ,734510,201912
bX87SmYR3TJ,734510,202001
bX87SmYR3TJ,734510,202002
bX87SmYR3TJ,734510,202003
bX87SmYR3TJ,734510,202004
bX87SmYR3TJ,734510,202005
bX87SmYR3TJ,734510,202006
bX87SmYR3TJ,734510,202007
bX87SmYR3TJ,734510,202008
bX87SmYR3TJ,734510,202009
bX87SmYR3TJ,734510,202010
bX87SmYR3TJ,734510,202011
bX87SmYR3TJ,734510,202012
bX87SmYR3TJ,734510,202101
bX87SmYR3TJ,734510,202102
bX87SmYR3TJ,734510,202103
bX87SmYR3TJ,734510,202104
bX87SmYR3TJ,734510,202105
bX87SmYR3TJ,734510,202106
bX87SmYR3TJ,734510,202107
bX87SmYR3TJ,734510,202108
bX87SmYR3TJ,734510,202109
bX87SmYR3TJ,734510,202110
bX87SmYR3TJ,734510,202111
bX87SmYR3TJ,734510,202112
bX87SmYR3TJ,734510,202201
bX87SmYR3TJ,734510,202202
bX87SmYR3TJ,734510,202203
bX87SmYR3TJ,734510,202204
bX87SmYR3TJ,734510,202205
bX87SmYR3TJ,734510,202206
bX87SmYR3TJ,734510,202207
bX87SmYR3TJ,734510,202208
bX87SmYR3TJ,734510,202209
bX87SmYR3TJ,734510,202210
bX87SmYR3TJ,734510,202211
bX87SmYR3TJ,734510,202212
bX87SmYR3TJ,734510,202301
bX87SmYR3TJ,734510,202302
bX87SmYR3TJ,734510,202303
bX87SmYR3TJ,734510,202304
bX87SmYR3TJ,734510,202305
bX87SmYR3TJ,734510,202306
bX87SmYR3TJ,734510,202307
bX87SmYR3TJ,734510,202308
bX87SmYR3TJ,734510,202309
bX87SmYR3TJ,734510,202310
bX87SmYR3TJ,734510,202311
bX87SmYR3TJ,734510,202312
bX87SmYR3TJ,734510,202401
bX87SmYR3TJ,734510,202402
bX87SmYR3TJ,734510,202403
bX87SmYR3TJ,734510,202404
bX87SmYR3TJ,734510,202405
bX87SmYR3TJ,734510,202406
bX87SmYR3TJ,734510,202407
bX87SmYR3TJ,734510,202408
bX87SmYR3TJ,734510,202409
bX87SmYR3TJ,734510,202410
bX87SmYR3TJ,734510,202411
bX87SmYR3TJ,734510,202412
bjS2Lp3tLxv,664309,201601
bjS2Lp3tLxv,664309,201602
bjS2Lp3tLxv,664309,201603
bjS2Lp3tLxv,664309,201604
bjS2Lp3tLxv,664309,201605
bjS2Lp3tLxv,664309,201606
bjS2Lp3tLxv,664309,201607
bjS2Lp3tLxv,664309,201608
bjS2Lp3tLxv,664309,201609
bjS2Lp3tLxv,664309,201610
bjS2Lp3tLxv,664309,201611
bjS2Lp3tLxv,664309,201612
bjS2Lp3tLxv,664309,201701
bjS2Lp3tLxv,664309,201702
bjS2Lp3tLxv,664309,201703
bjS2Lp3tLxv,664309,201704
bjS2Lp3tLxv,664309,201705
bjS2Lp3tLxv,664309,201706
bjS2Lp3tLxv,664309,201707
bjS2Lp3tLxv,664309,201708
bjS2Lp3tLxv,664309,201709
bjS2Lp3tLxv,664309,201710
bjS2Lp3tLxv,664309,201711
bjS2Lp3tLxv,664309,201712
bjS2Lp3tLxv,664309,201801
bjS2Lp3tLxv,664309,201802
bjS2Lp3tLxv,664309,201803
bjS2Lp3tLxv,664309,201804
bjS2Lp3tLxv,664309,201805
bjS2Lp3tLxv,664309,201806
bjS2Lp3tLxv,664309,201807
bjS2Lp3tLxv,664309,201808
bjS2Lp3tLxv,664309,201809
bjS2Lp3tLxv,664309,201810
bjS2Lp3tLxv,664309,201811
bjS2Lp3tLxv,664309,201812
bjS2Lp3tLxv,664309,201901
bjS2Lp3tLxv,664309,201902
bjS2Lp3tLxv,664309,201903
bjS2Lp3tLxv,664309,201904
bjS2Lp3tLxv,664309,201905
bjS2Lp3tLxv,664309,201906
bjS2Lp3tLxv,664309,201907
bjS2Lp3tLxv,664309,201908
bjS2Lp3tLxv,664309,201909
bjS2Lp3tLxv,664309,201910
bjS2Lp3tLxv,664309,201911
bjS2Lp3tLxv,664309,201912
bjS2Lp3tLxv,664309,202001
bjS2Lp3tLxv,664309,202002
bjS2Lp3tLxv,664309,202003
bjS2Lp3tLxv,664309,202004
bjS2Lp3tLxv,664309,202005
bjS2Lp3tLxv,664309,202006
bjS2Lp3tLxv,664309,202007
bjS2Lp3tLxv,664309,202008
bjS2Lp3tLxv,664309,202009
bjS2Lp3tLxv,664309,202010
bjS2Lp3tLxv,664309,202011
bjS2Lp3tLxv,664309,202012
bjS2Lp3tLxv,664309,202101
bjS2Lp3tLxv,664309,202102
bjS2Lp3tLxv,664309,202103
bjS2Lp3tLxv,664309,202104
bjS2Lp3tLxv,664309,202105
bjS2Lp3tLxv,664309,202106
bjS2Lp3tLxv,664309,202107
bjS2Lp3tLxv,664309,202108
bjS2Lp3tLxv,664309,202109
bjS2Lp3tLxv,664309,202110
bjS2Lp3tLxv,664309,202111
bjS2Lp3tLxv,664309,202112
bjS2Lp3tLxv,664309,202201
bjS2Lp3tLxv,664309,202202
bjS2Lp3tLxv,664309,202203
bjS2Lp3tLxv,664309,202204
bjS2Lp3tLxv,664309,202205
bjS2Lp3tLxv,664309,202206
bjS2Lp3tLxv,664309,202207
bjS2Lp3tLxv,664309,202208
bjS2Lp3tLxv,664309,202209
bjS2Lp3tLxv,664309,202210
bjS2Lp3tLxv,664309,202211
bjS2Lp3tLxv,664309,202212
bjS2Lp3tLxv,664309,202301
bjS2Lp3tLxv,664309,202302
bjS2Lp3tLxv,664309,202303
bjS2Lp3tLxv,664309,202304
bjS2Lp3tLxv,664309,202305
bjS2Lp3tLxv,664309,202306
bjS2Lp3tLxv,664309,202307
bjS2Lp3tLxv,664309,202308
bjS2Lp3tLxv,664309,202309
bjS2Lp3tLxv,664309,202310
bjS2Lp3tLxv,664309,202311
bjS2Lp3tLxv,664309,202312
bjS2Lp3tLxv,664309,202401
bjS2Lp3tLxv,664309,202402
bjS2Lp3tLxv,664309,202403
bjS2Lp3tLxv,664309,202404
bjS2Lp3tLxv,664309,202405
bjS2Lp3tLxv,664309,202406
bjS2Lp3tLxv,664309,202407
bjS2Lp3tLxv,664309,202408
bjS2Lp3tLxv,664309,202409
bjS2Lp3tLxv,664309,202410
bjS2Lp3tLxv,664309,202411
bjS2Lp3tLxv,664309,202412
cMWLZfK0O4z,174705,201601
cMWLZfK0O4z,174705,201602
cMWLZfK0O4z,174705,201603
cMWLZfK0O4z,174705,201604
cMWLZfK0O4z,174705,201605
cMWLZfK0O4z,174705,201606
cMWLZfK0O4z,174705,201607
cMWLZfK0O4z,174705,201608
cMWLZfK0O4z,174705,201609
cMWLZfK0O4z,174705,201610
cMWLZfK0O4z,174705,201611
cMWLZfK0O4z,174705,201612
cMWLZfK0O4z,174705,201701
cMWLZfK0O4z,174705,201702
cMWLZfK0O4z,174705,201703
cMWLZfK0O4z,174705,201704
cMWLZfK0O4z,174705,201705
cMWLZfK0O4z,174705,201706
cMWLZfK0O4z,174705,201707
cMWLZfK0O4z,174705,201708
cMWLZfK0O4z,174705,201709
cMWLZfK0O4z,174705,201710
cMWLZfK0O4z,174705,201711
cMWLZfK0O4z,174705,201712
cMWLZfK0O4z,174705,201801
cMWLZfK0O4z,174705,201802
cMWLZfK0O4z,174705,201803
cMWLZfK0O4z,174705,201804
cMWLZfK0O4z,174705,201805
cMWLZfK0O4z,174705,201806
cMWLZfK0O4z,174705,201807
cMWLZfK0O4z,174705,201808
cMWLZfK0O4z,174705,201809
cMWLZfK0O4z,174705,201810
cMWLZfK0O4z,174705,201811
cMWLZfK0O4z,174705,201812
cMWLZfK0O4z,174705,201901
cMWLZfK0O4z,174705,201902
cMWLZfK0O4z,174705,201903
cMWLZfK0O4z,174705,201904
cMWLZfK0O4z,174705,201905
cMWLZfK0O4z,174705,201906
cMWLZfK0O4z,174705,201907
cMWLZfK0O4z,174705,201908
cMWLZfK0O4z,174705,201909
cMWLZfK0O4z,174705,201910
cMWLZfK0O4z,174705,201911
cMWLZfK0O4z,174705,201912
cMWLZfK0O4z,174705,202001
cMWLZfK0O4z,174705,202002
cMWLZfK0O4z,174705,202003
cMWLZfK0O4z,174705,202004
cMWLZfK0O4z,174705,202005
cMWLZfK0O4z,174705,202006
cMWLZfK0O4z,174705,202007
cMWLZfK0O4z,174705,202008
cMWLZfK0O4z,174705,202009
cMWLZfK0O4z,174705,202010
cMWLZfK0O4z,174705,202011
cMWLZfK0O4z,174705,202012
cMWLZfK0O4z,174705,202101
cMWLZfK0O4z,174705,202102
cMWLZfK0O4z,174705,202103
cMWLZfK0O4z,174705,202104
cMWLZfK0O4z,174705,202105
cMWLZfK0O4z,174705,202106
cMWLZfK0O4z,174705,202107
cMWLZfK0O4z,174705,202108
cMWLZfK0O4z,174705,202109
cMWLZfK0O4z,174705,202110
cMWLZfK0O4z,174705,202111
cMWLZfK0O4z,174705,202112
cMWLZfK0O4z,174705,202201
cMWLZfK0O4z,174705,202202
cMWLZfK0O4z,174705,202203
cMWLZfK0O4z,174705,202204
cMWLZfK0O4z,174705,202205
cMWLZfK0O4z,174705,202206
cMWLZfK0O4z,174705,202207
cMWLZfK0O4z,174705,202208
cMWLZfK0O4z,174705,202209
cMWLZfK0O4z,174705,202210
cMWLZfK0O4z,174705,202211
cMWLZfK0O4z,174705,202212
cMWLZfK0O4z,174705,202301
cMWLZfK0O4z,174705,202302
cMWLZfK0O4z,174705,202303
cMWLZfK0O4z,174705,202304
cMWLZfK0O4z,174705,202305
cMWLZfK0O4z,174705,202306
cMWLZfK0O4z,174705,202307
cMWLZfK0O4z,174705,202308
cMWLZfK0O4z,174705,202309
cMWLZfK0O4z,174705,202310
cMWLZfK0O4z,174705,202311
cMWLZfK0O4z,174705,202312
cMWLZfK0O4z,174705,202401
cMWLZfK0O4z,174705,202402
cMWLZfK0O4z,174705,202403
cMWLZfK0O4z,174705,202404
cMWLZfK0O4z,174705,202405
cMWLZfK0O4z,174705,202406
cMWLZfK0O4z,174705,202407
cMWLZfK0O4z,174705,202408
cMWLZfK0O4z,174705,202409
cMWLZfK0O4z,174705,202410
cMWLZfK0O4z,174705,202411
cMWLZfK0O4z,174705,202412
eW2b8SUYRWt,146516,201601
eW2b8SUYRWt,146516,201602
eW2b8SUYRWt,146516,201603
eW2b8SUYRWt,146516,201604
eW2b8SUYRWt,146516,201605
eW2b8SUYRWt,146516,201606
eW2b8SUYRWt,146516,201607
eW2b8SUYRWt,146516,201608
eW2b8SUYRWt,146516,201609
eW2b8SUYRWt,146516,201610
eW2b8SUYRWt,146516,201611
eW2b8SUYRWt,146516,201612
eW2b8SUYRWt,146516,201701
eW2b8SUYRWt,146516,201702
eW2b8SUYRWt,146516,201703
eW2b8SUYRWt,146516,201704
eW2b8SUYRWt,146516,201705
eW2b8SUYRWt,146516,201706
eW2b8SUYRWt,146516,201707
eW2b8SUYRWt,146516,201708
eW2b8SUYRWt,146516,201709
eW2b8SUYRWt,146516,201710
eW2b8SUYRWt,146516,201711
eW2b8SUYRWt,146516,201712
eW2b8SUYRWt,146516,201801
eW2b8SUYRWt,146516,201802
eW2b8SUYRWt,146516,201803
eW2b8SUYRWt,146516,201804
eW2b8SUYRWt,146516,201805
eW2b8SUYRWt,146516,201806
eW2b8SUYRWt,146516,201807
eW2b8SUYRWt,146516,201808
eW2b8SUYRWt,146516,201809
eW2b8SUYRWt,146516,201810
eW2b8SUYRWt,146516,201811
eW2b8SUYRWt,146516,201812
eW2b8SUYRWt,146516,201901
eW2b8SUYRWt,146516,201902
eW2b8SUYRWt,146516,201903
eW2b8SUYRWt,146516,201904
eW2b8SUYRWt,146516,201905
eW2b8SUYRWt,146516,201906
eW2b8SUYRWt,146516,201907
eW2b8SUYRWt,146516,201908
eW2b8SUYRWt,146516,201909
eW2b8SUYRWt,146516,201910
eW2b8SUYRWt,146516,201911
eW2b8SUYRWt,146516,201912
eW2b8SUYRWt,146516,202001
eW2b8SUYRWt,146516,202002
eW2b8SUYRWt,146516,202003
eW2b8SUYRWt,146516,202004
eW2b8SUYRWt,146516,202005
eW2b8SUYRWt,146516,202006
eW2b8SUYRWt,146516,202007
eW2b8SUYRWt,146516,202008
eW2b8SUYRWt,146516,202009
eW2b8SUYRWt,146516,202010
eW2b8SUYRWt,146516,202011
eW2b8SUYRWt,146516,202012
eW2b8SUYRWt,146516,202101
eW2b8SUYRWt,146516,202102
eW2b8SUYRWt,146516,202103
eW2b8SUYRWt,146516,202104
eW2b8SUYRWt,146516,202105
eW2b8SUYRWt,146516,202106
eW2b8SUYRWt,146516,202107
eW2b8SUYRWt,146516,202108
eW2b8SUYRWt,146516,202109
eW2b8SUYRWt,146516,202110
eW2b8SUYRWt,146516,202111
eW2b8SUYRWt,146516,202112
eW2b8SUYRWt,146516,202201
eW2b8SUYRWt,146516,202202
eW2b8SUYRWt,146516,202203
eW2b8SUYRWt,146516,202204
eW2b8SUYRWt,146516,202205
eW2b8SUYRWt,146516,202206
eW2b8SUYRWt,146516,202207
eW2b8SUYRWt,146516,202208
eW2b8SUYRWt,146516,202209
eW2b8SUYRWt,146516,202210
eW2b8SUYRWt,146516,202211
eW2b8SUYRWt,146516,202212
eW2b8SUYRWt,146516,202301
eW2b8SUYRWt,146516,202302
eW2b8SUYRWt,146516,202303
eW2b8SUYRWt,146516,202304
eW2b8SUYRWt,146516,202305
eW2b8SUYRWt,146516,202306
eW2b8SUYRWt,146516,202307
eW2b8SUYRWt,146516,202308
eW2b8SUYRWt,146516,202309
eW2b8SUYRWt,146516,202310
eW2b8SUYRWt,146516,202311
eW2b8SUYRWt,146516,202312
eW2b8SUYRWt,146516,202401
eW2b8SUYRWt,146516,202402
eW2b8SUYRWt,146516,202403
eW2b8SUYRWt,146516,202404
eW2b8SUYRWt,146516,202405
eW2b8SUYRWt,146516,202406
eW2b8SUYRWt,146516,202407
eW2b8SUYRWt,146516,202408
eW2b8SUYRWt,146516,202409
eW2b8SUYRWt,146516,202410
eW2b8SUYRWt,146516,202411
eW2b8SUYRWt,146516,202412
ebbAyOhorzo,378788,201601
ebbAyOhorzo,378788,201602
ebbAyOhorzo,378788,201603
ebbAyOhorzo,378788,201604
ebbAyOhorzo,378788,201605
ebbAyOhorzo,378788,201606
ebbAyOhorzo,378788,201607
ebbAyOhorzo,378788,201608
ebbAyOhorzo,378788,201609
ebbAyOhorzo,378788,201610
ebbAyOhorzo,378788,201611
ebbAyOhorzo,378788,201612
ebbAyOhorzo,378788,201701
ebbAyOhorzo,378788,201702
ebbAyOhorzo,378788,201703
ebbAyOhorzo,378788,201704
ebbAyOhorzo,378788,201705
ebbAyOhorzo,378788,201706
ebbAyOhorzo,378788,201707
ebbAyOhorzo,378788,201708
ebbAyOhorzo,378788,201709
ebbAyOhorzo,378788,201710
ebbAyOhorzo,378788,201711
ebbAyOhorzo,378788,201712
ebbAyOhorzo,378788,201801
ebbAyOhorzo,378788,201802
ebbAyOhorzo,378788,201803
ebbAyOhorzo,378788,201804
ebbAyOhorzo,378788,201805
ebbAyOhorzo,378788,201806
ebbAyOhorzo,378788,201807
ebbAyOhorzo,378788,201808
ebbAyOhorzo,378788,201809
ebbAyOhorzo,378788,201810
ebbAyOhorzo,378788,201811
ebbAyOhorzo,378788,201812
ebbAyOhorzo,378788,201901
ebbAyOhorzo,378788,201902
ebbAyOhorzo,378788,201903
ebbAyOhorzo,378788,201904
ebbAyOhorzo,378788,201905
ebbAyOhorzo,378788,201906
ebbAyOhorzo,378788,201907
ebbAyOhorzo,378788,201908
ebbAyOhorzo,378788,201909
ebbAyOhorzo,378788,201910
ebbAyOhorzo,378788,201911
ebbAyOhorzo,378788,201912
ebbAyOhorzo,378788,202001
ebbAyOhorzo,378788,202002
ebbAyOhorzo,378788,202003
ebbAyOhorzo,378788,202004
ebbAyOhorzo,378788,202005
ebbAyOhorzo,378788,202006
ebbAyOhorzo,378788,202007
ebbAyOhorzo,378788,202008
ebbAyOhorzo,378788,202009
ebbAyOhorzo,378788,202010
ebbAyOhorzo,378788,202011
ebbAyOhorzo,378788,202012
ebbAyOhorzo,378788,202101
ebbAyOhorzo,378788,202102
ebbAyOhorzo,378788,202103
ebbAyOhorzo,378788,202104
ebbAyOhorzo,378788,202105
ebbAyOhorzo,378788,202106
ebbAyOhorzo,378788,202107
ebbAyOhorzo,378788,202108
ebbAyOhorzo,378788,202109
ebbAyOhorzo,378788,202110
ebbAyOhorzo,378788,202111
ebbAyOhorzo,378788,202112
ebbAyOhorzo,378788,202201
ebbAyOhorzo,378788,202202
ebbAyOhorzo,378788,202203
ebbAyOhorzo,378788,202204
ebbAyOhorzo,378788,202205
ebbAyOhorzo,378788,202206
ebbAyOhorzo,378788,202207
ebbAyOhorzo,378788,202208
ebbAyOhorzo,378788,202209
ebbAyOhorzo,378788,202210
ebbAyOhorzo,378788,202211
ebbAyOhorzo,378788,202212
ebbAyOhorzo,378788,202301
ebbAyOhorzo,378788,202302
ebbAyOhorzo,378788,202303
ebbAyOhorzo,378788,202304
ebbAyOhorzo,378788,202305
ebbAyOhorzo,378788,202306
ebbAyOhorzo,378788,202307
ebbAyOhorzo,378788,202308
ebbAyOhorzo,378788,202309
ebbAyOhorzo,378788,202310
ebbAyOhorzo,378788,202311
ebbAyOhorzo,378788,202312
ebbAyOhorzo,378788,202401
ebbAyOhorzo,378788,202402
ebbAyOhorzo,378788,202403
ebbAyOhorzo,378788,202404
ebbAyOhorzo,378788,202405
ebbAyOhorzo,378788,202406
ebbAyOhorzo,378788,202407
ebbAyOhorzo,378788,202408
ebbAyOhorzo,378788,202409
ebbAyOhorzo,378788,202410
ebbAyOhorzo,378788,202411
ebbAyOhorzo,378788,202412
elOK8Y2b3Qn,1971531,201601
elOK8Y2b3Qn,1971531,201602
elOK8Y2b3Qn,1971531,201603
elOK8Y2b3Qn,1971531,201604
elOK8Y2b3Qn,1971531,201605
elOK8Y2b3Qn,1971531,201606
elOK8Y2b3Qn,1971531,201607
elOK8Y2b3Qn,1971531,201608
elOK8Y2b3Qn,1971531,201609
elOK8Y2b3Qn,1971531,201610
elOK8Y2b3Qn,1971531,201611
elOK8Y2b3Qn,1971531,201612
elOK8Y2b3Qn,1971531,201701
elOK8Y2b3Qn,1971531,201702
elOK8Y2b3Qn,1971531,201703
elOK8Y2b3Qn,1971531,201704
elOK8Y2b3Qn,1971531,201705
elOK8Y2b3Qn,1971531,201706
elOK8Y2b3Qn,1971531,201707
elOK8Y2b3Qn,1971531,201708
elOK8Y2b3Qn,1971531,201709
elOK8Y2b3Qn,1971531,201710
elOK8Y2b3Qn,1971531,201711
elOK8Y2b3Qn,1971531,201712
elOK8Y2b3Qn,1971531,201801
elOK8Y2b3Qn,1971531,201802
elOK8Y2b3Qn,1971531,201803
elOK8Y2b3Qn,1971531,201804
elOK8Y2b3Qn,1971531,201805
elOK8Y2b3Qn,1971531,201806
elOK8Y2b3Qn,1971531,201807
elOK8Y2b3Qn,1971531,201808
elOK8Y2b3Qn,1971531,201809
elOK8Y2b3Qn,1971531,201810
elOK8Y2b3Qn,1971531,201811
elOK8Y2b3Qn,1971531,201812
elOK8Y2b3Qn,1971531,201901
elOK8Y2b3Qn,1971531,201902
elOK8Y2b3Qn,1971531,201903
elOK8Y2b3Qn,1971531,201904
elOK8Y2b3Qn,1971531,201905
elOK8Y2b3Qn,1971531,201906
elOK8Y2b3Qn,1971531,201907
elOK8Y2b3Qn,1971531,201908
elOK8Y2b3Qn,1971531,201909
elOK8Y2b3Qn,1971531,201910
elOK8Y2b3Qn,1971531,201911
elOK8Y2b3Qn,1971531,201912
elOK8Y2b3Qn,1971531,202001
elOK8Y2b3Qn,1971531,202002
elOK8Y2b3Qn,1971531,202003
elOK8Y2b3Qn,1971531,202004
elOK8Y2b3Qn,1971531,202005
elOK8Y2b3Qn,1971531,202006
elOK8Y2b3Qn,1971531,202007
elOK8Y2b3Qn,1971531,202008
elOK8Y2b3Qn,1971531,202009
elOK8Y2b3Qn,1971531,202010
elOK8Y2b3Qn,1971531,202011
elOK8Y2b3Qn,1971531,202012
elOK8Y2b3Qn,1971531,202101
elOK8Y2b3Qn,1971531,202102
elOK8Y2b3Qn,1971531,202103
elOK8Y2b3Qn,1971531,202104
elOK8Y2b3Qn,1971531,202105
elOK8Y2b3Qn,1971531,202106
elOK8Y2b3Qn,1971531,202107
elOK8Y2b3Qn,1971531,202108
elOK8Y2b3Qn,1971531,202109
elOK8Y2b3Qn,1971531,202110
elOK8Y2b3Qn,1971531,202111
elOK8Y2b3Qn,1971531,202112
elOK8Y2b3Qn,1971531,202201
elOK8Y2b3Qn,1971531,202202
elOK8Y2b3Qn,1971531,202203
elOK8Y2b3Qn,1971531,202204
elOK8Y2b3Qn,1971531,202205
elOK8Y2b3Qn,1971531,202206
elOK8Y2b3Qn,1971531,202207
elOK8Y2b3Qn,1971531,202208
elOK8Y2b3Qn,1971531,202209
elOK8Y2b3Qn,1971531,202210
elOK8Y2b3Qn,1971531,202211
elOK8Y2b3Qn,1971531,202212
elOK8Y2b3Qn,1971531,202301
elOK8Y2b3Qn,1971531,202302
elOK8Y2b3Qn,1971531,202303
elOK8Y2b3Qn,1971531,202304
elOK8Y2b3Qn,1971531,202305
elOK8Y2b3Qn,1971531,202306
elOK8Y2b3Qn,1971531,202307
elOK8Y2b3Qn,1971531,202308
elOK8Y2b3Qn,1971531,202309
elOK8Y2b3Qn,1971531,202310
elOK8Y2b3Qn,1971531,202311
elOK8Y2b3Qn,1971531,202312
elOK8Y2b3Qn,1971531,202401
elOK8Y2b3Qn,1971531,202402
elOK8Y2b3Qn,1971531,202403
elOK8Y2b3Qn,1971531,202404
elOK8Y2b3Qn,1971531,202405
elOK8Y2b3Qn,1971531,202406
elOK8Y2b3Qn,1971531,202407
elOK8Y2b3Qn,1971531,202408
elOK8Y2b3Qn,1971531,202409
elOK8Y2b3Qn,1971531,202410
elOK8Y2b3Qn,1971531,202411
elOK8Y2b3Qn,1971531,202412
ewPc6zXy53n,54008,201601
ewPc6zXy53n,54008,201602
ewPc6zXy53n,54008,201603
ewPc6zXy53n,54008,201604
ewPc6zXy53n,54008,201605
ewPc6zXy53n,54008,201606
ewPc6zXy53n,54008,201607
ewPc6zXy53n,54008,201608
ewPc6zXy53n,54008,201609
ewPc6zXy53n,54008,201610
ewPc6zXy53n,54008,201611
ewPc6zXy53n,54008,201612
ewPc6zXy53n,54008,201701
ewPc6zXy53n,54008,201702
ewPc6zXy53n,54008,201703
ewPc6zXy53n,54008,201704
ewPc6zXy53n,54008,201705
ewPc6zXy53n,54008,201706
ewPc6zXy53n,54008,201707
ewPc6zXy53n,54008,201708
ewPc6zXy53n,54008,201709
ewPc6zXy53n,54008,201710
ewPc6zXy53n,54008,201711
ewPc6zXy53n,54008,201712
ewPc6zXy53n,54008,201801
ewPc6zXy53n,54008,201802
ewPc6zXy53n,54008,201803
ewPc6zXy53n,54008,201804
ewPc6zXy53n,54008,201805
ewPc6zXy53n,54008,201806
ewPc6zXy53n,54008,201807
ewPc6zXy53n,54008,201808
ewPc6zXy53n,54008,201809
ewPc6zXy53n,54008,201810
ewPc6zXy53n,54008,201811
ewPc6zXy53n,54008,201812
ewPc6zXy53n,54008,201901
ewPc6zXy53n,54008,201902
ewPc6zXy53n,54008,201903
ewPc6zXy53n,54008,201904
ewPc6zXy53n,54008,201905
ewPc6zXy53n,54008,201906
ewPc6zXy53n,54008,201907
ewPc6zXy53n,54008,201908
ewPc6zXy53n,54008,201909
ewPc6zXy53n,54008,201910
ewPc6zXy53n,54008,201911
ewPc6zXy53n,54008,201912
ewPc6zXy53n,54008,202001
ewPc6zXy53n,54008,202002
ewPc6zXy53n,54008,202003
ewPc6zXy53n,54008,202004
ewPc6zXy53n,54008,202005
ewPc6zXy53n,54008,202006
ewPc6zXy53n,54008,202007
ewPc6zXy53n,54008,202008
ewPc6zXy53n,54008,202009
ewPc6zXy53n,54008,202010
ewPc6zXy53n,54008,202011
ewPc6zXy53n,54008,202012
ewPc6zXy53n,54008,202101
ewPc6zXy53n,54008,202102
ewPc6zXy53n,54008,202103
ewPc6zXy53n,54008,202104
ewPc6zXy53n,54008,202105
ewPc6zXy53n,54008,202106
ewPc6zXy53n,54008,202107
ewPc6zXy53n,54008,202108
ewPc6zXy53n,54008,202109
ewPc6zXy53n,54008,202110
ewPc6zXy53n,54008,202111
ewPc6zXy53n,54008,202112
ewPc6zXy53n,54008,202201
ewPc6zXy53n,54008,202202
ewPc6zXy53n,54008,202203
ewPc6zXy53n,54008,202204
ewPc6zXy53n,54008,202205
ewPc6zXy53n,54008,202206
ewPc6zXy53n,54008,202207
ewPc6zXy53n,54008,202208
ewPc6zXy53n,54008,202209
ewPc6zXy53n,54008,202210
ewPc6zXy53n,54008,202211
ewPc6zXy53n,54008,202212
ewPc6zXy53n,54008,202301
ewPc6zXy53n,54008,202302
ewPc6zXy53n,54008,202303
ewPc6zXy53n,54008,202304
ewPc6zXy53n,54008,202305
ewPc6zXy53n,54008,202306
ewPc6zXy53n,54008,202307
ewPc6zXy53n,54008,202308
ewPc6zXy53n,54008,202309
ewPc6zXy53n,54008,202310
ewPc6zXy53n,54008,202311
ewPc6zXy53n,54008,202312
ewPc6zXy53n,54008,202401
ewPc6zXy53n,54008,202402
ewPc6zXy53n,54008,202403
ewPc6zXy53n,54008,202404
ewPc6zXy53n,54008,202405
ewPc6zXy53n,54008,202406
ewPc6zXy53n,54008,202407
ewPc6zXy53n,54008,202408
ewPc6zXy53n,54008,202409
ewPc6zXy53n,54008,202410
ewPc6zXy53n,54008,202411
ewPc6zXy53n,54008,202412
gannbFbizVo,165638,201601
gannbFbizVo,165638,201602
gannbFbizVo,165638,201603
gannbFbizVo,165638,201604
gannbFbizVo,165638,201605
gannbFbizVo,165638,201606
gannbFbizVo,165638,201607
gannbFbizVo,165638,201608
gannbFbizVo,165638,201609
gannbFbizVo,165638,201610
gannbFbizVo,165638,201611
gannbFbizVo,165638,201612
gannbFbizVo,165638,201701
gannbFbizVo,165638,201702
gannbFbizVo,165638,201703
gannbFbizVo,165638,201704
gannbFbizVo,165638,201705
gannbFbizVo,165638,201706
gannbFbizVo,165638,201707
gannbFbizVo,165638,201708
gannbFbizVo,165638,201709
gannbFbizVo,165638,201710
gannbFbizVo,165638,201711
gannbFbizVo,165638,201712
gannbFbizVo,165638,201801
gannbFbizVo,165638,201802
gannbFbizVo,165638,201803
gannbFbizVo,165638,201804
gannbFbizVo,165638,201805
gannbFbizVo,165638,201806
gannbFbizVo,165638,201807
gannbFbizVo,165638,201808
gannbFbizVo,165638,201809
gannbFbizVo,165638,201810
gannbFbizVo,165638,201811
gannbFbizVo,165638,201812
gannbFbizVo,165638,201901
gannbFbizVo,165638,201902
gannbFbizVo,165638,201903
gannbFbizVo,165638,201904
gannbFbizVo,165638,201905
gannbFbizVo,165638,201906
gannbFbizVo,165638,201907
gannbFbizVo,165638,201908
gannbFbizVo,165638,201909
gannbFbizVo,165638,201910
gannbFbizVo,165638,201911
gannbFbizVo,165638,201912
gannbFbizVo,165638,202001
gannbFbizVo,165638,202002
gannbFbizVo,165638,202003
gannbFbizVo,165638,202004
gannbFbizVo,165638,202005
gannbFbizVo,165638,202006
gannbFbizVo,165638,202007
gannbFbizVo,165638,202008
gannbFbizVo,165638,202009
gannbFbizVo,165638,202010
gannbFbizVo,165638,202011
gannbFbizVo,165638,202012
gannbFbizVo,165638,202101
gannbFbizVo,165638,202102
gannbFbizVo,165638,202103
gannbFbizVo,165638,202104
gannbFbizVo,165638,202105
gannbFbizVo,165638,202106
gannbFbizVo,165638,202107
gannbFbizVo,165638,202108
gannbFbizVo,165638,202109
gannbFbizVo,165638,202110
gannbFbizVo,165638,202111
gannbFbizVo,165638,202112
gannbFbizVo,165638,202201
gannbFbizVo,165638,202202
gannbFbizVo,165638,202203
gannbFbizVo,165638,202204
gannbFbizVo,165638,202205
gannbFbizVo,165638,202206
gannbFbizVo,165638,202207
gannbFbizVo,165638,202208
gannbFbizVo,165638,202209
gannbFbizVo,165638,202210
gannbFbizVo,165638,202211
gannbFbizVo,165638,202212
gannbFbizVo,165638,202301
gannbFbizVo,165638,202302
gannbFbizVo,165638,202303
gannbFbizVo,165638,202304
gannbFbizVo,165638,202305
gannbFbizVo,165638,202306
gannbFbizVo,165638,202307
gannbFbizVo,165638,202308
gannbFbizVo,165638,202309
gannbFbizVo,165638,202310
gannbFbizVo,165638,202311
gannbFbizVo,165638,202312
gannbFbizVo,165638,202401
gannbFbizVo,165638,202402
gannbFbizVo,165638,202403
gannbFbizVo,165638,202404
gannbFbizVo,165638,202405
gannbFbizVo,165638,202406
gannbFbizVo,165638,202407
gannbFbizVo,165638,202408
gannbFbizVo,165638,202409
gannbFbizVo,165638,202410
gannbFbizVo,165638,202411
gannbFbizVo,165638,202412
grMJpaDdSrD,350175,201601
grMJpaDdSrD,350175,201602
grMJpaDdSrD,350175,201603
grMJpaDdSrD,350175,201604
grMJpaDdSrD,350175,201605
grMJpaDdSrD,350175,201606
grMJpaDdSrD,350175,201607
grMJpaDdSrD,350175,201608
grMJpaDdSrD,350175,201609
grMJpaDdSrD,350175,201610
grMJpaDdSrD,350175,201611
grMJpaDdSrD,350175,201612
grMJpaDdSrD,350175,201701
grMJpaDdSrD,350175,201702
grMJpaDdSrD,350175,201703
grMJpaDdSrD,350175,201704
grMJpaDdSrD,350175,201705
grMJpaDdSrD,350175,201706
grMJpaDdSrD,350175,201707
grMJpaDdSrD,350175,201708
grMJpaDdSrD,350175,201709
grMJpaDdSrD,350175,201710
grMJpaDdSrD,350175,201711
grMJpaDdSrD,350175,201712
grMJpaDdSrD,350175,201801
grMJpaDdSrD,350175,201802
grMJpaDdSrD,350175,201803
grMJpaDdSrD,350175,201804
grMJpaDdSrD,350175,201805
grMJpaDdSrD,350175,201806
grMJpaDdSrD,350175,201807
grMJpaDdSrD,350175,201808
grMJpaDdSrD,350175,201809
grMJpaDdSrD,350175,201810
grMJpaDdSrD,350175,201811
grMJpaDdSrD,350175,201812
grMJpaDdSrD,350175,201901
grMJpaDdSrD,350175,201902
grMJpaDdSrD,350175,201903
grMJpaDdSrD,350175,201904
grMJpaDdSrD,350175,201905
grMJpaDdSrD,350175,201906
grMJpaDdSrD,350175,201907
grMJpaDdSrD,350175,201908
grMJpaDdSrD,350175,201909
grMJpaDdSrD,350175,201910
grMJpaDdSrD,350175,201911
grMJpaDdSrD,350175,201912
grMJpaDdSrD,350175,202001
grMJpaDdSrD,350175,202002
grMJpaDdSrD,350175,202003
grMJpaDdSrD,350175,202004
grMJpaDdSrD,350175,202005
grMJpaDdSrD,350175,202006
grMJpaDdSrD,350175,202007
grMJpaDdSrD,350175,202008
grMJpaDdSrD,350175,202009
grMJpaDdSrD,350175,202010
grMJpaDdSrD,350175,202011
grMJpaDdSrD,350175,202012
grMJpaDdSrD,350175,202101
grMJpaDdSrD,350175,202102
grMJpaDdSrD,350175,202103
grMJpaDdSrD,350175,202104
grMJpaDdSrD,350175,202105
grMJpaDdSrD,350175,202106
grMJpaDdSrD,350175,202107
grMJpaDdSrD,350175,202108
grMJpaDdSrD,350175,202109
grMJpaDdSrD,350175,202110
grMJpaDdSrD,350175,202111
grMJpaDdSrD,350175,202112
grMJpaDdSrD,350175,202201
grMJpaDdSrD,350175,202202
grMJpaDdSrD,350175,202203
grMJpaDdSrD,350175,202204
grMJpaDdSrD,350175,202205
grMJpaDdSrD,350175,202206
grMJpaDdSrD,350175,202207
grMJpaDdSrD,350175,202208
grMJpaDdSrD,350175,202209
grMJpaDdSrD,350175,202210
grMJpaDdSrD,350175,202211
grMJpaDdSrD,350175,202212
grMJpaDdSrD,350175,202301
grMJpaDdSrD,350175,202302
grMJpaDdSrD,350175,202303
grMJpaDdSrD,350175,202304
grMJpaDdSrD,350175,202305
grMJpaDdSrD,350175,202306
grMJpaDdSrD,350175,202307
grMJpaDdSrD,350175,202308
grMJpaDdSrD,350175,202309
grMJpaDdSrD,350175,202310
grMJpaDdSrD,350175,202311
grMJpaDdSrD,350175,202312
grMJpaDdSrD,350175,202401
grMJpaDdSrD,350175,202402
grMJpaDdSrD,350175,202403
grMJpaDdSrD,350175,202404
grMJpaDdSrD,350175,202405
grMJpaDdSrD,350175,202406
grMJpaDdSrD,350175,202407
grMJpaDdSrD,350175,202408
grMJpaDdSrD,350175,202409
grMJpaDdSrD,350175,202410
grMJpaDdSrD,350175,202411
grMJpaDdSrD,350175,202412
hasbXH0dTqM,154499,201601
hasbXH0dTqM,154499,201602
hasbXH0dTqM,154499,201603
hasbXH0dTqM,154499,201604
hasbXH0dTqM,154499,201605
hasbXH0dTqM,154499,201606
hasbXH0dTqM,154499,201607
hasbXH0dTqM,154499,201608
hasbXH0dTqM,154499,201609
hasbXH0dTqM,154499,201610
hasbXH0dTqM,154499,201611
hasbXH0dTqM,154499,201612
hasbXH0dTqM,154499,201701
hasbXH0dTqM,154499,201702
hasbXH0dTqM,154499,201703
hasbXH0dTqM,154499,201704
hasbXH0dTqM,154499,201705
hasbXH0dTqM,154499,201706
hasbXH0dTqM,154499,201707
hasbXH0dTqM,154499,201708
hasbXH0dTqM,154499,201709
hasbXH0dTqM,154499,201710
hasbXH0dTqM,154499,201711
hasbXH0dTqM,154499,201712
hasbXH0dTqM,154499,201801
hasbXH0dTqM,154499,201802
hasbXH0dTqM,154499,201803
hasbXH0dTqM,154499,201804
hasbXH0dTqM,154499,201805
hasbXH0dTqM,154499,201806
hasbXH0dTqM,154499,201807
hasbXH0dTqM,154499,201808
hasbXH0dTqM,154499,201809
hasbXH0dTqM,154499,201810
hasbXH0dTqM,154499,201811
hasbXH0dTqM,154499,201812
hasbXH0dTqM,154499,201901
hasbXH0dTqM,154499,201902
hasbXH0dTqM,154499,201903
hasbXH0dTqM,154499,201904
hasbXH0dTqM,154499,201905
hasbXH0dTqM,154499,201906
hasbXH0dTqM,154499,201907
hasbXH0dTqM,154499,201908
hasbXH0dTqM,154499,201909
hasbXH0dTqM,154499,201910
hasbXH0dTqM,154499,201911
hasbXH0dTqM,154499,201912
hasbXH0dTqM,154499,202001
hasbXH0dTqM,154499,202002
hasbXH0dTqM,154499,202003
hasbXH0dTqM,154499,202004
hasbXH0dTqM,154499,202005
hasbXH0dTqM,154499,202006
hasbXH0dTqM,154499,202007
hasbXH0dTqM,154499,202008
hasbXH0dTqM,154499,202009
hasbXH0dTqM,154499,202010
hasbXH0dTqM,154499,202011
hasbXH0dTqM,154499,202012
hasbXH0dTqM,154499,202101
hasbXH0dTqM,154499,202102
hasbXH0dTqM,154499,202103
hasbXH0dTqM,154499,202104
hasbXH0dTqM,154499,202105
hasbXH0dTqM,154499,202106
hasbXH0dTqM,154499,202107
hasbXH0dTqM,154499,202108
hasbXH0dTqM,154499,202109
hasbXH0dTqM,154499,202110
hasbXH0dTqM,154499,202111
hasbXH0dTqM,154499,202112
hasbXH0dTqM,154499,202201
hasbXH0dTqM,154499,202202
hasbXH0dTqM,154499,202203
hasbXH0dTqM,154499,202204
hasbXH0dTqM,154499,202205
hasbXH0dTqM,154499,202206
hasbXH0dTqM,154499,202207
hasbXH0dTqM,154499,202208
hasbXH0dTqM,154499,202209
hasbXH0dTqM,154499,202210
hasbXH0dTqM,154499,202211
hasbXH0dTqM,154499,202212
hasbXH0dTqM,154499,202301
hasbXH0dTqM,154499,202302
hasbXH0dTqM,154499,202303
hasbXH0dTqM,154499,202304
hasbXH0dTqM,154499,202305
hasbXH0dTqM,154499,202306
hasbXH0dTqM,154499,202307
hasbXH0dTqM,154499,202308
hasbXH0dTqM,154499,202309
hasbXH0dTqM,154499,202310
hasbXH0dTqM,154499,202311
hasbXH0dTqM,154499,202312
hasbXH0dTqM,154499,202401
hasbXH0dTqM,154499,202402
hasbXH0dTqM,154499,202403
hasbXH0dTqM,154499,202404
hasbXH0dTqM,154499,202405
hasbXH0dTqM,154499,202406
hasbXH0dTqM,154499,202407
hasbXH0dTqM,154499,202408
hasbXH0dTqM,154499,202409
hasbXH0dTqM,154499,202410
hasbXH0dTqM,154499,202411
hasbXH0dTqM,154499,202412
i6gMyoP9ReK,929962,201601
i6gMyoP9ReK,929962,201602
i6gMyoP9ReK,929962,201603
i6gMyoP9ReK,929962,201604
i6gMyoP9ReK,929962,201605
i6gMyoP9ReK,929962,201606
i6gMyoP9ReK,929962,201607
i6gMyoP9ReK,929962,201608
i6gMyoP9ReK,929962,201609
i6gMyoP9ReK,929962,201610
i6gMyoP9ReK,929962,201611
i6gMyoP9ReK,929962,201612
i6gMyoP9ReK,929962,201701
i6gMyoP9ReK,929962,201702
i6gMyoP9ReK,929962,201703
i6gMyoP9ReK,929962,201704
i6gMyoP9ReK,929962,201705
i6gMyoP9ReK,929962,201706
i6gMyoP9ReK,929962,201707
i6gMyoP9ReK,929962,201708
i6gMyoP9ReK,929962,201709
i6gMyoP9ReK,929962,201710
i6gMyoP9ReK,929962,201711
i6gMyoP9ReK,929962,201712
i6gMyoP9ReK,929962,201801
i6gMyoP9ReK,929962,201802
i6gMyoP9ReK,929962,201803
i6gMyoP9ReK,929962,201804
i6gMyoP9ReK,929962,201805
i6gMyoP9ReK,929962,201806
i6gMyoP9ReK,929962,201807
i6gMyoP9ReK,929962,201808
i6gMyoP9ReK,929962,201809
i6gMyoP9ReK,929962,201810
i6gMyoP9ReK,929962,201811
i6gMyoP9ReK,929962,201812
i6gMyoP9ReK,929962,201901
i6gMyoP9ReK,929962,201902
i6gMyoP9ReK,929962,201903
i6gMyoP9ReK,929962,201904
i6gMyoP9ReK,929962,201905
i6gMyoP9ReK,929962,201906
i6gMyoP9ReK,929962,201907
i6gMyoP9ReK,929962,201908
i6gMyoP9ReK,929962,201909
i6gMyoP9ReK,929962,201910
i6gMyoP9ReK,929962,201911
i6gMyoP9ReK,929962,201912
i6gMyoP9ReK,929962,202001
i6gMyoP9ReK,929962,202002
i6gMyoP9ReK,929962,202003
i6gMyoP9ReK,929962,202004
i6gMyoP9ReK,929962,202005
i6gMyoP9ReK,929962,202006
i6gMyoP9ReK,929962,202007
i6gMyoP9ReK,929962,202008
i6gMyoP9ReK,929962,202009
i6gMyoP9ReK,929962,202010
i6gMyoP9ReK,929962,202011
i6gMyoP9ReK,929962,202012
i6gMyoP9ReK,929962,202101
i6gMyoP9ReK,929962,202102
i6gMyoP9ReK,929962,202103
i6gMyoP9ReK,929962,202104
i6gMyoP9ReK,929962,202105
i6gMyoP9ReK,929962,202106
i6gMyoP9ReK,929962,202107
i6gMyoP9ReK,929962,202108
i6gMyoP9ReK,929962,202109
i6gMyoP9ReK,929962,202110
i6gMyoP9ReK,929962,202111
i6gMyoP9ReK,929962,202112
i6gMyoP9ReK,929962,202201
i6gMyoP9ReK,929962,202202
i6gMyoP9ReK,929962,202203
i6gMyoP9ReK,929962,202204
i6gMyoP9ReK,929962,202205
i6gMyoP9ReK,929962,202206
i6gMyoP9ReK,929962,202207
i6gMyoP9ReK,929962,202208
i6gMyoP9ReK,929962,202209
i6gMyoP9ReK,929962,202210
i6gMyoP9ReK,929962,202211
i6gMyoP9ReK,929962,202212
i6gMyoP9ReK,929962,202301
i6gMyoP9ReK,929962,202302
i6gMyoP9ReK,929962,202303
i6gMyoP9ReK,929962,202304
i6gMyoP9ReK,929962,202305
i6gMyoP9ReK,929962,202306
i6gMyoP9ReK,929962,202307
i6gMyoP9ReK,929962,202308
i6gMyoP9ReK,929962,202309
i6gMyoP9ReK,929962,202310
i6gMyoP9ReK,929962,202311
i6gMyoP9ReK,929962,202312
i6gMyoP9ReK,929962,202401
i6gMyoP9ReK,929962,202402
i6gMyoP9ReK,929962,202403
i6gMyoP9ReK,929962,202404
i6gMyoP9ReK,929962,202405
i6gMyoP9ReK,929962,202406
i6gMyoP9ReK,929962,202407
i6gMyoP9ReK,929962,202408
i6gMyoP9ReK,929962,202409
i6gMyoP9ReK,929962,202410
i6gMyoP9ReK,929962,202411
i6gMyoP9ReK,929962,202412
iqLM1XBMxyu,579956,201601
iqLM1XBMxyu,579956,201602
iqLM1XBMxyu,579956,201603
iqLM1XBMxyu,579956,201604
iqLM1XBMxyu,579956,201605
iqLM1XBMxyu,579956,201606
iqLM1XBMxyu,579956,201607
iqLM1XBMxyu,579956,201608
iqLM1XBMxyu,579956,201609
iqLM1XBMxyu,579956,201610
iqLM1XBMxyu,579956,201611
iqLM1XBMxyu,579956,201612
iqLM1XBMxyu,579956,201701
iqLM1XBMxyu,579956,201702
iqLM1XBMxyu,579956,201703
iqLM1XBMxyu,579956,201704
iqLM1XBMxyu,579956,201705
iqLM1XBMxyu,579956,201706
iqLM1XBMxyu,579956,201707
iqLM1XBMxyu,579956,201708
iqLM1XBMxyu,579956,201709
iqLM1XBMxyu,579956,201710
iqLM1XBMxyu,579956,201711
iqLM1XBMxyu,579956,201712
iqLM1XBMxyu,579956,201801
iqLM1XBMxyu,579956,201802
iqLM1XBMxyu,579956,201803
iqLM1XBMxyu,579956,201804
iqLM1XBMxyu,579956,201805
iqLM1XBMxyu,579956,201806
iqLM1XBMxyu,579956,201807
iqLM1XBMxyu,579956,201808
iqLM1XBMxyu,579956,201809
iqLM1XBMxyu,579956,201810
iqLM1XBMxyu,579956,201811
iqLM1XBMxyu,579956,201812
iqLM1XBMxyu,579956,201901
iqLM1XBMxyu,579956,201902
iqLM1XBMxyu,579956,201903
iqLM1XBMxyu,579956,201904
iqLM1XBMxyu,579956,201905
iqLM1XBMxyu,579956,201906
iqLM1XBMxyu,579956,201907
iqLM1XBMxyu,579956,201908
iqLM1XBMxyu,579956,201909
iqLM1XBMxyu,579956,201910
iqLM1XBMxyu,579956,201911
iqLM1XBMxyu,579956,201912
iqLM1XBMxyu,579956,202001
iqLM1XBMxyu,579956,202002
iqLM1XBMxyu,579956,202003
iqLM1XBMxyu,579956,202004
iqLM1XBMxyu,579956,202005
iqLM1XBMxyu,579956,202006
iqLM1XBMxyu,579956,202007
iqLM1XBMxyu,579956,202008
iqLM1XBMxyu,579956,202009
iqLM1XBMxyu,579956,202010
iqLM1XBMxyu,579956,202011
iqLM1XBMxyu,579956,202012
iqLM1XBMxyu,579956,202101
iqLM1XBMxyu,579956,202102
iqLM1XBMxyu,579956,202103
iqLM1XBMxyu,579956,202104
iqLM1XBMxyu,579956,202105
iqLM1XBMxyu,579956,202106
iqLM1XBMxyu,579956,202107
iqLM1XBMxyu,579956,202108
iqLM1XBMxyu,579956,202109
iqLM1XBMxyu,579956,202110
iqLM1XBMxyu,579956,202111
iqLM1XBMxyu,579956,202112
iqLM1XBMxyu,579956,202201
iqLM1XBMxyu,579956,202202
iqLM1XBMxyu,579956,202203
iqLM1XBMxyu,579956,202204
iqLM1XBMxyu,579956,202205
iqLM1XBMxyu,579956,202206
iqLM1XBMxyu,579956,202207
iqLM1XBMxyu,579956,202208
iqLM1XBMxyu,579956,202209
iqLM1XBMxyu,579956,202210
iqLM1XBMxyu,579956,202211
iqLM1XBMxyu,579956,202212
iqLM1XBMxyu,579956,202301
iqLM1XBMxyu,579956,202302
iqLM1XBMxyu,579956,202303
iqLM1XBMxyu,579956,202304
iqLM1XBMxyu,579956,202305
iqLM1XBMxyu,579956,202306
iqLM1XBMxyu,579956,202307
iqLM1XBMxyu,579956,202308
iqLM1XBMxyu,579956,202309
iqLM1XBMxyu,579956,202310
iqLM1XBMxyu,579956,202311
iqLM1XBMxyu,579956,202312
iqLM1XBMxyu,579956,202401
iqLM1XBMxyu,579956,202402
iqLM1XBMxyu,579956,202403
iqLM1XBMxyu,579956,202404
iqLM1XBMxyu,579956,202405
iqLM1XBMxyu,579956,202406
iqLM1XBMxyu,579956,202407
iqLM1XBMxyu,579956,202408
iqLM1XBMxyu,579956,202409
iqLM1XBMxyu,579956,202410
iqLM1XBMxyu,579956,202411
iqLM1XBMxyu,579956,202412
j0gE31YxwHQ,722741,201601
j0gE31YxwHQ,722741,201602
j0gE31YxwHQ,722741,201603
j0gE31YxwHQ,722741,201604
j0gE31YxwHQ,722741,201605
j0gE31YxwHQ,722741,201606
j0gE31YxwHQ,722741,201607
j0gE31YxwHQ,722741,201608
j0gE31YxwHQ,722741,201609
j0gE31YxwHQ,722741,201610
j0gE31YxwHQ,722741,201611
j0gE31YxwHQ,722741,201612
j0gE31YxwHQ,722741,201701
j0gE31YxwHQ,722741,201702
j0gE31YxwHQ,722741,201703
j0gE31YxwHQ,722741,201704
j0gE31YxwHQ,722741,201705
j0gE31YxwHQ,722741,201706
j0gE31YxwHQ,722741,201707
j0gE31YxwHQ,722741,201708
j0gE31YxwHQ,722741,201709
j0gE31YxwHQ,722741,201710
j0gE31YxwHQ,722741,201711
j0gE31YxwHQ,722741,201712
j0gE31YxwHQ,722741,201801
j0gE31YxwHQ,722741,201802
j0gE31YxwHQ,722741,201803
j0gE31YxwHQ,722741,201804
j0gE31YxwHQ,722741,201805
j0gE31YxwHQ,722741,201806
j0gE31YxwHQ,722741,201807
j0gE31YxwHQ,722741,201808
j0gE31YxwHQ,722741,201809
j0gE31YxwHQ,722741,201810
j0gE31YxwHQ,722741,201811
j0gE31YxwHQ,722741,201812
j0gE31YxwHQ,722741,201901
j0gE31YxwHQ,722741,201902
j0gE31YxwHQ,722741,201903
j0gE31YxwHQ,722741,201904
j0gE31YxwHQ,722741,201905
j0gE31YxwHQ,722741,201906
j0gE31YxwHQ,722741,201907
j0gE31YxwHQ,722741,201908
j0gE31YxwHQ,722741,201909
j0gE31YxwHQ,722741,201910
j0gE31YxwHQ,722741,201911
j0gE31YxwHQ,722741,201912
j0gE31YxwHQ,722741,202001
j0gE31YxwHQ,722741,202002
j0gE31YxwHQ,722741,202003
j0gE31YxwHQ,722741,202004
j0gE31YxwHQ,722741,202005
j0gE31YxwHQ,722741,202006
j0gE31YxwHQ,722741,202007
j0gE31YxwHQ,722741,202008
j0gE31YxwHQ,722741,202009
j0gE31YxwHQ,722741,202010
j0gE31YxwHQ,722741,202011
j0gE31YxwHQ,722741,202012
j0gE31YxwHQ,722741,202101
j0gE31YxwHQ,722741,202102
j0gE31YxwHQ,722741,202103
j0gE31YxwHQ,722741,202104
j0gE31YxwHQ,722741,202105
j0gE31YxwHQ,722741,202106
j0gE31YxwHQ,722741,202107
j0gE31YxwHQ,722741,202108
j0gE31YxwHQ,722741,202109
j0gE31YxwHQ,722741,202110
j0gE31YxwHQ,722741,202111
j0gE31YxwHQ,722741,202112
j0gE31YxwHQ,722741,202201
j0gE31YxwHQ,722741,202202
j0gE31YxwHQ,722741,202203
j0gE31YxwHQ,722741,202204
j0gE31YxwHQ,722741,202205
j0gE31YxwHQ,722741,202206
j0gE31YxwHQ,722741,202207
j0gE31YxwHQ,722741,202208
j0gE31YxwHQ,722741,202209
j0gE31YxwHQ,722741,202210
j0gE31YxwHQ,722741,202211
j0gE31YxwHQ,722741,202212
j0gE31YxwHQ,722741,202301
j0gE31YxwHQ,722741,202302
j0gE31YxwHQ,722741,202303
j0gE31YxwHQ,722741,202304
j0gE31YxwHQ,722741,202305
j0gE31YxwHQ,722741,202306
j0gE31YxwHQ,722741,202307
j0gE31YxwHQ,722741,202308
j0gE31YxwHQ,722741,202309
j0gE31YxwHQ,722741,202310
j0gE31YxwHQ,722741,202311
j0gE31YxwHQ,722741,202312
j0gE31YxwHQ,722741,202401
j0gE31YxwHQ,722741,202402
j0gE31YxwHQ,722741,202403
j0gE31YxwHQ,722741,202404
j0gE31YxwHQ,722741,202405
j0gE31YxwHQ,722741,202406
j0gE31YxwHQ,722741,202407
j0gE31YxwHQ,722741,202408
j0gE31YxwHQ,722741,202409
j0gE31YxwHQ,722741,202410
j0gE31YxwHQ,722741,202411
j0gE31YxwHQ,722741,202412
j4HVtKmVtwQ,770932,201601
j4HVtKmVtwQ,770932,201602
j4HVtKmVtwQ,770932,201603
j4HVtKmVtwQ,770932,201604
j4HVtKmVtwQ,770932,201605
j4HVtKmVtwQ,770932,201606
j4HVtKmVtwQ,770932,201607
j4HVtKmVtwQ,770932,201608
j4HVtKmVtwQ,770932,201609
j4HVtKmVtwQ,770932,201610
j4HVtKmVtwQ,770932,201611
j4HVtKmVtwQ,770932,201612
j4HVtKmVtwQ,770932,201701
j4HVtKmVtwQ,770932,201702
j4HVtKmVtwQ,770932,201703
j4HVtKmVtwQ,770932,201704
j4HVtKmVtwQ,770932,201705
j4HVtKmVtwQ,770932,201706
j4HVtKmVtwQ,770932,201707
j4HVtKmVtwQ,770932,201708
j4HVtKmVtwQ,770932,201709
j4HVtKmVtwQ,770932,201710
j4HVtKmVtwQ,770932,201711
j4HVtKmVtwQ,770932,201712
j4HVtKmVtwQ,770932,201801
j4HVtKmVtwQ,770932,201802
j4HVtKmVtwQ,770932,201803
j4HVtKmVtwQ,770932,201804
j4HVtKmVtwQ,770932,201805
j4HVtKmVtwQ,770932,201806
j4HVtKmVtwQ,770932,201807
j4HVtKmVtwQ,770932,201808
j4HVtKmVtwQ,770932,201809
j4HVtKmVtwQ,770932,201810
j4HVtKmVtwQ,770932,201811
j4HVtKmVtwQ,770932,201812
j4HVtKmVtwQ,770932,201901
j4HVtKmVtwQ,770932,201902
j4HVtKmVtwQ,770932,201903
j4HVtKmVtwQ,770932,201904
j4HVtKmVtwQ,770932,201905
j4HVtKmVtwQ,770932,201906
j4HVtKmVtwQ,770932,201907
j4HVtKmVtwQ,770932,201908
j4HVtKmVtwQ,770932,201909
j4HVtKmVtwQ,770932,201910
j4HVtKmVtwQ,770932,201911
j4HVtKmVtwQ,770932,201912
j4HVtKmVtwQ,770932,202001
j4HVtKmVtwQ,770932,202002
j4HVtKmVtwQ,770932,202003
j4HVtKmVtwQ,770932,202004
j4HVtKmVtwQ,770932,202005
j4HVtKmVtwQ,770932,202006
j4HVtKmVtwQ,770932,202007
j4HVtKmVtwQ,770932,202008
j4HVtKmVtwQ,770932,202009
j4HVtKmVtwQ,770932,202010
j4HVtKmVtwQ,770932,202011
j4HVtKmVtwQ,770932,202012
j4HVtKmVtwQ,770932,202101
j4HVtKmVtwQ,770932,202102
j4HVtKmVtwQ,770932,202103
j4HVtKmVtwQ,770932,202104
j4HVtKmVtwQ,770932,202105
j4HVtKmVtwQ,770932,202106
j4HVtKmVtwQ,770932,202107
j4HVtKmVtwQ,770932,202108
j4HVtKmVtwQ,770932,202109
j4HVtKmVtwQ,770932,202110
j4HVtKmVtwQ,770932,202111
j4HVtKmVtwQ,770932,202112
j4HVtKmVtwQ,770932,202201
j4HVtKmVtwQ,770932,202202
j4HVtKmVtwQ,770932,202203
j4HVtKmVtwQ,770932,202204
j4HVtKmVtwQ,770932,202205
j4HVtKmVtwQ,770932,202206
j4HVtKmVtwQ,770932,202207
j4HVtKmVtwQ,770932,202208
j4HVtKmVtwQ,770932,202209
j4HVtKmVtwQ,770932,202210
j4HVtKmVtwQ,770932,202211
j4HVtKmVtwQ,770932,202212
j4HVtKmVtwQ,770932,202301
j4HVtKmVtwQ,770932,202302
j4HVtKmVtwQ,770932,202303
j4HVtKmVtwQ,770932,202304
j4HVtKmVtwQ,770932,202305
j4HVtKmVtwQ,770932,202306
j4HVtKmVtwQ,770932,202307
j4HVtKmVtwQ,770932,202308
j4HVtKmVtwQ,770932,202309
j4HVtKmVtwQ,770932,202310
j4HVtKmVtwQ,770932,202311
j4HVtKmVtwQ,770932,202312
j4HVtKmVtwQ,770932,202401
j4HVtKmVtwQ,770932,202402
j4HVtKmVtwQ,770932,202403
j4HVtKmVtwQ,770932,202404
j4HVtKmVtwQ,770932,202405
j4HVtKmVtwQ,770932,202406
j4HVtKmVtwQ,770932,202407
j4HVtKmVtwQ,770932,202408
j4HVtKmVtwQ,770932,202409
j4HVtKmVtwQ,770932,202410
j4HVtKmVtwQ,770932,202411
j4HVtKmVtwQ,770932,202412
jJmNryYp6Mc,64158,201601
jJmNryYp6Mc,64158,201602
jJmNryYp6Mc,64158,201603
jJmNryYp6Mc,64158,201604
jJmNryYp6Mc,64158,201605
jJmNryYp6Mc,64158,201606
jJmNryYp6Mc,64158,201607
jJmNryYp6Mc,64158,201608
jJmNryYp6Mc,64158,201609
jJmNryYp6Mc,64158,201610
jJmNryYp6Mc,64158,201611
jJmNryYp6Mc,64158,201612
jJmNryYp6Mc,64158,201701
jJmNryYp6Mc,64158,201702
jJmNryYp6Mc,64158,201703
jJmNryYp6Mc,64158,201704
jJmNryYp6Mc,64158,201705
jJmNryYp6Mc,64158,201706
jJmNryYp6Mc,64158,201707
jJmNryYp6Mc,64158,201708
jJmNryYp6Mc,64158,201709
jJmNryYp6Mc,64158,201710
jJmNryYp6Mc,64158,201711
jJmNryYp6Mc,64158,201712
jJmNryYp6Mc,64158,201801
jJmNryYp6Mc,64158,201802
jJmNryYp6Mc,64158,201803
jJmNryYp6Mc,64158,201804
jJmNryYp6Mc,64158,201805
jJmNryYp6Mc,64158,201806
jJmNryYp6Mc,64158,201807
jJmNryYp6Mc,64158,201808
jJmNryYp6Mc,64158,201809
jJmNryYp6Mc,64158,201810
jJmNryYp6Mc,64158,201811
jJmNryYp6Mc,64158,201812
jJmNryYp6Mc,64158,201901
jJmNryYp6Mc,64158,201902
jJmNryYp6Mc,64158,201903
jJmNryYp6Mc,64158,201904
jJmNryYp6Mc,64158,201905
jJmNryYp6Mc,64158,201906
jJmNryYp6Mc,64158,201907
jJmNryYp6Mc,64158,201908
jJmNryYp6Mc,64158,201909
jJmNryYp6Mc,64158,201910
jJmNryYp6Mc,64158,201911
jJmNryYp6Mc,64158,201912
jJmNryYp6Mc,64158,202001
jJmNryYp6Mc,64158,202002
jJmNryYp6Mc,64158,202003
jJmNryYp6Mc,64158,202004
jJmNryYp6Mc,64158,202005
jJmNryYp6Mc,64158,202006
jJmNryYp6Mc,64158,202007
jJmNryYp6Mc,64158,202008
jJmNryYp6Mc,64158,202009
jJmNryYp6Mc,64158,202010
jJmNryYp6Mc,64158,202011
jJmNryYp6Mc,64158,202012
jJmNryYp6Mc,64158,202101
jJmNryYp6Mc,64158,202102
jJmNryYp6Mc,64158,202103
jJmNryYp6Mc,64158,202104
jJmNryYp6Mc,64158,202105
jJmNryYp6Mc,64158,202106
jJmNryYp6Mc,64158,202107
jJmNryYp6Mc,64158,202108
jJmNryYp6Mc,64158,202109
jJmNryYp6Mc,64158,202110
jJmNryYp6Mc,64158,202111
jJmNryYp6Mc,64158,202112
jJmNryYp6Mc,64158,202201
jJmNryYp6Mc,64158,202202
jJmNryYp6Mc,64158,202203
jJmNryYp6Mc,64158,202204
jJmNryYp6Mc,64158,202205
jJmNryYp6Mc,64158,202206
jJmNryYp6Mc,64158,202207
jJmNryYp6Mc,64158,202208
jJmNryYp6Mc,64158,202209
jJmNryYp6Mc,64158,202210
jJmNryYp6Mc,64158,202211
jJmNryYp6Mc,64158,202212
jJmNryYp6Mc,64158,202301
jJmNryYp6Mc,64158,202302
jJmNryYp6Mc,64158,202303
jJmNryYp6Mc,64158,202304
jJmNryYp6Mc,64158,202305
jJmNryYp6Mc,64158,202306
jJmNryYp6Mc,64158,202307
jJmNryYp6Mc,64158,202308
jJmNryYp6Mc,64158,202309
jJmNryYp6Mc,64158,202310
jJmNryYp6Mc,64158,202311
jJmNryYp6Mc,64158,202312
jJmNryYp6Mc,64158,202401
jJmNryYp6Mc,64158,202402
jJmNryYp6Mc,64158,202403
jJmNryYp6Mc,64158,202404
jJmNryYp6Mc,64158,202405
jJmNryYp6Mc,64158,202406
jJmNryYp6Mc,64158,202407
jJmNryYp6Mc,64158,202408
jJmNryYp6Mc,64158,202409
jJmNryYp6Mc,64158,202410
jJmNryYp6Mc,64158,202411
jJmNryYp6Mc,64158,202412
kBRVmS9IKRE,408790,201601
kBRVmS9IKRE,408790,201602
kBRVmS9IKRE,408790,201603
kBRVmS9IKRE,408790,201604
kBRVmS9IKRE,408790,201605
kBRVmS9IKRE,408790,201606
kBRVmS9IKRE,408790,201607
kBRVmS9IKRE,408790,201608
kBRVmS9IKRE,408790,201609
kBRVmS9IKRE,408790,201610
kBRVmS9IKRE,408790,201611
kBRVmS9IKRE,408790,201612
kBRVmS9IKRE,408790,201701
kBRVmS9IKRE,408790,201702
kBRVmS9IKRE,408790,201703
kBRVmS9IKRE,408790,201704
kBRVmS9IKRE,408790,201705
kBRVmS9IKRE,408790,201706
kBRVmS9IKRE,408790,201707
kBRVmS9IKRE,408790,201708
kBRVmS9IKRE,408790,201709
kBRVmS9IKRE,408790,201710
kBRVmS9IKRE,408790,201711
kBRVmS9IKRE,408790,201712
kBRVmS9IKRE,408790,201801
kBRVmS9IKRE,408790,201802
kBRVmS9IKRE,408790,201803
kBRVmS9IKRE,408790,201804
kBRVmS9IKRE,408790,201805
kBRVmS9IKRE,408790,201806
kBRVmS9IKRE,408790,201807
kBRVmS9IKRE,408790,201808
kBRVmS9IKRE,408790,201809
kBRVmS9IKRE,408790,201810
kBRVmS9IKRE,408790,201811
kBRVmS9IKRE,408790,201812
kBRVmS9IKRE,408790,201901
kBRVmS9IKRE,408790,201902
kBRVmS9IKRE,408790,201903
kBRVmS9IKRE,408790,201904
kBRVmS9IKRE,408790,201905
kBRVmS9IKRE,408790,201906
kBRVmS9IKRE,408790,201907
kBRVmS9IKRE,408790,201908
kBRVmS9IKRE,408790,201909
kBRVmS9IKRE,408790,201910
kBRVmS9IKRE,408790,201911
kBRVmS9IKRE,408790,201912
kBRVmS9IKRE,408790,202001
kBRVmS9IKRE,408790,202002
kBRVmS9IKRE,408790,202003
kBRVmS9IKRE,408790,202004
kBRVmS9IKRE,408790,202005
kBRVmS9IKRE,408790,202006
kBRVmS9IKRE,408790,202007
kBRVmS9IKRE,408790,202008
kBRVmS9IKRE,408790,202009
kBRVmS9IKRE,408790,202010
kBRVmS9IKRE,408790,202011
kBRVmS9IKRE,408790,202012
kBRVmS9IKRE,408790,202101
kBRVmS9IKRE,408790,202102
kBRVmS9IKRE,408790,202103
kBRVmS9IKRE,408790,202104
kBRVmS9IKRE,408790,202105
kBRVmS9IKRE,408790,202106
kBRVmS9IKRE,408790,202107
kBRVmS9IKRE,408790,202108
kBRVmS9IKRE,408790,202109
kBRVmS9IKRE,408790,202110
kBRVmS9IKRE,408790,202111
kBRVmS9IKRE,408790,202112
kBRVmS9IKRE,408790,202201
kBRVmS9IKRE,408790,202202
kBRVmS9IKRE,408790,202203
kBRVmS9IKRE,408790,202204
kBRVmS9IKRE,408790,202205
kBRVmS9IKRE,408790,202206
kBRVmS9IKRE,408790,202207
kBRVmS9IKRE,408790,202208
kBRVmS9IKRE,408790,202209
kBRVmS9IKRE,408790,202210
kBRVmS9IKRE,408790,202211
kBRVmS9IKRE,408790,202212
kBRVmS9IKRE,408790,202301
kBRVmS9IKRE,408790,202302
kBRVmS9IKRE,408790,202303
kBRVmS9IKRE,408790,202304
kBRVmS9IKRE,408790,202305
kBRVmS9IKRE,408790,202306
kBRVmS9IKRE,408790,202307
kBRVmS9IKRE,408790,202308
kBRVmS9IKRE,408790,202309
kBRVmS9IKRE,408790,202310
kBRVmS9IKRE,408790,202311
kBRVmS9IKRE,408790,202312
kBRVmS9IKRE,408790,202401
kBRVmS9IKRE,408790,202402
kBRVmS9IKRE,408790,202403
kBRVmS9IKRE,408790,202404
kBRVmS9IKRE,408790,202405
kBRVmS9IKRE,408790,202406
kBRVmS9IKRE,408790,202407
kBRVmS9IKRE,408790,202408
kBRVmS9IKRE,408790,202409
kBRVmS9IKRE,408790,202410
kBRVmS9IKRE,408790,202411
kBRVmS9IKRE,408790,202412
kfrKchZfqGr,314576,201601
kfrKchZfqGr,314576,201602
kfrKchZfqGr,314576,201603
kfrKchZfqGr,314576,201604
kfrKchZfqGr,314576,201605
kfrKchZfqGr,314576,201606
kfrKchZfqGr,314576,201607
kfrKchZfqGr,314576,201608
kfrKchZfqGr,314576,201609
kfrKchZfqGr,314576,201610
kfrKchZfqGr,314576,201611
kfrKchZfqGr,314576,201612
kfrKchZfqGr,314576,201701
kfrKchZfqGr,314576,201702
kfrKchZfqGr,314576,201703
kfrKchZfqGr,314576,201704
kfrKchZfqGr,314576,201705
kfrKchZfqGr,314576,201706
kfrKchZfqGr,314576,201707
kfrKchZfqGr,314576,201708
kfrKchZfqGr,314576,201709
kfrKchZfqGr,314576,201710
kfrKchZfqGr,314576,201711
kfrKchZfqGr,314576,201712
kfrKchZfqGr,314576,201801
kfrKchZfqGr,314576,201802
kfrKchZfqGr,314576,201803
kfrKchZfqGr,314576,201804
kfrKchZfqGr,314576,201805
kfrKchZfqGr,314576,201806
kfrKchZfqGr,314576,201807
kfrKchZfqGr,314576,201808
kfrKchZfqGr,314576,201809
kfrKchZfqGr,314576,201810
kfrKchZfqGr,314576,201811
kfrKchZfqGr,314576,201812
kfrKchZfqGr,314576,201901
kfrKchZfqGr,314576,201902
kfrKchZfqGr,314576,201903
kfrKchZfqGr,314576,201904
kfrKchZfqGr,314576,201905
kfrKchZfqGr,314576,201906
kfrKchZfqGr,314576,201907
kfrKchZfqGr,314576,201908
kfrKchZfqGr,314576,201909
kfrKchZfqGr,314576,201910
kfrKchZfqGr,314576,201911
kfrKchZfqGr,314576,201912
kfrKchZfqGr,314576,202001
kfrKchZfqGr,314576,202002
kfrKchZfqGr,314576,202003
kfrKchZfqGr,314576,202004
kfrKchZfqGr,314576,202005
kfrKchZfqGr,314576,202006
kfrKchZfqGr,314576,202007
kfrKchZfqGr,314576,202008
kfrKchZfqGr,314576,202009
kfrKchZfqGr,314576,202010
kfrKchZfqGr,314576,202011
kfrKchZfqGr,314576,202012
kfrKchZfqGr,314576,202101
kfrKchZfqGr,314576,202102
kfrKchZfqGr,314576,202103
kfrKchZfqGr,314576,202104
kfrKchZfqGr,314576,202105
kfrKchZfqGr,314576,202106
kfrKchZfqGr,314576,202107
kfrKchZfqGr,314576,202108
kfrKchZfqGr,314576,202109
kfrKchZfqGr,314576,202110
kfrKchZfqGr,314576,202111
kfrKchZfqGr,314576,202112
kfrKchZfqGr,314576,202201
kfrKchZfqGr,314576,202202
kfrKchZfqGr,314576,202203
kfrKchZfqGr,314576,202204
kfrKchZfqGr,314576,202205
kfrKchZfqGr,314576,202206
kfrKchZfqGr,314576,202207
kfrKchZfqGr,314576,202208
kfrKchZfqGr,314576,202209
kfrKchZfqGr,314576,202210
kfrKchZfqGr,314576,202211
kfrKchZfqGr,314576,202212
kfrKchZfqGr,314576,202301
kfrKchZfqGr,314576,202302
kfrKchZfqGr,314576,202303
kfrKchZfqGr,314576,202304
kfrKchZfqGr,314576,202305
kfrKchZfqGr,314576,202306
kfrKchZfqGr,314576,202307
kfrKchZfqGr,314576,202308
kfrKchZfqGr,314576,202309
kfrKchZfqGr,314576,202310
kfrKchZfqGr,314576,202311
kfrKchZfqGr,314576,202312
kfrKchZfqGr,314576,202401
kfrKchZfqGr,314576,202402
kfrKchZfqGr,314576,202403
kfrKchZfqGr,314576,202404
kfrKchZfqGr,314576,202405
kfrKchZfqGr,314576,202406
kfrKchZfqGr,314576,202407
kfrKchZfqGr,314576,202408
kfrKchZfqGr,314576,202409
kfrKchZfqGr,314576,202410
kfrKchZfqGr,314576,202411
kfrKchZfqGr,314576,202412
l8tZrJ55yzg,412595,201601
l8tZrJ55yzg,412595,201602
l8tZrJ55yzg,412595,201603
l8tZrJ55yzg,412595,201604
l8tZrJ55yzg,412595,201605
l8tZrJ55yzg,412595,201606
l8tZrJ55yzg,412595,201607
l8tZrJ55yzg,412595,201608
l8tZrJ55yzg,412595,201609
l8tZrJ55yzg,412595,201610
l8tZrJ55yzg,412595,201611
l8tZrJ55yzg,412595,201612
l8tZrJ55yzg,412595,201701
l8tZrJ55yzg,412595,201702
l8tZrJ55yzg,412595,201703
l8tZrJ55yzg,412595,201704
l8tZrJ55yzg,412595,201705
l8tZrJ55yzg,412595,201706
l8tZrJ55yzg,412595,201707
l8tZrJ55yzg,412595,201708
l8tZrJ55yzg,412595,201709
l8tZrJ55yzg,412595,201710
l8tZrJ55yzg,412595,201711
l8tZrJ55yzg,412595,201712
l8tZrJ55yzg,412595,201801
l8tZrJ55yzg,412595,201802
l8tZrJ55yzg,412595,201803
l8tZrJ55yzg,412595,201804
l8tZrJ55yzg,412595,201805
l8tZrJ55yzg,412595,201806
l8tZrJ55yzg,412595,201807
l8tZrJ55yzg,412595,201808
l8tZrJ55yzg,412595,201809
l8tZrJ55yzg,412595,201810
l8tZrJ55yzg,412595,201811
l8tZrJ55yzg,412595,201812
l8tZrJ55yzg,412595,201901
l8tZrJ55yzg,412595,201902
l8tZrJ55yzg,412595,201903
l8tZrJ55yzg,412595,201904
l8tZrJ55yzg,412595,201905
l8tZrJ55yzg,412595,201906
l8tZrJ55yzg,412595,201907
l8tZrJ55yzg,412595,201908
l8tZrJ55yzg,412595,201909
l8tZrJ55yzg,412595,201910
l8tZrJ55yzg,412595,201911
l8tZrJ55yzg,412595,201912
l8tZrJ55yzg,412595,202001
l8tZrJ55yzg,412595,202002
l8tZrJ55yzg,412595,202003
l8tZrJ55yzg,412595,202004
l8tZrJ55yzg,412595,202005
l8tZrJ55yzg,412595,202006
l8tZrJ55yzg,412595,202007
l8tZrJ55yzg,412595,202008
l8tZrJ55yzg,412595,202009
l8tZrJ55yzg,412595,202010
l8tZrJ55yzg,412595,202011
l8tZrJ55yzg,412595,202012
l8tZrJ55yzg,412595,202101
l8tZrJ55yzg,412595,202102
l8tZrJ55yzg,412595,202103
l8tZrJ55yzg,412595,202104
l8tZrJ55yzg,412595,202105
l8tZrJ55yzg,412595,202106
l8tZrJ55yzg,412595,202107
l8tZrJ55yzg,412595,202108
l8tZrJ55yzg,412595,202109
l8tZrJ55yzg,412595,202110
l8tZrJ55yzg,412595,202111
l8tZrJ55yzg,412595,202112
l8tZrJ55yzg,412595,202201
l8tZrJ55yzg,412595,202202
l8tZrJ55yzg,412595,202203
l8tZrJ55yzg,412595,202204
l8tZrJ55yzg,412595,202205
l8tZrJ55yzg,412595,202206
l8tZrJ55yzg,412595,202207
l8tZrJ55yzg,412595,202208
l8tZrJ55yzg,412595,202209
l8tZrJ55yzg,412595,202210
l8tZrJ55yzg,412595,202211
l8tZrJ55yzg,412595,202212
l8tZrJ55yzg,412595,202301
l8tZrJ55yzg,412595,202302
l8tZrJ55yzg,412595,202303
l8tZrJ55yzg,412595,202304
l8tZrJ55yzg,412595,202305
l8tZrJ55yzg,412595,202306
l8tZrJ55yzg,412595,202307
l8tZrJ55yzg,412595,202308
l8tZrJ55yzg,412595,202309
l8tZrJ55yzg,412595,202310
l8tZrJ55yzg,412595,202311
l8tZrJ55yzg,412595,202312
l8tZrJ55yzg,412595,202401
l8tZrJ55yzg,412595,202402
l8tZrJ55yzg,412595,202403
l8tZrJ55yzg,412595,202404
l8tZrJ55yzg,412595,202405
l8tZrJ55yzg,412595,202406
l8tZrJ55yzg,412595,202407
l8tZrJ55yzg,412595,202408
l8tZrJ55yzg,412595,202409
l8tZrJ55yzg,412595,202410
l8tZrJ55yzg,412595,202411
l8tZrJ55yzg,412595,202412
mMGyx6JG7wj,294527,201601
mMGyx6JG7wj,294527,201602
mMGyx6JG7wj,294527,201603
mMGyx6JG7wj,294527,201604
mMGyx6JG7wj,294527,201605
mMGyx6JG7wj,294527,201606
mMGyx6JG7wj,294527,201607
mMGyx6JG7wj,294527,201608
mMGyx6JG7wj,294527,201609
mMGyx6JG7wj,294527,201610
mMGyx6JG7wj,294527,201611
mMGyx6JG7wj,294527,201612
mMGyx6JG7wj,294527,201701
mMGyx6JG7wj,294527,201702
mMGyx6JG7wj,294527,201703
mMGyx6JG7wj,294527,201704
mMGyx6JG7wj,294527,201705
mMGyx6JG7wj,294527,201706
mMGyx6JG7wj,294527,201707
mMGyx6JG7wj,294527,201708
mMGyx6JG7wj,294527,201709
mMGyx6JG7wj,294527,201710
mMGyx6JG7wj,294527,201711
mMGyx6JG7wj,294527,201712
mMGyx6JG7wj,294527,201801
mMGyx6JG7wj,294527,201802
mMGyx6JG7wj,294527,201803
mMGyx6JG7wj,294527,201804
mMGyx6JG7wj,294527,201805
mMGyx6JG7wj,294527,201806
mMGyx6JG7wj,294527,201807
mMGyx6JG7wj,294527,201808
mMGyx6JG7wj,294527,201809
mMGyx6JG7wj,294527,201810
mMGyx6JG7wj,294527,201811
mMGyx6JG7wj,294527,201812
mMGyx6JG7wj,294527,201901
mMGyx6JG7wj,294527,201902
mMGyx6JG7wj,294527,201903
mMGyx6JG7wj,294527,201904
mMGyx6JG7wj,294527,201905
mMGyx6JG7wj,294527,201906
mMGyx6JG7wj,294527,201907
mMGyx6JG7wj,294527,201908
mMGyx6JG7wj,294527,201909
mMGyx6JG7wj,294527,201910
mMGyx6JG7wj,294527,201911
mMGyx6JG7wj,294527,201912
mMGyx6JG7wj,294527,202001
mMGyx6JG7wj,294527,202002
mMGyx6JG7wj,294527,202003
mMGyx6JG7wj,294527,202004
mMGyx6JG7wj,294527,202005
mMGyx6JG7wj,294527,202006
mMGyx6JG7wj,294527,202007
mMGyx6JG7wj,294527,202008
mMGyx6JG7wj,294527,202009
mMGyx6JG7wj,294527,202010
mMGyx6JG7wj,294527,202011
mMGyx6JG7wj,294527,202012
mMGyx6JG7wj,294527,202101
mMGyx6JG7wj,294527,202102
mMGyx6JG7wj,294527,202103
mMGyx6JG7wj,294527,202104
mMGyx6JG7wj,294527,202105
mMGyx6JG7wj,294527,202106
mMGyx6JG7wj,294527,202107
mMGyx6JG7wj,294527,202108
mMGyx6JG7wj,294527,202109
mMGyx6JG7wj,294527,202110
mMGyx6JG7wj,294527,202111
mMGyx6JG7wj,294527,202112
mMGyx6JG7wj,294527,202201
mMGyx6JG7wj,294527,202202
mMGyx6JG7wj,294527,202203
mMGyx6JG7wj,294527,202204
mMGyx6JG7wj,294527,202205
mMGyx6JG7wj,294527,202206
mMGyx6JG7wj,294527,202207
mMGyx6JG7wj,294527,202208
mMGyx6JG7wj,294527,202209
mMGyx6JG7wj,294527,202210
mMGyx6JG7wj,294527,202211
mMGyx6JG7wj,294527,202212
mMGyx6JG7wj,294527,202301
mMGyx6JG7wj,294527,202302
mMGyx6JG7wj,294527,202303
mMGyx6JG7wj,294527,202304
mMGyx6JG7wj,294527,202305
mMGyx6JG7wj,294527,202306
mMGyx6JG7wj,294527,202307
mMGyx6JG7wj,294527,202308
mMGyx6JG7wj,294527,202309
mMGyx6JG7wj,294527,202310
mMGyx6JG7wj,294527,202311
mMGyx6JG7wj,294527,202312
mMGyx6JG7wj,294527,202401
mMGyx6JG7wj,294527,202402
mMGyx6JG7wj,294527,202403
mMGyx6JG7wj,294527,202404
mMGyx6JG7wj,294527,202405
mMGyx6JG7wj,294527,202406
mMGyx6JG7wj,294527,202407
mMGyx6JG7wj,294527,202408
mMGyx6JG7wj,294527,202409
mMGyx6JG7wj,294527,202410
mMGyx6JG7wj,294527,202411
mMGyx6JG7wj,294527,202412
q7VB2VrUr83,106085,201601
q7VB2VrUr83,106085,201602
q7VB2VrUr83,106085,201603
q7VB2VrUr83,106085,201604
q7VB2VrUr83,106085,201605
q7VB2VrUr83,106085,201606
q7VB2VrUr83,106085,201607
q7VB2VrUr83,106085,201608
q7VB2VrUr83,106085,201609
q7VB2VrUr83,106085,201610
q7VB2VrUr83,106085,201611
q7VB2VrUr83,106085,201612
q7VB2VrUr83,106085,201701
q7VB2VrUr83,106085,201702
q7VB2VrUr83,106085,201703
q7VB2VrUr83,106085,201704
q7VB2VrUr83,106085,201705
q7VB2VrUr83,106085,201706
q7VB2VrUr83,106085,201707
q7VB2VrUr83,106085,201708
q7VB2VrUr83,106085,201709
q7VB2VrUr83,106085,201710
q7VB2VrUr83,106085,201711
q7VB2VrUr83,106085,201712
q7VB2VrUr83,106085,201801
q7VB2VrUr83,106085,201802
q7VB2VrUr83,106085,201803
q7VB2VrUr83,106085,201804
q7VB2VrUr83,106085,201805
q7VB2VrUr83,106085,201806
q7VB2VrUr83,106085,201807
q7VB2VrUr83,106085,201808
q7VB2VrUr83,106085,201809
q7VB2VrUr83,106085,201810
q7VB2VrUr83,106085,201811
q7VB2VrUr83,106085,201812
q7VB2VrUr83,106085,201901
q7VB2VrUr83,106085,201902
q7VB2VrUr83,106085,201903
q7VB2VrUr83,106085,201904
q7VB2VrUr83,106085,201905
q7VB2VrUr83,106085,201906
q7VB2VrUr83,106085,201907
q7VB2VrUr83,106085,201908
q7VB2VrUr83,106085,201909
q7VB2VrUr83,106085,201910
q7VB2VrUr83,106085,201911
q7VB2VrUr83,106085,201912
q7VB2VrUr83,106085,202001
q7VB2VrUr83,106085,202002
q7VB2VrUr83,106085,202003
q7VB2VrUr83,106085,202004
q7VB2VrUr83,106085,202005
q7VB2VrUr83,106085,202006
q7VB2VrUr83,106085,202007
q7VB2VrUr83,106085,202008
q7VB2VrUr83,106085,202009
q7VB2VrUr83,106085,202010
q7VB2VrUr83,106085,202011
q7VB2VrUr83,106085,202012
q7VB2VrUr83,106085,202101
q7VB2VrUr83,106085,202102
q7VB2VrUr83,106085,202103
q7VB2VrUr83,106085,202104
q7VB2VrUr83,106085,202105
q7VB2VrUr83,106085,202106
q7VB2VrUr83,106085,202107
q7VB2VrUr83,106085,202108
q7VB2VrUr83,106085,202109
q7VB2VrUr83,106085,202110
q7VB2VrUr83,106085,202111
q7VB2VrUr83,106085,202112
q7VB2VrUr83,106085,202201
q7VB2VrUr83,106085,202202
q7VB2VrUr83,106085,202203
q7VB2VrUr83,106085,202204
q7VB2VrUr83,106085,202205
q7VB2VrUr83,106085,202206
q7VB2VrUr83,106085,202207
q7VB2VrUr83,106085,202208
q7VB2VrUr83,106085,202209
q7VB2VrUr83,106085,202210
q7VB2VrUr83,106085,202211
q7VB2VrUr83,106085,202212
q7VB2VrUr83,106085,202301
q7VB2VrUr83,106085,202302
q7VB2VrUr83,106085,202303
q7VB2VrUr83,106085,202304
q7VB2VrUr83,106085,202305
q7VB2VrUr83,106085,202306
q7VB2VrUr83,106085,202307
q7VB2VrUr83,106085,202308
q7VB2VrUr83,106085,202309
q7VB2VrUr83,106085,202310
q7VB2VrUr83,106085,202311
q7VB2VrUr83,106085,202312
q7VB2VrUr83,106085,202401
q7VB2VrUr83,106085,202402
q7VB2VrUr83,106085,202403
q7VB2VrUr83,106085,202404
q7VB2VrUr83,106085,202405
q7VB2VrUr83,106085,202406
q7VB2VrUr83,106085,202407
q7VB2VrUr83,106085,202408
q7VB2VrUr83,106085,202409
q7VB2VrUr83,106085,202410
q7VB2VrUr83,106085,202411
q7VB2VrUr83,106085,202412
qoayxucpZqH,11015,201601
qoayxucpZqH,11015,201602
qoayxucpZqH,11015,201603
qoayxucpZqH,11015,201604
qoayxucpZqH,11015,201605
qoayxucpZqH,11015,201606
qoayxucpZqH,11015,201607
qoayxucpZqH,11015,201608
qoayxucpZqH,11015,201609
qoayxucpZqH,11015,201610
qoayxucpZqH,11015,201611
qoayxucpZqH,11015,201612
qoayxucpZqH,11015,201701
qoayxucpZqH,11015,201702
qoayxucpZqH,11015,201703
qoayxucpZqH,11015,201704
qoayxucpZqH,11015,201705
qoayxucpZqH,11015,201706
qoayxucpZqH,11015,201707
qoayxucpZqH,11015,201708
qoayxucpZqH,11015,201709
qoayxucpZqH,11015,201710
qoayxucpZqH,11015,201711
qoayxucpZqH,11015,201712
qoayxucpZqH,11015,201801
qoayxucpZqH,11015,201802
qoayxucpZqH,11015,201803
qoayxucpZqH,11015,201804
qoayxucpZqH,11015,201805
qoayxucpZqH,11015,201806
qoayxucpZqH,11015,201807
qoayxucpZqH,11015,201808
qoayxucpZqH,11015,201809
qoayxucpZqH,11015,201810
qoayxucpZqH,11015,201811
qoayxucpZqH,11015,201812
qoayxucpZqH,11015,201901
qoayxucpZqH,11015,201902
qoayxucpZqH,11015,201903
qoayxucpZqH,11015,201904
qoayxucpZqH,11015,201905
qoayxucpZqH,11015,201906
qoayxucpZqH,11015,201907
qoayxucpZqH,11015,201908
qoayxucpZqH,11015,201909
qoayxucpZqH,11015,201910
qoayxucpZqH,11015,201911
qoayxucpZqH,11015,201912
qoayxucpZqH,11015,202001
qoayxucpZqH,11015,202002
qoayxucpZqH,11015,202003
qoayxucpZqH,11015,202004
qoayxucpZqH,11015,202005
qoayxucpZqH,11015,202006
qoayxucpZqH,11015,202007
qoayxucpZqH,11015,202008
qoayxucpZqH,11015,202009
qoayxucpZqH,11015,202010
qoayxucpZqH,11015,202011
qoayxucpZqH,11015,202012
qoayxucpZqH,11015,202101
qoayxucpZqH,11015,202102
qoayxucpZqH,11015,202103
qoayxucpZqH,11015,202104
qoayxucpZqH,11015,202105
qoayxucpZqH,11015,202106
qoayxucpZqH,11015,202107
qoayxucpZqH,11015,202108
qoayxucpZqH,11015,202109
qoayxucpZqH,11015,202110
qoayxucpZqH,11015,202111
qoayxucpZqH,11015,202112
qoayxucpZqH,11015,202201
qoayxucpZqH,11015,202202
qoayxucpZqH,11015,202203
qoayxucpZqH,11015,202204
qoayxucpZqH,11015,202205
qoayxucpZqH,11015,202206
qoayxucpZqH,11015,202207
qoayxucpZqH,11015,202208
qoayxucpZqH,11015,202209
qoayxucpZqH,11015,202210
qoayxucpZqH,11015,202211
qoayxucpZqH,11015,202212
qoayxucpZqH,11015,202301
qoayxucpZqH,11015,202302
qoayxucpZqH,11015,202303
qoayxucpZqH,11015,202304
qoayxucpZqH,11015,202305
qoayxucpZqH,11015,202306
qoayxucpZqH,11015,202307
qoayxucpZqH,11015,202308
qoayxucpZqH,11015,202309
qoayxucpZqH,11015,202310
qoayxucpZqH,11015,202311
qoayxucpZqH,11015,202312
qoayxucpZqH,11015,202401
qoayxucpZqH,11015,202402
qoayxucpZqH,11015,202403
qoayxucpZqH,11015,202404
qoayxucpZqH,11015,202405
qoayxucpZqH,11015,202406
qoayxucpZqH,11015,202407
qoayxucpZqH,11015,202408
qoayxucpZqH,11015,202409
qoayxucpZqH,11015,202410
qoayxucpZqH,11015,202411
qoayxucpZqH,11015,202412
rsZaqJl5R0A,453599,201601
rsZaqJl5R0A,453599,201602
rsZaqJl5R0A,453599,201603
rsZaqJl5R0A,453599,201604
rsZaqJl5R0A,453599,201605
rsZaqJl5R0A,453599,201606
rsZaqJl5R0A,453599,201607
rsZaqJl5R0A,453599,201608
rsZaqJl5R0A,453599,201609
rsZaqJl5R0A,453599,201610
rsZaqJl5R0A,453599,201611
rsZaqJl5R0A,453599,201612
rsZaqJl5R0A,453599,201701
rsZaqJl5R0A,453599,201702
rsZaqJl5R0A,453599,201703
rsZaqJl5R0A,453599,201704
rsZaqJl5R0A,453599,201705
rsZaqJl5R0A,453599,201706
rsZaqJl5R0A,453599,201707
rsZaqJl5R0A,453599,201708
rsZaqJl5R0A,453599,201709
rsZaqJl5R0A,453599,201710
rsZaqJl5R0A,453599,201711
rsZaqJl5R0A,453599,201712
rsZaqJl5R0A,453599,201801
rsZaqJl5R0A,453599,201802
rsZaqJl5R0A,453599,201803
rsZaqJl5R0A,453599,201804
rsZaqJl5R0A,453599,201805
rsZaqJl5R0A,453599,201806
rsZaqJl5R0A,453599,201807
rsZaqJl5R0A,453599,201808
rsZaqJl5R0A,453599,201809
rsZaqJl5R0A,453599,201810
rsZaqJl5R0A,453599,201811
rsZaqJl5R0A,453599,201812
rsZaqJl5R0A,453599,201901
rsZaqJl5R0A,453599,201902
rsZaqJl5R0A,453599,201903
rsZaqJl5R0A,453599,201904
rsZaqJl5R0A,453599,201905
rsZaqJl5R0A,453599,201906
rsZaqJl5R0A,453599,201907
rsZaqJl5R0A,453599,201908
rsZaqJl5R0A,453599,201909
rsZaqJl5R0A,453599,201910
rsZaqJl5R0A,453599,201911
rsZaqJl5R0A,453599,201912
rsZaqJl5R0A,453599,202001
rsZaqJl5R0A,453599,202002
rsZaqJl5R0A,453599,202003
rsZaqJl5R0A,453599,202004
rsZaqJl5R0A,453599,202005
rsZaqJl5R0A,453599,202006
rsZaqJl5R0A,453599,202007
rsZaqJl5R0A,453599,202008
rsZaqJl5R0A,453599,202009
rsZaqJl5R0A,453599,202010
rsZaqJl5R0A,453599,202011
rsZaqJl5R0A,453599,202012
rsZaqJl5R0A,453599,202101
rsZaqJl5R0A,453599,202102
rsZaqJl5R0A,453599,202103
rsZaqJl5R0A,453599,202104
rsZaqJl5R0A,453599,202105
rsZaqJl5R0A,453599,202106
rsZaqJl5R0A,453599,202107
rsZaqJl5R0A,453599,202108
rsZaqJl5R0A,453599,202109
rsZaqJl5R0A,453599,202110
rsZaqJl5R0A,453599,202111
rsZaqJl5R0A,453599,202112
rsZaqJl5R0A,453599,202201
rsZaqJl5R0A,453599,202202
rsZaqJl5R0A,453599,202203
rsZaqJl5R0A,453599,202204
rsZaqJl5R0A,453599,202205
rsZaqJl5R0A,453599,202206
rsZaqJl5R0A,453599,202207
rsZaqJl5R0A,453599,202208
rsZaqJl5R0A,453599,202209
rsZaqJl5R0A,453599,202210
rsZaqJl5R0A,453599,202211
rsZaqJl5R0A,453599,202212
rsZaqJl5R0A,453599,202301
rsZaqJl5R0A,453599,202302
rsZaqJl5R0A,453599,202303
rsZaqJl5R0A,453599,202304
rsZaqJl5R0A,453599,202305
rsZaqJl5R0A,453599,202306
rsZaqJl5R0A,453599,202307
rsZaqJl5R0A,453599,202308
rsZaqJl5R0A,453599,202309
rsZaqJl5R0A,453599,202310
rsZaqJl5R0A,453599,202311
rsZaqJl5R0A,453599,202312
rsZaqJl5R0A,453599,202401
rsZaqJl5R0A,453599,202402
rsZaqJl5R0A,453599,202403
rsZaqJl5R0A,453599,202404
rsZaqJl5R0A,453599,202405
rsZaqJl5R0A,453599,202406
rsZaqJl5R0A,453599,202407
rsZaqJl5R0A,453599,202408
rsZaqJl5R0A,453599,202409
rsZaqJl5R0A,453599,202410
rsZaqJl5R0A,453599,202411
rsZaqJl5R0A,453599,202412
t9XsLKdMwA1,504335,201601
t9XsLKdMwA1,504335,201602
t9XsLKdMwA1,504335,201603
t9XsLKdMwA1,504335,201604
t9XsLKdMwA1,504335,201605
t9XsLKdMwA1,504335,201606
t9XsLKdMwA1,504335,201607
t9XsLKdMwA1,504335,201608
t9XsLKdMwA1,504335,201609
t9XsLKdMwA1,504335,201610
t9XsLKdMwA1,504335,201611
t9XsLKdMwA1,504335,201612
t9XsLKdMwA1,504335,201701
t9XsLKdMwA1,504335,201702
t9XsLKdMwA1,504335,201703
t9XsLKdMwA1,504335,201704
t9XsLKdMwA1,504335,201705
t9XsLKdMwA1,504335,201706
t9XsLKdMwA1,504335,201707
t9XsLKdMwA1,504335,201708
t9XsLKdMwA1,504335,201709
t9XsLKdMwA1,504335,201710
t9XsLKdMwA1,504335,201711
t9XsLKdMwA1,504335,201712
t9XsLKdMwA1,504335,201801
t9XsLKdMwA1,504335,201802
t9XsLKdMwA1,504335,201803
t9XsLKdMwA1,504335,201804
t9XsLKdMwA1,504335,201805
t9XsLKdMwA1,504335,201806
t9XsLKdMwA1,504335,201807
t9XsLKdMwA1,504335,201808
t9XsLKdMwA1,504335,201809
t9XsLKdMwA1,504335,201810
t9XsLKdMwA1,504335,201811
t9XsLKdMwA1,504335,201812
t9XsLKdMwA1,504335,201901
t9XsLKdMwA1,504335,201902
t9XsLKdMwA1,504335,201903
t9XsLKdMwA1,504335,201904
t9XsLKdMwA1,504335,201905
t9XsLKdMwA1,504335,201906
t9XsLKdMwA1,504335,201907
t9XsLKdMwA1,504335,201908
t9XsLKdMwA1,504335,201909
t9XsLKdMwA1,504335,201910
t9XsLKdMwA1,504335,201911
t9XsLKdMwA1,504335,201912
t9XsLKdMwA1,504335,202001
t9XsLKdMwA1,504335,202002
t9XsLKdMwA1,504335,202003
t9XsLKdMwA1,504335,202004
t9XsLKdMwA1,504335,202005
t9XsLKdMwA1,504335,202006
t9XsLKdMwA1,504335,202007
t9XsLKdMwA1,504335,202008
t9XsLKdMwA1,504335,202009
t9XsLKdMwA1,504335,202010
t9XsLKdMwA1,504335,202011
t9XsLKdMwA1,504335,202012
t9XsLKdMwA1,504335,202101
t9XsLKdMwA1,504335,202102
t9XsLKdMwA1,504335,202103
t9XsLKdMwA1,504335,202104
t9XsLKdMwA1,504335,202105
t9XsLKdMwA1,504335,202106
t9XsLKdMwA1,504335,202107
t9XsLKdMwA1,504335,202108
t9XsLKdMwA1,504335,202109
t9XsLKdMwA1,504335,202110
t9XsLKdMwA1,504335,202111
t9XsLKdMwA1,504335,202112
t9XsLKdMwA1,504335,202201
t9XsLKdMwA1,504335,202202
t9XsLKdMwA1,504335,202203
t9XsLKdMwA1,504335,202204
t9XsLKdMwA1,504335,202205
t9XsLKdMwA1,504335,202206
t9XsLKdMwA1,504335,202207
t9XsLKdMwA1,504335,202208
t9XsLKdMwA1,504335,202209
t9XsLKdMwA1,504335,202210
t9XsLKdMwA1,504335,202211
t9XsLKdMwA1,504335,202212
t9XsLKdMwA1,504335,202301
t9XsLKdMwA1,504335,202302
t9XsLKdMwA1,504335,202303
t9XsLKdMwA1,504335,202304
t9XsLKdMwA1,504335,202305
t9XsLKdMwA1,504335,202306
t9XsLKdMwA1,504335,202307
t9XsLKdMwA1,504335,202308
t9XsLKdMwA1,504335,202309
t9XsLKdMwA1,504335,202310
t9XsLKdMwA1,504335,202311
t9XsLKdMwA1,504335,202312
t9XsLKdMwA1,504335,202401
t9XsLKdMwA1,504335,202402
t9XsLKdMwA1,504335,202403
t9XsLKdMwA1,504335,202404
t9XsLKdMwA1,504335,202405
t9XsLKdMwA1,504335,202406
t9XsLKdMwA1,504335,202407
t9XsLKdMwA1,504335,202408
t9XsLKdMwA1,504335,202409
t9XsLKdMwA1,504335,202410
t9XsLKdMwA1,504335,202411
t9XsLKdMwA1,504335,202412
tSE6ctwvZmP,44990,201601
tSE6ctwvZmP,44990,201602
tSE6ctwvZmP,44990,201603
tSE6ctwvZmP,44990,201604
tSE6ctwvZmP,44990,201605
tSE6ctwvZmP,44990,201606
tSE6ctwvZmP,44990,201607
tSE6ctwvZmP,44990,201608
tSE6ctwvZmP,44990,201609
tSE6ctwvZmP,44990,201610
tSE6ctwvZmP,44990,201611
tSE6ctwvZmP,44990,201612
tSE6ctwvZmP,44990,201701
tSE6ctwvZmP,44990,201702
tSE6ctwvZmP,44990,201703
tSE6ctwvZmP,44990,201704
tSE6ctwvZmP,44990,201705
tSE6ctwvZmP,44990,201706
tSE6ctwvZmP,44990,201707
tSE6ctwvZmP,44990,201708
tSE6ctwvZmP,44990,201709
tSE6ctwvZmP,44990,201710
tSE6ctwvZmP,44990,201711
tSE6ctwvZmP,44990,201712
tSE6ctwvZmP,44990,201801
tSE6ctwvZmP,44990,201802
tSE6ctwvZmP,44990,201803
tSE6ctwvZmP,44990,201804
tSE6ctwvZmP,44990,201805
tSE6ctwvZmP,44990,201806
tSE6ctwvZmP,44990,201807
tSE6ctwvZmP,44990,201808
tSE6ctwvZmP,44990,201809
tSE6ctwvZmP,44990,201810
tSE6ctwvZmP,44990,201811
tSE6ctwvZmP,44990,201812
tSE6ctwvZmP,44990,201901
tSE6ctwvZmP,44990,201902
tSE6ctwvZmP,44990,201903
tSE6ctwvZmP,44990,201904
tSE6ctwvZmP,44990,201905
tSE6ctwvZmP,44990,201906
tSE6ctwvZmP,44990,201907
tSE6ctwvZmP,44990,201908
tSE6ctwvZmP,44990,201909
tSE6ctwvZmP,44990,201910
tSE6ctwvZmP,44990,201911
tSE6ctwvZmP,44990,201912
tSE6ctwvZmP,44990,202001
tSE6ctwvZmP,44990,202002
tSE6ctwvZmP,44990,202003
tSE6ctwvZmP,44990,202004
tSE6ctwvZmP,44990,202005
tSE6ctwvZmP,44990,202006
tSE6ctwvZmP,44990,202007
tSE6ctwvZmP,44990,202008
tSE6ctwvZmP,44990,202009
tSE6ctwvZmP,44990,202010
tSE6ctwvZmP,44990,202011
tSE6ctwvZmP,44990,202012
tSE6ctwvZmP,44990,202101
tSE6ctwvZmP,44990,202102
tSE6ctwvZmP,44990,202103
tSE6ctwvZmP,44990,202104
tSE6ctwvZmP,44990,202105
tSE6ctwvZmP,44990,202106
tSE6ctwvZmP,44990,202107
tSE6ctwvZmP,44990,202108
tSE6ctwvZmP,44990,202109
tSE6ctwvZmP,44990,202110
tSE6ctwvZmP,44990,202111
tSE6ctwvZmP,44990,202112
tSE6ctwvZmP,44990,202201
tSE6ctwvZmP,44990,202202
tSE6ctwvZmP,44990,202203
tSE6ctwvZmP,44990,202204
tSE6ctwvZmP,44990,202205
tSE6ctwvZmP,44990,202206
tSE6ctwvZmP,44990,202207
tSE6ctwvZmP,44990,202208
tSE6ctwvZmP,44990,202209
tSE6ctwvZmP,44990,202210
tSE6ctwvZmP,44990,202211
tSE6ctwvZmP,44990,202212
tSE6ctwvZmP,44990,202301
tSE6ctwvZmP,44990,202302
tSE6ctwvZmP,44990,202303
tSE6ctwvZmP,44990,202304
tSE6ctwvZmP,44990,202305
tSE6ctwvZmP,44990,202306
tSE6ctwvZmP,44990,202307
tSE6ctwvZmP,44990,202308
tSE6ctwvZmP,44990,202309
tSE6ctwvZmP,44990,202310
tSE6ctwvZmP,44990,202311
tSE6ctwvZmP,44990,202312
tSE6ctwvZmP,44990,202401
tSE6ctwvZmP,44990,202402
tSE6ctwvZmP,44990,202403
tSE6ctwvZmP,44990,202404
tSE6ctwvZmP,44990,202405
tSE6ctwvZmP,44990,202406
tSE6ctwvZmP,44990,202407
tSE6ctwvZmP,44990,202408
tSE6ctwvZmP,44990,202409
tSE6ctwvZmP,44990,202410
tSE6ctwvZmP,44990,202411
tSE6ctwvZmP,44990,202412
uHEl9oRZm8L,152517,201601
uHEl9oRZm8L,152517,201602
uHEl9oRZm8L,152517,201603
uHEl9oRZm8L,152517,201604
uHEl9oRZm8L,152517,201605
uHEl9oRZm8L,152517,201606
uHEl9oRZm8L,152517,201607
uHEl9oRZm8L,152517,201608
uHEl9oRZm8L,152517,201609
uHEl9oRZm8L,152517,201610
uHEl9oRZm8L,152517,201611
uHEl9oRZm8L,152517,201612
uHEl9oRZm8L,152517,201701
uHEl9oRZm8L,152517,201702
uHEl9oRZm8L,152517,201703
uHEl9oRZm8L,152517,201704
uHEl9oRZm8L,152517,201705
uHEl9oRZm8L,152517,201706
uHEl9oRZm8L,152517,201707
uHEl9oRZm8L,152517,201708
uHEl9oRZm8L,152517,201709
uHEl9oRZm8L,152517,201710
uHEl9oRZm8L,152517,201711
uHEl9oRZm8L,152517,201712
uHEl9oRZm8L,152517,201801
uHEl9oRZm8L,152517,201802
uHEl9oRZm8L,152517,201803
uHEl9oRZm8L,152517,201804
uHEl9oRZm8L,152517,201805
uHEl9oRZm8L,152517,201806
uHEl9oRZm8L,152517,201807
uHEl9oRZm8L,152517,201808
uHEl9oRZm8L,152517,201809
uHEl9oRZm8L,152517,201810
uHEl9oRZm8L,152517,201811
uHEl9oRZm8L,152517,201812
uHEl9oRZm8L,152517,201901
uHEl9oRZm8L,152517,201902
uHEl9oRZm8L,152517,201903
uHEl9oRZm8L,152517,201904
uHEl9oRZm8L,152517,201905
uHEl9oRZm8L,152517,201906
uHEl9oRZm8L,152517,201907
uHEl9oRZm8L,152517,201908
uHEl9oRZm8L,152517,201909
uHEl9oRZm8L,152517,201910
uHEl9oRZm8L,152517,201911
uHEl9oRZm8L,152517,201912
uHEl9oRZm8L,152517,202001
uHEl9oRZm8L,152517,202002
uHEl9oRZm8L,152517,202003
uHEl9oRZm8L,152517,202004
uHEl9oRZm8L,152517,202005
uHEl9oRZm8L,152517,202006
uHEl9oRZm8L,152517,202007
uHEl9oRZm8L,152517,202008
uHEl9oRZm8L,152517,202009
uHEl9oRZm8L,152517,202010
uHEl9oRZm8L,152517,202011
uHEl9oRZm8L,152517,202012
uHEl9oRZm8L,152517,202101
uHEl9oRZm8L,152517,202102
uHEl9oRZm8L,152517,202103
uHEl9oRZm8L,152517,202104
uHEl9oRZm8L,152517,202105
uHEl9oRZm8L,152517,202106
uHEl9oRZm8L,152517,202107
uHEl9oRZm8L,152517,202108
uHEl9oRZm8L,152517,202109
uHEl9oRZm8L,152517,202110
uHEl9oRZm8L,152517,202111
uHEl9oRZm8L,152517,202112
uHEl9oRZm8L,152517,202201
uHEl9oRZm8L,152517,202202
uHEl9oRZm8L,152517,202203
uHEl9oRZm8L,152517,202204
uHEl9oRZm8L,152517,202205
uHEl9oRZm8L,152517,202206
uHEl9oRZm8L,152517,202207
uHEl9oRZm8L,152517,202208
uHEl9oRZm8L,152517,202209
uHEl9oRZm8L,152517,202210
uHEl9oRZm8L,152517,202211
uHEl9oRZm8L,152517,202212
uHEl9oRZm8L,152517,202301
uHEl9oRZm8L,152517,202302
uHEl9oRZm8L,152517,202303
uHEl9oRZm8L,152517,202304
uHEl9oRZm8L,152517,202305
uHEl9oRZm8L,152517,202306
uHEl9oRZm8L,152517,202307
uHEl9oRZm8L,152517,202308
uHEl9oRZm8L,152517,202309
uHEl9oRZm8L,152517,202310
uHEl9oRZm8L,152517,202311
uHEl9oRZm8L,152517,202312
uHEl9oRZm8L,152517,202401
uHEl9oRZm8L,152517,202402
uHEl9oRZm8L,152517,202403
uHEl9oRZm8L,152517,202404
uHEl9oRZm8L,152517,202405
uHEl9oRZm8L,152517,202406
uHEl9oRZm8L,152517,202407
uHEl9oRZm8L,152517,202408
uHEl9oRZm8L,152517,202409
uHEl9oRZm8L,152517,202410
uHEl9oRZm8L,152517,202411
uHEl9oRZm8L,152517,202412
uyGkoQ4F9rT,138174,201601
uyGkoQ4F9rT,138174,201602
uyGkoQ4F9rT,138174,201603
uyGkoQ4F9rT,138174,201604
uyGkoQ4F9rT,138174,201605
uyGkoQ4F9rT,138174,201606
uyGkoQ4F9rT,138174,201607
uyGkoQ4F9rT,138174,201608
uyGkoQ4F9rT,138174,201609
uyGkoQ4F9rT,138174,201610
uyGkoQ4F9rT,138174,201611
uyGkoQ4F9rT,138174,201612
uyGkoQ4F9rT,138174,201701
uyGkoQ4F9rT,138174,201702
uyGkoQ4F9rT,138174,201703
uyGkoQ4F9rT,138174,201704
uyGkoQ4F9rT,138174,201705
uyGkoQ4F9rT,138174,201706
uyGkoQ4F9rT,138174,201707
uyGkoQ4F9rT,138174,201708
uyGkoQ4F9rT,138174,201709
uyGkoQ4F9rT,138174,201710
uyGkoQ4F9rT,138174,201711
uyGkoQ4F9rT,138174,201712
uyGkoQ4F9rT,138174,201801
uyGkoQ4F9rT,138174,201802
uyGkoQ4F9rT,138174,201803
uyGkoQ4F9rT,138174,201804
uyGkoQ4F9rT,138174,201805
uyGkoQ4F9rT,138174,201806
uyGkoQ4F9rT,138174,201807
uyGkoQ4F9rT,138174,201808
uyGkoQ4F9rT,138174,201809
uyGkoQ4F9rT,138174,201810
uyGkoQ4F9rT,138174,201811
uyGkoQ4F9rT,138174,201812
uyGkoQ4F9rT,138174,201901
uyGkoQ4F9rT,138174,201902
uyGkoQ4F9rT,138174,201903
uyGkoQ4F9rT,138174,201904
uyGkoQ4F9rT,138174,201905
uyGkoQ4F9rT,138174,201906
uyGkoQ4F9rT,138174,201907
uyGkoQ4F9rT,138174,201908
uyGkoQ4F9rT,138174,201909
uyGkoQ4F9rT,138174,201910
uyGkoQ4F9rT,138174,201911
uyGkoQ4F9rT,138174,201912
uyGkoQ4F9rT,138174,202001
uyGkoQ4F9rT,138174,202002
uyGkoQ4F9rT,138174,202003
uyGkoQ4F9rT,138174,202004
uyGkoQ4F9rT,138174,202005
uyGkoQ4F9rT,138174,202006
uyGkoQ4F9rT,138174,202007
uyGkoQ4F9rT,138174,202008
uyGkoQ4F9rT,138174,202009
uyGkoQ4F9rT,138174,202010
uyGkoQ4F9rT,138174,202011
uyGkoQ4F9rT,138174,202012
uyGkoQ4F9rT,138174,202101
uyGkoQ4F9rT,138174,202102
uyGkoQ4F9rT,138174,202103
uyGkoQ4F9rT,138174,202104
uyGkoQ4F9rT,138174,202105
uyGkoQ4F9rT,138174,202106
uyGkoQ4F9rT,138174,202107
uyGkoQ4F9rT,138174,202108
uyGkoQ4F9rT,138174,202109
uyGkoQ4F9rT,138174,202110
uyGkoQ4F9rT,138174,202111
uyGkoQ4F9rT,138174,202112
uyGkoQ4F9rT,138174,202201
uyGkoQ4F9rT,138174,202202
uyGkoQ4F9rT,138174,202203
uyGkoQ4F9rT,138174,202204
uyGkoQ4F9rT,138174,202205
uyGkoQ4F9rT,138174,202206
uyGkoQ4F9rT,138174,202207
uyGkoQ4F9rT,138174,202208
uyGkoQ4F9rT,138174,202209
uyGkoQ4F9rT,138174,202210
uyGkoQ4F9rT,138174,202211
uyGkoQ4F9rT,138174,202212
uyGkoQ4F9rT,138174,202301
uyGkoQ4F9rT,138174,202302
uyGkoQ4F9rT,138174,202303
uyGkoQ4F9rT,138174,202304
uyGkoQ4F9rT,138174,202305
uyGkoQ4F9rT,138174,202306
uyGkoQ4F9rT,138174,202307
uyGkoQ4F9rT,138174,202308
uyGkoQ4F9rT,138174,202309
uyGkoQ4F9rT,138174,202310
uyGkoQ4F9rT,138174,202311
uyGkoQ4F9rT,138174,202312
uyGkoQ4F9rT,138174,202401
uyGkoQ4F9rT,138174,202402
uyGkoQ4F9rT,138174,202403
uyGkoQ4F9rT,138174,202404
uyGkoQ4F9rT,138174,202405
uyGkoQ4F9rT,138174,202406
uyGkoQ4F9rT,138174,202407
uyGkoQ4F9rT,138174,202408
uyGkoQ4F9rT,138174,202409
uyGkoQ4F9rT,138174,202410
uyGkoQ4F9rT,138174,202411
uyGkoQ4F9rT,138174,202412
vjL1uSC10Jh,140927,201601
vjL1uSC10Jh,140927,201602
vjL1uSC10Jh,140927,201603
vjL1uSC10Jh,140927,201604
vjL1uSC10Jh,140927,201605
vjL1uSC10Jh,140927,201606
vjL1uSC10Jh,140927,201607
vjL1uSC10Jh,140927,201608
vjL1uSC10Jh,140927,201609
vjL1uSC10Jh,140927,201610
vjL1uSC10Jh,140927,201611
vjL1uSC10Jh,140927,201612
vjL1uSC10Jh,140927,201701
vjL1uSC10Jh,140927,201702
vjL1uSC10Jh,140927,201703
vjL1uSC10Jh,140927,201704
vjL1uSC10Jh,140927,201705
vjL1uSC10Jh,140927,201706
vjL1uSC10Jh,140927,201707
vjL1uSC10Jh,140927,201708
vjL1uSC10Jh,140927,201709
vjL1uSC10Jh,140927,201710
vjL1uSC10Jh,140927,201711
vjL1uSC10Jh,140927,201712
vjL1uSC10Jh,140927,201801
vjL1uSC10Jh,140927,201802
vjL1uSC10Jh,140927,201803
vjL1uSC10Jh,140927,201804
vjL1uSC10Jh,140927,201805
vjL1uSC10Jh,140927,201806
vjL1uSC10Jh,140927,201807
vjL1uSC10Jh,140927,201808
vjL1uSC10Jh,140927,201809
vjL1uSC10Jh,140927,201810
vjL1uSC10Jh,140927,201811
vjL1uSC10Jh,140927,201812
vjL1uSC10Jh,140927,201901
vjL1uSC10Jh,140927,201902
vjL1uSC10Jh,140927,201903
vjL1uSC10Jh,140927,201904
vjL1uSC10Jh,140927,201905
vjL1uSC10Jh,140927,201906
vjL1uSC10Jh,140927,201907
vjL1uSC10Jh,140927,201908
vjL1uSC10Jh,140927,201909
vjL1uSC10Jh,140927,201910
vjL1uSC10Jh,140927,201911
vjL1uSC10Jh,140927,201912
vjL1uSC10Jh,140927,202001
vjL1uSC10Jh,140927,202002
vjL1uSC10Jh,140927,202003
vjL1uSC10Jh,140927,202004
vjL1uSC10Jh,140927,202005
vjL1uSC10Jh,140927,202006
vjL1uSC10Jh,140927,202007
vjL1uSC10Jh,140927,202008
vjL1uSC10Jh,140927,202009
vjL1uSC10Jh,140927,202010
vjL1uSC10Jh,140927,202011
vjL1uSC10Jh,140927,202012
vjL1uSC10Jh,140927,202101
vjL1uSC10Jh,140927,202102
vjL1uSC10Jh,140927,202103
vjL1uSC10Jh,140927,202104
vjL1uSC10Jh,140927,202105
vjL1uSC10Jh,140927,202106
vjL1uSC10Jh,140927,202107
vjL1uSC10Jh,140927,202108
vjL1uSC10Jh,140927,202109
vjL1uSC10Jh,140927,202110
vjL1uSC10Jh,140927,202111
vjL1uSC10Jh,140927,202112
vjL1uSC10Jh,140927,202201
vjL1uSC10Jh,140927,202202
vjL1uSC10Jh,140927,202203
vjL1uSC10Jh,140927,202204
vjL1uSC10Jh,140927,202205
vjL1uSC10Jh,140927,202206
vjL1uSC10Jh,140927,202207
vjL1uSC10Jh,140927,202208
vjL1uSC10Jh,140927,202209
vjL1uSC10Jh,140927,202210
vjL1uSC10Jh,140927,202211
vjL1uSC10Jh,140927,202212
vjL1uSC10Jh,140927,202301
vjL1uSC10Jh,140927,202302
vjL1uSC10Jh,140927,202303
vjL1uSC10Jh,140927,202304
vjL1uSC10Jh,140927,202305
vjL1uSC10Jh,140927,202306
vjL1uSC10Jh,140927,202307
vjL1uSC10Jh,140927,202308
vjL1uSC10Jh,140927,202309
vjL1uSC10Jh,140927,202310
vjL1uSC10Jh,140927,202311
vjL1uSC10Jh,140927,202312
vjL1uSC10Jh,140927,202401
vjL1uSC10Jh,140927,202402
vjL1uSC10Jh,140927,202403
vjL1uSC10Jh,140927,202404
vjL1uSC10Jh,140927,202405
vjL1uSC10Jh,140927,202406
vjL1uSC10Jh,140927,202407
vjL1uSC10Jh,140927,202408
vjL1uSC10Jh,140927,202409
vjL1uSC10Jh,140927,202410
vjL1uSC10Jh,140927,202411
vjL1uSC10Jh,140927,202412
wYKHZ0iyjfd,452040,201601
wYKHZ0iyjfd,452040,201602
wYKHZ0iyjfd,452040,201603
wYKHZ0iyjfd,452040,201604
wYKHZ0iyjfd,452040,201605
wYKHZ0iyjfd,452040,201606
wYKHZ0iyjfd,452040,201607
wYKHZ0iyjfd,452040,201608
wYKHZ0iyjfd,452040,201609
wYKHZ0iyjfd,452040,201610
wYKHZ0iyjfd,452040,201611
wYKHZ0iyjfd,452040,201612
wYKHZ0iyjfd,452040,201701
wYKHZ0iyjfd,452040,201702
wYKHZ0iyjfd,452040,201703
wYKHZ0iyjfd,452040,201704
wYKHZ0iyjfd,452040,201705
wYKHZ0iyjfd,452040,201706
wYKHZ0iyjfd,452040,201707
wYKHZ0iyjfd,452040,201708
wYKHZ0iyjfd,452040,201709
wYKHZ0iyjfd,452040,201710
wYKHZ0iyjfd,452040,201711
wYKHZ0iyjfd,452040,201712
wYKHZ0iyjfd,452040,201801
wYKHZ0iyjfd,452040,201802
wYKHZ0iyjfd,452040,201803
wYKHZ0iyjfd,452040,201804
wYKHZ0iyjfd,452040,201805
wYKHZ0iyjfd,452040,201806
wYKHZ0iyjfd,452040,201807
wYKHZ0iyjfd,452040,201808
wYKHZ0iyjfd,452040,201809
wYKHZ0iyjfd,452040,201810
wYKHZ0iyjfd,452040,201811
wYKHZ0iyjfd,452040,201812
wYKHZ0iyjfd,452040,201901
wYKHZ0iyjfd,452040,201902
wYKHZ0iyjfd,452040,201903
wYKHZ0iyjfd,452040,201904
wYKHZ0iyjfd,452040,201905
wYKHZ0iyjfd,452040,201906
wYKHZ0iyjfd,452040,201907
wYKHZ0iyjfd,452040,201908
wYKHZ0iyjfd,452040,201909
wYKHZ0iyjfd,452040,201910
wYKHZ0iyjfd,452040,201911
wYKHZ0iyjfd,452040,201912
wYKHZ0iyjfd,452040,202001
wYKHZ0iyjfd,452040,202002
wYKHZ0iyjfd,452040,202003
wYKHZ0iyjfd,452040,202004
wYKHZ0iyjfd,452040,202005
wYKHZ0iyjfd,452040,202006
wYKHZ0iyjfd,452040,202007
wYKHZ0iyjfd,452040,202008
wYKHZ0iyjfd,452040,202009
wYKHZ0iyjfd,452040,202010
wYKHZ0iyjfd,452040,202011
wYKHZ0iyjfd,452040,202012
wYKHZ0iyjfd,452040,202101
wYKHZ0iyjfd,452040,202102
wYKHZ0iyjfd,452040,202103
wYKHZ0iyjfd,452040,202104
wYKHZ0iyjfd,452040,202105
wYKHZ0iyjfd,452040,202106
wYKHZ0iyjfd,452040,202107
wYKHZ0iyjfd,452040,202108
wYKHZ0iyjfd,452040,202109
wYKHZ0iyjfd,452040,202110
wYKHZ0iyjfd,452040,202111
wYKHZ0iyjfd,452040,202112
wYKHZ0iyjfd,452040,202201
wYKHZ0iyjfd,452040,202202
wYKHZ0iyjfd,452040,202203
wYKHZ0iyjfd,452040,202204
wYKHZ0iyjfd,452040,202205
wYKHZ0iyjfd,452040,202206
wYKHZ0iyjfd,452040,202207
wYKHZ0iyjfd,452040,202208
wYKHZ0iyjfd,452040,202209
wYKHZ0iyjfd,452040,202210
wYKHZ0iyjfd,452040,202211
wYKHZ0iyjfd,452040,202212
wYKHZ0iyjfd,452040,202301
wYKHZ0iyjfd,452040,202302
wYKHZ0iyjfd,452040,202303
wYKHZ0iyjfd,452040,202304
wYKHZ0iyjfd,452040,202305
wYKHZ0iyjfd,452040,202306
wYKHZ0iyjfd,452040,202307
wYKHZ0iyjfd,452040,202308
wYKHZ0iyjfd,452040,202309
wYKHZ0iyjfd,452040,202310
wYKHZ0iyjfd,452040,202311
wYKHZ0iyjfd,452040,202312
wYKHZ0iyjfd,452040,202401
wYKHZ0iyjfd,452040,202402
wYKHZ0iyjfd,452040,202403
wYKHZ0iyjfd,452040,202404
wYKHZ0iyjfd,452040,202405
wYKHZ0iyjfd,452040,202406
wYKHZ0iyjfd,452040,202407
wYKHZ0iyjfd,452040,202408
wYKHZ0iyjfd,452040,202409
wYKHZ0iyjfd,452040,202410
wYKHZ0iyjfd,452040,202411
wYKHZ0iyjfd,452040,202412
xGQwwqLQ819,226997,201601
xGQwwqLQ819,226997,201602
xGQwwqLQ819,226997,201603
xGQwwqLQ819,226997,201604
xGQwwqLQ819,226997,201605
xGQwwqLQ819,226997,201606
xGQwwqLQ819,226997,201607
xGQwwqLQ819,226997,201608
xGQwwqLQ819,226997,201609
xGQwwqLQ819,226997,201610
xGQwwqLQ819,226997,201611
xGQwwqLQ819,226997,201612
xGQwwqLQ819,226997,201701
xGQwwqLQ819,226997,201702
xGQwwqLQ819,226997,201703
xGQwwqLQ819,226997,201704
xGQwwqLQ819,226997,201705
xGQwwqLQ819,226997,201706
xGQwwqLQ819,226997,201707
xGQwwqLQ819,226997,201708
xGQwwqLQ819,226997,201709
xGQwwqLQ819,226997,201710
xGQwwqLQ819,226997,201711
xGQwwqLQ819,226997,201712
xGQwwqLQ819,226997,201801
xGQwwqLQ819,226997,201802
xGQwwqLQ819,226997,201803
xGQwwqLQ819,226997,201804
xGQwwqLQ819,226997,201805
xGQwwqLQ819,226997,201806
xGQwwqLQ819,226997,201807
xGQwwqLQ819,226997,201808
xGQwwqLQ819,226997,201809
xGQwwqLQ819,226997,201810
xGQwwqLQ819,226997,201811
xGQwwqLQ819,226997,201812
xGQwwqLQ819,226997,201901
xGQwwqLQ819,226997,201902
xGQwwqLQ819,226997,201903
xGQwwqLQ819,226997,201904
xGQwwqLQ819,226997,201905
xGQwwqLQ819,226997,201906
xGQwwqLQ819,226997,201907
xGQwwqLQ819,226997,201908
xGQwwqLQ819,226997,201909
xGQwwqLQ819,226997,201910
xGQwwqLQ819,226997,201911
xGQwwqLQ819,226997,201912
xGQwwqLQ819,226997,202001
xGQwwqLQ819,226997,202002
xGQwwqLQ819,226997,202003
xGQwwqLQ819,226997,202004
xGQwwqLQ819,226997,202005
xGQwwqLQ819,226997,202006
xGQwwqLQ819,226997,202007
xGQwwqLQ819,226997,202008
xGQwwqLQ819,226997,202009
xGQwwqLQ819,226997,202010
xGQwwqLQ819,226997,202011
xGQwwqLQ819,226997,202012
xGQwwqLQ819,226997,202101
xGQwwqLQ819,226997,202102
xGQwwqLQ819,226997,202103
xGQwwqLQ819,226997,202104
xGQwwqLQ819,226997,202105
xGQwwqLQ819,226997,202106
xGQwwqLQ819,226997,202107
xGQwwqLQ819,226997,202108
xGQwwqLQ819,226997,202109
xGQwwqLQ819,226997,202110
xGQwwqLQ819,226997,202111
xGQwwqLQ819,226997,202112
xGQwwqLQ819,226997,202201
xGQwwqLQ819,226997,202202
xGQwwqLQ819,226997,202203
xGQwwqLQ819,226997,202204
xGQwwqLQ819,226997,202205
xGQwwqLQ819,226997,202206
xGQwwqLQ819,226997,202207
xGQwwqLQ819,226997,202208
xGQwwqLQ819,226997,202209
xGQwwqLQ819,226997,202210
xGQwwqLQ819,226997,202211
xGQwwqLQ819,226997,202212
xGQwwqLQ819,226997,202301
xGQwwqLQ819,226997,202302
xGQwwqLQ819,226997,202303
xGQwwqLQ819,226997,202304
xGQwwqLQ819,226997,202305
xGQwwqLQ819,226997,202306
xGQwwqLQ819,226997,202307
xGQwwqLQ819,226997,202308
xGQwwqLQ819,226997,202309
xGQwwqLQ819,226997,202310
xGQwwqLQ819,226997,202311
xGQwwqLQ819,226997,202312
xGQwwqLQ819,226997,202401
xGQwwqLQ819,226997,202402
xGQwwqLQ819,226997,202403
xGQwwqLQ819,226997,202404
xGQwwqLQ819,226997,202405
xGQwwqLQ819,226997,202406
xGQwwqLQ819,226997,202407
xGQwwqLQ819,226997,202408
xGQwwqLQ819,226997,202409
xGQwwqLQ819,226997,202410
xGQwwqLQ819,226997,202411
xGQwwqLQ819,226997,202412
yP2GELa6inf,674722,201601
yP2GELa6inf,674722,201602
yP2GELa6inf,674722,201603
yP2GELa6inf,674722,201604
yP2GELa6inf,674722,201605
yP2GELa6inf,674722,201606
yP2GELa6inf,674722,201607
yP2GELa6inf,674722,201608
yP2GELa6inf,674722,201609
yP2GELa6inf,674722,201610
yP2GELa6inf,674722,201611
yP2GELa6inf,674722,201612
yP2GELa6inf,674722,201701
yP2GELa6inf,674722,201702
yP2GELa6inf,674722,201703
yP2GELa6inf,674722,201704
yP2GELa6inf,674722,201705
yP2GELa6inf,674722,201706
yP2GELa6inf,674722,201707
yP2GELa6inf,674722,201708
yP2GELa6inf,674722,201709
yP2GELa6inf,674722,201710
yP2GELa6inf,674722,201711
yP2GELa6inf,674722,201712
yP2GELa6inf,674722,201801
yP2GELa6inf,674722,201802
yP2GELa6inf,674722,201803
yP2GELa6inf,674722,201804
yP2GELa6inf,674722,201805
yP2GELa6inf,674722,201806
yP2GELa6inf,674722,201807
yP2GELa6inf,674722,201808
yP2GELa6inf,674722,201809
yP2GELa6inf,674722,201810
yP2GELa6inf,674722,201811
yP2GELa6inf,674722,201812
yP2GELa6inf,674722,201901
yP2GELa6inf,674722,201902
yP2GELa6inf,674722,201903
yP2GELa6inf,674722,201904
yP2GELa6inf,674722,201905
yP2GELa6inf,674722,201906
yP2GELa6inf,674722,201907
yP2GELa6inf,674722,201908
yP2GELa6inf,674722,201909
yP2GELa6inf,674722,201910
yP2GELa6inf,674722,201911
yP2GELa6inf,674722,201912
yP2GELa6inf,674722,202001
yP2GELa6inf,674722,202002
yP2GELa6inf,674722,202003
yP2GELa6inf,674722,202004
yP2GELa6inf,674722,202005
yP2GELa6inf,674722,202006
yP2GELa6inf,674722,202007
yP2GELa6inf,674722,202008
yP2GELa6inf,674722,202009
yP2GELa6inf,674722,202010
yP2GELa6inf,674722,202011
yP2GELa6inf,674722,202012
yP2GELa6inf,674722,202101
yP2GELa6inf,674722,202102
yP2GELa6inf,674722,202103
yP2GELa6inf,674722,202104
yP2GELa6inf,674722,202105
yP2GELa6inf,674722,202106
yP2GELa6inf,674722,202107
yP2GELa6inf,674722,202108
yP2GELa6inf,674722,202109
yP2GELa6inf,674722,202110
yP2GELa6inf,674722,202111
yP2GELa6inf,674722,202112
yP2GELa6inf,674722,202201
yP2GELa6inf,674722,202202
yP2GELa6inf,674722,202203
yP2GELa6inf,674722,202204
yP2GELa6inf,674722,202205
yP2GELa6inf,674722,202206
yP2GELa6inf,674722,202207
yP2GELa6inf,674722,202208
yP2GELa6inf,674722,202209
yP2GELa6inf,674722,202210
yP2GELa6inf,674722,202211
yP2GELa6inf,674722,202212
yP2GELa6inf,674722,202301
yP2GELa6inf,674722,202302
yP2GELa6inf,674722,202303
yP2GELa6inf,674722,202304
yP2GELa6inf,674722,202305
yP2GELa6inf,674722,202306
yP2GELa6inf,674722,202307
yP2GELa6inf,674722,202308
yP2GELa6inf,674722,202309
yP2GELa6inf,674722,202310
yP2GELa6inf,674722,202311
yP2GELa6inf,674722,202312
yP2GELa6inf,674722,202401
yP2GELa6inf,674722,202402
yP2GELa6inf,674722,202403
yP2GELa6inf,674722,202404
yP2GELa6inf,674722,202405
yP2GELa6inf,674722,202406
yP2GELa6inf,674722,202407
yP2GELa6inf,674722,202408
yP2GELa6inf,674722,202409
yP2GELa6inf,674722,202410
yP2GELa6inf,674722,202411
yP2GELa6inf,674722,202412
ycBkX3TlIrL,251647,201601
ycBkX3TlIrL,251647,201602
ycBkX3TlIrL,251647,201603
ycBkX3TlIrL,251647,201604
ycBkX3TlIrL,251647,201605
ycBkX3TlIrL,251647,201606
ycBkX3TlIrL,251647,201607
ycBkX3TlIrL,251647,201608
ycBkX3TlIrL,251647,201609
ycBkX3TlIrL,251647,201610
ycBkX3TlIrL,251647,201611
ycBkX3TlIrL,251647,201612
ycBkX3TlIrL,251647,201701
ycBkX3TlIrL,251647,201702
ycBkX3TlIrL,251647,201703
ycBkX3TlIrL,251647,201704
ycBkX3TlIrL,251647,201705
ycBkX3TlIrL,251647,201706
ycBkX3TlIrL,251647,201707
ycBkX3TlIrL,251647,201708
ycBkX3TlIrL,251647,201709
ycBkX3TlIrL,251647,201710
ycBkX3TlIrL,251647,201711
ycBkX3TlIrL,251647,201712
ycBkX3TlIrL,251647,201801
ycBkX3TlIrL,251647,201802
ycBkX3TlIrL,251647,201803
ycBkX3TlIrL,251647,201804
ycBkX3TlIrL,251647,201805
ycBkX3TlIrL,251647,201806
ycBkX3TlIrL,251647,201807
ycBkX3TlIrL,251647,201808
ycBkX3TlIrL,251647,201809
ycBkX3TlIrL,251647,201810
ycBkX3TlIrL,251647,201811
ycBkX3TlIrL,251647,201812
ycBkX3TlIrL,251647,201901
ycBkX3TlIrL,251647,201902
ycBkX3TlIrL,251647,201903
ycBkX3TlIrL,251647,201904
ycBkX3TlIrL,251647,201905
ycBkX3TlIrL,251647,201906
ycBkX3TlIrL,251647,201907
ycBkX3TlIrL,251647,201908
ycBkX3TlIrL,251647,201909
ycBkX3TlIrL,251647,201910
ycBkX3TlIrL,251647,201911
ycBkX3TlIrL,251647,201912
ycBkX3TlIrL,251647,202001
ycBkX3TlIrL,251647,202002
ycBkX3TlIrL,251647,202003
ycBkX3TlIrL,251647,202004
ycBkX3TlIrL,251647,202005
ycBkX3TlIrL,251647,202006
ycBkX3TlIrL,251647,202007
ycBkX3TlIrL,251647,202008
ycBkX3TlIrL,251647,202009
ycBkX3TlIrL,251647,202010
ycBkX3TlIrL,251647,202011
ycBkX3TlIrL,251647,202012
ycBkX3TlIrL,251647,202101
ycBkX3TlIrL,251647,202102
ycBkX3TlIrL,251647,202103
ycBkX3TlIrL,251647,202104
ycBkX3TlIrL,251647,202105
ycBkX3TlIrL,251647,202106
ycBkX3TlIrL,251647,202107
ycBkX3TlIrL,251647,202108
ycBkX3TlIrL,251647,202109
ycBkX3TlIrL,251647,202110
ycBkX3TlIrL,251647,202111
ycBkX3TlIrL,251647,202112
ycBkX3TlIrL,251647,202201
ycBkX3TlIrL,251647,202202
ycBkX3TlIrL,251647,202203
ycBkX3TlIrL,251647,202204
ycBkX3TlIrL,251647,202205
ycBkX3TlIrL,251647,202206
ycBkX3TlIrL,251647,202207
ycBkX3TlIrL,251647,202208
ycBkX3TlIrL,251647,202209
ycBkX3TlIrL,251647,202210
ycBkX3TlIrL,251647,202211
ycBkX3TlIrL,251647,202212
ycBkX3TlIrL,251647,202301
ycBkX3TlIrL,251647,202302
ycBkX3TlIrL,251647,202303
ycBkX3TlIrL,251647,202304
ycBkX3TlIrL,251647,202305
ycBkX3TlIrL,251647,202306
ycBkX3TlIrL,251647,202307
ycBkX3TlIrL,251647,202308
ycBkX3TlIrL,251647,202309
ycBkX3TlIrL,251647,202310
ycBkX3TlIrL,251647,202311
ycBkX3TlIrL,251647,202312
ycBkX3TlIrL,251647,202401
ycBkX3TlIrL,251647,202402
ycBkX3TlIrL,251647,202403
ycBkX3TlIrL,251647,202404
ycBkX3TlIrL,251647,202405
ycBkX3TlIrL,251647,202406
ycBkX3TlIrL,251647,202407
ycBkX3TlIrL,251647,202408
ycBkX3TlIrL,251647,202409
ycBkX3TlIrL,251647,202410
ycBkX3TlIrL,251647,202411
ycBkX3TlIrL,251647,202412
zkFZKX5RX1A,56668,201601
zkFZKX5RX1A,56668,201602
zkFZKX5RX1A,56668,201603
zkFZKX5RX1A,56668,201604
zkFZKX5RX1A,56668,201605
zkFZKX5RX1A,56668,201606
zkFZKX5RX1A,56668,201607
zkFZKX5RX1A,56668,201608
zkFZKX5RX1A,56668,201609
zkFZKX5RX1A,56668,201610
zkFZKX5RX1A,56668,201611
zkFZKX5RX1A,56668,201612
zkFZKX5RX1A,56668,201701
zkFZKX5RX1A,56668,201702
zkFZKX5RX1A,56668,201703
zkFZKX5RX1A,56668,201704
zkFZKX5RX1A,56668,201705
zkFZKX5RX1A,56668,201706
zkFZKX5RX1A,56668,201707
zkFZKX5RX1A,56668,201708
zkFZKX5RX1A,56668,201709
zkFZKX5RX1A,56668,201710
zkFZKX5RX1A,56668,201711
zkFZKX5RX1A,56668,201712
zkFZKX5RX1A,56668,201801
zkFZKX5RX1A,56668,201802
zkFZKX5RX1A,56668,201803
zkFZKX5RX1A,56668,201804
zkFZKX5RX1A,56668,201805
zkFZKX5RX1A,56668,201806
zkFZKX5RX1A,56668,201807
zkFZKX5RX1A,56668,201808
zkFZKX5RX1A,56668,201809
zkFZKX5RX1A,56668,201810
zkFZKX5RX1A,56668,201811
zkFZKX5RX1A,56668,201812
zkFZKX5RX1A,56668,201901
zkFZKX5RX1A,56668,201902
zkFZKX5RX1A,56668,201903
zkFZKX5RX1A,56668,201904
zkFZKX5RX1A,56668,201905
zkFZKX5RX1A,56668,201906
zkFZKX5RX1A,56668,201907
zkFZKX5RX1A,56668,201908
zkFZKX5RX1A,56668,201909
zkFZKX5RX1A,56668,201910
zkFZKX5RX1A,56668,201911
zkFZKX5RX1A,56668,201912
zkFZKX5RX1A,56668,202001
zkFZKX5RX1A,56668,202002
zkFZKX5RX1A,56668,202003
zkFZKX5RX1A,56668,202004
zkFZKX5RX1A,56668,202005
zkFZKX5RX1A,56668,202006
zkFZKX5RX1A,56668,202007
zkFZKX5RX1A,56668,202008
zkFZKX5RX1A,56668,202009
zkFZKX5RX1A,56668,202010
zkFZKX5RX1A,56668,202011
zkFZKX5RX1A,56668,202012
zkFZKX5RX1A,56668,202101
zkFZKX5RX1A,56668,202102
zkFZKX5RX1A,56668,202103
zkFZKX5RX1A,56668,202104
zkFZKX5RX1A,56668,202105
zkFZKX5RX1A,56668,202106
zkFZKX5RX1A,56668,202107
zkFZKX5RX1A,56668,202108
zkFZKX5RX1A,56668,202109
zkFZKX5RX1A,56668,202110
zkFZKX5RX1A,56668,202111
zkFZKX5RX1A,56668,202112
zkFZKX5RX1A,56668,202201
zkFZKX5RX1A,56668,202202
zkFZKX5RX1A,56668,202203
zkFZKX5RX1A,56668,202204
zkFZKX5RX1A,56668,202205
zkFZKX5RX1A,56668,202206
zkFZKX5RX1A,56668,202207
zkFZKX5RX1A,56668,202208
zkFZKX5RX1A,56668,202209
zkFZKX5RX1A,56668,202210
zkFZKX5RX1A,56668,202211
zkFZKX5RX1A,56668,202212
zkFZKX5RX1A,56668,202301
zkFZKX5RX1A,56668,202302
zkFZKX5RX1A,56668,202303
zkFZKX5RX1A,56668,202304
zkFZKX5RX1A,56668,202305
zkFZKX5RX1A,56668,202306
zkFZKX5RX1A,56668,202307
zkFZKX5RX1A,56668,202308
zkFZKX5RX1A,56668,202309
zkFZKX5RX1A,56668,202310
zkFZKX5RX1A,56668,202311
zkFZKX5RX1A,56668,202312
zkFZKX5RX1A,56668,202401
zkFZKX5RX1A,56668,202402
zkFZKX5RX1A,56668,202403
zkFZKX5RX1A,56668,202404
zkFZKX5RX1A,56668,202405
zkFZKX5RX1A,56668,202406
zkFZKX5RX1A,56668,202407
zkFZKX5RX1A,56668,202408
zkFZKX5RX1A,56668,202409
zkFZKX5RX1A,56668,202410
zkFZKX5RX1A,56668,202411
zkFZKX5RX1A,56668,202412
